rid,binaryID
314,11101000100001111001000001000000110000110000000000000
315,111010001000011110010000010000001100001100000000000001
316,11101000100001111001000001000000110000110000000000000111
317,1110100010000111100100000100000011000011000000000000011
318,111010001000011110010000010000001100001100000000000001111
319,1110100010000111100100000100000011000011000000000000011110
320,111010001000011110010000010000001100001100000000000001111011111101
321,11101000100001111001000001000000110000110000000000000111101111110
322,1110100010000111100100000100000011000011000000000000011110111111010
323,11101000100001111001000001000000110000110000000000000111101111110100
324,111010001000011110010000010000001100001100000000000001111011111101000
325,1110100010000111100100000100000011000011000000000000011110111111010000
326,11101000100001111001000001000000110000110000000000000111101111110100000
327,111010001000011110010000010000001100001100000000000001111011111101000000
328,1110100010000111100100000100000011000011000000000000011110111111010000000
329,11101000100001111001000001000000110000110000000000000111101111110100000000
330,111010001000011110010000010000001100001100000000000001111011111101000000000
331,1110100010000111100100000100000011000011000000000000011110111111010000000000
332,111010001000011110010000010000001100001100000000000001111011111101000000000001
333,11101000100001111001000001000000110000110000000000000111101111110100000000000
334,1110100010000111100100000100000011000011000000000000011110111111010000000000010
335,11101000100001111001000001000000110000110000000000000111101111110100000000000101
336,111010001000011110010000010000001100001100000000000001111011111101001
337,1110100010000111100100000100000011000011000000000000011110111111010010
338,1110100010000111100100000100000011000011000000000000011110111111010010111111111
339,11101000100001111001000001000000110000110000000000000111101111110100101111111110
340,111010001000011110010000010000001100001100000000000001111011111101001011111111100
341,1110100010000111100100000100000011000011000000000000011110111111010010111111111000
342,11101000100001111001000001000000110000110000000000000111101111110100101111111110001
343,111010001000011110010000010000001100001100000000000001111011111101001011111111100011
344,1110100010000111100100000100000011000011000000000000011110111111010010111111111000110
345,1110100010000111100100000100000011000011000000000000011110111111010010111111111000110011
346,11101000100001111001000001000000110000110000000000000111101111110100101111111110001100
347,111010001000011110010000010000001100001100000000000001111011111101001011111111100011001
348,11101000100001111001000001000000110000110000000000000111101111110100101111111110001100111
349,111010001000011110010000010000001100001100000000000001111011111101001011111111100011001111
350,111010001000011110010000010000001100001100000000000001111011111101001011111111100011001111101
351,1110100010000111100100000100000011000011000000000000011110111111010010111111111000110011111010
352,11101000100001111001000001000000110000110000000000000111101111110100101111111110001100111110100
353,111010001000011110010000010000001100001100000000000001111011111101001011111111100011001111101000
354,1110100010000111100100000100000011000011000000000000011110111111010010111111111000110011111010001101
355,11101000100001111001000001000000110000110000000000000111101111110100101111111110001100111110100011010
356,111010001000011110010000010000001100001100000000000001111011111101001011111111100011001111101000110100
357,1110100010000111100100000100000011000011000000000000011110111111010010111111111000110011111010001101000
358,11101000100001111001000001000000110000110000000000000111101111110100101111111110001100111110100011010000
359,111010001000011110010000010000001100001100000000000001111011111101001011111111100011001111101000110100000
360,11101000100001111001000001000000110000110000000000000111101111110100101111111110001100111110100011010000011
361,1110100010000111100100000100000011000011000000000000011110111111010010111111111000110011111010001101000001
362,111010001000011110010000010000001100001100000000000001111011111101001011111111100011001111101000110100000110
363,111010001000011110010000010000001100001100000000000001111011111101001011111111100011001111101000110100000111000
364,11101000100001111001000001000000110000110000000000000111101111110100101111111110001100111110100011010000011100
365,11101000100001111001000001000000110000110000000000000111101111110100101111111110001100111110100011010000011110
366,111010001000011110010000010000001100001100000000000001111011111101001011111111100011001111101000110100000111100
367,1110100010000111100100000100000011000011000000000000011110111111010010111111111000110011111010001101000001111000
368,11101000100001111001000001000000110000110000000000000111101111110100101111111110001100111110100011010000011110000
369,11101000100001111001000001000000110000110000000000000111101111110100101111111110001101
370,111010001000011110010000010000001100001100000000000001111011111101001011111111100011010
371,1110100010000111100100000100000011000011000000000000011110111111010010111111111000110100
372,11101000100001111001000001000000110000110000000000000111101111110100101111111110001101000
373,111010001000011110010000010000001100001100000000000001111011111101001011111111100011010000
374,1110100010000111100100000100000011000011000000000000011110111111010010111111111000110100000
375,11101000100001111001000001000000110000110000000000000111101111110100101111111110001101000000
376,111010001000011110010000010000001100001100000000000001111011111101001011111111100011010000000
377,1110100010000111100100000100000011000011000000000000011110111111010010111111111000110100000001
378,11101000100001111001000001000000110000110000000000000111101111110100101111111110001101000000010
379,111010001000011110010000010000001100001100000000000001111011111101001011111111100011010000000100
380,1110100010000111100100000100000011000011000000000000011110111111010010111111111000110100000001000
381,11101000100001111001000001000000110000110000000000000111101111110100101111111110001101000000010000
382,111010001000011110010000010000001100001100000000000001111011111101001011111111100011010000000100000
383,1110100010000111100100000100000011000011000000000000011110111111010010111111111000110100000001000001
384,11101000100001111001000001000000110000110000000000000111101111110100101111111110001101000000010000010
385,111010001000011110010000010000001100001100000000000001111011111101001011111111100011010000000100000100
386,1110100010000111100100000100000011000011000000000000011110111111010010111111111000110100000001000001001
387,11101000100001111001000001000000110000110000000000000111101111110100101111111110001101000000010000010010
388,111010001000011110010000010000001100001100000000000001111011111101001011111111100011010000000100000100100
389,1110100010000111100100000100000011000011000000000000011110111111010010111111111000110100000001000001001000
390,11101000100001111001000001000000110000110000000000000111101111110100101111111110001101000000010000010010000
391,111010001000011110010000010000001100001100000000000001111011111101001011111111100011010000000100000100100000
392,1110100010000111100100000100000011000011000000000000011110111111010010111111111000110100000001000001001000011
393,11101000100001111001000001000000110000110000000000000111101111110100101111111110001101000000010000010010000110
394,1110100010000111100100000100000011000011000000000000011110111111010010111111111000110100000001000001001000011001
395,111010001000011110010000010000001100001100000000000001111011111101001011111111100011010000000100000100100001100
396,11101000100001111001000001000000110000110000000000000111101111110100101111111110001101000000010000010010000110010
397,111010001000011110010000010000001100001100000000000001111011111101001011111111100011010000000100000100100001100100
398,1110100010000111100100000100000011000011000000000000011110111111010010111111111000110100000001000001001000011001000
399,11101000100001111001000001000000110000110000000000000111101111110100101111111110001101000000010000010010000110010000
400,111010001000011110010000010000001100001100000000000001111011111101001011111111100011010000000100000100100001100100000
401,1110100010000111100100000100000011000011000000000000011110111111010010111111111000110100000001000001001000011001000000
402,11101000100001111001000001000000110000110000000000000111101111110100101111111110001101000000010000010010000110010000000111
403,11101000100001111001000001000000110000110000000000000111101111110100101111111110001101000000010000010010000110010000000
404,1110100010000111100100000100000011000011000000000000011110111111010010111111111000110100000001000001001000011001000000011
405,111010001000011110010000010000001100001100000000000001111011111101001011111111100011010000000100000100100001100100000001
406,111010001000011110010000010000001100001100000000000001111011111101001011111111100011010000000100000100100001100100000001110
407,1110100010000111100100000100000011000011000000000000011110111111010010111111111000110100000001000001001000011001000000011100
408,11101000100001111001000001000000110000110000000000000111101111110100101111111110001101000000010000010010000110010000000111000
409,111010001000011110010000010000001100001100000000000001111011111101001011111111100011010000000100000100100001100100000001110000
410,1110100010000111100100000100000011000011000000000000011110111111010010111111111000110100000001000001001000011001000000011100000
411,1110100010000111100100000100000011000011000000000000011110111111010010111111111000110100000001000001001000011001000000011100000011
412,11101000100001111001000001000000110000110000000000000111101111110100101111111110001101000000010000010010000110010000000111000000111
413,111010001000011110010000010000001100001100000000000001111011111101001011111111100011010000000100000100100001100100000001110000001
414,11101000100001111001000001000000110000110000000000000111101111110100101111111110001101000000010000010010000110010000000111000000
415,111010001000011110010000010000001100001100000000000001111011111101001011111111100011010000000100000100100001100100000001110000001111
416,1110100010000111100100000100000011000011000000000000011110111111010010111111111000110100000001000001001000011001000000011100000011111
417,1110100010000111100100000100000011000011000000000000011110111111010010111111111000110100000001000001001000011111
418,111010001000011110010000010000001100001100000000000001111011111101001011111111100011010000000100000100100001111
419,11101000100001111001000001000000110000110000000000000111101111110100101111111110001101000000010000010010000111
420,11101000100001111001000001000000110000110000000000000111101111110100101111111110001101000000010000010010000111110
421,111010001000011110010000010000001100001100000000000001111011111101001011111111100011010000000100000100100001111100
422,1110100010000111100100000100000011000011000000000000011110111111010010111111111000110100000001000001001000011111000
423,111010001000011110010000010000001100001100000000000001111011111101001011111111100011010000000100000100100001111100001
424,1110100010000111100100000100000011000011000000000000011110111111010010111111111000110100000001000001001000011111000011
425,11101000100001111001000001000000110000110000000000000111101111110100101111111110001101000000010000010010000111110000
426,11101000100001111001000001000000110000110000000000000111101111110100101111111110001101000000010000011
427,1110100010000111100100000100000011000011000000000000011110111111010010111111111000110100000001000001100
428,111010001000011110010000010000001100001100000000000001111011111101001011111111100011010000000100000110
429,11101000100001111001000001000000110000110000000000000111101111110100101111111110001101000000010000011001
430,111010001000011110010000010000001100001100000000000001111011111101001011111111100011010000000100000110011
431,11101000100001111001000001000000110000110000000000000111101111110100101111111110001101000001
432,111010001000011110010000010000001100001100000000000001111011111101001011111111100011010000010
433,11101000100001111001000001000000110000110000000000000111101111110100101111111110001101000001011
434,1110100010000111100100000100000011000011000000000000011110111111010010111111111000110100000101
435,111010001000011110010000010000001100001100000000000001111011111101001011111111100011010000010111
436,1110100010000111100100000100000011000011000000000000011110111111010010111111111000110100000101111
437,11101000100001111001000001000000110000110000000000000111101111110100101111111110001101000001011110
438,111010001000011110010000010000001100001100000000000001111011111101001011111111100011010000010111100
439,111010001000011110010000010000001100001100000000000001111011111101001011111111100011010000010111100101111
440,111010001000011110010000010000001100001100000000000001111011111101001011111111100011010000010111100101
441,11101000100001111001000001000000110000110000000000000111101111110100101111111110001101000001011110010111
442,1110100010000111100100000100000011000011000000000000011110111111010010111111111000110100000101111001011
443,1110100010000111100100000100000011000011000000000000011110111111010010111111111000110100000101111001011110
444,11101000100001111001000001000000110000110000000000000111101111110100101111111110001101000001011110010111100
445,111010001000011110010000010000001100001100000000000001111011111101001011111111100011010000010111100101111000
446,1110100010000111100100000100000011000011000000000000011110111111010010111111111000110100000101111001011110000
447,11101000100001111001000001000000110000110000000000000111101111110100101111111110001101000000010000010010000110011
448,111010001000011110010000010000001100001100000000000001111011111101001011111111100011010000000100000100100001100110
449,11101000100001111001000001000000110000110000000000000111101111110100101111111110001101000000010000010010000110011001
450,1110100010000111100100000100000011000011000000000000011110111111010010111111111000110100000001000001001000011001100
451,111010001000011110010000010000001100001100000000000001111011111101001011111111100011010000000100000100100001100110011
452,1110100010000111100100000100000011000011000000000000011110111111010010111111111000110100000001000001001000011001100111
453,11101000100001111001000001000000110000110000000000000111101111110100101111111110001101000000010000010010000110011001111
454,111010001000011110010000010000001100001100000000000001111011111101001011111111100011010000000100000100100001100110011111
455,1110100010000111100100000100000011000011000000000000011110111111010010111111111000110100000001000001001000011001100111111
456,1110100010000111100100000100000011000011000000000000011110111111010000001
457,11101000100001111001000001000000110000110000000000000111101111110100000010
458,111010001000011110010000010000001100001100000000000001111011111101000000101
459,1110100010000111100100000100000011000011000000000000011110111111010010111111111000110101
460,11101000100001111001000001000000110000110000000000000111101111110100101111111110001101010
461,111010001000011110010000010000001100001100000000000001111011111101001011111111100011010101
462,1110100010000111100100000100000011000011000000000000011110111111010010111111111000110101011
463,1110100010000111100100000100000011000011000000000000011110111111010010111111111000110101011101
464,11101000100001111001000001000000110000110000000000000111101111110100101111111110001101010111010
465,111010001000011110010000010000001100001100000000000001111011111101001011111111100011010101110100
466,11101000100001111001000001000000110000110000000000000111101111110100101111111110001101010111010001
467,1110100010000111100100000100000011000011000000000000011110111111010010111111111000110101011101000
468,111010001000011110010000010000001100001100000000000001111011111101001011111111100011010101110100011
469,1110100010000111100100000100000011000011000000000000011110111111010010111111111000110101011101000111
470,1110100010000111100100000100000011000011000000000000011110111111011
471,11101000100001111001000001000000110000110000000000000111101111110110
472,111010001000011110010000010000001100001100000000000001111011111101100
473,111010001000011110010000010000001100001100000000000001111011111101000001
474,111010001000011110010000010000001100001100000000000001111011111101000000001
475,1110100010000111100100000100000011000011000000000000011110111111010000000010
476,11101000100001111001000001000000110000110000000000000111101111110100000000101
477,111010001000011110010000010000001100001100000000000001111011111101000000001011
478,1110100010000111100100000100000011000011000000000000011110111111010000000010111
479,111010001000011110010000010000001100001100000000000001111011111101001011111111100011010000000100000100100001100100000010110111011
480,11101000100001111001000001000000110000110000000000000111101111110100101111111110001101000000010000011001111100111101
481,11101000100001111001000001000000110000110000000000000111101111110100101111111110001101000000010000011001111100111101111
482,111010001000011110010000010000001100001100000000000001111011111101001011111111100011010000000100000110011111001111011111
483,111010001000011110010000010000001100001100000000000001111011111101001011111111100011010000000100110
484,11101000100001111001000001000000110000110000000000000111101111110100101111111110001101000000010000011011
485,1110100010000111100100000100000011000011000000000000011110111111010010111111111000110100000001000001100111011111
486,11101000100001111001000001000000110000110000000000000111101111110100101111111110001101000000010000011001110111111
487,11101000100001111001000001000000110000110000000000000111101111110100101111111110001101000000010000011001110110
488,1110100010000111100100000100000011000011000000000000011111
489,11101000100001111001000001000000110000110000000000000111101101
490,1110100010000111100100000100000011000011000000000000011110110
491,111010001000011110010000010000001100001100000000000001111011011
492,1110100010000111100100000100000011000011000000000000011110110111
493,111010001000011110010000010000001100001100000000000001111011110
494,1110100010000111100100000100000011000011000000000000011110111101
495,11101000100001111001000001000000110000110000000000000111101111110100011
496,1110100010000111100100000100000011000011000000000000011110111111010001
497,1110100010000111100100000100000011000011000000000000011110111111010000000011
498,1110100010000111100100000100000011000011000000000000011110111111010000000001
499,11101000100001111001000001000000110000110000000000000111101111110100000000010
500,111010001000011110010000010000001100001100000000000001111011111101000000000100
501,111010001000011110010000010000001100001100000000000001111011111101000000000100101
502,1110100010000111100100000100000011000011000000000000011110111111010000000001001010
503,11101000100001111001000001000000110000110000000000000111101111110100000000010010100
504,11101000100001111001000001000000110000110000000000000111101111110100000000011
505,111010001000011110010000010000001100001100000000000001111011111101000000000110
506,1110100010000111100100000100000011000011000000000000011110111111010000000001100
507,111010001000011110010000010000001100001100000000000001111011111101000000000111
508,1110100010000111100100000100000011000011000000000000011110111111010000000001101
509,111010001000011110010000010000001100001100000000000001111011111101000000000100111
510,1110100010000111100100000100000011000011000000000000011110111111010000000001001110
511,11101000100001111001000001000000110000110000000000000111101111110100000000010011100
512,11101000100001111001000001000000110000110000000000000111101111110100000000010011101
513,1110100010000111100100000100000011000011000000000000011110111111010000000001001111
514,11101000100001111001000001000000110000110000000000000111101111110100000000010011110
515,11101000100001111001000001000000110000110000000000000111101111110100000000010011111
516,1110100010000111100100000100000011000011000000000000011110111111010000000001001011
517,11101000100001111001000001000000110000110000000000000111101111110100000000010010110
518,11101000100001111001000001000000110000110000000000000111101111110100000000010010111
519,111010001000011110010000010000001100001100000000000001111011111101000000000100101111
520,111010001000011110010000010000001100001100000000000001111011111101000000000100101000
521,11101000100001111001000001000000110000110000000000000111101111110100000000010010101
522,111010001000011110010000010000001100001100000000000001111011111101000000000100101010
523,11101000100001111001000001000000110000110000000000000111101111110100000000010010101001
524,111010001000011110010000010000001100001100000000000001111011111101000000000100101010011
525,1110100010000111100100000100000011000011000000000000011110111111010000000001001010100
526,1110100010000111100100000100000011000011000000000000011110111111010000000001001010101
527,111010001000011110010000010000001100001100000000000001111011111101000000000100101011
528,111010001000011110010000010000001100001100000000000001111011111101000000000101
529,11101000100001111001000001000000110000110000000000000111101111110100000000000111
530,1110100010000111100100000100000011000011000000000000011110111111010000000000011
531,111010001000011110010000010000001100001100000000000001111011111101000000000001111
532,1110100010000111100100000100000011000011000000000000011110111111010000000000011111
533,111010001000011110010000010000001100001100000000000001111011111101000000000011
534,11101000100001111001000001000000110000110000000000000111101111110100000000001
535,1110100010000111100100000100000011000011000000000000011110111111010000000000111
536,11101000100001111001000001000000110000110000000000000111101111110100000000001110
537,11101000100001111001000001000000110000110000000000000111101111110100000000001111
538,111010001000011110010000010000001100001100000000000001111011111101000000000011111
539,11101000100001111001000001000000110000110000000000000111101111110100000001
540,11101000100001111001000001000000110000110000000000000111101111110100000011
541,11101000100001111001000001000000110000110000000000000111101111110100001
542,111010001000011110010000010000001100001100000000000001111011111101000010
543,1110100010000111100100000100000011000011000000000000011110111111010000100
544,111010001000011110010000010000001100001100000000000001111011111101000011
545,1110100010000111100100000100000011000011000000000000011110111111010000101
546,11101000100001111001000001000000110000110000000000000111101111110100001011
547,1110100010000111100100000100000011000011000000000000011110111111010011
548,11101000100001111001000001000000110000110000000000000111101111110100101101
549,1110100010000111100100000100000011000011000000000000011110111111010010111111101
550,111010001000011110010000010000001100001100000000000001111011111101001011111111101
551,1110100010000111100100000100000011000011000000000000011110111111010010111111111010
552,11101000100001111001000001000000110000110000000000000111101111110100101111111110100
553,111010001000011110010000010000001100001100000000000001111011111101001011111111101000
554,1110100010000111100100000100000011000011000000000000011110111111010010111111111011
555,11101000100001111001000001000000110000110000000000000111101111110100101111111110101
556,111010001000011110010000010000001100001100000000000001111011111101001011111111101001
557,1110100010000111100100000100000011000011000000000000011110111111010010111111111001
558,1110100010000111100100000100000011000011000000000000011110111111010010111111111000110011111111
559,11101000100001111001000001000000110000110000000000000111101111110100101111111110001100111111111
560,1110100010000111100100000100000011000011000000000000011110111111010010111111111000110011111101
561,11101000100001111001000001000000110000110000000000000111101111110100101111111110001100111110111
562,1110100010000111100100000100000011000011000000000000011110111111010010111111111000110011111011
563,111010001000011110010000010000001100001100000000000001111011111101001011111111100011001111101001
564,1110100010000111100100000100000011000011000000000000011110111111010010111111111000110011111010001111
565,11101000100001111001000001000000110000110000000000000111101111110100101111111110001100111110100011110
566,11101000100001111001000001000000110000110000000000000111101111110100101111111110001100111110100011111
567,111010001000011110010000010000001100001100000000000001111011111101001011111111100011001111101000111111
568,1110100010000111100100000100000011000011000000000000011110111111010010111111111000110011111010001111111
569,1110100010000111100100000100000011000011000000000000011110111111010010111111111000110011111010001011
570,1110100010000111100100000100000011000011000000000000011110111111010010111111111000110011111010001101001
571,11101000100001111001000001000000110000110000000000000111101111110100101111111110001100111110100011010001
572,111010001000011110010000010000001100001100000000000001111011111101001011111111100011001111101000110100001
573,111010001000011110010000010000001100001100000000000001111011111101001011111111100011001111101000110100000111
574,11101000100001111001000001000000110000110000000000000111101111110100101111111110001100111110100011010000011111
575,111010001000011110010000010000001100001100000000000001111011111101001011111111100011001111101000110100000111110
576,1110100010000111100100000100000011000011000000000000011110111111010010111111111000110011111010001101000001111100
577,111010001000011110010000010000001100001100000000000001111011111101001011111111100011001111101000110100000111111
578,1110100010000111100100000100000011000011000000000000011110111111010010111111111000110011111010001101000001111101
579,111010001000011110010000010000001100001100000000000001111011111101001011111111100011001111101000110100000111101
580,1110100010000111100100000100000011000011000000000000011110111111010010111111111000110011111010001101000001111001
581,11101000100001111001000001000000110000110000000000000111101111110100101111111110001100111110100011010000011110010
582,11101000100001111001000001000000110000110000000000000111101111110100101111111110001100111110100011010000011110011
583,11101000100001111001000001000000110000110000000000000111101111110100101111111110001100111110100011010000011110001
584,111010001000011110010000010000001100001100000000000001111011111101001011111111100011001111101000110100000111100011
585,11101000100001111001000001000000110000110000000000000111101111110100101111111110001100111110100011010000011101
586,111010001000011110010000010000001100001100000000000001111011111101001011111111100011001111101000110100000111011
587,1110100010000111100100000100000011000011000000000000011110111111010010111111111000110011111010001101000001110111
588,11101000100001111001000001000000110000110000000000000111101111110100101111111110001100111110100011010000011101110
589,11101000100001111001000001000000110000110000000000000111101111110100101111111110001100111110100011010000011101111
590,111010001000011110010000010000001100001100000000000001111011111101001011111111100011001111101000110100000111001
591,11101000100001111001000001000000110000110000000000000111101111110100101111111110001100111110100011010000011100010
592,1110100010000111100100000100000011000011000000000000011110111111010010111111111000110011111010001101000001110001
593,111010001000011110010000010000001100001100000000000001111011111101001011111111100011001111101000110100000111000100
594,1110100010000111100100000100000011000011000000000000011110111111010010111111111000110011111010001101000001110001000
595,111010001000011110010000010000001100001100000000000001111011111101001011111111100011001111101000110100000111000101
596,1110100010000111100100000100000011000011000000000000011110111111010010111111111000110011111010001101000001110001001
597,1110100010000111100100000100000011000011000000000000011110111111010010111111111000110011111010001101000001101
598,11101000100001111001000001000000110000110000000000000111101111110100101111111110001100111110100011010000011010
599,111010001000011110010000010000001100001100000000000001111011111101001011111111100011001111101000110100000110100
600,1110100010000111100100000100000011000011000000000000011110111111010010111111111000110011111010001101000001101000
601,111010001000011110010000010000001100001100000000000001111011111101001011111111100011001111101000110100000110101
602,1110100010000111100100000100000011000011000000000000011110111111010010111111111000110011111010001101000001101001
603,11101000100001111001000001000000110000110000000000000111101111110100101111111110001100111110100011010000011010011
604,111010001000011110010000010000001100001100000000000001111011111101001011111111100011001111101000110100000110100111
605,1110100010000111100100000100000011000011000000000000011110111111010010111111111000110011111010001101000001101001111
606,11101000100001111001000001000000110000110000000000000111101111110100101111111110001100111110100011010000011011
607,111010001000011110010000010000001100001100000000000001111011111101001011111111100011001111101000110101
608,11101000100001111001000001000000110000110000000000000111101111110100101111111110001100111110100011011
609,111010001000011110010000010000001100001100000000000001111011111101001011111111100011001111101000110111
610,111010001000011110010000010000001100001100000000000001111011111101001011111111100011001111101000101
611,11101000100001111001000001000000110000110000000000000111101111110100101111111110001100111110101
612,111010001000011110010000010000001100001100000000000001111011111101001011111111100011001111101010
613,111010001000011110010000010000001100001100000000000001111011111101001011111111100011001111101011
614,111010001000011110010000010000001100001100000000000001111011111101001011111111100011011
615,1110100010000111100100000100000011000011000000000000011110111111010010111111111000110110
616,11101000100001111001000001000000110000110000000000000111101111110100101111111110001101101
617,111010001000011110010000010000001100001100000000000001111011111101001011111111100011011011
618,1110100010000111100100000100000011000011000000000000011110111111010010111111111000110110110
619,11101000100001111001000001000000110000110000000000000111101111110100101111111110001101101101
620,111010001000011110010000010000001100001100000000000001111011111101001011111111100011011011011
621,1110100010000111100100000100000011000011000000000000011110111111010010111111111000110110110110
622,11101000100001111001000001000000110000110000000000000111101111110100101111111110001101101101100
623,111010001000011110010000010000001100001100000000000001111011111101001011111111100011011011011000
624,111010001000011110010000010000001100001100000000000001111011111101001011111111100011011011011001
625,11101000100001111001000001000000110000110000000000000111101111110100101111111110001101101101101
626,1110100010000111100100000100000011000011000000000000011110111111010010111111111000110110110111
627,11101000100001111001000001000000110000110000000000000111101111110100101111111110001101101101110
628,11101000100001111001000001000000110000110000000000000111101111110100101111111110001101101101111
629,1110100010000111100100000100000011000011000000000000011110111111010010111111111000110110111
630,1110100010000111100100000100000011000011000000000000011110111111010010111111111000110111
631,11101000100001111001000001000000110000110000000000000111101111110100101111111110001101001
632,111010001000011110010000010000001100001100000000000001111011111101001011111111100011010001
633,1110100010000111100100000100000011000011000000000000011110111111010010111111111000110100001
634,111010001000011110010000010000001100001100000000000001111011111101001011111111100011010000010111101
635,111010001000011110010000010000001100001100000000000001111011111101001011111111100011010000010111100111
636,1110100010000111100100000100000011000011000000000000011110111111010010111111111000110100000101111001110
637,11101000100001111001000001000000110000110000000000000111101111110100101111111110001101000001011110011100
638,11101000100001111001000001000000110000110000000000000111101111110100101111111110001101000001011110011101
639,1110100010000111100100000100000011000011000000000000011110111111010010111111111000110100000101111001111
640,11101000100001111001000001000000110000110000000000000111101111110100101111111110001101000001011110010111101
641,111010001000011110010000010000001100001100000000000001111011111101001011111111100011010000010111100101111001
642,1110100010000111100100000100000011000011000000000000011110111111010010111111111000110100000101111001011110001
643,1110100010000111100100000100000011000011000000000000011110111111010010111111111000110100000101111001011111
644,11101000100001111001000001000000110000110000000000000111101111110100101111111110001101000001011110010111111
645,111010001000011110010000010000001100001100000000000001111011111101001011111111100011010000010111100101111111
646,1110100010000111100100000100000011000011000000000000011110111111010010111111111000110100000101111001011111111
647,11101000100001111001000001000000110000110000000000000111101111110100101111111110001101000001011111
648,111010001000011110010000010000001100001100000000000001111011111101001011111111100011010000010111110
649,111010001000011110010000010000001100001100000000000001111011111101001011111111100011010000010111111
650,1110100010000111100100000100000011000011000000000000011110111111010010111111111000110100000101111111
651,111010001000011110010000010000001100001100000000000001111011111101001011111111100011010000011
652,1110100010000111100100000100000011000011000000000000011110111111010010111111111000110100000011
653,111010001000011110010000010000001100001100000000000001111011111101001011111111100011010000001
654,11101000100001111001000001000000110000110000000000000111101111110100101111111110001101000000011
655,111010001000011110010000010000001100001100000000000001111011111101001011111111100011010000000111
656,1110100010000111100100000100000011000011000000000000011110111111010010111111111000110100000001111
657,11101000100001111001000001000000110000110000000000000111101111110100101111111110001101000000010001
658,111010001000011110010000010000001100001100000000000001111011111101001011111111100011010000000100011
659,111010001000011110010000010000001100001100000000000001111011111101001011111111100011010000000100000100101
660,1110100010000111100100000100000011000011000000000000011110111111010010111111111000110100000001000001001001
661,11101000100001111001000001000000110000110000000000000111101111110100101111111110001101000000010000010010001111
662,11101000100001111001000001000000110000110000000000000111101111110100101111111110001101000000010000010010001
663,111010001000011110010000010000001100001100000000000001111011111101001011111111100011010000000100000100100011111
664,111010001000011110010000010000001100001100000000000001111011111101001011111111100011010000000100000100100011
665,1110100010000111100100000100000011000011000000000000011110111111010010111111111000110100000001000001001000111
666,1110100010000111100100000100000011000011000000000000011110111111010010111111111000110100000001000001001000111111
667,11101000100001111001000001000000110000110000000000000111101111110100101111111110001101000000010000010010001111111
668,111010001000011110010000010000001100001100000000000001111011111101001011111111100011010000000100000100100011111111
669,11101000100001111001000001000000110000110000000000000111101111110100101111111110001101000000010000010010000011
670,1110100010000111100100000100000011000011000000000000011110111111010010111111111000110100000001000001001000001
671,111010001000011110010000010000001100001100000000000001111011111101001011111111100011010000000100000100100001100101
672,1110100010000111100100000100000011000011000000000000011110111111010010111111111000110100000001000001001000011001011
673,11101000100001111001000001000000110000110000000000000111101111110100101111111110001101000000010000010010000110010001
674,111010001000011110010000010000001100001100000000000001111011111101001011111111100011010000000100000100100001100100001
675,1110100010000111100100000100000011000011000000000000011110111111010010111111111000110100000001000001001000011001000010
676,11101000100001111001000001000000110000110000000000000111101111110100101111111110001101000000010000010010000110010000100
677,1110100010000111100100000100000011000011000000000000011110111111010010111111111000110100000001000001001000011001000011
678,111010001000011110010000010000001100001100000000000001111011111101001011111111100011010000000100000100100001100100001111
679,1110100010000111100100000100000011000011000000000000011110111111010010111111111000110100000001000001001000011001000011111
680,11101000100001111001000001000000110000110000000000000111101111110100101111111110001101000000010000010010000110010000110
681,11101000100001111001000001000000110000110000000000000111101111110100101111111110001101000000010000010010000110010000101
682,1110100010000111100100000100000011000011000000000000011110111111010010111111111000110100000001000001001000011001000010111
683,111010001000011110010000010000001100001100000000000001111011111101001011111111100011010000000100000100100001100100001011
684,11101000100001111001000001000000110000110000000000000111101111110100101111111110001101000000010000010010000110010000101110
685,11101000100001111001000001000000110000110000000000000111101111110100101111111110001101000000010000010010000110010000101111
686,111010001000011110010000010000001100001100000000000001111011111101001011111111100011010000000100000100100001100100001011110
687,1110100010000111100100000100000011000011000000000000011110111111010010111111111000110100000001000001001000011001000010111101
688,111010001000011110010000010000001100001100000000000001111011111101001011111111100011010000000100000100100001100100001011111
689,11101000100001111001000001000000110000110000000000000111101111110100101111111110001101000000010000010010000110010000101111111
690,111010001000011110010000010000001100001100000000000001111011111101001011111111100011010000000100000100100001100100001011111110
691,1110100010000111100100000100000011000011000000000000011110111111010010111111111000110100000001000001001000011001000010111111101
692,111010001000011110010000010000001100001100000000000001111011111101001011111111100011010000000100000100100001100100001011111111
693,111010001000011110010000010000001100001100000000000001111011111101001011111111100011010000000100000100100001100100001011111111111
694,1110100010000111100100000100000011000011000000000000011110111111010010111111111000110100000001000001001000011001000010111111111111
695,11101000100001111001000001000000110000110000000000000111101111110100101111111110001101000000010000010010000110010000101111111111111
696,111010001000011110010000010000001100001100000000000001111011111101001011111111100011010000000100000100100001100100001011111111111110
697,1110100010000111100100000100000011000011000000000000011110111111010010111111111000110011111010001101000001110001100110101
698,11101000100001111001000001000000110000110000000000000111101111110100101111111110001100111110100011010000011100011001101111
699,1110100010000111100100000100000011000011000000000000011110111111010010111111111000110011111010001101000001110001100110
700,1110100010000111100100000100000011000011000000000000011110111111010010111111111000110011111010001101000001110001100111
701,111010001000011110010000010000001100001100000000000001111011111101001011111111100011001111101000110100000111000110011
702,11101000100001111001000001000000110000110000000000000111101111110100101111111110001100111110100011010000011100011001
703,1110100010000111100100000100000011000011000000000000011110111111010010111111111000110011111010001101000001110001100
704,111010001000011110010000010000001100001100000000000001111011111101001011111111100011001111101000110100000111000110
705,111010001000011110010000010000001100001100000000000001111011111101001011111111100011001111101000110100000111000111
706,11101000100001111001000001000000110000110000000000000111101111110100101111111110001100111110100011010000011100011
707,1110100010000111100100000100000011000011000000000000011110111111010010111111111000110011111010001101000001110001101
708,11101000100001111001000001000000110000110000000000000111101111110100101111111110001100111110100011010000011100011010
709,11101000100001111001000001000000110000110000000000000111101111110100101111111110001100111110100011010000011100011011
710,111010001000011110010000010000001100001100000000000001111011111101001011111111100011010000000100000100100001100100001011111111111111
711,111010001000011110010000010000001100001100000000000001111011111101001011111111100011010000000100000100100001100100001011111111101
712,1110100010000111100100000100000011000011000000000000011110111111010010111111111000110100000001000001001000011001000010111111
713,1110100010000111100100000100000011000011000000000000011110111111010010111111111000110100000001000001001000011001000001
714,111010001000011110010000010000001100001100000000000001111011111101001011111111100011010000000100000100100001100100000001111
715,1110100010000111100100000100000011000011000000000000011110111111010010111111111000110100000001000001001000011001000000011111
716,11101000100001111001000001000000110000110000000000000111101111110100101111111110001101000000010000010010000110010000000111001
717,111010001000011110010000010000001100001100000000000001111011111101001011111111100011010000000100000100100001100100000001110001
718,1110100010000111100100000100000011000011000000000000011110111111010010111111111000110100000001000001001000011001000000011100001
719,11101000100001111001000001000000110000110000000000000111101111110100101111111110001101000000010000010010000110010000000111000001
720,1110100010000111100100000100000011000011000000000000011110111111010010111111111000110100000001000001001000011001000000011101
721,111010001000011110010000010000001100001100000000000001111011111101001011111111100011010000000100000100100001100100000010
722,1110100010000111100100000100000011000011000000000000011110111111010010111111111000110100000001000001001000011001000000101
723,11101000100001111001000001000000110000110000000000000111101111110100101111111110001101000000010000010010000110010000001
724,1110100010000111100100000100000011000011000000000000011110111111010010111111111000110100000001000001001000011001000000101111
725,11101000100001111001000001000000110000110000000000000111101111110100101111111110001101000000010000010010000110010000001011110
726,111010001000011110010000010000001100001100000000000001111011111101001011111111100011010000000100000100100001100100000010111101
727,1110100010000111100100000100000011000011000000000000011110111111010010111111111000110100000001000001001000011001000000101111011
728,11101000100001111001000001000000110000110000000000000111101111110100101111111110001101000000010000010010000110010000001011110110
729,111010001000011110010000010000001100001100000000000001111011111101001011111111100011010000000100000100100001100100000010111101100
730,1110100010000111100100000100000011000011000000000000011110111111010010111111111000110100000001000001001000011001000000101111011001111
731,11101000100001111001000001000000110000110000000000000111101111110100101111111110001101000000010000010010000110010000001011110110011110
732,1110100010000111100100000100000011000011000000000000011110111111010010111111111000110100000001000001001000011001000000101111011001111011
733,111010001000011110010000010000001100001100000000000001111011111101001011111111100011010000000100000100100001100100000010111101100111101
734,11101000100001111001000001000000110000110000000000000111101111110100101111111110001101000000010000010010000110010000001011110110011110111
735,111010001000011110010000010000001100001100000000000001111011111101001011111111100011010000000100000100100001100100000010111101100111101111
736,1110100010000111100100000100000011000011000000000000011110111111010010111111111000110100000001000001001000011001000000101111011001111011111
737,11101000100001111001000001000000110000110000000000000111101111110100101111111110001101000000010000010010000110010000001011110110011110111111
738,1110100010000111100100000100000011000011000000000000011110111111010010111111111000110100000001000001001000011001000000101101
739,11101000100001111001000001000000110000110000000000000111101111110100101111111110001101000000010000010010000110010000001011011
740,111010001000011110010000010000001100001100000000000001111011111101001011111111100011010000000100000100100001100100000010110111
741,1110100010000111100100000100000011000011000000000000011110111111010010111111111000110100000001000001001000011001000000101101110
742,1110100010000111100100000100000011000011000000000000011110111111010010111111111000110100000001000001001000011001000000101101111
743,11101000100001111001000001000000110000110000000000000111101111110100101111111110001101000000010000010010000110010000001011111
744,11101000100001111001000001000000110000110000000000000111101111110100101111111110001101000000010000010010000110010000001011110111
745,11101000100001111001000001000000110000110000000000000111101111110100101111111110001101000000010000010010000110010000001011110110011111
746,1110100010000111100100000100000011000011000000000000011110111111010010111111111000110100000001000001001000011001000000101111011001101
747,111010001000011110010000010000001100001100000000000001111011111101001011111111100011010000000100000100100001100100000010111101100101
748,1110100010000111100100000100000011000011000000000000011110111111010010111111111000110100000001000001001000011001000000101111011001011
749,111010001000011110010000010000001100001100000000000001111011111101001011111111100011010000000100000100100001100100000010111101101
750,1110100010000111100100000100000011000011000000000000011110111111010010111111111000110100000001000001001000011001000000101111011010
751,1110100010000111100100000100000011000011000000000000011110111111010010111111111000110100000001000001001000011001000000101111011011
752,1110100010000111100100000100000011000011000000000000011110111111010010111111111000110100000001000001001000011001001
753,11101000100001111001000001000000110000110000000000000111101111110100101111111110001101000000010000010010000110010011
754,111010001000011110010000010000001100001100000000000001111011111101001011111111100011010000000100000100100001100100111111
755,111010001000011110010000010000001100001100000000000001111011111101001011111111100011010000000100000100100001100100111
756,1110100010000111100100000100000011000011000000000000011110111111010010111111111000110100000001000001001000011001001111111
757,11101000100001111001000001000000110000110000000000000111101111110100101111111110001101000000010000010010000110010011111
758,1110100010000111100100000100000011000011000000000000011110111111010010111111111000110100000001000001001000011001001111
759,11101000100001111001000001000000110000110000000000000111101111110100101111111110001101000000010000010010000110010011111110
760,111010001000011110010000010000001100001100000000000001111011111101001011111111100011010000000100000100100001100100111111101
761,1110100010000111100100000100000011000011000000000000011110111111010010111111111000110100000001000001001000011001001111111011
762,11101000100001111001000001000000110000110000000000000111101111110100101111111110001101000000010000010010000110010011111110110
763,111010001000011110010000010000001100001100000000000001111011111101001011111111100011010000000100000100100001100100111111101101
764,1110100010000111100100000100000011000011000000000000011110111111010010111111111000110100000001000001001000011001001111111011011
765,11101000100001111001000001000000110000110000000000000111101111110100101111111110001101000000010000010010000110010011111110110111
766,11101000100001111001000001000000110000110000000000000111101111110100101111111110001101000000010000010010000110010011111110111
767,111010001000011110010000010000001100001100000000000001111011111101001011111111100011010000000100000100100001100100111111101111
768,11101000100001111001000001000000110000110000000000000111101111110100101111111110001101000000010000010010000110010011111111
769,111010001000011110010000010000001100001100000000000001111011111101001011111111100011010000000100000100100001100100111111110
770,1110100010000111100100000100000011000011000000000000011110111111010010111111111000110100000001000001001000011001001111111111
771,11101000100001111001000001000000110000110000000000000111101111110100101111111110001101000000010000010010000110010011111111111
772,111010001000011110010000010000001100001100000000000001111011111101001011111111100011010000000100000100100001100100111111111
773,111010001000011110010000010000001100001100000000000001111011111101001011111111100011010000000100000100100001100100111111111110
774,1110100010000111100100000100000011000011000000000000011110111111010010111111111000110100000001000001001000011001001111111111101
775,111010001000011110010000010000001100001100000000000001111011111101001011111111100011010000000100000100100001100100111111111111
776,1110100010000111100100000100000011000011000000000000011110111111010010111111111000110100000001000001001000011001001111111111111
777,111010001000011110010000010000001100001100000000000001111011111101001011111111100011010000000100000100100001100111
778,1110100010000111100100000100000011000011000000000000011110111111010010111111111000110100000001000001001000011001111
779,1110100010000111100100000100000011000011000000000000011110111111010010111111111000110100000001000001001000011001101
780,111010001000011110010000010000001100001100000000000001111011111101001011111111100011010000000100000100100001101
781,111010001000011110010000010000001100001100000000000001111011111101001011111111100011010000000100000100100001111101
782,11101000100001111001000001000000110000110000000000000111101111110100101111111110001101000000010000010010000111110001
783,111010001000011110010000010000001100001100000000000001111011111101001011111111100011010000000100000100100001111100010
784,1110100010000111100100000100000011000011000000000000011110111111010010111111111000110100000001000001001000011111000100
785,1110100010000111100100000100000011000011000000000000011110111111010010111111111000110100000001000001001000011111000111
786,111010001000011110010000010000001100001100000000000001111011111101001011111111100011010000000100000100100001111100011111
787,111010001000011110010000010000001100001100000000000001111011111101001011111111100011010000000100000100100001111100011
788,11101000100001111001000001000000110000110000000000000111101111110100101111111110001101000000010000010010000111110001111
789,1110100010000111100100000100000011000011000000000000011110111111010010111111111000110100000001000001001000011111000101
790,11101000100001111001000001000000110000110000000000000111101111110100101111111110001101000000010000010010000111110001011
791,1110100010000111100100000100000011000011000000000000011110111111010010111111111000110100000001000001001000011111001
792,11101000100001111001000001000000110000110000000000000111101111110100101111111110001101000000010000010010000111111
793,111010001000011110010000010000001100001100000000000001111011111101001011111111100011010000000100000100100001111110
794,111010001000011110010000010000001100001100000000000001111011111101001011111111100011010000000100000100100001111111
795,111010001000011110010000010000001100001100000000000001111011111101001011111111100011010000000100000100100001
796,11101000100001111001000001000000110000110000000000000111101111110100101111111110001101000000010000010011
797,111010001000011110010000010000001100001100000000000001111011111101001011111111100011010000000100000100111
798,111010001000011110010000010000001100001100000000000001111011111101001011111111100011010000000100000101
799,1110100010000111100100000100000011000011000000000000011110111111010010111111111000110100000001000001010
800,1110100010000111100100000100000011000011000000000000011110111111010010111111111000110100000001000001011
801,111010001000011110010000010000001100001100000000000001111011111101001011111111100011010000000100000110011111111
802,11101000100001111001000001000000110000110000000000000111101111110100101111111110001101000000010000011001111111
803,1110100010000111100100000100000011000011000000000000011110111111010010111111111000110100000001000001100111101
804,11101000100001111001000001000000110000110000000000000111101111110100101111111110001101000000010000011001111011
805,111010001000011110010000010000001100001100000000000001111011111101001011111111100011010000000100000110011110111
806,1110100010000111100100000100000011000011000000000000011110111111010010111111111000110100000001000001100111110111
807,111010001000011110010000010000001100001100000000000001111011111101001011111111100011010000000100000110011111011
808,1110100010000111100100000100000011000011000000000000011110111111010010111111111000110100000001000001100111110011101
809,1110100010000111100100000100000011000011000000000000011110111111010010111111111000110100000001000001100111110011101111
810,11101000100001111001000001000000110000110000000000000111101111110100101111111110001101000000010000011001111100111011110
811,111010001000011110010000010000001100001100000000000001111011111101001011111111100011010000000100000110011111001110111100
812,1110100010000111100100000100000011000011000000000000011110111111010010111111111000110100000001000001100111110011111111111
813,11101000100001111001000001000000110000110000000000000111101111110100101111111110001101000000010000011001111100111111111
814,1110100010000111100100000100000011000011000000000000011110111111010010111111111000110100000001000001100111110011111111
815,111010001000011110010000010000001100001100000000000001111011111101001011111111100011010000000100000110011111001111111111
816,111010001000011110010000010000001100001100000000000001111011111101001011111111100011010000000100000110011111001111111
817,11101000100001111001000001000000110000110000000000000111101111110100101111111110001101000000010000011001111100111111111111
818,11101000100001111001000001000000110000110000000000000111101111110100101111111110001101000000010000011001111100111111
819,111010001000011110010000010000001100001100000000000001111011111101001011111111100011010000000100000110011111001111011111100
820,11101000100001111001000001000000110000110000000000000111101111110100101111111110001101000000010000011001111100111101111110
821,1110100010000111100100000100000011000011000000000000011110111111010010111111111000110100000001000001100111110011110111111
822,11101000100001111001000001000000110000110000000000000111101111110100101111111110001101000000010000011001111100111101111111
823,111010001000011110010000010000001100001100000000000001111011111101001011111111100011010000000100000110011111001111011111110
824,1110100010000111100100000100000011000011000000000000011110111111010010111111111000110100000001000001100111110011110111111100
825,11101000100001111001000001000000110000110000000000000111101111110100101111111110001101000000010000011001111100111101111111000
826,111010001000011110010000010000001100001100000000000001111011111101001011111111100011010000000100000110011111001111011111110001
827,11101000100001111001000001000000110000110000000000000111101111110100101111111110001101000000010000011001111100111101111111001
828,111010001000011110010000010000001100001100000000000001111011111101001011111111100011010000000100000110011111001111011111110011
829,1110100010000111100100000100000011000011000000000000011110111111010010111111111000110100000001000001100111110011110111111101
830,1110100010000111100100000100000011000011000000000000011110111111010010111111111000110100000001000001100111110011110111111111
831,11101000100001111001000001000000110000110000000000000111101111110100101111111110001101000000010000011001111100111101111111111
832,111010001000011110010000010000001100001100000000000001111011111101001011111111100011010000000100000110011111001111011111111
833,111010001000011110010000010000001100001100000000000001111011111101001011111111100011010000000100000110011111001111011111111111
834,111010001000011110010000010000001100001100000000000001111011111101001011111111100011010000000100000110011111001111011111101
835,1110100010000111100100000100000011000011000000000000011110111111010010111111111000110100000001000001100111110011110111111010
836,11101000100001111001000001000000110000110000000000000111101111110100101111111110001101000000010000011001111100111101111110100
837,111010001000011110010000010000001100001100000000000001111011111101001011111111100011010000000100000110011111001111011111101000
838,1110100010000111100100000100000011000011000000000000011110111111010010111111111000110100000001000001100111110011110111111010001
839,11101000100001111001000001000000110000110000000000000111101111110100101111111110001101000000010000011001111100111101111110101
840,111010001000011110010000010000001100001100000000000001111011111101001011111111100011010000000100000110011111001111011111101011000
841,1110100010000111100100000100000011000011000000000000011110111111010010111111111000110100000001000001100111110011110111111010110000
842,111010001000011110010000010000001100001100000000000001111011111101001011111111100011010000000100000110011111001111011111101011111
843,1110100010000111100100000100000011000011000000000000011110111111010010111111111000110100000001000001100111110011110111111010111111
844,11101000100001111001000001000000110000110000000000000111101111110100101111111110001101000000010000011001111100111101111110101111110111
845,111010001000011110010000010000001100001100000000000001111011111101001011111111100011010000000100000110011111001111011111101011111101
846,1110100010000111100100000100000011000011000000000000011110111111010010111111111000110100000001000001100111110011110111111010111111011
847,11101000100001111001000001000000110000110000000000000111101111110100101111111110001101000000010000011001111100111101111110101111110
848,111010001000011110010000010000001100001100000000000001111011111101001011111111100011010000000100000110011111001111011111101011111101111
849,1110100010000111100100000100000011000011000000000000011110111111010010111111111000110100000001000001100111110011110111111010111111011111
850,11101000100001111001000001000000110000110000000000000111101111110100101111111110001101000000010000011001111100111101111110101111110111110
851,11101000100001111001000001000000110000110000000000000111101111110100101111111110001101000000010000011001111100111101111110101111110111111
852,1110100010000111100100000100000011000011000000000000011110111111010010111111111000110100000001000001100111110011110111111010111111011111101
853,111010001000011110010000010000001100001100000000000001111011111101001011111111100011010000000100000110011111001111011111101011111101111110
854,111010001000011110010000010000001100001100000000000001111011111101001011111111100011010000000100000110011111001111011111101011111101111111
855,1110100010000111100100000100000011000011000000000000011110111111010010111111111000110100000001000001100111110011110111111010111111011111111
856,1110100010000111100100000100000011000011000000000000011110111111010010111111111000110100000001000001100111110011110111111010111111111
857,111010001000011110010000010000001100001100000000000001111011111101001011111111100011010000000100000110011111001111011111101011111111
858,11101000100001111001000001000000110000110000000000000111101111110100101111111110001101000000010000011001111100111101111110101111111
859,11101000100001111001000001000000110000110000000000000111101111110100101111111110001101000000010000011001111100111101111110101111111110
860,111010001000011110010000010000001100001100000000000001111011111101001011111111100011010000000100000110011111001111011111101011111111101
861,111010001000011110010000010000001100001100000000000001111011111101001011111111100011010000000100000110011111001111011111101011111111111
862,11101000100001111001000001000000110000110000000000000111101111110100101111111110001101000000010000011001111100111101111110101111111111
863,1110100010000111100100000100000011000011000000000000011110111111010010111111111000110100000001000001100111110011110111111010110111
864,111010001000011110010000010000001100001100000000000001111011111101001011111111100011010000000100000110011111001111011111101011011
865,111010001000011110010000010000001100001100000000000001111011111101001011111111100011010000000100000110011111001111011111101011001
866,1110100010000111100100000100000011000011000000000000011110111111010010111111111000110100000001000001100111110011110111111010110001
867,11101000100001111001000001000000110000110000000000000111101111110100101111111110001101000000010000011001111100111101111110101100010
868,111010001000011110010000010000001100001100000000000001111011111101001011111111100011010000000100000110011111001111011111101011000100
869,1110100010000111100100000100000011000011000000000000011110111111010010111111111000110100000001000001100111110011110111111010110001000
870,1110100010000111100100000100000011000011000000000000011110111111010010111111111000110100000001000001100111110011110111111010110001011
871,111010001000011110010000010000001100001100000000000001111011111101001011111111100011010000000100000110011111001111011111101011000101
872,11101000100001111001000001000000110000110000000000000111101111110100101111111110001101000000010000011001111100111101111110101100010011
873,1110100010000111100100000100000011000011000000000000011110111111010010111111111000110100000001000001100111110011110111111010110001001
874,11101000100001111001000001000000110000110000000000000111101111110100101111111110001101000000010000011001111100111101111110101100011
875,111010001000011110010000010000001100001100000000000001111011111101001011111111100011010000000100000110011111001111011111101011000111
876,111010001000011110010000010000001100001100000000000001111011111101001011111111100011010000000100000110011111001111011111101001
877,1110100010000111100100000100000011000011000000000000011110111111010010111111111000110100000001000001100111110011110111111010011011
878,11101000100001111001000001000000110000110000000000000111101111110100101111111110001101000000010000011001111100111101111110100110110
879,111010001000011110010000010000001100001100000000000001111011111101001011111111100011010000000100000110011111001111011111101001111
880,1110100010000111100100000100000011000011000000000000011110111111010010111111111000110100000001000001100111110011110111111010011111
881,11101000100001111001000001000000110000110000000000000111101111110100101111111110001101000000010000011001111100111101111110100110111
882,1110100010000111100100000100000011000011000000000000011110111111010010111111111000110100000001000001100111110011110111111010011011111011
883,111010001000011110010000010000001100001100000000000001111011111101001011111111100011010000000100000110011111001111011111101001101111111
884,1110100010000111100100000100000011000011000000000000011110111111010010111111111000110100000001000001100111110011110111111010011011111111
885,11101000100001111001000001000000110000110000000000000111101111110100101111111110001101000000010000011001111100111101111110100110111111111
886,11101000100001111001000001000000110000110000000000000111101111110100101111111110001101000000010000011001111100111101111110100110111110011
887,11101000100001111001000001000000110000110000000000000111101111110100101111111110001101000000010000011001111100111101111110100110111110001
888,11101000100001111001000001000000110000110000000000000111101111110100101111111110001101000000010000011001111100111101111110100110111101
889,1110100010000111100100000100000011000011000000000000011110111111010010111111111000110100000001000001100111110011110111111010011001
890,11101000100001111001000001000000110000110000000000000111101111110100101111111110001101000000010000011001111100111101111110100110011
891,1110100010000111100100000100000011000011000000000000011110111111010010111111111000110100000001000001100111110011110111111011
892,11101000100001111001000001000000110000110000000000000111101111110100101111111110001101000000010000011001111100111101111110110
893,11101000100001111001000001000000110000110000000000000111101111110100101111111110001101000000010000011001111100111101111110111
894,111010001000011110010000010000001100001100000000000001111011111101001011111111100011010000000100000110011111001111011111101111
895,1110100010000111100100000100000011000011000000000000011110111111010010111111111000110100000001000001100111110011110111111011111
896,111010001000011110010000010000001100001100000000000001111011111101001011111111100011010000000100000110011111001110111101
897,1110100010000111100100000100000011000011000000000000011110111111010010111111111000110100000001000001100111110011101111010
898,1110100010000111100100000100000011000011000000000000011110111111010010111111111000110100000001000001100111110011101111011
899,11101000100001111001000001000000110000110000000000000111101111110100101111111110001101000000010000011001111100111011110111
900,11101000100001111001000001000000110000110000000000000111101111110100101111111110001101000000010000011001111100111011111
901,1110100010000111100100000100000011000011000000000000011110111111010010111111111000110100000001000001100111110011101101
902,11101000100001111001000001000000110000110000000000000111101111110100101111111110001101000000010000011001111100111011010
903,11101000100001111001000001000000110000110000000000000111101111110100101111111110001101000000010000011001111100111011010101
904,111010001000011110010000010000001100001100000000000001111011111101001011111111100011010000000100000110011111001110110101011
905,11101000100001111001000001000000110000110000000000000111101111110100101111111110001101000000010000011001111100111011011
906,11101000100001111001000001000000110000110000000000000111101111110100101111111110001101000000010000011001111100111011010111
907,111010001000011110010000010000001100001100000000000001111011111101001011111111100011010000000100000110011111001110110101111
908,1110100010000111100100000100000011000011000000000000011110111111010010111111111000110100000001000001100111110011101101011111
909,11101000100001111001000001000000110000110000000000000111101111110100101111111110001101000000010000011001111100111011010111110
910,11101000100001111001000001000000110000110000000000000111101111110100101111111110001101000000010000011001111100111011010111111
911,111010001000011110010000010000001100001100000000000001111011111101001011111111100011010000000100000110011111001110110101111111
912,1110100010000111100100000100000011000011000000000000011110111111010010111111111000110100000001000001100111001
913,111010001000011110010000010000001100001100000000000001111011111101001011111111100011010000000100000111
914,1110100010000111100100000100000011000011000000000000011110111111010010111111111000110100000001000011
915,111010001000011110010000010000001100001100000000000001111011111101001011111111100011010000000100001
916,1110100010000111100100000100000011000011000000000000011110111111010010111111111000110100000001001
917,11101000100001111001000001000000110000110000000000000111101111110100101111111110001101000000010010
918,11101000100001111001000001000000110000110000000000000111101111110100101111111110001101000000010011
919,111010001000011110010000010000001100001100000000000001111011111101001011111111100011010000000101
920,11101000100001111001000001000000110000110000000000000111101111110100101111111110001101011
921,111010001000011110010000010000001100001100000000000001111011111101001011111111100011010111
922,111010001000011110010000010000001100001100000000000001111011111101001011111111100011010101110101
923,1110100010000111100100000100000011000011000000000000011110111111010010111111111000110101011101001
924,11101000100001111001000001000000110000110000000000000111101111110100101111111110001101010111011111
925,1110100010000111100100000100000011000011000000000000011110111111010010111111111000110101011101111111
926,11101000100001111001000001000000110000110000000000000111101111110100101111111110001101010111011
927,1110100010000111100100000100000011000011000000000000011110111111010010111111111000110101011101111
928,111010001000011110010000010000001100001100000000000001111011111101001011111111100011010101110111
929,111010001000011110010000010000001100001100000000000001111011111101001011111111100011010101110111111
930,11101000100001111001000001000000110000110000000000000111101111110100101111111110001101010111011111111
931,111010001000011110010000010000001100001100000000000001111011111101001011111111100011010101110111111111
932,1110100010000111100100000100000011000011000000000000011110111111010010111111111000110101011101111111111
933,1110100010000111100100000100000011000011000000000000011110111111010010111111111000110101011111
934,1110100010000111100100000100000011000011000000000000011110111111010010111111111000111
935,11101000100001111001000001000000110000110000000000000111101111110100101111111110001110
936,111010001000011110010000010000001100001100000000000001111011111101001011111111100011111
937,11101000100001111001000001000000110000110000000000000111101111110100101111111110001111
938,11101000100001111001000001000000110000110000000000000111101111110100101111111111
939,1110100010000111100100000100000011000011000000000000011110111111010010101
940,11101000100001111001000001000000110000110000000000000111101111110101
941,111010001000011110010000010000001100001100000000000001111011111101010
942,111010001000011110010000010000001100001100000000000001111011111101011
943,1110100010000111100100000100000011000011000000000000011110111111010111
944,111010001000011110010000010000001100001100000000000001111011111101101
945,11101000100001111001000001000000110000110000000000000111101111110111
946,111010001000011110010000010000001100001100000000000001111011111111
947,11101000100001111001000001000000110000110000000000000111101111111
948,1110100010000111100100000100000011000011000000000000011110111111110
949,1110100010000111100100000100000011000011000000000000011110111111111
950,11101000100001111001000001000000110000110000000000000111101111101
951,1110100010000111100100000100000011000011000000000000011110111110
952,111010001000011110010000010000001100001100000000000001111011111010
953,1110100010000111100100000100000011000011000000000000011110111110100
954,11101000100001111001000001000000110000110000000000000111101111101001
955,1110100010000111100100000100000011000011000000000000011110111110101
956,111010001000011110010000010000001100001100000000000001111011111011
957,111010001000011110010000010000001100001100000000000001111011101
958,11101000100001111001000001000000110000110000000000000111101110
959,11101000100001111001000001000000110000110000000000000111101111110100101111111110001101000000010000011001111100111011110100
960,111010001000011110010000010000001100001100000000000001111011111101001011111111100011010000000100000110011111001110111101000
961,1110100010000111100100000100000011000011000000000000011110111111010010111111111000110100000001000001100111110011101111010000
962,111010001000011110010000010000001100001100000000000001111011111101001011111111100011010000000100000110011111001110111101000001
963,1110100010000111100100000100000011000011000000000000011110111111010010111111111000110100000001000001100111110011101111010000011
964,11101000100001111001000001000000110000110000000000000111101111110100101111111110001101000000010000011001111100111011110100000
965,11101000100001111001000001000000110000110000000000000111101111110100101111111110001101000000010000011001111100111011110100000111
966,111010001000011110010000010000001100001100000000000001111011111101001011111111100011010000000100000110011111001110111101000001111
967,1110100010000111100100000100000011000011000000000000011110111111010010111111111000110100000001000001100111110011101111010011
968,111010001000011110010000010000001100001100000000000001111011111101001011111111100011010000000100000110011111001110111101001
969,11101000100001111001000001000000110000110000000000000111101111110100101111111110001101000000010000011001111100111011110100001
970,1110100010000111100100000100000011000011000000000000011110111111010010111111111000110100000001000001100111110011101111010000101
971,111010001000011110010000010000001100001100000000000001111011111101001011111111100011010000000100000110011111001110111101000010
972,111010001000011110010000010000001100001100000000000001111011111101001011111111100011010000000100000110011111001110111101000011
973,1110100010000111100100000100000011000011000000000000011110111111010010111111111000110100000001000001100111110011101111010000110
974,11101000100001111001000001000000110000110000000000000111101111110100101111111110001101000000010000011001111100111011110100001100
975,1110100010000111100100000100000011000011000000000000011110111111010010111111111000110100000001000001100111110011101111010000110001
976,111010001000011110010000010000001100001100000000000001111011111101001011111111100011010000000100000110011111001110111101000011000
977,11101000100001111001000001000000110000110000000000000111101111110100101111111110001101000000010000011001111100111011110100001100011
978,111010001000011110010000010000001100001100000000000001111011111101001011111111100011010000000100000110011111001110111101000011000111
979,1110100010000111100100000100000011000011000000000000011110111111010010111111111000110100000001000001100111110011101111010000110001111
980,11101000100001111001000001000000110000110000000000000111101111110100101111111110001101000000010000011001111100111011110100001100011110
981,111010001000011110010000010000001100001100000000000001111011111101001011111111100011010000000100000110011111001110111101000011000111101
982,1110100010000111100100000100000011000011000000000000011110111111010010111111111000110100000001000001100111110011101111010000110001111011
983,11101000100001111001000001000000110000110000000000000111101111110100101111111110001101000000010000011001111100111011110100001111
984,1110100010000111100100000100000011000011000000000000011110111111010010111111111000110100000001000001100111110011101111010000111
985,11101000100001111001000001000000110000110000000000000111101111110100101111111110001101000000010000011001111100111011110100001101
986,11101000100001111001000001000000110000110000000000000111101111110100101111111110001101000000010000011001111100111011110100001100011111
987,1110100010000111100100000100000011000011000000000000011110111111010010111111111000110100000001000001100111110011101111010000110001111101
988,111010001000011110010000010000001100001100000000000001111011111101001011111111100011010000000100000110011111001110111101000011000111110
989,1110100010000111100100000100000011000011000000000000011110111111010010111111111000110100000001000001100111110011101111010000110001111111
990,111010001000011110010000010000001100001100000000000001111011111101001011111111100011010000000100000110011111001110111101000011000111111
991,111010001000011110010000010000001100001100000000000001111011111101001011111111100011010000000100000110011111001110111101000011001
992,111010001000011110010000010000001100001100000000000001111011111101001011111111100011010000000100000110011111001110111101000011001101
993,1110100010000111100100000100000011000011000000000000011110111111010010111111111000110100000001000001100111110011101111010000110011011
994,11101000100001111000111110
995,11101000100001111000111111
996,111010001000011110001110
997,111010001000011101
998,11101000100001110
999,1110100010000111010
1000,11101000100001110101
1001,111010001000011101011
1002,1110100010000111010110
1003,11101000100001110101100
1004,11101000100001110101101
1005,1110100010000111010111
1006,1110100010000111011
1007,11101000100001110111
1008,111010001000011101111
1009,1110100010000111011110
1010,1110100010000111011111
1011,1110100110011101010
1012,111010011001110101111111101
1013,111010011001110101111110
1014,11101001100111010111111011111
1015,111010011001110101111110111
1016,1110100110011101011111101111
1017,1110100110011101011111101011
1018,11101001100111010111111010111
1019,111010011001110101111110101111
1020,1110100110011101011111101011110111
1021,1110100110011101011111101011110
1022,111010011001110101111110101111011
1023,11101001100111010111111010111101
1024,1110100110011101011111101011111
1025,11101001100111010111111010111111
1026,1110100110011101011111101001
1030,111010001000011110010000111100011110000010
1031,111010001000011110010000010000001100001100000000000010001111110111101010
1033,111010001000011111110111
1034,11101000100001111111011111
1036,11101000100001111001000001000000110000110000000001111111110001101111
1295,11101000100001111001000001000000110000110000000000000111101111110100101111111110001101000000010000011001111100111011110100001100110111111011
1296,111010001000011110010000010000001100001100000000000001111011111101001011111111100011010000000100000110011111001110111101000011001111
1297,11101000100001111001000001000000110000110000000000000111101111110100101111111110001101000000010000011001111100111011110100001100111101
1298,1110100010000111100100000100000011000011000000000000011110111111010010111111111000110100000001000001100111110011101111010000110011110
1299,1110100010000111100100000100000011000011000000000000011110111111010010111111111000110100000001000001100111110011101111010000110011111
1300,1110100010000111100100000100000011000011000000000000011110111111010010111111111000110100000001000001100111110011101111010001
1301,11101000100001111001000001000000110000110000000000000111101111110100101111111110001101000000010000011001111100111011110100010
1302,111010001000011110010000010000001100001100000000000001111011111101001011111111100011010000000100000110011111001110111101000100
1303,1110100010000111100100000100000011000011000000000000011110111111010010111111111000110100000001000001100111110011101111010001000
1304,11101000100001111001000001000000110000110000000000000111101111110100101111111110001101000000010000011001111100111011110100010000
1305,11101000100001111001000001000000110000110000000000000111101111110100101111111110001101000000010000011001111100111011110100010001
1306,1110100010000111100100000100000011000011000000000000011110111111010010111111111000110100000001000001100111110011101111010001000101
1307,111010001000011110010000010000001100001100000000000001111011111101001011111111100011010000000100000110011111001110111101000100010
1308,111010001000011110010000010000001100001100000000000001111011111101001011111111100011010000000100000110011111001110111101000100011
1309,1110100010000111100100000100000011000011000000000000011110111111010010111111111000110100000001000001100111110011101111010001000110
1310,11101000100001111001000001000000110000110000000000000111101111110100101111111110001101000000010000011001111100111011110100010001101
1311,1110100010000111100100000100000011000011000000000000011110111111010010111111111000110100000001000001100111110011101111010001000111
1312,11101000100001111001000001000000110000110000000000000111101111110100101111111110001101000000010000011001111100111011110100010001111
1313,1110100010000111100100000100000011000011000000000000011110111111010010111111111000110100000001000001100111110011101111010001001
1314,11101000100001111001000001000000110000110000000000000111101111110100101111111110001101000000010000011001111100111011110100010011
1315,11101000100001111001000001000000110000110000000000000111101111110100101111111110001101000000010000011001111100111011110100010111
1316,111010001000011110010000010000001100001100000000000001111011111101001011111111100011010000000100000110011111001110111101000101111111
1317,111010001000011110010000010000001100001100000000000001111011111101001011111111100011010000000100000110011111001110111101000101
1318,11101000100001111001000001000000110000110000000000000111101111110100101111111110001101000000010000011001111100111011110100010111111
1319,11101000100001111001000001000000110000110000000000000111101111110100101111111110001101000000010000011001111100111011110100010111111111
1320,1110100010000111100100000100000011000011000000000000011110111111010010111111111000110100000001000001100111110011101111010001011111
1321,1110100010000111100100000100000011000011000000000000011110111111010010111111111000110100000001000001100111110011101111010001011
1322,1110100010000111100100000100000011000011000000000000011110111111010010111111111000110100000001000001100111110011101111010001011111111
1323,111010001000011110010000010000001100001100000000000001111011111101001011111111100011010000000100000110011111001110111101000101111
1324,11101000100001111001000001000000110000110000000000000111101111110100101111111110001101000000010000011001111100111011110100011
1325,11101000100001111001000001000000110000110000000000000111101111110100101111111110001101000000010000011001111100111011110101
1326,111010001000011110010000010000001100001100000000000001111011111101001011111111100011010000000100000100100001100100000011
1327,11101000100001111001000001000000110000110000000000000111101111110100101111111110001101000000010000010010000110010000001111
1328,1110100010000111100100000100000011000011000000000000011110111111010010111111111000110100000001000001001000011001000000111
1329,11101000100001111001000001000000110000110000000000000111101111110100101111111110001101000000010000010010000110010000001111111
1330,111010001000011110010000010000001100001100000000000001111011111101001011111111100011010000000100000100100001100100000011111111
1331,111010001000011110010000010000001100001100000000000001111011111101001011111111100011010000000100000100100001100100000011111111111
1332,1110100010000111100100000100000011000011000000000000011110111111010010111111111000110100000001000001001000011001000000111111111
1333,11101000100001111001000001000000110000110000000000000111101111110100101111111110001101000000010000010010000110010000001111111111
1334,11101000100001111001000001000000110000110000000000000111101111110100101111111110001101000000010000010010000110010000001111101
1335,111010001000011110010000010000001100001100000000000001111011111101001011111111100011010000000100000100100001100100000011111011111
1336,1110100010000111100100000100000011000011000000000000011110111111010010111111111000110100000001000001001000011001000000111110111111
1337,11101000100001111001000001000000110000110000000000000111101111110100101111111110001101000000010000010010000110010000001111101111111
1338,111010001000011110010000010000001100001100000000000001111011111101001011111111100011010000000100000100100001100100000011111011101
1339,1110100010000111100100000100000011000011000000000000011110111111010010111111111000110100000001000001001000011001000000111110111010
1340,11101000100001111001000001000000110000110000000000000111101111110100101111111110001101000000010000010010000110010000001111101101
1341,111010001000011110010000010000001100001100000000000001111011111101001011111111100011010000000100000100100001100100000011111011011
1346,111010001000011110010000010000001100001100000000000001111011111101001011111111100011010000000100000110011111001111011
1347,1110100010000111100100000100000011000011000000000000011110111111010010111111111000110100000001000001100111110011110111
1350,111010001000011110010000010000001100001100000000000001111011111101001011111111100011010000000100000100100001100100000011111011101111
1351,1110100010000111100100000100000011000011000000000000011110111111010010111111111000110100000001000001001000011001000000111110111011
1352,11101000100001111001000001000000110000110000000000000111101111110100101111111110001101000000010000010010000110010000001111101110111
1353,11101000100001111001000001000000110000110000000000000111101111110100101111111110001101000000010000010010000110010000001011011101
1354,11101000100001111001000001000000110000110000000000000111101111110100101111111110001101000000010000010010000110010000111
1355,1110100010000111100100000100000011000011000000000000011110111111010010111111111000110011111010001101000001110
1356,11101000100001111001000001000000110000110000000000000111101111110100101111111110001101000000010000011001111100111101111110100111111
1357,111010001000011110010000010000001100001100000000000001111011111101001011111111100011010000000100111
1358,111010001000011110010000010000001100001100000000000001111011111101001011111111100011010000000100000110011101111
1359,11101000100001111001000001000000110000110000000000000111101111110100101111111110001101000000010000011001111100111011110100001100110111
1360,111010001000011110010000010000001100001100000000000001111011111101001011111111100011010000000100000110011111001110111101000011001101111
1361,111010001000011110010000010000001100001100000000000001111011
1362,1110100010000111100100000100000011000011000000000000011110111111010010111111111000110100000001000001100111011
1363,11101000100001111001000001000000110000110000000000000111101
1364,111010001000011110010000010000001100001100000000000001111011111
1365,1110100010000111100100000100000011000011000000000000011110111
1366,11101000100001111001000001000000110000110000000000000111101111
1367,1110100010000111100100000100000011000011000000000000011110111111
1368,1110100010000111100100000100000011000011000000000000011110111111010010111111111000110011111010001101000001111
1369,11101000100001111001000001000000110000110000000000000111101111110100101111111110001101000000010000011001110111
1370,1110100010000111100100000100000011000011000000000000011110111111010010111111111000110100000001000001100111110011
1371,1110100010000111100100000100000011000011000000000000011110111111010010111111111000110100000001000001100111110011101111010000110011011111
1372,1110100010000111100100000100000011000011000000000000011110111111010010111111111000110100000001000001100111110011101111010000110011011111111
1373,1110100010000111100100000100000011000011000000000000011110111111010010111111111000110100000001000001100111110011101111010000110011011111111111
1374,111010001000011110010000010000001100001100000000000001111011111101001011111111100011010000000100000110011111001110111101000011001101111111111
1375,11101000100001111001000001000000110000110000000000000111101111110100101111111110001101000000010000011001111100111011110100001100110111111111
1376,111010001000011110010000010000001100001100000000000001111011111101000000000100101001
1377,11101000100001111001000001000000110000110000000000000111101111110100101
1378,111010001000011110010000010000001100001100000000000001111011111101001010
1379,111010001000011110010000010000001100001100000000000001111011111101001011
1380,1110100010000111100100000100000011000011000000000000011110111111010010110
1381,1110100010000111100100000100000011000011000000000000011110111111010010111
1382,111010001000011110010000010000001100001100000000000001111011111101001011111
1383,11101000100001111001000001000000110000110000000000000111101111110100101111111
1384,111010001000011110010000010000001100001100000000000001111011111101001011111110
1385,111010001000011110010000010000001100001100000000000001111011111101001011111111
1386,11101000100001111001000001000000110000110000000000000111101111110100101111
1387,1110100010000111100100000100000011000011000000000000011110111111010010111111
1388,11101000100001111001000001000000110000110000000000000111101111110100101111111110001100111110
1389,11101000100001111001000001000000110000110000000000000111101111110100101111111110001100111111
1390,111010001000011110010000010000001100001100000000000001111011111101001011111111100011001111110
1391,1110100010000111100100000100000011000011000000000000011110111111010010111111111000110011111
1392,111010001000011110010000010000001100001100000000000001111011111101001011111111100011001111111
1393,1110100010000111100100000100000011000011000000000000011110111111010010111111111000110011111010001
1394,11101000100001111001000001000000110000110000000000000111101111110100101111111110001100111110100010
1395,11101000100001111001000001000000110000110000000000000111101111110100101111111110001100111110100011
1396,111010001000011110010000010000001100001100000000000001111011111101001011111111100011001111101000110
1397,111010001000011110010000010000001100001100000000000001111011111101001011111111100011001111101000111
1398,11101000100001111001000001000000110000110000000000000111101111110100101111111110001101000001011110010
1399,11101000100001111001000001000000110000110000000000000111101111110100101111111110001101000001011110011
1400,1110100010000111100100000100000011000011000000000000011110111111010010111111111000110100000101111001
1401,111010001000011110010000010000001100001100000000000001111011111101001011111111100011010101110
1402,11101000100001111001000001000000110000110000000000000111101111110100101111111110001101010111
1403,111010001000011110010000010000001100001100000000000001111011111101001011111111100011010101111
1404,11101000100001111001000001000000110000110000000000000111101111110100000000010010
1405,11101000100001111001000001000000110000110000000000000111101111110100000000010011
1406,1110100010000111100100000100000011000011000000000000011110111111010000000001001
1407,11101000100001111001000001000000110000110000000000000111101111110100101111111110001101000000010000010010000110010000101111111110
1408,11101000100001111001000001000000110000110000000000000111101111110100101111111110001101000000010000010010000110010000101111111111
1409,1110100010000111100100000100000011000011000000000000011110111111010010111111111000110100000001000001001000011001000010111111111
1410,11101000100001111001000001000000110000110000000000000111101111110100101111111110001100111110100011010000011100011001101
1411,111010001000011110010000010000001100001100000000000001111011111101001011111111100011001111101000110100000111000110011010
1412,111010001000011110010000010000001100001100000000000001111011111101001011111111100011001111101000110100000111000110011011
1413,1110100010000111100100000100000011000011000000000000011110111111010010111111111000110011111010001101000001110001100110111
1414,111010001000011110010000010000001100001100000000000001111011111101001011111111100011010000000100000100100001100100000010110
1415,11101000100001111001000001000000110000110000000000000111101111110100101111111110001101000000010000010010000110010000001011
1416,111010001000011110010000010000001100001100000000000001111011111101001011111111100011010000000100000100100001100100000010111
1417,111010001000011110010000010000001100001100000000000001111011111101001011111111100011010000000100000100100001100100000010111101100110
1418,111010001000011110010000010000001100001100000000000001111011111101001011111111100011010000000100000100100001100100000010111101100111
1419,11101000100001111001000001000000110000110000000000000111101111110100101111111110001101000000010000010010000110010000001011110110010
1420,11101000100001111001000001000000110000110000000000000111101111110100101111111110001101000000010000010010000110010000001011110110011
1421,1110100010000111100100000100000011000011000000000000011110111111010010111111111000110100000001000001001000011001000000101111011001
1422,1110100010000111100100000100000011000011000000000000011110111111010010111111111000110100000001000001100111
1423,11101000100001111001000001000000110000110000000000000111101111110100101111111110001101000000010000011001110
1424,111010001000011110010000010000001100001100000000000001111011111101001011111111100011010000000100000110011100
1425,11101000100001111001000001000000110000110000000000000111101111110100101111111110001101000000010000011001111
1426,111010001000011110010000010000001100001100000000000001111011111101001011111111100011010000000100000110011110
1427,11101000100001111001000001000000110000110000000000000111101111110100101111111110001101000000010000011001111100
1428,111010001000011110010000010000001100001100000000000001111011111101001011111111100011010000000100000110011111
1429,1110100010000111100100000100000011000011000000000000011110111111010010111111111000110100000001000001100111110
1430,11101000100001111001000001000000110000110000000000000111101111110100101111111110001101000000010000011001111101
1431,1110100010000111100100000100000011000011000000000000011110111111010010111111111000110100000001000001100111111
1432,111010001000011110010000010000001100001100000000000001111011111101001011111111100011010000000100000110011111001
1433,111010001000011110010000010000001100001100000000000001111011111101001011111111100011010000000100000110011111001110110
1434,111010001000011110010000010000001100001100000000000001111011111101001011111111100011010000000100000110011111001110111
1435,11101000100001111001000001000000110000110000000000000111101111110100101111111110001101000000010000011001111100111011
1436,11101000100001111001000001000000110000110000000000000111101111110100101111111110001101000000010000011001111100111101111110101100
1437,11101000100001111001000001000000110000110000000000000111101111110100101111111110001101000000010000011001111100111101111110101101
1438,1110100010000111100100000100000011000011000000000000011110111111010010111111111000110100000001000001100111110011110111111010110
1439,111010001000011110010000010000001100001100000000000001111011111101001011111111100011010000000100000110011111001111011111101011
1440,1110100010000111100100000100000011000011000000000000011110111111010010111111111000110100000001000001100111110011110111111010111
1441,11101000100001111001000001000000110000110000000000000111101111110100101111111110001101000000010000011001111100111101111110101111
1442,1110100010000111100100000100000011000011000000000000011110111111010010111111111000110100000001000001100111110011110111111010011
1443,11101000100001111001000001000000110000110000000000000111101111110100101111111110001101000000010000011001111100111101111110100110
1444,111010001000011110010000010000001100001100000000000001111011111101001011111111100011010000000100000110011111001111011111101001100
1445,111010001000011110010000010000001100001100000000000001111011111101001011111111100011010000000100000110011111001111011111101001101
1446,11101000100001111001000001000000110000110000000000000111101111110100101111111110001101000000010000011001111100111101111110100111
1447,111010001000011110010000010000001100001100000000000001111011111101001011111111100011010000000100000110011111001111011111101001101111
1448,1110100010000111100100000100000011000011000000000000011110111111010010111111111000110100000001000001100111110011110111111010011011110
1449,1110100010000111100100000100000011000011000000000000011110111111010010111111111000110100000001000001100111110011110111111010011011111000
1450,1110100010000111100100000100000011000011000000000000011110111111010010111111111000110100000001000001100111110011110111111010011011111001
1451,1110100010000111100100000100000011000011000000000000011110111111010010111111111000110100000001000001100111110011110111111010011011111
1452,11101000100001111001000001000000110000110000000000000111101111110100101111111110001101000000010000011001111100111101111110100110111110
1453,111010001000011110010000010000001100001100000000000001111011111101001011111111100011010000000100000110011111001111011111101001101111100
1454,11101000100001111001000001000000110000110000000000000111101111110100101111111110001101000000010000011001111100111101111110100110111111
1455,111010001000011110010000010000001100001100000000000001111011111101001011111111100011010000000100000110011111001111011111101001101111101
1456,1110100010000111100100000100000011000011000000000000011110111111010010111111111000110100000001000001100111110011101101010
1457,1110100010000111100100000100000011000011000000000000011110111111010010111111111000110100000001000001100111110011101101011
1458,111010001000011110010000010000001100001100000000000001111011111101001011111111100011010000000100000110011111001110110101
1459,11101000100001111001000001000000110000110000000000000111101111110100101111111110001101000000010000011001111100111011110100001100110
1460,11101000100001111001000001000000110000110000000000000111101111110100101111111110001101000000010000011001111100111011110100001100111
1461,1110100010000111100100000100000011000011000000000000011110111111010010111111111000110100000001000001100111110011101111010000110011
1462,1110100010000111100100000100000011000011000000000000011110111111010010111111111000110100000001000001100111110011101111010000110011011111101
1463,111010001000011110010000010000001100001100000000000001111011111101001011111111100011010000000100000110011111001110111101000011001101111110
1464,111010001000011110010000010000001100001100000000000001111011111101001011111111100011010000000100000110011111001110111101000011001101111111
1465,11101000100001111001000001000000110000110000000000000111101111110100101111111110001101000000010000011001111100111011110100001100110111111
1466,111010001000011110010000010000001100001100000000000001111011111101001011111111100011010000000100000100100001100100000011111
1467,1110100010000111100100000100000011000011000000000000011110111111010010111111111000110100000001000001001000011001000000111110
1468,1110100010000111100100000100000011000011000000000000011110111111010010111111111000110100000001000001001000011001000000111111
1469,111010001000011110010000010000001100001100000000000001111011111101001011111111100011010000000100000100100001100100000011111011
1470,1110100010000111100100000100000011000011000000000000011110111111010010111111111000110100000001000001001000011001000000111110110
1471,1110100010000111100100000100000011000011000000000000011110111111010010111111111000110100000001000001001000011001000000111110111
1472,11101000100001111001000001000000110000110000000000000111101111110100101111111110001101000000010000010010000110010000001111101110
1473,11101000100001111001000001000000110000110000000000000111101111110100101111111110001101000000010000010010000110010000001111101111
1474,111010001000011110010000010000001100001100000000000001111011111101001011111111100011010000000100000110011111001110
1475,11101000100001111001000001000000110000110000000000000111101111110100101111111110001101000000010000011001111100111
1476,1110100010000111100100000100000011000011000000000000011110111111010010111111111000110100000001000001100111110011110
1477,1110100010000111100100000100000011000011000000000000011110111111010010111111111000110100000001000001100111110011111
1478,111010001000011110010000010000001100001100000000000001111011111101001011111111100011010000000100000110011111001111
1479,1110100010000111100100000100000011000011000000000000011110111111010010111111111000110100000001000001101
1480,111010001000011110010000010000001100001100000000000001111011111101001011111111100011010000000100000110011101
1481,11101000100001111001000001000001111
1482,111010001000011110010000010000011111
1483,1110100010000111100100000100000111
1484,1110100010000111100100000100000111111
1485,11101000100001111001000001000001111111
1486,111010001000011110010000010000011111111
1487,1110100010000111100100000100000111111110
1488,11101000100001111001000001000001111111101
1489,1110100010000111100100000100000111111110110000
1490,111010001000011110010000010000011111111011000
1491,1110100010000111100100000100000111111110110
1492,111010001000011110010000010000011111111011
1493,11101000100001111001000001000001111111101100
1494,111010001000011110010000010000011111111011000011011
1495,1110100010000111100100000100000111111110110000110111
1496,1110100010000111100100000100000111111110110000110
1497,11101000100001111001000001000001111111101100001101
1498,11101000100001111001000001000001111111101100001101110
1499,111010001000011110010000010000011111111011000011011100
1500,1110100010000111100100000100000111111110110000110111000
1501,11101000100001111001000001000001111111101100001101110000
1502,1110100010000111100100000100000111111110110000110111000010
1503,11101000100001111001000001000001111111101100001101110000100
1504,111010001000011110010000010000011111111011000011011100001000
1505,1110100010000111100100000100000111111110110000110111000010000
1506,11101000100001111001000001000001111111101100001101110000100001
1507,111010001000011110010000010000011111111011000011011100001000011
1508,1110100010000111100100000100000111111110110000110111000010000111
1509,11101000100001111001000001000001111111101100001101110000100001111
1510,11101000100001111001000001000001111111101100001101110000100001111111
1511,11101000100001111001000001000001111111101100001101110000100001111111111
1512,11101000100001111001000001000001111111101100001101110000100001111111111111
1513,111010001000011110010000010000011111111011000011011100001000011111111111110
1514,1110100010000111100100000100000111111110110000110111000010000111111111111101110
1515,11101000100001111001000001000001111111101100001101110000100001111111111111011100
1516,11101000100001111001000001000001111111101100001101110000100001111111111111011100111
1517,111010001000011110010000010000011111111011000011011100001000011111111111110111001111
1518,1110100010000111100100000100000111111110110000110111000010000111111111111101110011110
1519,11101000100001111001000001000001111111101100001101110000100001111111111111011100111100
1520,1110100010000111100100000100000111111110110000110111000001101
1521,11101000100001111001000001000001111111101100001101110000011011
1522,111010001000011110010000010000011111111011000011011100000110110
1523,1110100010000111100100000100000111111110110000110111000001101100
1524,11101000100001111001000001000001111111101100001101110000011011000
1525,11101000100001111001000001000001111111101100001101110000011011000111
1526,111010001000011110010000010000011111111011000011011100000110110001110
1527,1110100010000111100100000100000111111110110000110111000001101100011100
1528,11101000100001111001000001000001111111101100001101110000011011000111001
1529,11101000100001111001000001000001111111101100001101110000011011000111001111
1530,1110100010000111100100000100000111111110110000110111000001101100011100111
1531,111010001000011110010000010000011111111011000011011100000110110001110011
1532,111010001000011110010000010000011111111011000011011100000110110001110011110
1533,1110100010000111100100000100000111111110110000110111000001101100011100111100
1534,11101000100001111001000001000001111111101100001101110000100001111111101
1535,11101000100001111001000001000001111111101100001101110000100001111111101011
1536,1110100010000111100100000100000111111110110000110111000010000111111110101
1537,111010001000011110010000010000011111111011000011011100001000011111111010
1538,111010001000011110010000010000011111111011000011011100001000011111111010111
1539,1110100010000111100100000100000111111110110000110111000010000111111110101111
1540,11101000100001111001000001000001111111101100001101110000100001111111101011111
1541,1110100010000111100100000100000111111110110000110111000010000111111110101111101
1542,111010001000011110010000010000011111111011000011011100001000011111111010111110
1543,11101000100001111001000001000001111111101100001101110000100001111111101011111011
1544,1110100010000111100100000100000111111110110000110111000010000111111110101111101111111
1545,111010001000011110010000010000011111111011000011011100001000011111111010111110111
1546,11101000100001111001000001000001111111101100001101110000100001111111101011111011111
1547,111010001000011110010000010000011111111011000011011100001000011111111010111110111111
1548,1110100010000111100100000100000111111110110000110111000010000111111110101111101111
1549,11101000100001111001000001000001111111101100001101110000100001111111101011111011111110
1550,1110100010000111100100000100000111111110110000110111000010000111111110101111101111111011111
1551,1110100010000111100100000100000111111110110000110111000010000111111110101111101111111011
1552,11101000100001111001000001000001111111101100001101110000100001111111101011111011111110111111
1553,11101000100001111001000001000001111111101100001101110000100001111111101011111011111110111
1554,111010001000011110010000010000011111111011000011011100001000011111111010111110111111101111
1555,111010001000011110010000010000011111111011000011011100001001
1556,1110100010000111100100000100000111111110110000110111000010011
1557,11101000100001111001000001000001111111101100001101110000100111
1558,111010001000011110010000010000011111111011000011011100001001110
1559,1110100010000111100100000100000111111110110000110111000010011100
1560,1110100010000111100100000100000111111110110000110111000010011100011
1561,111010001000011110010000010000011111111011000011011100001001110001
1562,11101000100001111001000001000001111111101100001101110000100111000
1563,11101000100001111001000001000001111111101100001101110000100111000110
1564,111010001000011110010000010000011111111011000011011100001001110001100
1565,1110100010000111100100000100000111111110110000110111000010011100011000111
1566,11101000100001111001000001000001111111101100001101110000100111000110001
1567,111010001000011110010000010000011111111011000011011100001001110001100011
1568,1110100010000111100100000100000111111110110000110111000010011100011000
1569,11101000100001111001000001000001111111101100001101110000100111000110001110
1570,111010001000011110010000010000011111111011000011011100001001110001100011101
1571,11101000100001111001000001000001111111101100001101110000101
1572,11101000100001111001000001000001111111101100001101110000101011111
1573,111010001000011110010000010000011111111011000011011100001010
1574,11101000100001111001000001000001111111101100001101110000101011
1575,1110100010000111100100000100000111111110110000110111000010101111
1576,111010001000011110010000010000011111111011000011011100001010111
1577,1110100010000111100100000100000111111110110000110111000010101
1578,111010001000011110010000010000011111111011000011011100001010111110
1579,1110100010000111100100000100000111111110110000110111000010101111100
1580,11101000100001111001000001000001111111101100001101110000101011111001
1581,1110100010000111100100000100000111111110110000110111000010000111111111111101110011111
1582,11101000100001111001000001000001111111101100001101110000100001111111111111011100111110
1583,11101000100001111001000001000001111111101100001101110000100001111111111111011100111110011
1584,1110100010000111100100000100000111111110110000110111000010000111111111111101110011111001
1585,111010001000011110010000010000011111111011000011011100001000011111111111110111001111100
1586,111010001000011110010000010000011111111011000011011100001000011111111111110111001111100110
1587,1110100010000111100100000100000111111110110000110111000010000111111111111101110011111001100
1588,11101000100001111001000001000001111111101100001101110000100001111111111111011100111110011000
1589,111010001000011110010000010000011111111011000011011100001000011111111111110111001111100110000
1590,1110100010000111100100000100000111111110110000110111000010000111111111111101110011111001100000
1591,11101000100001111001000001000001111111101100001101110000100001111111111111011100111110011000001
1592,111010001000011110010000010000011111111011000011011100001000011111111111110111001111100110000011
1593,1110100010000111100100000100000111111111110111111101
1594,111010001000011110010000010000011111111111011111110
1597,11101000100001111001000001000001111111101100001101110000011011000111001111001101111010
1602,1110100010000111100100000100000111111111
1603,11101000100001111001000001000001111111110
1604,11101000100001111001000001000001111111111
1605,111010001000011110010000010000011111111110
1606,1110100010000111100100000100000111111111100
1607,1110100010000111100100000100000111111111101
1608,111010001000011110010000010000011111111111
1609,1110100010000111100100000100000111111111110
1610,11101000100001111001000001000001111111111101111111111
1611,111010001000011110010000010000011111111111011111111111
1612,1110100010000111100100000100000111111111110111111111111
1613,11101000100001111001000001000001111111111101111111111111
1614,1110100010000111100100000100000111111111111
1615,11101000100001111001000001000001111111111110
1616,1110100010000111100100000100000111111111111111
1617,11101000100001111001000001000001111111111111
1618,111010001000011110010000010000011111111111111
1619,11101000100001111001000001000001111111101111
1620,1110100010000111100100000100000111111110111
1621,11101000100001111001000001000001111111101100011
1622,111010001000011110010000010000011111111011000111
1623,1110100010000111100100000100000111111110110001
1624,11101000100001111001000001000001111111101100001111
1625,111010001000011110010000010000011111111011000011111
1626,1110100010000111100100000100000111111110110000111
1627,1110100010000111100100000100000111111110110000111110
1628,11101000100001111001000001000001111111101100001111101
1629,111010001000011110010000010000011111111011000011111111
1630,1110100010000111100100000100000111111110110000111111
1631,11101000100001111001000001000001111111101100001111111
1632,11101000100001111001000001000001111111101100001101111
1633,111010001000011110010000010000011111111011000011011111
1634,1110100010000111100100000100000111111110110000110111011
1635,111010001000011110010000010000011111111011000011011101
1636,11101000100001111001000001000001111111101100001101110111
1637,111010001000011110010000010000011111111011000011011101111
1638,1110100010000111100100000100000111111110110000110111000001101101
1639,11101000100001111001000001000001111111101100001101110000011011001
1640,1110100010000111100100000100000111111110110000110111000001101100110
1641,11101000100001111001000001000001111111101100001101110000011011001110
1642,111010001000011110010000010000011111111011000011011100000110110011100
1643,1110100010000111100100000100000111111110110000110111000001101100111000
1644,11101000100001111001000001000001111111101100001101110000011011001111
1645,111010001000011110010000010000011111111011000011011100000110110011110
1646,1110100010000111100100000100000111111110110000110111000001101100111100
1647,11101000100001111001000001000001111111101100001101110000011011001111000
1648,11101000100001111001000001000001111111101100001101110000011011001111000111
1649,111010001000011110010000010000011111111011000011011100000110110011110001110
1650,1110100010000111100100000100000111111110110000110111000001101100111100011100
1651,1110100010000111100100000100000111111110110000110111000001101100111100011100101
1652,11101000100001111001000001000001111111101100001101110000011011001111001
1653,111010001000011110010000010000011111111011000011011100000110110011110011
1654,111010001000011110010000010000011111111011000011011100000110110011110001111
1655,1110100010000111100100000100000111111110110000110111000001101100111100011101
1656,11101000100001111001000001000001111111101100001101110000011011001111000111010
1657,11101000100001111001000001000001111111101100001101110000011011001111000111011
1658,1110100010000111100100000100000111111110110000110111000001101100111100011100111
1659,11101000100001111001000001000001111111101100001101110000011011001111000111001111
1660,111010001000011110010000010000011111111011000011011100000110110011110001110011111
1661,1110100010000111100100000100000111111110110000110111000001101100111100011100111111
1662,11101000100001111001000001000001111111101100001101110000011011001111000101
1663,1110100010000111100100000100000111111110110000110111000001101100111101
1664,111010001000011110010000010000011111111011000011011100000110110011111
1665,1110100010000111100100000100000111111110110000110111000001101100111111
1666,111010001000011110010000010000011111111011000011011100000110110011101
1667,1110100010000111100100000100000111111110110000110111000001101100111001
1668,111010001000011110010000010000011111111011000011011100000110110010
1669,1110100010000111100100000100000111111110110000110111000001101100101
1670,11101000100001111001000001000001111111101100001101110000011011000101
1671,111010001000011110010000010000011111111011000011011100000110110001010
1672,1110100010000111100100000100000111111110110000110111000001101100010100
1673,1110100010000111100100000100000111111110110000110111000001101100010101
1674,111010001000011110010000010000011111111011000011011100000110110001011
1675,1110100010000111100100000100000111111110110000110111000001101100011111
1676,111010001000011110010000010000011111111011000011011100000110110001111
1677,111010001000011110010000010000011111111011000011011100000110110001110011111
1678,11101000100001111001000001000001111111101100001101110000011011000111001111000
1679,111010001000011110010000010000011111111011000011011100000110110001110011110000
1680,1110100010000111100100000100000111111110110000110111000001101100011100111100011
1681,111010001000011110010000010000011111111011000011011100000110110001110011110001
1682,11101000100001111001000001000001111111101100001101110000011011000111001111000111
1683,11101000100001111001000001000001111111101100001101110000011011000111001111001
1684,1110100010000111100100000100000111111110110000110111000001101100011100111100111111
1685,111010001000011110010000010000011111111011000011011100000110110001110011110011111
1686,11101000100001111001000001000001111111101100001101110000011011000111001111001111111
1687,111010001000011110010000010000011111111011000011011100000110110001110011110011111110
1688,1110100010000111100100000100000111111110110000110111000001101100011100111100111111101
1689,11101000100001111001000001000001111111101100001101110000011011000111001111001111111011
1690,111010001000011110010000010000011111111011000011011100000110110001110011110011111110110
1691,1110100010000111100100000100000111111110110000110111000001101100011100111100111111101100
1692,11101000100001111001000001000001111111101100001101110000011011000111001111001111111011000
1693,11101000100001111001000001000001111111101100001101110000011011000111001111001111111011000101
1694,1110100010000111100100000100000111111110110000110111000001101100011100111100111111101100010101
1695,111010001000011110010000010000011111111011000011011100000110110001110011110011111110110001010
1696,1110100010000111100100000100000111111110110000110111000001101100011100111100111111101111
1697,111010001000011110010000010000011111111011000011011100000110110001110011110011111110111
1698,11101000100001111001000001000001111111101100001101110000011011000111001111001111111011000111
1699,1110100010000111100100000100000111111110110000110111000001101100011100111100111111101100011111
1700,111010001000011110010000010000011111111011000011011100000110110001110011110011111110110001111
1701,11101000100001111001000001000001111111101100001101110000011011000111001111001111111011000111111
1702,1110100010000111100100000100000111111110110000110111000001101100011100111100111111101100011111111
1703,111010001000011110010000010000011111111011000011011100000110110001110011110011111110110001111111
1704,111010001000011110010000010000011111111011000011011100000110110001110011110011111110110001011
1705,11101000100001111001000001000001111111101100001101110000011011000111001111001111111011001
1706,111010001000011110010000010000011111111011000011011100000110110001110011110011111110110011
1707,11101000100001111001000001000001111111101100001101110000011011000111001111001111111011001111
1708,1110100010000111100100000100000111111110110000110111000001101100011100111100111111101100111
1709,11101000100001111001000001000001111111101100001101110000011011000111001111001111111011011111
1710,111010001000011110010000010000011111111011000011011100000110110001110011110011111110110111111
1711,1110100010000111100100000100000111111110110000110111000001101100011100111100111111101101111110
1712,11101000100001111001000001000001111111101100001101110000011011000111001111001111111011011111101
1713,1110100010000111100100000100000111111110110000110111000001101100011100111100111111101101111111
1714,11101000100001111001000001000001111111101100001101110000011011000111001111001111111011011111110
1715,11101000100001111001000001000001111111101100001101110000011011000111001111001111111011011111111
1716,111010001000011110010000010000011111111011000011011100000110110001110011110011111110110111111111
1717,111010001000011110010000010000011111111011000011011100000110110001110011110011111111
1718,1110100010000111100100000100000111111110110000110111000001101100011100111100111111111
1719,11101000100001111001000001000001111111101100001101110000011011000111001111001111111111
1720,111010001000011110010000010000011111111011000011011100000110110001110011110011111111111
1721,11101000100001111001000001000001111111101100001101110000011011000111001111001101
1722,111010001000011110010000010000011111111011000011011100000110110001110011110011011
1723,1110100010000111100100000100000111111110110000110111000001101100011100111100110111
1724,1110100010000111100100000100000111111110110000110111000001101100011100111100110111111
1725,11101000100001111001000001000001111111101100001101110000011011000111001111001101111111001
1726,111010001000011110010000010000011111111011000011011100000110110001110011110011011111110010
1727,11101000100001111001000001000001111111101100001101110000011011000111001111001101111111111
1728,11101000100001111001000001000001111111101100001101110000011011000111001111001101111111111111
1729,1110100010000111100100000100000111111110110000110111000001101100011100111100110111111111111111
1730,111010001000011110010000010000011111111011000011011100000110110001110011110011011111111111111
1731,1110100010000111100100000100000111111110110000110111000001101100011100111100110111111111111111111111101
1732,111010001000011110010000010000011111111011000011011100000110110001110011110011011111111111111111111110111
1733,11101000100001111001000001000001111111101100001101110000011011000111001111001101111111111111111111111011
1734,1110100010000111100100000100000111111110110000110111000001101100011100111100110111111111111111111111101111
1735,11101000100001111001000001000001111111101100001101110000011011000111001111001101111111111111111111111011111
1736,1110100010000111100100000100000111111110110000110111000001101100011100111100110111111111111111111111101111101
1737,111010001000011110010000010000011111111011000011011100000110110001110011110011011111111111111111111110111110
1738,1110100010000111100100000100000111111110110000110111000001101100011100111100110111111111111111111111111
1739,111010001000011110010000010000011111111011000011011100000110110001110011110011011111111111111111111111101
1740,11101000100001111001000001000001111111101100001101110000011011000111001111001101111111111111111111111110
1741,11101000100001111001000001000001111111101100001101110000011011000111001111001101111111111111111111111111
1742,111010001000011110010000010000011111111011000011011100000110110001110011110011011111111111111111111111111
1743,111010001000011110010000010000011111111011000011011100000110110001110011110011011111111111111111111110111111
1744,1110100010000111100100000100000111111110110000110111000001101100011100111100110111111111111111111111101111110
1745,1110100010000111100100000100000111111110110000110111000001101100011100111100110111111111111111111111101111111
1746,11101000100001111001000001000001111111101100001101110000011011000111001111001101111111011
1747,111010001000011110010000010000011111111011000011011100000110110001110011110011011111110111
1748,1110100010000111100100000100000111111110110000110111000001101100011100111100110111111101111
1749,111010001000011110010000010000011111111011000011011100000110110001110011110011011111110111101
1750,11101000100001111001000001000001111111101100001101110000011011000111001111001101111111011110
1751,11101000100001111001000001000001111111101100001101110000011011000111001111001101111111011111
1752,111010001000011110010000010000011111111011000011011100000110110001110011110011011111110111111
1753,111010001000011110010000010000011111111011000011011100000110110001110011110011011111110011
1754,1110100010000111100100000100000111111110110000110111000001101100011100111101
1755,11101000100001111001000001000001111111101100001101110000011011000111001111011
1756,1110100010000111100100000100000111111110110000110111000001101100011101
1757,11101000100001111001000001000001111111101100001101110000011011000111010
1758,111010001000011110010000010000011111111011000011011100000110110001110101
1759,1110100010000111100100000100000111111110110000110111000001101100011101011
1760,111010001000011110010000010000011111111011000011011100000110110001110101111
1761,11101000100001111001000001000001111111101100001101110000011011000111010111111
1762,11101000100001111001000001000001111111101100001101110000011011000111010111
1763,1110100010000111100100000100000111111110110000110111000001101100011101011111
1764,1110100010000111100100000100000111111110110000110111000001101100011101011111101
1765,111010001000011110010000010000011111111011000011011100000110110001110101111110
1766,11101000100001111001000001000001111111101100001101110000011011000111011
1767,111010001000011110010000010000011111111011000011011100000110110001110110
1768,111010001000011110010000010000011111111011000011011100000110110001110111
1769,111010001000011110010000010000011111111011000011011100000110110001110101111111
1770,1110100010000111100100000100000111111110110000110111000001101100011101011111111
1771,11101000100001111001000001000001111111101100001101110000011011000111010111111111
1772,11101000100001111001000001000001111111101100001101110000011011000111010111111111111111
1773,111010001000011110010000010000011111111011000011011100000110110001110101111111111111111
1774,111010001000011110010000010000011111111011000011011100000110111
1775,1110100010000111100100000100000111111110110000110111000001101110
1776,1110100010000111100100000100000111111110110000110111000001101111
1777,111010001000011110010000010000011111111011000011011100001111111
1778,111010001000011110010000010000011111111011000011011100001111
1779,1110100010000111100100000100000111111110110000110111000011
1780,1110100010000111100100000100000111111110110000110111000011111
1781,11101000100001111001000001000001111111101100001101110000111
1782,11101000100001111001000001000001111111101100001101110000111111
1783,111010001000011110010000010000011111111011000011011100001011
1784,1110100010000111100100000100000111111110110000110111000010101111101
1785,111010001000011110010000010000011111111011000011011100001010111111
1786,111010001000011110010000010000011111111011000011011100001001111
1787,11101000100001111001000001000001111111101100001101110000100111101
1788,1110100010000111100100000100000111111110110000110111000010011110111
1789,1110100010000111100100000100000111111110110000110111000010011110
1790,111010001000011110010000010000011111111011000011011100001001111011
1791,11101000100001111001000001000001111111101100001101110000100111101110
1792,111010001000011110010000010000011111111011000011011100001001111011100
1793,1110100010000111100100000100000111111110110000110111000010011110111001
1794,11101000100001111001000001000001111111101100001101110000100111101110010
1795,1110100010000111100100000100000111111110110000110111000010011110111001011
1796,111010001000011110010000010000011111111011000011011100001001111011100101
1797,11101000100001111001000001000001111111101100001101110000100111101110010110
1798,111010001000011110010000010000011111111011000011011100001001111011100101100
1799,1110100010000111100100000100000111111110110000110111000010011110111001011000
1800,1110100010000111100100000100000111111110110000110111000010011111
1801,11101000100001111001000001000001111111101100001101110000100111101110010111
1802,111010001000011110010000010000011111111011000011011100001001111011100101101
1803,1110100010000111100100000100000111111110110000110111000010011110111001011010
1804,1110100010000111100100000100000111111110110000110111000010011110111001011011
1805,1110100010000111100100000100000111111110110000110111000010011110111001011001
1806,11101000100001111001000001000001111111101100001101110000100111101110011
1807,111010001000011110010000010000011111111011000011011100001001111011101
1808,1110100010000111100100000100000111111110110000110111000010011110111011
1809,11101000100001111001000001000001111111101100001101110000100111101110110
1810,111010001000011110010000010000011111111011000011011100001001111011101101
1811,11101000100001111001000001000001111111101100001101110000100111101110111
1812,11101000100001111001000001000001111111101100001101110000100111101111
1813,1110100010000111100100000100000111111110110000110111000010011101
1814,11101000100001111001000001000001111111101100001101110000100111010
1815,11101000100001111001000001000001111111101100001101110000100111011
1816,111010001000011110010000010000011111111011000011011100001001110111
1817,111010001000011110010000010000011111111011000011011100001001110001101
1818,111010001000011110010000010000011111111011000011011100001001110001100011111
1819,11101000100001111001000001000001111111101100001101110000100111000110001111
1820,1110100010000111100100000100000111111110110000110111000010011100011000111111
1821,1110100010000111100100000100000111111110110000110111000010011100011001
1822,11101000100001111001000001000001111111101100001101110000100111000110010
1823,111010001000011110010000010000011111111011000011011100001001110001100100
1824,111010001000011110010000010000011111111011000011011100001001110001100101
1825,11101000100001111001000001000001111111101100001101110000100111000110011
1826,11101000100001111001000001000001111111101100001101110000100111000111
1827,111010001000011110010000010000011111111011000011011100001001110001110
1828,111010001000011110010000010000011111111011000011011100001001110001111
1829,1110100010000111100100000100000111111110110000110111000010011100011111
1830,11101000100001111001000001000001111111101100001101110000100111000111111
1831,111010001000011110010000010000011111111011000011011100001001110001111110
1832,1110100010000111100100000100000111111110110000110111000010011100011111101
1833,111010001000011110010000010000011111111011000011011100001001110001111111
1834,11101000100001111001000001000001111111101100001101110000100111001
1835,1110100010000111100100000100000111111110110000110111000010000111110111
1836,11101000100001111001000001000001111111101100001101110000100001111101
1837,111010001000011110010000010000011111111011000011011100001000011111011
1838,11101000100001111001000001000001111111101100001101110000100001111101111
1839,111010001000011110010000010000011111111011000011011100001000011111011111
1840,1110100010000111100100000100000111111110110000110111000010000111110111110
1841,11101000100001111001000001000001111111101100001101110000100001111101111101
1842,11101000100001111001000001000001111111101100001101110000100001111101111111
1843,1110100010000111100100000100000111111110110000110111000010000111110111111
1844,11101000100001111001000001000001111111101100001101110000100001111111111101
1845,111010001000011110010000010000011111111011000011011100001000011111111111011
1846,1110100010000111100100000100000111111110110000110111000010000111111111111101111
1847,111010001000011110010000010000011111111011000011011100001000011111111111110111011111
1848,11101000100001111001000001000001111111101100001101110000100001111111111111011101
1849,11101000100001111001000001000001111111101100001101110000100001111111111111011101111
1850,1110100010000111100100000100000111111110110000110111000010000111111111111101110111
1851,111010001000011110010000010000011111111011000011011100001000011111111111110111011
1852,11101000100001111001000001000001111111101100001101110000100001111111111111011100101111
1853,111010001000011110010000010000011111111011000011011100001000011111111111110111001111100111
1854,11101000100001111001000001000001111111101100001101110000100001111111111111011100111110011111
1855,1110100010000111100100000100000111111110110000110111000010000111111111111101110011111001111
1856,1110100010000111100100000100000111111110110000110111000010000111111111111101110011111001100001
1857,111010001000011110010000010000011111111011000011011100001000011111111111110111001111100110001
1858,11101000100001111001000001000001111111101100001101110000100001111111111111011100111110011001
1859,111010001000011110010000010000011111111011000011011100001000011111111111110111001111100110011
1860,1110100010000111100100000100000111111110110000110111000010000111111111111101110011111001101
1861,11101000100001111001000001000001111111101100001101110000100001111111111111011100111110011011
1862,111010001000011110010000010000011111111011000011011100001000011111111111110111001111101
1863,11101000100001111001000001000001111111101100001101110000100001111111111111011100111111
1864,111010001000011110010000010000011111111011000011011100001000011111111111110111001111011
1865,11101000100001111001000001000001111111101100001101110000100001111111111111011100111101
1866,111010001000011110010000010000011111111011000011011100001000011111111111110111001111000
1867,111010001000011110010000010000011111111011000011011100001000011111111111110111001111000111
1868,111010001000011110010000010000011111111011000011011100001000011111111111110111001111000111110
1869,1110100010000111100100000100000111111110110000110111000010000111111111111101110011110001111100
1870,11101000100001111001000001000001111111101100001101110000100001111111111111011100111100011111000
1871,111010001000011110010000010000011111111011000011011100001000011111111111110111001111000111110000
1872,1110100010000111100100000100000111111110110000110111000010000111111111111101110011110001111100001101
1873,111010001000011110010000010000011111111011000011011100001000011111111111110111001111000111111
1874,1110100010000111100100000100000111111110110000110111000010000111111111111101110011110001111111
1875,11101000100001111001000001000001111111101100001101110000100001111111111111011100111100011111111
1876,111010001000011110010000010000011111111011000011011100001000011111111111110111001111000111111110
1877,1110100010000111100100000100000111111110110000110111000010000111111111111101110011110001111111100
1878,11101000100001111001000001000001111111101100001101110000100001111111111111011100111100011111111001
1879,1110100010000111100100000100000111111110110000110111000010000111111111111101110011110001111111111
1880,111010001000011110010000010000011111111011000011011100001000011111111111110111001111000111111111
1881,111010001000011110010000010000011111111011000011011100001000011111111111110111001111000111111110111
1882,11101000100001111001000001000001111111101100001101110000100001111111111111011100111100011111111011
1883,1110100010000111100100000100000111111110110000110111000010000111111111111101110011110001111111101
1884,1110100010000111100100000100000111111110110000110111000010000111111111111101110011110001111111101111
1885,11101000100001111001000001000001111111101100001101110000100001111111111111011100111100011111001
1886,111010001000011110010000010000011111111011000011011100001000011111111111110111001111000111110010
1887,111010001000011110010000010000011111111011000011011100001000011111111111110111001111000111110010101
1888,11101000100001111001000001000001111111101100001101110000100001111111111111011100111100011111001010111
1889,1110100010000111100100000100000111111110110000110111000010000111111111111101110011110001111100101011
1890,111010001000011110010000010000011111111011000011011100001000011111111111110111001111000111110010101110
1891,11101000100001111001000001000001111111101100001101110000100001111111111111011100111100011111001010111001
1892,1110100010000111100100000100000111111110110000110111000010000111111111111101110011110001111100101011100
1893,1110100010000111100100000100000111111110110000110111000010000111111111111101110011110001111100111
1894,111010001000011110010000010000011111111011000011011100001000011111111111110111001111000111110011
1895,111010001000011110010000010000011111111011000011011100001000011111111111110111001111000111110010111
1896,111010001000011110010000010000011111111011000011011100001000011111111111110111001111000111110010101111
1897,1110100010000111100100000100000111111110110000110111000010000111111111111101110011110001111100101011111
1898,1110100010000111100100000100000111111110110000110111000010000111111111111101110011110001111100101011101
1899,111010001000011110010000010000011111111011000011011100001000011111111111110111001111000111110001
1900,1110100010000111100100000100000111111110110000110111000010000111111111111101110011110001111100011
1901,111010001000011110010000010000011111111011000011011100001000011111111111110111001111000111110000101
1902,1110100010000111100100000100000111111110110000110111000010000111111111111101110011110001111100001011
1903,1110100010000111100100000100000111111110110000110111000010000111111111111101110011110001111100001111
1904,11101000100001111001000001000001111111101100001101110000100001111111111111011100111100011111000011111
1905,1110100010000111100100000100000111111110110000110111000010000111111111111101110011110001111101
1906,11101000100001111001000001000001111111101100001101110000100001111111111111011100111100011111011
1907,1110100010000111100100000100000111111110110000110111000010000111111111111101110011110001111
1908,111010001000011110010000010000011111111011000011011100001000011111111111110111001111000101
1909,111010001000011110010000010000011111111011000011011100001000011111111111110111001111001
1910,1110100010000111100100000100000111111110110000110111000010000111111111111101110011110011
1911,111010001000011110010000010000011111111011000011011100001000011111111111110111001011
1912,11101000100001111001000001000001111111101100001101110000100001111111111111011100101
1913,1110100010000111100100000100000111111110110000110111000010000111111111111101110010111
1914,1110100010000111100100000100000111111110110000110111000010000111111111111100
1915,111010001000011110010000010000011111111011000011011100001000011111111111111
1916,1110100010000111100100000100000111111110110000110111000010000111111111111111
1917,11101000100001111001000001000001111111101100001101110000100001111111111111111
1918,11101000100001111001000001000001111111101100001101110000100001111111111111111111111
1919,1110100010000111100100000100000111111110110000110111000010000111111111111111111111
1920,111010001000011110010000010000011111111011000011011100001000011111111111111111111
1921,11101000100001111001000001000001111111101100001101110000100001111111111111111111
1922,111010001000011110010000010000011111111011000011011100001000011111111011
1923,1110100010000111100100000100000111111110110000110111000010000111111110111
1924,111010001000011110010000010000011111111011000011011100001000011111111010111111
1925,1110100010000111100100000100000111111110110000110111000010000111111110101111111
1926,11101000100001111001000001000001111111101100001101110000100001111111101011111110
1927,111010001000011110010000010000011111111011000011011100001000011111111010111111100
1928,111010001000011110010000010000011111111011000011011100001000011111111010111111101
1929,11101000100001111001000001000001111111101100001101110000100001111111101011111111
1930,11101000100001111001000001000001111111101100001101110000100001111111101011111011111111
1931,111010001000011110010000010000011111111011000011011100001000011111111010111110111111110
1932,111010001000011110010000010000011111111011000011011100001000011111111010111110111111111
1933,1110100010000111100100000100000111111110110000110111000010001
1934,11101000100001111001000001000001111111101100001101110000100011
1935,111010001000011110010000010000011111111011000011011100001000111
1936,11101000100001111001000001000001111111101100001101110000100011111
1937,1110100010000111100100000100000111111110110000110111000010001111
1938,111010001000011110010000010000011111111011000011011100001000111111
1939,1110100010000111100100000100000111111110110000110111000010001111111
1940,1110100010000111100100000100000111111110110000110111001
1941,1110100010000111100100000100000111111110110000110111001111
1942,11101000100001111001000001000001111111101100001101110011
1943,111010001000011110010000010000011111111011000011011100111
1944,11101000100001111001000001000001111111101100001101110011111
1945,1110100010000111100100000100000111111110110000101
1946,111010001000011110010000010000011111111011000010
1947,11101000100001111001000001000001111111101100001011
1948,111010001000011110010000010000011111111011000010111
1949,1110100010000111100100000100000111111110110000101110
1950,1110100010000111100100000100000111111110110000101111
1951,111010001000011110010000010000011111111011000010111101
1952,11101000100001111001000001000001111111101100001011110
1953,11101000100001111001000001000001111111101100001011111
1954,1110100010000111100100000100000111111110110000011
1955,11101000100001111001000001000001111111101100000111
1956,111010001000011110010000010000011111111011000001
1957,11101000100001111001000001000001111111101100000
1958,111010001000011110010000010000011111111011000001111
1959,1110100010000111100100000100000111111110110000011111
1960,1110100010000111100100000100000111111110110011
1961,111010001000011110010000010000011111111011001
1962,111010001000011110010000010000011111111011011
1963,11101000100001111001000001000001111111101101
1964,1110100010000111100100000100000111111111110101
1965,11101000100001111001000001000001111111101100001101110000011011000111001111001111111111111
1966,1110100010000111100100000100000111111110110000110111000001101100011100111100111111111111
1967,111010001000011110010000010000011111111011000011011100000110110001110011110011111111111111
1968,111010001000011110010000010000011111111011000011011100000
1969,1110100010000111100100000100000111111110110000110111000010000111111111111101
1970,111010001000011110010000010000011111111011000011011100001000011111111111110111
1971,1110100010000111100100000100000111111110110000110111000001101100011100111100111111101101
1972,1110100010000111100100000100000111111110110000110111000001101100011100111100111111101101111
1973,111010001000011110010000010000011111111011000011011100001000011111111010111110111111101
1974,11101000100001111001000001000001111111101100001101110000100001111111111111000
1975,111010001000011110010000010000011111111011000011011100001000011111111111110001
1976,111010001000011110010000010000011111111011000011
1978,11101000100001111001000001000001111111101100001101110000011011000111001111001101111011
1979,11101000100001111001000001000001111111101100001101110000100001111111111111011100111100011111
1980,11101000100001111001000001000001111111101100001
1981,111010001000011110010000010000011111111011000011011100001
1982,11101000100001111001000001000001111111101100001101110000100001111111111111011
1983,111010001000011110010000010000011111111011000011011100000110
1984,11101000100001111001000001000001111111101100001101110000011
1985,1110100010000111100100000100000111111110110000110111000001
1987,1110100010000111100100000100000111111110110000110111000001101100011100111100110111101
1988,111010001000011110010000010000011111111011000011011100000110110011
1989,11101000100001111001000001000001111111101100001101110000011011000111001111001111
1990,11101000100001111001000001000001111111101100001101110000011011000111001111001111111011011
1991,111010001000011110010000010000011111111011000011011100000110110001110011110011111110110111
1992,111010001000011110010000010000011111111011000011011100000110110001110011110011011111111111
1993,1110100010000111100100000100000111111110110000110111000001101100011100111100110111111111111
1994,11101000100001111001000001000001111111101100001101110000011011000111001111001101111111111111111
1995,111010001000011110010000010000011111111011000011011100000110110001110011110011011111111111111111
1996,1110100010000111100100000100000111111110110000110111000001101100011100111100110111111111111111111
1997,11101000100001111001000001000001111111101100001101110000011011000111001111001101111111111111111111
1998,111010001000011110010000010000011111111011000011011100000110110001110011110011011111111111111111111
1999,1110100010000111100100000100000111111110110000110111000001101100011100111100110111111111111111111111
2000,111010001000011110010000010000011111111011000011011100000110110001110101111111111
2001,1110100010000111100100000100000111111110110000110111000001101100011101011111111111
2002,11101000100001111001000001000001111111101100001101110000011011000111010111111111111
2003,111010001000011110010000010000011111111011000011011100000110110001110101111111111111
2004,1110100010000111100100000100000111111110110000110111000001101100011101011111111111111
2005,111010001000011110010000010000011111111011000011011100000111
2006,1110100010000111100100000100000111111110110000110111000001111
2007,11101000100001111001000001000001111111101100001101110000100001111111111111001
2008,111010001000011110010000010000011111111011000011011100001000011111111111111111
2009,1110100010000111100100000100000111111110110000110111000010000111111111111111111
2010,11101000100001111001000001000001111111101100001101110001
2011,111010001000011110010000010000011111111011000011011100011
2012,1110100010000111100100000100000111111110110000110111000111
2013,111010001000011110010000010000011111111111011111111
2014,1110100010000111100100000100000111111111110111111111
2015,111010001000011110010000010000011111111111011111
2016,1110100010000111100100000100000111111111110111
2017,11101000100001111001000001000001111111111101111111
2018,11101000100001111001000001000001111111111101111
2019,1110100010000111100100000100000111111111110111111
2020,111010001000011110010000010000011111111011000011011100001000011111
2021,1110100010000111100100000100000111111110110000110111000010000111110
2022,1110100010000111100100000100000111111110110000110111000010000111111
2023,111010001000011110010000010000011111111011000011011100001000011111111
2024,1110100010000111100100000100000111111110110000110111000010000111111110
2025,1110100010000111100100000100000111111110110000110111000010000111111111
2026,111010001000011110010000010000011111111011000011011100001000011111111111
2027,1110100010000111100100000100000111111110110000110111000010000111111111110
2028,1110100010000111100100000100000111111110110000110111000010000111111111111
2029,111010001000011110010000010000011111111011000011011100001000011111111111110111001
2030,1110100010000111100100000100000111111110110000110111000010000111111111111101110010
2031,1110100010000111100100000100000111111110110000110111000010000111111111111101110011
2032,1110100010000111100100000100000111111110110000110111000001101100010
2033,111010001000011110010000010000011111111011000011011100000110110001
2034,1110100010000111100100000100000111111110110000110111000001101100011
2035,11101000100001111001000001000001111111111101
2036,111010001000011110010000010000011111111111010
2037,111010001000011110010000010000011111111111011
2038,111010001000011110010000010000011111111011000011011100000110110011110001
2039,1110100010000111100100000100000111111110110000110111000001101100111100010
2040,1110100010000111100100000100000111111110110000110111000001101100111100011
2041,11101000100001111001000001000001111111101100001101110000011011001111000111001
2042,111010001000011110010000010000011111111011000011011100000110110011110001110010
2043,111010001000011110010000010000011111111011000011011100000110110011110001110011
2044,1110100010000111100100000100000111111110110000110111000001101100011100111100111111101100010
2045,1110100010000111100100000100000111111110110000110111000001101100011100111100111111101100011
2046,111010001000011110010000010000011111111011000011011100000110110001110011110011111110110001
2047,111010001000011110010000010000011111111011000011011100000110110001110011110011011110
2048,11101000100001111001000001000001111111101100001101110000011011000111001111001101111
2049,111010001000011110010000010000011111111011000011011100000110110001110011110011011111
2050,1110100010000111100100000100000111111110110000110111000001101100011100111100110111111100
2051,1110100010000111100100000100000111111110110000110111000001101100011100111100110111111101
2052,111010001000011110010000010000011111111011000011011100000110110001110011110011011111110
2053,11101000100001111001000001000001111111101100001101110000011011000111001111001101111111
2054,111010001000011110010000010000011111111011000011011100000110110001110011110011011111111
2055,1110100010000111100100000100000111111110110000110111000001101100011100111100110111111111
2056,1110100010000111100100000100000111111110110000110111000010000111111111111101110011110001
2057,11101000100001111001000001000001111111101100001101110000100001111111111111011100111100010
2058,11101000100001111001000001000001111111101100001101110000100001111111111111011100111100011
2059,1110100010000111100100000100000111111110110000110111000010000111111111111101110011110001111100001
2060,11101000100001111001000001000001111111101100001101110000100001111111111111011100111100011111000010
2061,11101000100001111001000001000001111111101100001101110000100001111111111111011100111100011111000011
2062,111010001000011110010000010000011111111011000011011100001000011111111111110111001111000111110000110
2063,111010001000011110010000010000011111111011000011011100001000011111111111110111001111000111110000111
2064,1110100010000111100100000100000111111110110000110111000010000111111111111101110011110001111100101
2065,11101000100001111001000001000001111111101100001101110000100001111111111111011100111100011111001010
2066,11101000100001111001000001000001111111101100001101110000100001111111111111011100111100011111001011
2067,111010001000011110010000010000011111111011000011011100000110110001110011110011
2068,1110100010000111100100000100000111111110110000110111000001101100011100111100110
2069,1110100010000111100100000100000111111110110000110111000001101100011100111100111
2070,111010001000011110010000010000011111111011000011011100000110110001110011110011011111111111111111111110
2071,111010001000011110010000010000011111111011000011011100000110110001110011110011011111111111111111111111
2072,11101000100001111001000001000001111111101100001101110000011011000111001111001101111111111111111111111
2073,111010001000011110010000010000011
2077,1110100010000111100100000100000011000011000000000000100000000001111000001111111000011111101
2078,11101000100001111001000001000000110000110000000000001000000000011110000011111110000111111011
2079,111010001000011110010000010000001100001100000000000010000000000111100000111111100001111110110
2080,1110100010000111100100000100000011000011000000000000100000000001111000001111111000011111101100
2081,1110100010000111100100000100000011000011000000000000100000000001111000001111111000011111101101
2082,111010001000011110010000010000001100001100000000000010000000000111100000111111100001111110111
2083,11101000100001111001000001000000110000110000000000001000000000011110000011111110000111111110010011
2084,1110100010000111100100000100000011000011000000000000100000000001111000001111111000011111111001001
2085,111010001000011110010000010000001100001100000000000010000000000111100000111111100001111111111
2086,11101000100001111001000001000000110000110000000000001000000000011110000011111110000111111110111
2087,11101000100001111001000001000000110000110000000000001000000000011110000011111110000111111110101
2088,111010001000011110010000010000001100001100000000000010000000000111100000111111100001111111101010
2089,111010001000011110010000010000001100001100000000000010000000000111100000111111100001111111101011
2090,1110100010000111100100000100000011000011000000000000100000000001111000001111111000011111111010110
2091,1110100010000111100100000100000011000011000000000000100000000001111000001111111000011111111010111
2092,11101000100001111001000001000000110000110000000000001000000000011110000011111110000111111110010111
2093,1110100010000111100100000100000011000011000000000000100000000001111000001111111000011111111001011101
2094,111010001000011110010000010000001100001100000000000010000000000111100000111111100001111111100101110
2095,111010001000011110010000010000001100001100000000000010000000000111100000111111100001111111100101111
2096,1110100010000111100100000100000011000011000000000000100000000001111000001111111000011111111001011110
2097,11101000100001111001000001000000110000110000000000001000000000011110000011111110000111111110010111101
2098,111010001000011110010000010000001100001100000000000010000000000111100000111111100001111111100101111011
2099,1110100010000111100100000100000011000011000000000000100000000001111000001111111000011111111001011110110
2100,11101000100001111001000001000000110000110000000000001000000000011110000011111110000111111110010111101100
2101,111010001000011110010000010000001100001100000000000010000000000111100000111111100001111111100101111011000
2102,1110100010000111100100000100000011000011000000000000100000000001111000001111111000011111111001011110110000
2103,11101000100001111001000001000000110000110000000000001000000000011110000011111110000111111110010111101100000
2104,1110100010000111100100000100000011000011000000000000100000000001111000001111111000011111111001011111
2105,1110100010000111100100000100000011000011000000000000100000000001111000001111111000011111111001011110111
2106,11101000100001111001000001000000110000110000000000001000000000011110000011111110000111111110010111101110
2107,111010001000011110010000010000001100001100000000000010000000000111100000111111100001111111100101111011101
2108,1110100010000111100100000100000011000011000000000000100000000001111000001111111000011111111001011110111010
2109,11101000100001111001000001000000110000110000000000001000000000011110000011111110000111111110010111101110101
2110,1110100010000111100100000100000011000011000000000000100000000001111000001111111000011111111001011110111011101
2111,111010001000011110010000010000001100001100000000000010000000000111100000111111100001111111100101111011101110
2112,1110100010000111100100000100000011000011000000000000100000000001111000001111111000011111111001011110111011110
2113,11101000100001111001000001000000110000110000000000001000000000011110000011111110000111111110010111101110111101
2114,11101000100001111001000001000000110000110000000000001000000000011110000011111110000111111110010111101110111111
2115,1110100010000111100100000100000011000011000000000000100000000001111000001111111000011111111001011110111011111
2116,11101000100001111001000001000000110000110000000000001000000000011110000011111110000111111110010111101111
2117,11101000100001111001000001000000110000110000000000001000000000011110000011111110000111111110010111101100001
2118,1110100010000111100100000100000011000011000000000000100000000001111000001111111000011111111001011110110001
2119,111010001000011110010000010000001100001100000000000010000000000111100000111111100001111111100101111011001
2120,11101000100001111001000001000000110000110000000000001000000000011110000011111110000111111110010111101101
2121,111010001000011110010000010000001100001100000000000010000000000111100000111111100001111111100101111011010
2122,1110100010000111100100000100000011000011000000000000100000000001111000001111111000011111111001011110110101
2123,1110100010000111100100000100000011000011000000000000100000000001111000001111111000011111111001011110110111
2124,111010001000011110010000010000001100001100000000000010000000000111100000111111100001111111100101111011011
2125,111010
2126,1110100
2127,11101
2128,11101000
2129,1110100010
2130,111010001000
2131,11101000100001
2132,1110100010000
2133,11101000100
2134,111010001000011
2135,1110100010000111
2136,111010001000111
2137,11101000100011
2138,1110100010001
2139,111010011
2140,11101001
2141,1110100110
2142,11101001100
2143,111010011001
2144,1110100110011
2145,1110100110011101
2146,111010011001110101
2147,11101001100111010
2148,111010000111
2149,1110100001111101
2150,111010000
2151,1110100001
2152,11101000111
2153,1110100011
2154,111010001111
2155,1110100011111
2156,111010001011
2157,11101000101
2158,1110100010011
2159,111010001001
2160,1110100111
2161,11101001101
2162,111010011011
2163,1110100110111
2164,11101001101110
2165,111010011011100
2166,1110100110111000
2167,11101001101111
2168,111010011011101
2169,1110100110011111
2170,11101001100111111
2171,111010011001111111
2172,1110100110011111111
2173,11101001100111111111
2174,111010011001111111111
2175,111010011001110111
2176,11101001100111011
2177,11101011
2178,1110101
2179,111011
2180,1110111
2181,11101111
2182,110
2183,1101
2184,101
2185,10
2186,111010000111101
2187,11101000011110111
2188,11111
2189,111111
2190,11101000011
2191,11101000100001111
2192,111010001000011110
2193,1110100010000111100
2194,11101000100001111000111
2195,1110100010000111100011
2196,111010001000011110001
2197,11101000100001111000
2198,111010001000011110001111
2199,1110100010000111100011110
2200,11101000100001111000111100
2201,111010001000011110001111000
2202,1110100010000111100011110000
2203,11101000100001111000111100000
2204,111010001000011110001111000000
2205,11101000100001111001
2206,111010001000011110010
2207,1110100010000111100100
2208,111010001000011110010000
2209,11101000100001111001000
2210,1110100010000111100100000
2211,111010001000011110010000001
2212,1110100010000111100100000011
2213,11101000100001111001000000111
2214,11101000100001111001000000
2215,111010001000011110010000001110
2216,1110100010000111100100000011100
2217,11101000100001111001000000111000
2218,111010001000011110010000001110000
2219,1110100010000111100100000011100000
2220,11101000100001111001000000111000000
2221,11101000100001111001000001
2222,111010001000011110010000010
2223,1110100010000111100100000100
2224,11101000100001111001000001000
2225,111010001000011110010000010000
2226,1110100010000111100100000100000
2227,1110100010000111100100000100000001
2228,111010001000011110010000010000000
2229,11101000100001111001000001000000010
2230,11101000100001111001000001000000010111
2231,1110100010000111100100000100000001011
2232,111010001000011110010000010000000101
2233,111010001000011110010000010000000101110
2234,1110100010000111100100000100000001011100
2235,11101000100001111001000001000000010111001
2236,1110100010000111100100000100000001011100111
2237,111010001000011110010000010000000101110011
2238,11101000100001111001000001000000010111001110
2239,111010001000011110010000010000000101110011100
2240,11101000100001111001000001000000010111001110010
2241,111010001000011110010000010000000101110011100100
2242,1110100010000111100100000100000001011100111001000
2243,11101000100001111001000001000000010111001110010000
2244,111010001000011110010000010000000101110011100100000
2245,1110100010000111100100000100000001011100111001000000
2246,11101000100001111001000001000000010111001110010000000
2247,111010001000011110010000010000000101110011100100000000
2248,1110100010000111100100000100000001011100111001000000000
2249,1110100010000111100100000100000001011100111001000000000011
2250,111010001000011110010000010000000101110011100100000000001
2251,11101000100001111001000001000000010111001110010000000000
2252,11101000100001111001000001000000010111001110010000000000110
2253,111010001000011110010000010000000101110011100100000000001100
2254,1110100010000111100100000100000001011100111001000000000011001
2255,11101000100001111001000001000000010111001110010000000000110011
2256,111010001000011110010000010000000101110011100100000000001100111
2257,1110100010000111100100000100000001011100111001000000000011001110
2258,11101000100001111001000001000000010111001110010000000000110011100
2259,111010001000011110010000010000000101110011100100000000001100111001
2260,1110100010000111100100000100000001011100111001000000000011001110011
2261,1110100010000111100100000100000011
2262,11101000100001111001000001000000110
2263,111010001000011110010000010000001
2264,111010001000011110010000010000001100
2265,1110100010000111100100000100000011000
2266,1110100010000111100100000100000011000011
2267,11101000100001111001000001000000110000
2268,111010001000011110010000010000001100001
2269,111010001000011110010000010000001100001100
2270,11101000100001111001000001000000110000110
2271,1110100010000111100100000100000011000011000
2272,11101000100001111001000001000000110000110000
2273,1110100010000111100100000100000011000011000000
2274,111010001000011110010000010000001100001100000000
2275,11101000100001111001000001000000110000110000000
2276,111010001000011110010000010000001100001100000
2277,1110100010000111100100000100000011000011000000000
2278,11101000100001111001000001000000110000110000000000
2279,111010001000011110010000010000001100001100000000000
2280,1110100010000111100100000100000011000011000000000000
2281,11101000100001111001000001000000110000110000000000001
2282,111010001000011110010000010000001100001100000000000010
2283,11101000100001111001000001000000110000110000000000001000
2284,1110100010000111100100000100000011000011000000000000100
2285,111010001000011110010000010000001100001100000000000010000
2286,1110100010000111100100000100000011000011000000000000100000
2287,11101000100001111001000001000000110000110000000000001000000
2288,1110100010000111100100000100000011000011000000000000100000000
2289,11101000100001111001000001000000110000110000000000001000000000
2290,111010001000011110010000010000001100001100000000000010000000
2291,111010001000011110010000010000001100001100000000000010000000000
2292,11101000100001111001000001000000110000110000000000001000000000011110
2293,111010001000011110010000010000001100001100000000000010000000000111100
2294,1110100010000111100100000100000011000011000000000000100000000001111000
2295,11101000100001111001000001000000110000110000000000001000000000011110000
2296,1110100010000111100100000100000011000011000000000000100000000001111000001
2297,111010001000011110010000010000001100001100000000000010000000000111100000
2298,1110100010000111100100000100000011000011000000000000100000000001111000001111
2299,111010001000011110010000010000001100001100000000000010000000000111100000111
2300,11101000100001111001000001000000110000110000000000001000000000011110000011
2301,11101000100001111001000001000000110000110000000000001000000000011110000011111
2302,111010001000011110010000010000001100001100000000000010000000000111100000111111
2303,1110100010000111100100000100000011000011000000000000100000000001111000001111111
2304,11101000100001111001000001000000110000110000000000001000000000011110000011111110
2305,111010001000011110010000010000001100001100000000000010000000000111100000111111100
2306,1110100010000111100100000100000011000011000000000000100000000001111000001111111000
2307,11101000100001111001000001000000110000110000000000001000000000011110000011111110000
2308,111010001000011110010000010000001100001100000000000010000000000111100001
2309,1110100010000111100100000100000011000011000000000000100000000001111000010
2310,111010001000011110010000010000001100001100000000000010000000001
2344,111010001000011110010000010000001100111010
2345,111010001000011110010000111
2346,11101000100001111001000011
2347,1110100010000111100100001
2348,11101000100001111001000011110
2349,111010001000011110010000111100
2350,1110100010000111100100001111000
2351,11101000100001111001000011110001
2352,111010001000011110010000111100011
2353,1110100010000111100100001111000111
2354,11101000100001111001000011110001111
2355,111010001000011110010000111100011110
2356,1110100010000111100100001111000111100
2357,11101000100001111001000011110001111000
2358,111010001000011110010000111100011110000
2359,1110100010000111100100001111000111100000
2360,1110100010000111100100001111000111100000110
2361,11101000100001111001000011110001111000001100
2362,111010001000011110010000111100011110000011000
2363,1110100010000111100100001111000111100000110000
2364,11101000100001111001000011110001111000001100000
2365,111010001000011110010000111100011110000011000000
2366,1110100010000111100100001111000111100000110000001
2367,111010001000011110010000010000001100001100000000011111
2368,111010001000011110010000010000001100001100000000011
2369,1110100010000111100100000100000011000011000000000111111111
2370,11101000100001111001000001000000110000110000000001111111
2371,1110100010000111100100000100000011000011000000000111
2372,11101000100001111001000001000000110000110000000001
2373,11101000100001111001000001000000110000110000000001111
2374,111010001000011110010000010000001100001100000000011111111
2375,1110100010000111100100000100000011000011000000000111111
2376,11101000100001111001000001000000110000110000000001111111110
2377,111010001000011110010000010000001100001100000000011111111100
2378,1110100010000111100100000100000011000011000000000111111111000
2379,11101000100001111001000001000000110000110000000001111111110000
2380,111010001000011110010000010000001100001100000000011111111100011
2381,1110100010000111100100000100000011000011000000000111111111000110
2382,11101000100001111001000001000000110000110000000001111111110001100
2383,111010001000011110010000010000001100001100000000011111111100011001
2384,1110100010000111100100000100000011000011000000000111111111000110011
2385,1110100010000111100100000100000011000011000000000111111111000110011111
2386,11101000100001111001000001000000110000110000000001111111110001100111111
2387,111010001000011110010000010000001100001100000000011111111100011001111111
2388,111010001000011110010000010000001100001100000000011111111100011001111111011
2389,1110100010000111100100000100000011000011000000000111111111000110011111110
2390,11101000100001111001000001000000110000110000000001111111110001100111111101
2391,111010001000011110010000010000001100001100000000011111111100011001111111011111
2392,1110100010000111100100000100000011000011000000000111111111000110011111110111111
2393,11101000100001111001000001000000110000110000000001111111110001100111111101111111
2394,111010001000011110010000010000001100001100000000011111111100011001111111011111110
2395,1110100010000111100100000100000011000011000000000111111111000110011111110111111101
2396,111010001000011110010000010000001101
2397,1110100010000111100100000100000011011
2398,11101000100001111001000001000000110110
2399,111010001000011110010000010000001101100
2400,1110100010000111100100000100000011011000
2401,11101000100001111001000001000000110110000
2402,11101000100001111001000001000000110110000111
2403,111010001000011110010000010000001101100001110
2404,11101000100001111001000001000000110110000111010111111011
2405,111010001000011110010000010000001101100001110101111110
2406,1110100010000111100100000100000011011000011101011111101
2407,1110100010000111100111
2408,111010001000011110011
2409,11101000100001111001110
2410,111010001000011110011101
2411,1110100010000111100111011
2412,11101000100001111001000001011
2413,1110100010000111100100000101
2414,111010001000011110010000010110
2415,1110100010000111100100000101100
2416,1110100110011101011
2417,11101001100111010111
2418,111010011001110101111
2419,1110100110011101011111
2420,11101001100111010111111
2421,111010011001110101111111
2422,1110100110011101011111111111
2423,11101001100111010111111111111
2424,111010011001110101111111111111
2425,111010011001110101111111111
2426,1110100110011101011111111111111
2433,111010001000011110010000010000000101110011100101
2434,1110100010000111100100000100000001011100111001010
2435,11101000100001111001000001000000010111001110010100
2436,11101000100001111001000001000000010111001110010100111
2437,111010001000011110010000010000000101110011100101001110
2438,1110100010000111100100000100000001011100111001010011100
2439,11101000100001111001000001000000010111001110010100111000
2440,1110100010000111100100000100000011000011000000000000100000000001111000111
2441,111010001000011110010000010000001100001100000000000010000000000111100011
2442,11101000100001111001000001000000110000110000000000001000000000011110001
2443,11101000100001111001000001000000110000110000000000001000000000011110001110
2444,111010001000011110010000010000001100001100000000000010000000000111100011101
2445,1110100010000111100100000100000011000011000000000000100000000001111000111011
2446,11101000100001111001000001000000110000110000000000001000000000011110001110110
2447,111010001000011110010000010000001100001100011
2448,11101000100001111001000001000000110000110001
2449,1110100010000111100100000100000011000011000110
2450,11101000100001111001000001000000110000110001101
2451,111010001000011110010000010000001100001100011011
2452,1110100010000111100100000100000011000011000110110
2453,1110100010000111100100000100000011000011000110110101
2454,11101000100001111001000001000000110000110001101101010
2455,111010001000011110010000010000001100001100011011010101
2456,1110100010000111100100000100000011000011000110110101011
2457,111010001000011110010000010000001100001100011011010101111
2458,11101000100001111001000001000000110000110001101101010111
2459,1110100010000111100100000100000011000011000000000000100000111
2460,111010001000011110010000010000001100001100000000000010000011
2461,11101000100001111001000001000000110000110000000000001000001
2462,11101000100001111001000001000000110000110000000000001000001110
2463,111010001000011110010000010000001100001100000000000010000011100
2464,11101000100001111001000001000000110000110000000000001000111
2465,111010001000011110010000010000001100001100000000000010001
2466,1110100010000111100100000100000011000011000000000000100011
2467,111010001000011110010000010000001100001100000000000010001111
2468,1110100010000111100100000100000011000011000000000000100011111
2469,11101000100001111001000001000000110000110000000000001000111111011
2470,111010001000011110010000010000001100001100000000000010001111110111
2471,1110100010000111100100000100000011000011000000000000100011111101111
2472,11101000100001111001000001000000110000110000000000001000111111011110
2473,11101000100001111001000001000000110000110000000000001000111111011110111
2474,111010001000011110010000010000001100001100000000000010001111110111101111
2478,1110100010000111100100001110
2481,1110100010000111111
2482,11101000100001111111
2483,111010001000011111
2484,111010001000011111110
2485,1110100010000111111100
2486,1110100010000111111101
2487,11101000100001111111011
2488,111010001000011111111
2489,111010001000011110111
2490,1110100010000111101
2491,11101000100001111011
2492,11101000100001111001001111
2493,111010001000011110010011
2494,1110100010000111100100111
2495,11101000100001111001001
2496,11101000100001111001001111111
2497,11101000100001111001001111101
2498,11101000100001111001000111
2499,1110100010000111100100011
2500,111010001000011110010001
2501,1110100010000111100100001111001
2502,11101000100001111001000011110011
2503,111010001000011110010000111100011111
2504,1110100010000111100100001111000111101
2505,111010001000011110010000111100011110001
2506,1110100010000111100100001111000111100010
2507,11101000100001111001000011110001111000100
2508,1110100010000111100100001111000111100011
2509,11101000100001111001000011110001111000110
2510,111010001000011110010000111100011110001101
2511,1110100010000111100100001111000111100011011
2512,11101000100001111001000011110001111000111
2513,11101000100001111001000011110001111000101
2514,111010001000011110010000111100011110001011
2515,1110100010000111100100001111000111100001
2516,11101000100001111001000011110001111000000
2517,111010001000011110010000111100011110000001
2518,1110100010000111100100001111000111100000011
2519,11101000100001111001000011110001111000000111
2520,1110100010000111100100001111000111100000111
2521,11101000100001111001000011110001111000001101
2522,111010001000011110010000111100011110000011001
2523,11101000100001111001000011110001111000001100001
2524,111010001000011110010000111100011110000011000010
2525,111010001000011110010000111100011110000011000011
2526,11101000100001111001000011110001111000001100000010
2527,111010001000011110010000111100011110000011000000101
2528,1110100010000111100100001111000111100000110000001010
2529,11101000100001111001000011110001111000001100000010100
2530,11101000100001111001000011110001111000001100000010101
2531,111010001000011110010000111100011110000011000000101011
2532,1110100010000111100100001111000111100000110000001011
2533,11101000100001111001000011110001111000001100000010111
2534,11101000100001111001000011110001111000001100000111
2535,1110100010000111100100001111000111100000110000011
2536,111010001000011110010000111100011110000011000001111
2537,111010001000011110010000111100011110000011000001
2538,1110100010000111100100001111000111100000110001
2539,11101000100001111001000011110001111000001100010
2540,11101000100001111001000011110001111000001100011
2541,11101000100001111001000011110001111001
2542,111010001000011110010000111100011110010
2543,111010001000011110010000111100011110011
2544,111010001000011110010000111101
2545,11101000100001111001000011111
2546,11101000100001111001000001111
2547,111010001000011110010000011
2548,1110100010000111100100000111
2549,1110100010000111100100000100111
2550,11101000100001111001000001001
2551,111010001000011110010000010011
2552,11101000100001111001000001001110
2553,111010001000011110010000010011101
2554,11101000100001111001000001001111
2555,111010001000011110010000010011111
2556,1110100010000111100100000100011
2557,11101000100001111001000001000111
2558,111010001000011110010000010001
2559,111010001000011110010000010001110
2560,111010001000011110010000010001111
2561,11101000100001111001000001000000110110001
2562,111010001000011110010000010000001101100011
2563,111010001000011110010000010000001101100001110101111111
2564,11101000100001111001000001000000110110000111010111111011111
2565,11101000100001111001000001000000110110000111010111111011111111
2566,11101000100001111001000001000000110110000111010111111011101
2567,1110100010000111100100000100000011011000011101011111101110111111
2568,11101000100001111001000001000000110110000111010111111011101111111
2569,111010001000011110010000010000001101100001110101111110111011111111
2570,1110100010000111100100000100000011011000011101011111101110111111110
2571,111010001000011110010000010000001101100001110101111110111011111111001
2572,11101000100001111001000001000000110110000111010111111011101111111100
2573,1110100010000111100100000100000011011000011101011111101110111111111
2574,11101000100001111001000001000000110110000111010111111011101111111101
2575,111010001000011110010000010000001101100001110101111110111011111111011
2576,1110100010000111100100000100000011011000011101011111101110111101
2577,111010001000011110010000010000001101100001110101111110111011
2578,111010001000011110010000010000001101100001110111
2579,1110100010000111100100000100000011011000011101111
2580,11101000100001111001000001000000110110000111011111
2581,111010001000011110010000010000001101100001110111110
2582,111010001000011110010000010000001101100001110111111
2583,111010001000011110010000010000001101100001111
2584,11101000100001111001000001000000110110000101
2585,111010001000011110010000010000001101100001011
2586,11101000100001111001000001000000110110000101111
2587,1110100010000111100100000100000011011000010111
2588,1110100010000111100100000100000011011001
2589,111010001000011110010000010000001101101
2590,11101000100001111001000001000000110111
2591,111010001000011110010000010000001100111011
2592,1110100010000111100100000100000011000011011
2593,111010001000011110010000010000001100001101111
2594,111010001000011110010000010000001100001101
2595,11101000100001111001000001000000110000110111
2596,11101000100001111001000001000000110000110011
2597,1110100010000111100100000100000011000011001
2598,11101000100001111001000001000000110000110011111
2599,111010001000011110010000010000001100001100111110
2600,1110100010000111100100000100000011000011001111100
2601,11101000100001111001000001000000110000110011111000
2602,111010001000011110010000010000001100001100111111
2603,11101000100001111001000001000000110000110011111001
2604,1110100010000111100100000100000011000011001111101
2605,11101000100001111001000001000000110000110011101
2606,111010001000011110010000010000001100001100001
2607,1110100010000111100100000100000011000011000011
2608,11101000100001111001000001000000110000110000110
2609,111010001000011110010000010000001100001100001101
2610,1110100010000111100100000100000011000011000011011
2611,11101000100001111001000001000000110000110000110111
2612,111010001000011110010000010000001100001100001101111
2613,11101000100001111001000001000000110000110000111
2614,11101000100001111001000001000000110000110000011
2615,1110100010000111100100000100000011000011000001
2616,111010001000011110010000010000001100001100000011
2617,11101000100001111001000001000000110000110000001
2618,11101000100001111001000001000000110000110000000001111111111
2619,111010001000011110010000010000001100001100000000011111111110
2620,1110100010000111100100000100000011000011000000000111111111111
2621,1110100010000111100100000100000011000011000000000111111111101
2622,111010001000011110010000010000001100001100000000011111111111
2623,1110100010000111100100000100000011000011000000000111111111001
2624,111010001000011110010000010000001100001100000000011111111100001
2625,1110100010000111100100000100000011000011000000000111111111000111
2626,1110100010000111100100000100000011000011000000000111111111000110011111111
2627,111010001000011110010000010000001100001100000000011111111100011001111111011111111
2628,111010001000011110010000010000001100001100000000011111111100011001111111011111111111
2629,1110100010000111100100000100000011000011000000000111111111000110011111110111111111
2630,11101000100001111001000001000000110000110000000001111111110001100111111101111111111
2631,111010001000011110010000010000001100001100000000011111111100011001111111011101
2632,1110100010000111100100000100000011000011000000000111111111000110011111110111010
2633,111010001000011110010000010000001100001100000000011111111100011001111111011101011
2634,11101000100001111001000001000000110000110000000001111111110001100111111101110101
2635,1110100010000111100100000100000011000011000000000111111111000110011111110111010111
2636,1110100010000111100100000100000011000011000000000111111111000110011111110111011
2637,1110100010000111100100000100000011000011000000000111111111000110011101
2638,11101000100001111001000001000000110000110000000001111111110001101
2639,1110100010000111100100000100000011000011000000000111111111000110111
2640,111010001000011110010000010000001100001100000000011111111100011011
2641,111010001000011110010000010000001100001100000000011111111100011011110
2642,1110100010000111100100000100000011000011000000000111111111000110111100
2643,1110100010000111100100000100000011000011000000000111111111000110111101
2644,11101000100001111001000001000000110000110000000001111111110001101111010
2645,11101000100001111001000001000000110000110000000001111111110001101111011
2646,111010001000011110010000010000001100001100000000011111111100011011111
2647,11101000100001111001000001000000110000110000000001111111110001
2648,111010001000011110010000010000001100001100000000011111111101
2649,1110100010000111100100000100000011000011000000000000100011111111
2650,11101000100001111001000001000000110000110000000000001000111111011111
2651,111010001000011110010000010000001100001100000000000010001111110111110
2652,1110100010000111100100000100000011000011000000000000100011111101111100
2653,11101000100001111001000001000000110000110000000000001000111111011111000
2654,111010001000011110010000010000001100001100000000000010001111110111110000
2655,1110100010000111100100000100000011000011000000000000100011111101111100000
2656,111010001000011110010000010000001100001100000000000010001111110111111
2657,1110100010000111100100000100000011000011000000000000100011111101111111
2658,11101000100001111001000001000000110000110000000000001000111111011111111
2659,11101000100001111001000001000000110000110000000000001000111111011111001
2660,111010001000011110010000010000001100001100000000000010001111110111110010
2661,1110100010000111100100000100000011000011000000000000100011111101111100101
2662,111010001000011110010000010000001100001100000000000010001111110111110011
2663,1110100010000111100100000100000011000011000000000000100011111101111100001
2664,11101000100001111001000001000000110000110000000000001000111111011111000010
2665,111010001000011110010000010000001100001100000000000010001111110111110000101
2666,11101000100001111001000001000000110000110000000000001000111111011111000011
2667,111010001000011110010000010000001100001100000000000010001111110111110001
2668,1110100010000111100100000100000011000011000000000000100011111101111101
2669,111010001000011110010000010000001100001100000000000010001111110111101011
2670,1110100010000111100100000100000011000011000000000000100011111101111010111
2671,11101000100001111001000001000000110000110000000000001000111111001
2672,111010001000011110010000010000001100001100000000000010000001
2797,11101000100001111001000001000000110000110000000000001000000000001
2798,1110100010000111100100000100000011000011000000000000100000000000
2799,111010001000011110010000010000001100001100000000000010000000000011
2800,1110100010000111100100000100000011000011000000000000100000000000111
2801,1110100010000111100100000100000011000011000000000000100000000001111001
2802,11101000100001111001000001000000110000110000000000001000000000011110011
2803,111010001000011110010000010000001100001100000000000010000000000111100110
2804,111010001000011110010000010000001100001100000000000010000000000111100111
2805,1110100010000111100100000100000011000011000000000000100000000001111000011
2806,11101000100001111001000001000000110000110000000000001000000000011110000011111111
2807,1110100010000111100100000100000011000011000000000000100000000001111000001111111001
2808,11101000100001111001000001000000110000110000000000001000000000011110000011111110010
2809,111010001000011110010000010000001100001100000000000010000000000111100000111111100101
2810,11101000100001111001000001000000110000110000000000001000000000011110000011111110011
2811,111010001000011110010000010000001100001100000000000010000000000111100000111111100110
2812,1110100010000111100100000100000011000011000000000000100000000001111000001111111001100
2813,111010001000011110010000010000001100001100000000000010000000000111100000111111100111
2814,1110100010000111100100000100000011000011000000000000100000000001111000001111111001101
2815,11101000100001111001000001000000110000110000000000001000000000011110000011111110011010
2816,111010001000011110010000010000001100001100000000000010000000000111100000111111100110100
2817,1110100010000111100100000100000011000011000000000000100000000001111000001111111001101000
2818,11101000100001111001000001000000110000110000000000001000000000011110000011111110011011
2819,1110100010000111100100000100000011000011000000000000100000000001111000001111111001101001
2820,11101000100001111001000001000000110000110000000000001000000000011110000011111110011010010
2821,11101000100001111001000001000000110000110000000000001000000000011110000011111110011010011
2822,111010001000011110010000010000001100001100000000000010000000000111100000111111100110100111
2823,1110100010000111100100000100000011000011000000000000100000000001111000001111111001101001111
2824,111010001000011110010000010000001100001100000000000010000000000111100000111111100110101
2825,111010001000011110010000010000001100001100000000000010000000000111100000111111100001
2826,1110100010000111100100000100000011000011000000000000100000000001111000001111111000011
2827,111010001000011110010000010000001100001100000000000010000000000111100000111111100001111
2828,11101000100001111001000001000000110000110000000000001000000000011110000011111110000111
2829,1110100010000111100100000100000011000011000000000000100000000001111000001111111000011111
2830,11101000100001111001000001000000110000110000000000001000000000011110000011111110000111111110010111101110110
2831,11101000100001111001000001000000110000110000000000001000000000011110000011111110000111111110010111101110111
2832,111010001000011110010000010000001100001100000000000010000000000111100000111111100001111111100101111011101111
2833,111010001000011110010000010000001100001100000000000010000000000111100000111111100001111111100111
2834,11101000100001111001000001000000110000110000000000001000000000011110000011111110001
2835,111010001000011110010000010000001100001100000000000010000000000111100000111111101
2836,11101000100001111001000001000000110000110000000000001000000000011110001111
2837,11101000100001111001000001000000110000110000000000001000000000011110001110111
2838,111010001000011110010000010000001100001100000000000010000000000111100011101110
2839,1110100010000111100100000100000011000011000000000000100000000001111000111011111
2840,111010001000011110010000010000001100001100000000000010000000000111100011101111
2841,1110100010000111100100000100000011000011000000000000100000000001111011
2842,111010001000011110010000010000001100001100000000000010000000000111101
2843,11101000100001111001000001000000110000110000000000001000000000011111
2844,1110100010000111100100000100000011000011000000000000100000000001111111
2845,111010001000011110010000010000001100001100000000000010000000000111111
2846,11101000100001111001000001000000110000110000000000001000000000011111110
2847,11101000100001111001000001000000110000110000000000001000000000011111111
2848,1110100010000111100100000100000011000011000000000000100000000001110
2849,11101000100001111001000001000000110000110000000000001000000000011101
2850,111010001000011110010000010000001100001100000000000010000000000101
2851,11101000100001111001000001000000110000110000000000001000000000010
2852,11101000100001111001000001000000110000110000000000001000000001
2853,1110100010000111100100000100000011000011000000000000100000000111
2854,111010001000011110010000010000001100001100000000000010000000011
2855,111010001000011110010000010000001100001100000000000010000000111
2856,1110100010000111100100000100000011000011000000000000100000001
2857,11101000100001111001000001000000110000110000000000001000000011
2858,1110100010000111100100000100000011000011000000000000100000111011
2859,111010001000011110010000010000001100001100000000000010000011101
2860,11101000100001111001000001000000110000110000000000001000001111
2861,11101000100001111001000001000000110000110000000000001000011
2862,1110100010000111100100000100000011000011000000000000100001
2863,11101000100001111001000001000000110000110000000000001000011011
2864,111010001000011110010000010000001100001100000000000010000110
2865,1110100010000111100100000100000011000011000000000000100001101
2866,111010001000011110010000010000001100001100000000000010000111
2867,1110100010000111100100000100000011000011000000000000100001111
2868,111010001000011110010000010000001100001100000000000010011
2869,11101000100001111001000001000000110000110000000000001001
2870,11101000100001111001000001000000110000110000000000001011
2871,1110100010000111100100000100000011000011000000000000101
2872,1110100010000111100100000100000011000011000000000000111
2873,111010001000011110010000010000001100001100000000000011
2874,1110100010000111100100000100000011000011000000000001
2875,111010001000011110010000010000001100001100000000000111
2876,11101000100001111001000001000000110000110000000000011
2877,111010001000011110010000010000001100001100000000000111111
2878,111010001000011110010000010000001100001100000000000111101
2879,1110100010000111100100000100000011000011000000000011
2880,11101000100001111001000001000000110000110000000000111
2881,111010001000011110010000010000001100001100000000001
2882,11101000100001111001000001000000110000110000000000111101
2883,111010001000011110010000010000001100001100000000001111010
2884,111010001000011110010000010000001100001100000000001111011
2885,11101000100001111001000001000000110000110000000000111111
2886,111010001000011110010000010000001100001100000000001111110
2887,1110100010000111100100000100000011000011000000000011111101
2888,111010001000011110010000010000001100001100000000001111111
2889,111010001000011110010000010000001100001100000000111
2890,1110100010000111100100000100000011000011000000001
2891,11101000100001111001000001000000110000110000000011
2892,11101000100001111001000001000000110000110000000111
2893,1110100010000111100100000100000011000011000000011
2894,111010001000011110010000010000001100001100000001
2895,1110100010000111100100000100000011000011000110111
2896,1110100010000111100100000100000011000011000110110111
2897,11101000100001111001000001000000110000110001101101011
2898,1110100010000111100100000100000011000011000111
2899,111010001000011110010000010000001100001111
2900,11101000100001111001000001000000110000111
2901,1110100010000111100100000100000011000011110
2902,11101000100001111001000001000000110000111101
2903,111010001000011110010000010000001100001111011
2904,1110100010000111100100000100000011000011110111
2905,1110100010000111100100000100000011000011111
2906,1110100010000111100100000100000011000111111
2907,1110100010000111100100000100000011000111
2908,111010001000011110010000010000001100011111
2909,111010001000011110010000010000001100011
2910,11101000100001111001000001000000110001111
2911,11101000100001111001000001000000110001
2912,111010001000011110010000010000001111
2913,11101000100001111001000001000000111
2914,11101000100001111001000001000000011
2915,111010001000011110010000010000000111
2916,1110100010000111100100000100000001111
2917,111010001000011110010000010000000101111
2918,111010001000011110010000010000000101110011101
2919,1110100010000111100100000100000001011100111010
2920,1110100010000111100100000100000001011100111011
2921,1110100010000111100100000100000001011100111001011
2922,11101000100001111001000001000000010111001110010111
2923,11101000100001111001000001000000010111001110010101
2924,1110100010000111100100000100000001011100111001010011101
2925,11101000100001111001000001000000010111001110010100111011
2926,111010001000011110010000010000000101110011100101001110111
2927,11101000100001111001000001000000010111001110010100111001
2928,111010001000011110010000010000000101110011100101001111
2929,11101000100001111001000001000000010111001110010100101
2930,111010001000011110010000010000000101110011100101001011
2931,1110100010000111100100000100000001011100111001000001
2932,11101000100001111001000001000000010111001110010000001
2933,11101000100001111001000001000000010111001110010000000001
2934,111010001000011110010000010000000101110011100100000000001101
2935,1110100010000111100100000100000001011100111001000000000011010
2936,11101000100001111001000001000000010111001110010000000000110100
2937,111010001000011110010000010000000101110011100100000000001101000
2938,1110100010000111100100000100000001011100111001000000000011011
2939,11101000100001111001000001000000010111001110010000000000110101
2940,111010001000011110010000010000000101110011100100000000001101001
2941,1110100010000111100100000100000001011100111001000000000011010011
2942,11101000100001111001000001000000010111001110010000000000110100111
2943,11101000100001111001000001000000010111001110010000000000110100111110
2944,111010001000011110010000010000000101110011100100000000001101001111101
2945,11101000100001111001000001000000010111001110010000000000110100111101
2946,111010001000011110010000010000000101110011100100000000001101001111011
2947,11101000100001111001000001000000010111001110010000000000110100111111
2948,111010001000011110010000010000000101110011100100000000001101001111110
2949,111010001000011110010000010000000101110011100100000000001101001111110101111
2950,111010001000011110010000010000000101110011100100000000001101001111110111
2951,111010001000011110010000010000000101110011100100000000001101001111111
2952,1110100010000111100100000100000001011100111001000000000011010011111110
2953,1110100010000111100100000100000001011100111001000000000011010011111111
2954,11101000100001111001000001000000010111001110010000000000110011101
2955,111010001000011110010000010000000101110011100100000000001100111011
2956,1110100010000111100100000100000001011100111001000000000011001111
2957,11101000100001111001000001000000010111001110010000000000111
2958,111010001000011110010000010000000101110011100100000000001110
2959,1110100010000111100100000100000001011100111001000000000011101
2960,111010001000011110010000010000000101110011100100000000001111
2961,1110100010000111100100000100000001011100111001000000001
2962,11101000100001111001000001000000010111001110010000000010
2963,111010001000011110010000010000000101110011100100000000100
2964,111010001000011110010000010000000101110011100100000000101
2965,11101000100001111001000001000000010111001110010000000011
2966,111010001000011110010000010000000101110011100100000001
2967,1110100010000111100100000100000001011100111001000000011
2968,111010001000011110010000010000000101110011100100001
2969,1110100010000111100100000100000001011100111001000010
2970,1110100010000111100100000100000001011100111001000011
2971,11101000100001111001000001000000010111001110010001
2972,1110100010000111100100000100000001011100111001001
2973,11101000100001111001000001000000010111001110011
2974,1110100010000111100100000100000001011100111000
2975,11101000100001111001000001000000010111001111
2976,111010001000011110010000010000000101110011110
2977,1110100010000111100100000100000001011100111101
2978,11101000100001111001000001000000010111001111011
2979,111010001000011110010000010000000101110011111
2980,1110100010000111100100000100000001011100111111
2981,1110100010000111100100000100000001011101
2982,11101000100001111001000001000000010111011
2983,11101000100001111001000001000011
2984,1110100010000111100100000100001
2985,111010001000011110010000010000110
2986,1110100010000111100100000100001111
2987,111010001000011110010000010000111
2988,11101000100001111001000001000011111
2989,111010001000011110010000010111
2990,1110100010000111100100000101111
2991,11101000100001111001000001011111
2992,1110100010000111100100000101101
2993,1110100010000111100100000011101
2994,11101000100001111001000000111011
2995,11101000100001111001000000111001
2996,111010001000011110010000001110011
2997,1110100010000111100100000011100001
2998,11101000100001111001000000111000010
2999,111010001000011110010000001110000100
3000,111010001000011110010000001110000100101
3001,11101000100001111001000000111000010010111111
3002,1110100010000111100100000011100001001011111111
3003,111010001000011110010000001110000100101111111
3004,11101000100001111001000000111000010010111111111
3005,1110100010000111100100000011100001001011111
3006,111010001000011110010000001110000100101110111
3007,1110100010000111100100000011100001001011101111
3008,1110100010000111100100000011100001001011101
3009,11101000100001111001000000111000010010111011
3010,11101000100001111001000000111000010010111011110
3011,11101000100001111001000000111000010010111011110110011
3012,111010001000011110010000001110000100101110111101100111
3013,111010001000011110010000001110000100101110111101111
3014,111010001000011110010000001110000100101110111101111111
3015,1110100010000111100100000011100001001011101111011111110
3016,1110100010000111100100000011100001001011101111011111111
3017,1110100010000111100100000011100001001011101111011111011
3018,111010001000011110010000001110000100101110111101111101
3019,1110100010000111100100000011100001001011101111011011
3020,11101000100001111001000000111000010010111011110110110
3021,11101000100001111001000000111000010010111011110110111
3022,11101000100001111001000000111000010010111011111
3023,111010001000011110010000001110000100101101
3024,1110100010000111100100000011100001001011011
3025,111010001000011110010000001110000100110
3026,1110100010000111100100000011100001001101
3027,11101000100001111001000000111000010011011
3028,111010001000011110010000001110000100110110
3029,111010001000011110010000001110000100110111
3030,111010001000011110010000001110000100111
3031,1110100010000111100100000011100001001110
3032,11101000100001111001000000111000010011100
3033,1110100010000111100100000011100001001111
3034,111010001000011110010000001110000101
3035,1110100010000111100100000011100001010
3036,1110100010000111100100000011100001011
3037,11101000100001111001000000111000010111
3038,111010001000011110010000001110000101111
3039,1110100010000111100100000011100001011110
3040,11101000100001111001000000111000010111101
3041,1110100010000111100100000011100001011111
3042,11101000100001111001000000111000010111110
3043,111010001000011110010000001110000101111100
3044,1110100010000111100100000011100001011111000
3045,11101000100001111001000000111000010111110000
3046,111010001000011110010000001110000101111100001
3047,111010001000011110010000001110000101111101
3048,11101000100001111001000000111000010111110001
3049,1110100010000111100100000011100001011111001
3050,11101000100001111001000000111000010111110011
3051,111010001000011110010000001110000101111100111
3052,11101000100001111001000000111000010111111
3053,11101000100001111001000000111000011
3054,11101000100001111001000000111000001
3055,111010001000011110010000001110000010
3056,111010001000011110010000001110000011
3057,111010001000011110010000001110001
3058,1110100010000111100100000011100010
3059,11101000100001111001000000111000100
3060,111010001000011110010000001110001001
3061,1110100010000111100100000011100011
3062,11101000100001111001000000111000101
3063,111010001000011110010000001110001011
3064,11101000100001111001000000111111
3065,111010001000011110010000001111
3066,1110100010000111100100000011111
3067,1110100010000111100101
3068,11101000100001111001011
3069,111010001000011110010110
3070,1110100010000111100101100
3071,111010001000011110010111
3072,1110100010000111100101110
3073,11101000100001111001011100
3074,1110100010000111100101111
3075,11101000100001111001011101
3076,1110100010000111100101101
3077,11101000100001111001111
3078,111010001000011110001111001
3079,11101000100001111000111100001
3080,111010001000011110001111000001
3081,1110100010000111100011110000010
3082,11101000100001111000111100000101
3083,1110100010000111100011110000011
3084,1110100010000111100011110001
3085,11101000100001111000111101
3086,111010001000011110001111010
3087,1110100010000111100011110100
3088,1110100010000111100011110101
3089,11101000100001111000111101111
3090,111010001000011110001111011
3091,1110100010000111100011110111
3092,1110100010000111100011111
3093,111010001000011110001111101
3094,11101000100001111001000001000000110110000111010111111011111101
3095,1110100010000111111101111
3096,11101000100001111001000011110001111000001100000011
3097,111010001000011110010000111100011110000011000000110
3098,11101000100001111001000011110001111000001100000011001
3099,1110100010000111100100001111000111100000110000001100
3100,111010001000011110010000111100011110000011000000111
3101,11101000100001111001000011110001111000001100000011011
3102,1110100010000111100100001111000111100000110000001101
3103,11101000100001111001000011110001111000001100000011100
3104,1110100010000111100100001111000111100000110000001110
3105,1110100010000111100100001111000111100000110000001111
3106,11101000100001111001000011110001111000001100000011101
3110,111
3111,11
3112,1110
3113,111010001
3114,1111
3115,1110100001111010
3116,1110100001111011
3117,1110100010000111100100000100000011000011000000000000100000000001111
3118,111010001000011110010000010000001100001100000000000010000000000111
3119,1110100010000111100100000100000011000011000000000000100000000001
3120,11101000100001111001000001000000110000110000000000001000000000011
3123,11101000100001111001000001000000110000110000000000001000111111011110101
3124,1110100010000111100100001111
3125,1110100010000111100100000100111011
3126,11101000100001111001000001000000
3127,1110100010000111100100000100000011011000011101011111101110111
3131,11101000100001111001000001000000110110000111010111111
3132,111010001000011110010000010000001101100001110101111
3133,1110100010000111100100000100000011011000011101011111
3134,111010001000011110010000010000001101100001110101
3135,111010001000011110010000010000001101100001110101101
3136,11101000100001111001000011110001111000001
3137,111010001000011110010000111100011110000011
3138,11101000100001111001000000111000010011101111111
3139,111010001000011110010000001110000100111011111011111
3140,1110100010000111100100000011100001001110111110111
3141,11101000100001111001000000111000010011101111101
3142,11101000100001111001000000111000010011101111101111
3143,111010001000011110010000001110000100111011111011
3144,11101000100001111001000000111000010011101
3145,11101000100001111001000000111000010011101101
3146,11101000100001111001000000111000010011101111
3147,11101000100001111001000001000000110011101
3148,11101000100001111001000001000000110011
3149,1110100010000111100100000100000011001
3150,11101000100001111001000001000000110011111
3151,1110100110111001
3152,11101001100111010111111111111111
3153,11101001100111010111111010111101111
3154,111010011001110101111110101111011111
3155,1110100110011101011111101011110111111
3156,11101001100111010111111010111101111111
3157,111010011001110101111110101111011111111
3158,11101000100001111001000001000000110000110000000000001000000000011110000011111110000111111110010111101100010
3159,11101000100001111001000001000000110000110000000000001000000000011110000011111110000111111110010111101100011
3160,111010001000011110010000010000000101110011100100000000001101001111110101
3161,111010001000011110010000010000000101110011100100000000001101001111110101101
3162,1110100010000111100100000100000011000011000000000000100000000001111000001111111000011111111001011
3163,1110100010000111100100000100000011000011000000000000100000000001111000001111111000011111111010
3164,1110100010000111100100000100000011000011000000000000100000000001111000001111111000011111111011
3165,111010001000011110010000010000001100001100000000000010000000000111100000111111100001111111100
3166,111010001000011110010000010000001100001100000000000010000000000111100000111111100001111111101
3167,11101000100001111001000001000000110000110000000000001000000000011110000011111110000111111110
3168,11101000100001111001000001000000110000110000000000001000000000011110000011111110000111111111
3169,1110100010000111100100000100000011000011000000000000100000000001111000001111111000011111111
3170,111010001000011110010000010000001100001100000000000010000000000111100000111111100001111111100100
3171,111010001000011110010000010000001100001100000000000010000000000111100000111111100001111111100101
3172,11101000100001111001000001000000110000110000000000001000000000011110000011111110000111111110010
3173,1110100010000111100100000100000011000011000000000000100000000001111000001111111000011111111001
3174,11101000100001111001000001000000110000110000000000001000000000011110000011111110000111111110011
3175,111010001000011110010000010000001100001100000000000010000000000111100000111111100001111110
3176,111010001000011110010000010000001100001100000000000010000000000111100000111111100001111111
3177,11101000100001111001000001000000110000110000000000001000000000011110000011111110000111111
3178,111010011001110
3179,11101001100111
3180,111010011001111
3181,1110100001111
3182,11101000011110
3183,11101000011111
3184,111010000111110
3185,111010000111111
3192,11101000100001111001000001000000110000110000000001111111110001100111
3193,111010001000011110010000010000001100001100000000011111111100011001110
3194,111010001000011110010000010000001100001100000000011111111100011001111
3195,1110100010000111100100000100000011000011000000000111111111000110011111110111
3196,11101000100001111001000001000000110000110000000001111111110001100111111101110
3197,11101000100001111001000001000000110000110000000001111111110001100111111101111
3198,111010001000011110010000010000001101100001
3199,1110100010000111100100000100000011011000010
3200,1110100010000111100100000100000011011000011
3201,1110100010000111100100000100000011011000011101
3202,11101000100001111001000001000000110110000111010
3203,11101000100001111001000001000000110110000111011
3204,11101001100111010111111110
3205,11101001100111010111111111
3206,1110100110011101011111111
3207,1110100010000111100100000100000001011100111001010010
3208,1110100010000111100100000100000001011100111001010011
3209,111010001000011110010000010000000101110011100101001
3210,111010001000011110010000010000001100001100011011010
3211,111010001000011110010000010000001100001100011011011
3212,11101000100001111001000001000000110000110001101101
3213,1110100010000111100100000100000011000011000000000000100011111100
3214,1110100010000111100100000100000011000011000000000000100011111101
3215,11101000100001111001000001000000110000110000000000001000111111
3216,111010001000011110010000010000001100001100000000000010001111110
3217,111010001000011110010000010000001100001100000000000010001111111
3218,111010001000011110010000010000001100001100000000000010001111110111101
3219,1110100010000111100100000100000011000011000000000000100011111101111010
3220,1110100010000111100100000100000011000011000000000000100011111101111011
3221,111010001000011110010011111
3222,1110100010000111100100111110
3223,1110100010000111100100111111
3224,111010001000011110010000010000001101100001110101111110111
3225,1110100010000111100100000100000011011000011101011111101110
3226,1110100010000111100100000100000011011000011101011111101111
3227,111010001000011110010000010000001101100001110101111110111111
3228,1110100010000111100100000100000011011000011101011111101111110
3229,1110100010000111100100000100000011011000011101011111101111111
3230,111010001000011110010000010000001101100001110101111110111011110
3231,111010001000011110010000010000001101100001110101111110111011111
3232,11101000100001111001000001000000110110000111010111111011101111
3233,111010001000011110010000010000001100001100111
3234,1110100010000111100100000100000011000011001110
3235,1110100010000111100100000100000011000011001111
3242,11101000100001111001000001000000110000110000000000011110
3243,11101000100001111001000001000000110000110000000000011111
3244,1110100010000111100100000100000011000011000000000001111
3245,1110100010000111100100000100000011000011000000000011110
3246,111010001000011110010000010000001100001100000000001111
3247,1110100010000111100100000100000011000011000000000011111
3248,111010001000011110010000010000000101110011100100000000001101001111
3249,1110100010000111100100000100000001011100111001000000000011010011110
3250,1110100010000111100100000100000001011100111001000000000011010011111
3251,1110100010000111100100000011100001001
3252,11101000100001111001000000111000010010
3253,11101000100001111001000000111000010011
3254,111010001000011110010000001110000100101110
3255,111010001000011110010000001110000100101111
3256,11101000100001111001000000111000010010110
3257,11101000100001111001000000111000010010111
3258,1110100010000111100100000011100001001011
3259,1110100010000111100100000011100001001011101111011001
3260,111010001000011110010000001110000100101110111101100
3261,111010001000011110010000001110000100101110111101101
3262,11101000100001111001000000111000010010111011110110
3263,11101000100001111001000000111000010010111011110111
3264,1110100010000111100100000011100001001011101111011
3265,111010001000011110010000001110000100101110111101
3266,1110100010000111100100000011100001001011101111011111
3267,11101000100001111001000000111000010010111011110111110
3268,11101000100001111001000000111000010010111011110111111
3269,111010011001110101111110100
3270,1110100110011101011111101
3271,11101001100111010111111010
3272,111010011001110101111110101
3273,11101001100111010111111011
3274,1110100010000111100100000100000011011000011101011
3275,11101000100001111001000001000000110110000111010110
3276,11101000100001111001000001000000110110000111010111
3277,1110100010000111100100000011100001001110111110
3278,1110100010000111100100000011100001001110111111
3279,111010001000011110010000001110000100111011111
3280,1110100010000111100100000011100001001110110
3281,1110100010000111100100000011100001001110111
3282,111010001000011110010000001110000100111011
3283,1110100010000111100100000100000011001110
3284,111010001000011110010000010000001100111
3285,1110100010000111100100000100000011001111
3286,11101000100001111001000001000000010111001110010000000000110100111111010
3287,11101000100001111001000001000000010111001110010000000000110100111111011
3288,1110100010000111100100000100000001011100111001000000000011010011111101
3289,11101000100001111001000001000000010111001110010000000000110100111111010110
3290,11101000100001111001000001000000010111001110010000000000110100111111010111
3291,1110100010000111100100000100000001011100111001000000000011010011111101011
3300,11101000100001111001000001000001
15028,1110100010000111100100000100000111111110110000110111000001101100111
15029,1110100010000111100100000100000011000011000000000000100000000001111000001111111000011111111001011110111011
15030,1110100010000111100100000100000001011100111001
3109,1
