rid,binaryID
1037,111101101000111000000110010000010011111101111110110
1038,1111011010001110000001100100000100111111011111101100
1039,11110110100011100000011001000001001111110111111011000
1040,111101101000111000000110010000010011111101111110110000
1041,1111011010001110000001100100000100111111011111101100000
1042,11110110100011100000011001000001001111110111111011000000
1043,111101101000111000000110010000010011111101111110110000000
1044,1111011010001110000001100100000100111111011111101100000000
1045,11110110100011100000011001000001001111110111111011000000001
1046,111101101000111000000110010000010011111101111110110000000011
1047,1111011010001110000001100100000100111111011111101100000000110
1048,11110110100011100000011001000001001111110111111011000000001100
1049,111101101000111000000110010000010011111101111110110000000011000
1050,1111011010001110000001100100000100111111011111101100000000110001
1051,11110110100011100000011001000001001111110111111011000000001100011
1052,11110110100011100000011001000001001111101
1053,111101101000111000000110010000010011111010
1054,1111011010001110000001100100000100111110100
1055,11110110100011100000011001000001001111101000
1056,111101101000111000000110010000010011111010000111
1057,111101101000111000000110010000010011111010000
1058,11110110100011100000011001000001001111101000011
1059,1111011010001110000001100100000100111110100001
1060,1111011010001110000001100100000100111110100001110
1061,11110110100011100000011001000001001111101000011100
1062,111101101000111000000110010000010011111010000111000
1063,11110110100011100000011001000001001111101000011100010
1064,111101101000111000000110010000010011111010000111000100
1065,1111011010001110000001100100000100111110100001110001000
1066,11110110100011100000011001000001001111101000011100010000
1067,111101101000111000000110010000010011111010000111000100000
1068,11110110100011100000011001000001001111101000011101
1069,111101101000111000000110010000010011111010000111010
1070,1111011010001110000001100100000100111110100001110100
1071,11110110100011100000011001000001001111101000011101000
1072,111101101000111000000110010000010011111010000111010000
1073,1111011010001110000001100100000100111110100001110100000
1074,11110110100011100000011001000001001111101000011101000000
1075,111101101000111000000110010000010011111010000111010000000
1076,111101101000111000000110010000010011111010000111010000000101
1077,1111011010001110000001100100000100111110100001110100000001010
1078,11110110100011100000011001000001001111101000011101000000010101
1079,111101101000111000000110010000010011111010000111010000000101011
1080,1111011010001110000001100100000100111110100001110100000001010110
1081,11110110100011100000011001000001000101000000000000000010101110001101011111111110010
1082,111101101000111000000110010000010001010000000000000000101011100011010111111111100100
1083,1111011010001110000001100100000100010100000000000000001010111000110101111111111001000
1084,11110110100011100000011001000001000101000000000000000010101110001101011111111110010000
1085,111101101000111000000110010000010001010000000000000000101011100011010111111111100100000
1086,1111011010001110000001100100000100010100000000000000001010111000110101111111111001000000
1087,11110110100011100000011001000001000101000000000000000010101110001101011111111110010000000
1088,1111011010001110000001100100000100010100000000000000001010111000110101111111101
1089,111101101000111000000110010000010001010000000000000000101011100011010111111110
1090,11110110100011100000011001000001000101000000000000000010101110001101011111111011
1091,111101101000111000000110010000010001010000000000000000101011100011010111111110110001
1092,111101101000111000000110010000010001010000000000000000101011100011010111111110110
1093,11110110100011100000011001000001000101000000000000000010101110001101011111111011000
1094,1111011010001110000001100100000100010100000000000000001010111000110101111111101100
1095,1111011010001110000001100100000100010100000000000000001010111000110101111111101100010
1096,111101101000111000000110010000010001010000000000000000101011100011010111111110110001011
1097,11110110100011100000011001000001000101000000000000000010101110001101011111111011000101111
1098,1111011010001110000001100100000100010100000000000000001010111000110101111111101100010111
1099,11110110100011100000011001000001000101000000000000000010101110001101011111111011000101
1100,111101101000111000000110010000010001010000000000000000101011100011010111111110110001011110101
1101,111101101000111000000110010000010001010000000000000000101011100011010111111110110001011110
1102,11110110100011100000011001000001000101000000000000000010101110001101011111111011000101111010
1103,1111011010001110000001100100000100010100000000000000001010111000110101111111101100010111101
1104,1111011010001110000001100100000100010100000000000000001010111000110101111111101100010111101010
1105,11110110100011100000011001000001000101000000000000000010101110001101011111111011000101111010100101
1106,11110110100011100000011001000001000101000000000000000010101110001101011111111011000101111010100
1107,111101101000111000000110010000010001010000000000000000101011100011010111111110110001011110101001
1108,1111011010001110000001100100000100010100000000000000001010111000110101111111101100010111101010010
1109,111101101000111000000110010000010001010000000000000000101011100011010111111110110001011110101001010
1110,111101101000111000000110010000010001010000000000000000101011100011010111111110110001011110101001010011
1111,1111011010001110000001100100000100010100000000000000001010111000110101111111101100010111101010010100
1112,1111011010001110000001100100000100010100000000000000001010111000110101111111101100010111101010010100111
1113,11110110100011100000011001000001000101000000000000000010101110001101011111111011000101111010100101001
1114,111101101000111000000110010000010001010000000000000000101011100011010111111110110001011110101001010011101
1115,1111011010001110000001100100000100010100000000000000001010111000110101111111101100010111101010010100111011
1116,11110110100011100000011001000001000101000000000000000010101110001101011111111011000101111010100101001110
1117,111101101000111000000110010000010001010000000000000000101011100011010111111110110001011110101001010011101101
1118,11110110100011100000011001000001000101000000000000000010101110001101011111111011000101111010100101001110110111
1119,1111011010001110000001100100000100010100000000000000001010111000110101111111101100010111101010010100111011011
1120,11110110100011100000011001000001000101000000000000000010101110001101011111111011000101111010100101001110110
1121,111101101000111000000110010000010001010000000000000000101011100011010111111110110001011110101001010011101101110
1122,1111011010001110000001100100000100010100000000000000001010111000110101111111101100010111101010010100111011011100
1123,11110110100011100000011001000001000101000000000000000010101110001101011111111011000101111010100101001110110111000
1124,111101101000111111110011001000000111111111111111111110110111101010101010000
1125,1111011010001111111100110010000001111111111111111111101101111010101010100001001011100001001010000000
1126,11110110100011111111001100100000011111111111111111111011011110101010101000010010111000010010100000000
1127,11110110100011111111001100100000011111111111111111111011011110101010101110100000000000
1128,11110110100011111111001100100000011111011111110101111
1129,11110110100011111111001100100000011111111111111111111011011110101010101000010110001100111110111
1130,11110110100011111111001100100000011111011111110101101110001101101111110
1131,111101101000111111110011001000000111111111111111111110110111101010101010000101100011001111100
1132,11110110100011111111001100100000011111111111111111111011011110101010101000010110001100111110
1133,1111011010001111111100110010000001111111111111111111101101111010101010100001011000110011111111
1134,11110110100011111111001100100000011111111111111111111011011110101010101000010010111000010010100000001
1135,111101101000111111110011001000000111111111111111111110110111101010101010000100101110000100101000000011
1136,1111011010001111111100110010000001111111111111111111101101111010101010100001001011100000
1137,111101101000111111110011001000000111111111111111111110110111101010101011101010
1147,11110110100011111111001100100000011111111111111111111011011110101010101110
1148,11110110100011111111001100100000011111111111111111111011011110101010101111
1149,1111011010001111111100110010000001111111111111111111101101111010101010111
1150,1111011010001111111100110010000001111101111111010
1151,111101101000111111110011001000000111110111111101
1152,1111011010001111111100110010000001111101111111011
1153,111101101000111111110011001000000111110111111101011110000010
1154,11110110100011111111001100100000011111011111110101111000001
1155,111101101000111111110011001000000111110111111101011110000011
1156,111101101000111111110011001000011000000010
1157,111101101000111111110011001000011000000011
1158,11110110100011111111001100100001100000001
1159,1111011010001111111100110010000001111101111111010110111000110100
1160,1111011010001111111100110010000001111101111111010110111000110101
1161,111101101000111111110011001000000111110111111101011011100011010
1162,11110110100011111111001100100000011111011111110101101110001100
1163,11110110100011111111001100100000011111011111110101101110001101
1164,11110110100011111111001100100000011111011111110101101110001101100
1165,1111011010001111111100110010000001111101111111010110111000110110
3301,111101101000111000000110010000010001010000000000000000101001111111111110110100000000000111100110000111001
3302,11110110100011100000011001000001000101000000000000000010100111111111111011010000000000011110011000011
3303,111101101000111000000110010000010001010000000000000000101001111111111110110100000000000111100110000111001101
3304,1111011010001110000001100100000100010100000000000000001010011111111111101101000000000001111001100001110011011
3305,11110110100011100000011001000001000101000000000000000010100111111111111011010000000000011110011000011100
3306,1111011010001110000001100100000100010100000000000000001010011111111111101101000000000001111001100001110
3307,111101101000111000000110010000010001010000000000000000101001111111111110110100000000000111100110000111001101110
3308,1111011010001110000001100100000100010100000000000000001010011111111111101101000000000001111001100001110011
3309,111101101000111000000110010000010001010000000000000000101001111111111110110100000000000111100110000111
3310,11110110100011100000011001000001000101000000000000000010100111111111111011010000000000011110011000011100110111
3311,111101101000111000000110010000010001010000000000000000101001111111111110110100000000000111100110000
3312,1111011010001110000001100100000100010100000000000000001010011111111111101101000000000001111001100001
3313,11110110100011100000011001000001000101000000000000000010100111111111111011010000000000011110011000011100110
3314,11110110100011100000011001000001000101000000000000000010100111111111111011010000000000011110011000011100110111001
3315,1111011010001110000001100100000100010100000000000000001010011111111111101101000000000001111001100001110011011100
3316,111101101000111000000110010000010001010000000000000000101001111111111110110100000000000111100110000111001101110010
3317,1111011010001110000001100100000100010100000000000000001010011111111111101101000000000001111001100001110011011100101
3318,111101101000111000000110010000010001010000000000000000101001111111111110110100000000000111100110000111001101110010101
3319,11110110100011100000011001000001000101000000000000000010100111111111111011010000000000011110011000011100110111001010
3320,1111011010001110000001100100000100010100000000000000001010011111111111101101000000000001111001100001110011011100101011
3321,1111011010001110000001100100000100010100000000000000001010011111111111101101000000000001111001100001110011011100101011000
3322,111101101000111000000110010000010001010000000000000000101001111111111110110100000000000111100110000111001101110010101100
3323,11110110100011100000011001000001000101000000000000000010100111111111111011010000000000011110011000011100110111001010110
3324,111101101000111000000110010000010001010000000000000000101001111111111110110100000000000111100110000111001101110010101100001
3325,11110110100011100000011001000001000101000000000000000010100111111111111011010000000000011110011000011100110111001010110000
3326,1111011010001110000001100100000100010100000000000000001010011111111111101101000000000001111001100001110011011100101011000011
3327,111101101000111000000110010000010001010000000000000000101001111111111110110100000000000111100110000111001101110010101100001101
3328,11110110100011100000011001000001000101000000000000000010100111111111111011010000000000011110011000011100110111001010110000110
3329,1111011010001110000001100100000100010100000000000000001010011111111111101101000000000001111001100001110011011100101011000011011
3330,111101101000111000000110010000010001010000000000000000101001111111111110110100000000000111100110000111001101110010101100001101101
3331,11110110100011100000011001000001000101000000000000000010100111111111111011010000000000011110011000011100110111001010110000110110
3332,11110110100011100000011001000001000101000000000000000010100111111111111011010000000000011110011000011100110111001010110000110110101
3333,1111011010001110000001100100000100010100000000000000001010011111111111101101000000000001111001100001110011011100101011000011011010
3334,111101101000111000000110010000010001010000000000000000101001111111111110110100000000000111100110000111001101110010101100001101101010
3335,1111011010001110000001100100000100010100000000000000001010011111111111101101000000000001111001100001110011011100101011000011011010100
3336,11110110100011100000011001000001000101000000000000000010100111111111111011010000000000011110011000011100110111001010110000110110101000
3337,111101101000111000000110010000010001010000000000000000101001111111111110110100000000000111100110000111001101110010101100001101101010000
3338,1111011010001110000001100100000100010100000000000000001010011111111111101101000000000001111001100001110011011100101011000011011010100001
3339,11110110100011100000011001000001000101000000000000000010100111111111111011010000000000011110011000011100110111001010110000110110101000010
3340,111101101000111000000110010000010001010000000000000000101001111111111110110100000000000111100110000111001101110010101100001101101010000101
3341,1111011010001110000001100100000100010100000000000000001010011111111111101101000000000001111001100001110011011100101011000011011010100001010
3342,11110110100011100000011001000001000101000000000000000010100111111111111011010000000000011110011000011100110111001010110000110110101000010100
3343,111101101000111000000110010000010001010000000000000000101001111111111110110100000000000111100110000111001101110010101100001101101010000101001
3344,1111011010001110000001100100000100010100000000000000001010011111111111101101000000000001111001100001110011011100101011000011011010100001010011
3345,11110110100011100000011001000001000101000000000000000010100111111111111011010000000000011110011000011100110111001010110000110110101000010100110
3346,111101101000111000000110010000010001010000000000000000101001111111111110110100000000000111100110000111001101110010101100001101101010000101001100
3347,1111011010001110000001100100000100010100000000000000001010011111111111101101000000000001111001100001110011011100101011000011011010100001010011000
3348,1111011010001110000001100100000100010100000000000000001010011111111111101101000000000001111001100001110011011100101011000011011010100001010011000101
3349,11110110100011100000011001000001000101000000000000000010100111111111111011010000000000011110011000011100110111001010110000110110101000010100110001010
3350,111101101000111000000110010000010001010000000000000000101001111111111110110100000000000111100110000111001101110010101100001101101010000101001100010101
3351,1111011010001110000001100100000100010100000000000000001010011111111111101101000000000001111001100001110011011100101011000011011010100001010011000101011
3352,11110110100011100000011001000001000101000000000000000010100111111111111011010000000000011110011000011100110111001010110000110110101000010100110001010110
3353,111101101000111000000110010000010001010000000000000000101001111111111110110100000000000111100110000111001101110010101100001101101010000101001100010101100
3354,1111011010001110000001100100000100010100000000000000001010011111111111101101000000000001111001100001110011011100101011000011011010100001010011000101011000
3355,11110110100011100000011001000001000101000000000000000010100111111111111011010000000000011110011000011100110111001010110000110110101000010100110001010110000
3356,111101101000111000000110010000010001010000000000000000101001111111111110110100000000000111100110000111001101110010101100001101101010000101001100010101100001
3357,1111011010001110000001100100000100010100000000000000001010011111111111101101000000000001111001100001110011011100101011000011011010100001010011000101011000011
3358,11110110100011100000011001000001000101000000000000000010100111111111111011010000000000011110011000011100110111001010110000110110101000010100110001010110000110
3359,111101101000111000000110010000010001010000000000000000101001111111111110110100000000000111100110000111001101110010101100001101101010000101001100010101100001100
3360,1111011010001110000001100100000100010100000000000000001010011111111111101101000000000001111001100001110011011100101011000011011010100001010011000101011000011000
3361,11110110100011100000011001000001000101000000000000000010100111111111111011010000000000011110011000011100110111001010110000110110101000010100110001010110000110000
3362,111101101000111000000110010000010001010000000000000000101001111111111110110100000000000111100110000111001101110010101100001101101010000101001100010101100001100000
3363,1111011010001110000001100100000100010100000000000000001010011111111111101101000000000001111001100001110011011100101011000011011010100001010011000101011000011000000
3364,11110110100011100000011001000001000101000000000000000010100111111111111011010000000000011110011000011100110111001010110000110110101000010100110001010110000110000000
3365,111101101000111000000110010000010001010000000000000000101001111111111110110100000000000111100110000111001101110010101100001101101010000101001100010101100001100000000
3366,1111011010001110000001100100000100010100000000000000001010011111111111101101000000000001111001100001110011011100101011000011011010100001010011000101011000011000000000
3367,11110110100011100000011001000001000101000000000000000010100111111111111011010000000000011110011000011100110111001010110000110110101000010100110001010110000110000000000
3368,111101101000111000000110010000010001010000000000000000101001111111111110110100000000000111100110000111001101110010101100001101101010000101001100010101100001100000000000
3369,1111011010001110000001100100000100010100000000000000001010011111111111101101000000000001111001100001110011011100101011000011011010100001010011000101011000011000000000000
3370,11110110100011100000011001000001000101000000000000000010100111111111111011010000000000011110011000011100110111001010110000110110101000010100110001010110000110000000000000
3371,111101101000111000000110010000010001010000000000000000101001111111111110110100000000000111100110000111001101110010101100001101101010000101001100010101100001100000000000000
3372,111101101000111000000110010000010001010000000000000000101001111111111110110100000000000111100110000111001101110010101100001101101010000101001100010101100001101
3373,1111011010001110000001100100000100010100000000000000001010011111111111101101000000000001111001100001110011011100101011000011011010100001010011000101011000011010
3374,11110110100011100000011001000001000101000000000000000010100111111111111011010000000000011110011000011100110111001010110000110110101000010100110001010110000110100
3375,111101101000111000000110010000010001010000000000000000101001111111111110110100000000000111100110000111001101110010101100001101101010000101001100010101100001101000
3376,1111011010001110000001100100000100010100000000000000001010011111111111101101000000000001111001100001110011011100101011000011011010100001010011000101011000011011
3377,11110110100011100000011001000001000101000000000000000010100111111111111011010000000000011110011000011100110111001010110000110110101000010100110001010110000110110
3378,11110110100011100000011001000001000101000000000000000010100111111111111011010000000000011110011000011100110111001010110000110110101000010100110001010110000110111
3379,111101101000111000000110010000010001010000000000000000101001111111111110110100000000000111100110000111001101110010101100001101101010000101001100010101100001101110
3380,1111011010001110000001100100000100010100000000000000001010011111111111101101000000000001111001100001110011011100101011000011011010100001010011000101011000011011100
3381,11110110100011100000011001000001000101000000000000000010100111111111111011010000000000011110011000011100110111001010110000110110101000010100110001010110000110111000
3382,111101101000111000000110010000010001010000000000000000101001111111111110110100000000000111100110000111001101110010101100001101101010000101001100010101100001101110000
3383,1111011010001110000001100100000100010100000000000000001010011111111111101101000000000001111001100001110011011100101011000011011010100001010011000101011001
3384,11110110100011100000011001000001000101000000000000000010100111111111111011010000000000011110011000011100110111001010110000110110101000010100110001010110011
3385,111101101000111000000110010000010001010000000000000000101001111111111110110100000000000111100110000111001101110010101100001101101010000101001100010101100110
3386,1111011010001110000001100100000100010100000000000000001010011111111111101101000000000001111001100001110011011100101011000011011010100001010011000101011001100
3387,11110110100011100000011001000001000101000000000000000010100111111111111011010000000000011110011000011100110111001010110000110110101000010100110001010110011000
3388,111101101000111000000110010000010001010000000000000000101001111111111110110100000000000111100110000111001101110010101100001101101010000101001100010101100110000
3389,1111011010001110000001100100000100010100000000000000001010011111111111101101000000000001111001100001110011011100101011000011011010100001010011000101011001100001
3390,11110110100011100000011001000001000101000000000000000010100111111111111011010000000000011110011000011100110111001010110000110110101000010100110001010110011000011
3391,11110110100011100000011001000001000101000000000000000010100111111111111011010000000000011110011000011100110111001010110000110110101000010100110001010111
3392,111101101000111000000110010000010001010000000000000000101001111111111110110100000000000111100110000111001101110010101100001101101010000101001100010101110
3393,1111011010001110000001100100000100010100000000000000001010011111111111101101000000000001111001100001110011011100101011000011011010100001010011000101011100
3394,11110110100011100000011001000001000101000000000000000010100111111111111011010000000000011110011000011100110111001010110000110110101000010100110001010111000
3395,111101101000111000000110010000010001010000000000000000101001111111111110110100000000000111100110000111001101110010101100001101101010000101001100010101110000
3396,1111011010001110000001100100000100010100000000000000001010011111111111101101000000000001111001100001110011011100101011000011011010100001010011000101011100000
3397,11110110100011100000011001000001000101000000000000000010100111111111111011010000000000011110011000011100110111001010110000110110101000010100110001010111000000
3398,111101101000111000000110010000010001010000000000000000101001111111111110110100000000000111100110000111001101110010101100001101101010000101001100010101110000000
3399,111101101000111000000110010000010001010000000000000000101001111111111110110100000000000111100110000111001101110010101100011
3400,11110110100011100000011001000001000101000000000000000010100111111111111011010000000000011110011000011100110111001010110001
3401,1111011010001110000001100100000100010100000000000000001010011111111111101101000000000001111001100001110011011100101011000110
3402,11110110100011100000011001000001000101000000000000000010100111111111111011010000000000011110011000011100110111001010110001100
3403,111101101000111000000110010000010001010000000000000000101001111111111110110100000000000111100110000111001101110010101100011000
3404,1111011010001110000001100100000100010100000000000000001010011111111111101101000000000001111001100001110011011100101011000110000
3405,11110110100011100000011001000001000101000000000000000010100111111111111011010000000000011110011000011100110111001010110001100000
3406,111101101000111000000110010000010001010000000000000000101001111111111110110100000000000111100110000111001101110010101100011000000
3407,1111011010001110000001100100000100010100000000000000001010011111111111101101000000000001111001100001110011011100101011000110000000
3408,11110110100011100000011001000001000101000000000000000010100111111111111011010000000000011110011000011100110111001010110001100000000
3409,111101101000111000000110010000010001010000000000000000101001111111111110110100000000000111100110000111001101110010101100011000000000
3410,111101101000111000000110010000010001010000000000000000101001111111111110110100000000000111100110000111001101110010101100011001
3411,1111011010001110000001100100000100010100000000000000001010011111111111101101000000000001111001100001110011011100101011000110010
3412,11110110100011100000011001000001000101000000000000000010100111111111111011010000000000011110011000011100110111001010110001100100
3413,111101101000111000000110010000010001010000000000000000101001111111111110110100000000000111100110000111001101110010101100011001000
3414,1111011010001110000001100100000100010100000000000000001010011111111111101101000000000001111001100001110011011100101011000110010000
3415,11110110100011100000011001000001000101000000000000000010100111111111111011010000000000011110011000011100110111001010110001100100000
3416,11110110100011100000011001000001000101000000000000000010100111111111111011010000000000011110011000011100110111001010110000110110101000010100110001010110000110001
3417,111101101000111000000110010000010001010000000000000000101001111111111110110100000000000111100110000111001101110010101100001101101010000101001100010101100001100010
3418,1111011010001110000001100100000100010100000000000000001010011111111111101101000000000001111001100001110011011100101011000011011010100001010011000101011000011000100
3419,11110110100011100000011001000001000101000000000000000010100111111111111011010000000000011110011000011100110111001010110000110110101000010100110001010110000110001000
3420,1111011010001110000001100100000100010100000000000000001010011111111111101101000000000001111001100001110011011100101011000011011010100001010011000101011000011000100011
3421,111101101000111000000110010000010001010000000000000000101001111111111110110100000000000111100110000111001101110010101100001101101010000101001100010101100001100010001
3422,1111011010001110000001100100000100010100000000000000001010011111111111101101000000000001111001100001110011011100101011000011011010100001011
3423,11110110100011100000011001000001000101000000000000000010100111111111111011010000000000011110011000011100110111001010110000110110101000010110
3424,111101101000111000000110010000010001010000000000000000101001111111111110110100000000000111100110000111001101110010101100001101101010000101100
3425,1111011010001110000001100100000100010100000000000000001010011111111111101101000000000001111001100001110011011100101011000011011010100001011000
3426,11110110100011100000011001000001000101000000000000000010100111111111111011010000000000011110011000011100110111001010110000110110101000010110000
3427,111101101000111000000110010000010001010000000000000000101001111111111110110100000000000111100110000111001101110010101100001101101010000101100000
3428,111101101000111000000110010000010001010000000000000000101001111111111110110100000000000111100110000111001101110010101100001111
3429,11110110100011100000011001000001000101000000000000000010100111111111111011010000000000011110011000011100110111001010110000111
3430,1111011010001110000001100100000100010100000000000000001010011111111111101101000000000001111001100001110011011100101011000011110
3431,11110110100011100000011001000001000101000000000000000010100111111111111011010000000000011110011000011100110111001010110000111100
3432,111101101000111000000110010000010001010000000000000000101001111111111110110100000000000111100110000111001101110010101100001111000
3433,1111011010001110000001100100000100010100000000000000001010011111111111101101000000000001111001100001110011011100101011000011110001
3434,11110110100011100000011001000001000101000000000000000010100111111111111011010000000000011110011000011100110111001010110000111100011
3435,111101101000111000000110010000010001010000000000000000101001111111111110110100000000000111100110000111001101110010101100001111000110
3436,11110110100011100000011001000001000101000000000000000010100111111111111011010000000000011110011000011100110111011
3437,1111011010001110000001100100000100010100000000000000001010011111111111101101000000000001111001100001110011011101
3438,111101101000111000000110010000010001010000000000000000101001111111111110110100000000000111100110000111001101110110
3439,1111011010001110000001100100000100010100000000000000001010011111111111101101000000000001111001100001110011011101100
3440,11110110100011100000011001000001000101000000000000000010100111111111111011010000000000011110011000011100110111011000
3441,111101101000111000000110010000010001010000000000000000101001111111111110110100000000000111100110000111001101110110001
3442,11110110100011100000011001000001000101000000000000000010100111111111111011010000000000011110011000011100110111001010110000110110101000010100110001011
3443,111101101000111000000110010000010001010000000000000000101001111111111110110100000000000111100110000111001101110010101100001101101010000101001100010110
3444,1111011010001110000001100100000100010100000000000000001010011111111111101101000000000001111001100001110011011100101011000011011010100001010011000101100
3445,11110110100011100000011001000001000101000000000000000010100111111111111011010000000000011110011000011100110111001010110000110110101000010100110001011000
3446,111101101000111000000110010000010001010000000000000000101001111111111110110100000000000111100110000111001101110010101100001101101010000101001100010110000
3447,11110110100011100000011001000001000101000000000000000010100111111111111011010000000000011110011000011100110111001010110000110110101110
3448,111101101000111000000110010000010001010000000000000000101001111111111110110100000000000111100110000111001101110010101100001101101011101
3449,111101101000111000000110010000010001010000000000000000101001111111111110110100000000000111100110000111011
3450,11110110100011100000011001000001000101000000000000000010100111111111111011010000000000011110011000011101
3451,111101101000111000000110010000010001010000000000000000101001111111111110110100000000000111100110000111001101110111
3452,11110110100011100000011001000001000101000000000000000010100111111111111011010000000000011110011000011100110111011001
3453,1111011010001110000001100100000100010100000000000000001010011111111111101101000000000001111001100001110011011101101
3454,1111011010001110000001100100000100010100000000000000001010011111111111101101000000000001111001100001110011011100101011000110011
3455,11110110100011100000011001000001000101000000000000000010100111111111111011010000000000011110011000011100110111001010110001100101
3456,111101101000111000000110010000010001010000000000000000101001111111111110110100000000000111100110000111001101110010101100011001001
3457,1111011010001110000001100100000100010100000000000000001010011111111111101101000000000001111001100001110011011100101011000110010010
3458,11110110100011100000011001000001000101000000000000000010100111111111111011010000000000011110011000011100110111001010110001100100101
3459,1111011010001110000001100100000100010100000000000000001010011111111111101101000000000001111001100001110011011100101011000110010011
3460,11110110100011100000011001000001000101000000000000000010100111111111111011010000000000011110011000011100110111001010110001100100111
3461,11110110100011100000011001000001000101000000000000000010100111111111111011010000000000011110011000011100110111001010110001100100011
3462,1111011010001110000001100100000100010100000000000000001010011111111111101101000000000001111001100001110011011100101011000110010001
3463,11110110100011100000011001000001000101000000000000000010100111111111111011010000000000011110011000011100110111001010110001100100001
3464,11110110100011100000011001000001000101000000000000000010100111111111111011010000000000011110011000011100110111001010110001100011
3465,1111011010001110000001100100000100010100000000000000001010011111111111101101000000000001111001100001110011011100101011000110001
3466,11110110100011100000011001000001000101000000000000000010100111111111111011010000000000011110011000011100110111001010110001100001
3467,111101101000111000000110010000010001010000000000000000101001111111111110110100000000000111100110000111001101110010101100011000010
3468,1111011010001110000001100100000100010100000000000000001010011111111111101101000000000001111001100001110011011100101011000110000100
3469,11110110100011100000011001000001000101000000000000000010100111111111111011010000000000011110011000011100110111001010110001100001000
3470,111101101000111000000110010000010001010000000000000000101001111111111110110100000000000111100110000111001101110010101100011000011
3471,11110110100011100000011001000001000101000000000000000010100111111111111011010000000000011110011000011100110111001010110001100001001
3472,111101101000111000000110010000010001010000000000000000101001111111111110110100000000000111100110000111001101110010101100011000010010
3473,111101101000111000000110010000010001010000000000000000101001111111111110110100000000000111100110000111001101110010101100011000010011
3474,1111011010001110000001100100000100010100000000000000001010011111111111101101000000000001111001100001110011011100101011000110000101
3475,11110110100011100000011001000001000101000000000000000010100111111111111011010000000000011110011000011100110111001010110001100001010
3476,111101101000111000000110010000010001010000000000000000101001111111111110110100000000000111100110000111001101110010101100011000010100
3477,111101101000111000000110010000010001010000000000000000101001111111111110110100000000000111100110000111001101110010101100011000010101
3478,11110110100011100000011001000001000101000000000000000010100111111111111011010000000000011110011000011100110111001010110001100001011
3479,11110110100011100000011001000001000101000000000000000010100111111111111011010000000000011110011000011100110111001010110001100000001
3480,111101101000111000000110010000010001010000000000000000101001111111111110110100000000000111100110000111001101110010101100011000000001
3481,1111011010001110000001100100000100010100000000000000001010011111111111101101000000000001111001100001110011011100101011000110000000010
3482,1111011010001110000001100100000100010100000000000000001010011111111111101101000000000001111001100001110011011100101011000110000000011
3483,1111011010001110000001100100000100010100000000000000001010011111111111101101000000000001111001100001110011011100101011000110000001
3484,111101101000111000000110010000010001010000000000000000101001111111111110110100000000000111100110000111001101110010101100011000001
3485,11110110100011100000011001000001000101000000000000000010100111111111111011010000000000011110011000011100110111001010110001101
3486,1111011010001110000001100100000100010100000000000000001010011111111111101101000000000001111001100001110011011100101011000111
3487,111101101000111000000110010000010001010000000000000000101001111111111110110100000000000111100110000111001101110010101100001111001
3488,11110110100011100000011001000001000101000000000000000010100111111111111011010000000000011110011000011100110111001010110000111100011111
3489,111101101000111000000110010000010001010000000000000000101001111111111110110100000000000111100110000111001101110010101100001111000111
3490,1111011010001110000001100100000100010100000000000000001010011111111111101101000000000001111001100001110011011100101011000011110001111
3491,1111011010001110000001100100000100010100000000000000001010011111111111101101000000000001111001100001110011011100101011000011110001111101
3492,111101101000111000000110010000010001010000000000000000101001111111111110110100000000000111100110000111001101110010101100001111000111110
3493,11110110100011100000011001000001000101000000000000000010100111111111111011010000000000011110011000011100110111001010110000111100011111010
3494,111101101000111000000110010000010001010000000000000000101001111111111110110100000000000111100110000111001101110010101100001111000111110100
3495,1111011010001110000001100100000100010100000000000000001010011111111111101101000000000001111001100001110011011100101011000011110001111101000
3496,111101101000111000000110010000010001010000000000000000101001111111111110110100000000000111100110000111001101110010101100001111000111111
3497,11110110100011100000011001000001000101000000000000000010100111111111111011010000000000011110011000011100110111001010110000111100011111011
3498,1111011010001110000001100100000100010100000000000000001010011111111111101101000000000001111001100001110011011100101011000011110001111101001
3499,111101101000111000000110010000010001010000000000000000101001111111111110110100000000000111100110000111001101110010101100001111000111110101
3500,111101101000111000000110010000010001010000000000000000101001111111111110110100000000000111100110000111001101110010101100001111011
3501,11110110100011100000011001000001000101000000000000000010100111111111111011010000000000011110011000011100110111001010110000111101
3502,1111011010001110000001100100000100010100000000000000001010011111111111101101000000000001111001100001110011011100101011000011111
3503,1111011010001110000001100100000100010100000000000000001010011111111111101101000000000001111001100001110011011100101011000011011011
3504,11110110100011100000011001000001000101000000000000000010100111111111111011010000000000011110011000011100110111001010110000110110110
3505,11110110100011100000011001000001000101000000000000000010100111111111111011010000000000011110011000011100110111001010110000110110110011
3506,111101101000111000000110010000010001010000000000000000101001111111111110110100000000000111100110000111001101110010101100001101101100
3507,1111011010001110000001100100000100010100000000000000001010011111111111101101000000000001111001100001110011011100101011000011011011001
3508,111101101000111000000110010000010001010000000000000000101001111111111110110100000000000111100110000111001101110010101100001101101101
3509,11110110100011100000011001000001000101000000000000000010100111111111111011010000000000011110011000011100110111001010110000110110111
3510,11110110100011100000011001000001000101000000000000000010100111111111111011010000000000011110011000011100110111001010110000110110101001
3511,11110110100011100000011001000001000101000000000000000010100111111111111011010000000000011110011000011100110111001010110000110110101000011
3512,1111011010001110000001100100000100010100000000000000001010011111111111101101000000000001111001100001110011011100101011000011011010100001011001
3513,111101101000111000000110010000010001010000000000000000101001111111111110110100000000000111100110000111001101110010101100001101101010000101100001
3514,11110110100011100000011001000001000101000000000000000010100111111111111011010000000000011110011000011100110111001010110000110110101000010110001
3515,111101101000111000000110010000010001010000000000000000101001111111111110110100000000000111100110000111001101110010101100001101101010000101101
3516,11110110100011100000011001000001000101000000000000000010100111111111111011010000000000011110011000011100110111001010110000110110101000010111
3517,11110110100011100000011001000001000101000000000000000010100111111111111011010000000000011110011000011100110111001010110000110110101000010101
3518,1111011010001110000001100100000100010100000000000000001010011111111111101101000000000001111001100001110011011100101011000011011010100001010011000111
3519,111101101000111000000110010000010001010000000000000000101001111111111110110100000000000111100110000111001101110010101100001101101010000101001100010111
3520,111101101000111000000110010000010001010000000000000000101001111111111110110100000000000111100110000111001101110010101100001101101010000101001100010110001
3521,11110110100011100000011001000001000101000000000000000010100111111111111011010000000000011110011000011100110111001010110000110110101000010100110001011001
3522,1111011010001110000001100100000100010100000000000000001010011111111111101101000000000001111001100001110011011100101011000011011010100001010011000101101
3523,111101101000111000000110010000010001010000000000000000101001111111111110110100000000000111100110000111001101110010101100001101101010000101001100010101101
3524,1111011010001110000001100100000100010100000000000000001010011111111111101101000000000001111001100001110011011100101011000011011010100001010011000101011010
3525,11110110100011100000011001000001000101000000000000000010100111111111111011010000000000011110011000011100110111001010110000110110101000010100110001010110100
3526,111101101000111000000110010000010001010000000000000000101001111111111110110100000000000111100110000111001101110010101100001101101010000101001100010101101000
3527,1111011010001110000001100100000100010100000000000000001010011111111111101101000000000001111001100001110011011100101011000011011010100001010011000101011010000
3528,11110110100011100000011001000001000101000000000000000010100111111111111011010000000000011110011000011100110111001010110000110110101000010100110001010110100000
3529,111101101000111000000110010000010001010000000000000000101001111111111110110100000000000111100110000111001101110010101100001101101010000101001100010101101001
3530,1111011010001110000001100100000100010100000000000000001010011111111111101101000000000001111001100001110011011100101011000011011010100001010011000101011010010
3531,11110110100011100000011001000001000101000000000000000010100111111111111011010000000000011110011000011100110111001010110000110110101000010100110001010110100100
3532,1111011010001110000001100100000100010100000000000000001010011111111111101101000000000001111001100001110011011100101011000011011010100001010011000101011010011
3533,11110110100011100000011001000001000101000000000000000010100111111111111011010000000000011110011000011100110111001010110000110110101000010100110001010110100101
3534,11110110100011100000011001000001000101000000000000000010100111111111111011010000000000011110011000011100110111001010110000110110101000010100110001010110100001
3535,111101101000111000000110010000010001010000000000000000101001111111111110110100000000000111100110000111001101110010101100001101101010000101001100010101101000011
3536,1111011010001110000001100100000100010100000000000000001010011111111111101101000000000001111001100001110011011100101011000011011010100001010011000101011010000111
3537,11110110100011100000011001000001000101000000000000000010100111111111111011010000000000011110011000011100110111001010110000110110101000010100110001010110100001110
3538,111101101000111000000110010000010001010000000000000000101001111111111110110100000000000111100110000111001101110010101100001101101010000101001100010101101000011100
3539,111101101000111000000110010000010001010000000000000000101001111111111110110100000000000111100110000111001101110010101100001101101010000101001100010101101000011101
3540,11110110100011100000011001000001000101000000000000000010100111111111111011010000000000011110011000011100110111001010110000110110101000010100110001010110100001111
3541,1111011010001110000001100100000100010100000000000000001010011111111111101101000000000001111001100001110011011100101011000011011010100001010011000101011010001
3542,11110110100011100000011001000001000101000000000000000010100111111111111011010000000000011110011000011100110111001010110000110110101000010100110001010110101
3543,1111011010001110000001100100000100010100000000000000001010011111111111101101000000000001111001100001110011011100101011000011011010100001010011000101011011
3544,11110110100011100000011001000001000101000000000000000010100111111111111011010000000000011110011000011100110111001010110000110110101000010100110001010110001
3545,1111011010001110000001100100000100010100000000000000001010011111111111101101000000000001111001100001110011011100101011000011011010100001010011000101011000011001
3546,1111011010001110000001100100000100010100000000000000001010011111111111101101000000000001111001100001110011011100101011000011011010100001010011000101011000011000001
3547,11110110100011100000011001000001000101000000000000000010100111111111111011010000000000011110011000011100110111001010110000110110101000010100110001010110000110000001
3548,111101101000111000000110010000010001010000000000000000101001111111111110110100000000000111100110000111001101110010101100001101101010000101001100010101100001100000000001
3549,11110110100011100000011001000001000101000000000000000010100111111111111011010000000000011110011000011100110111001010110000110110101000010100110001010110000110000000000001
3550,111101101000111000000110010000010001010000000000000000101001111111111110110100000000000111100110000111001101110010101100001101101010000101001100010101100001100000000000001
3551,1111011010001110000001100100000100010100000000000000001010011111111111101101000000000001111001100001110011011100101011000011011010100001010011000101011000011000000000001
3552,11110110100011100000011001000001000101000000000000000010100111111111111011010000000000011110011000011100110111001010110000110110101000010100110001010110000110000000000010
3553,11110110100011100000011001000001000101000000000000000010100111111111111011010000000000011110011000011100110111001010110000110110101000010100110001010110000110000000000011
3554,11110110100011100000011001000001000101000000000000000010100111111111111011010000000000011110011000011100110111001010110000110110101000010100110001010110000110000000001
3555,111101101000111000000110010000010001010000000000000000101001111111111110110100000000000111100110000111001101110010101100001101101010000101001100010101100001100000000011
3556,1111011010001110000001100100000100010100000000000000001010011111111111101101000000000001111001100001110011011100101011000011011010100001010011000101011000011000000000111
3557,1111011010001110000001100100000100010100000000000000001010011111111111101101000000000001111001100001110011011100101011000011011010100001010011000101011000011000000001
3558,111101101000111000000110010000010001010000000000000000101001111111111110110100000000000111100110000111001101110010101100001101101010000101001100010101100001100000001
3559,111101101000111000000110010000010001010000000000000000101001111111111110110100000000000111100110000111001101110010101100001101101010000101001100010101100001100001
3560,1111011010001110000001100100000100010100000000000000001010011111111111101101000000000001111001100001110011011100101011000011011010100001010011000101011000011000010
3561,11110110100011100000011001000001000101000000000000000010100111111111111011010000000000011110011000011100110111001010110000110110101000010100110001010110000110000100
3562,111101101000111000000110010000010001010000000000000000101001111111111110110100000000000111100110000111001101110010101100001101101010000101001100010101100001100001000
3563,1111011010001110000001100100000100010100000000000000001010011111111111101101000000000001111001100001110011011100101011000011011010100001010011000101011000011000010000
3564,11110110100011100000011001000001000101000000000000000010100111111111111011010000000000011110011000011100110111001010110000110110101000010100110001010110000110000100000
3565,111101101000111000000110010000010001010000000000000000101001111111111110110100000000000111100110000111001101110010101100001101101010000101001100010101100001100001000000
3566,1111011010001110000001100100000100010100000000000000001010011111111111101101000000000001111001100001110011011100101011000011011010100001010011000101011000011000010000001
3567,1111011010001110000001100100000100010100000000000000001010011111111111101101000000000001111001100001110011011100101011000011011010100001010011000101011000011000011
3568,111101101000111000000110010000010001010000000000000000101001111111111110110100000000000111100110000111001101110010101100001101101010000101001100010101100001100001001
3569,111101101000111000000110010000010001010000000000000000101001111111111110110100000000000111100110000111001101110010101100001101101010000101001100010101100001100001000001
3570,11110110100011100000011001000001000101000000000000000010100111111111111011010000000000011110011000011100110111001010110000110110101000010100110001010110000110000100001
3571,1111011010001110000001100100000100010100000000000000001010011111111111101101000000000001111001100001110011011100101011000011011010100001010011000101011000011000010001
3572,11110110100011100000011001000001000101000000000000000010100111111111111011010000000000011110011000011100110111001010110000110110101000010100110001010110000110000101
3573,11110110100011100000011001000001000101000000000000000010100111111111111011010000000000011110011000011100110111001010110000110110101000010100110001010110000110001001
3574,1111011010001110000001100100000100010100000000000000001010011111111111101101000000000001111001100001110011011100101011000011011010100001010011000101011000011000101
3575,111101101000111000000110010000010001010000000000000000101001111111111110110100000000000111100110000111001101110010101100001101101010000101001100010101100001100011
3576,1111011010001110000001100100000100010100000000000000001010011111111111101101000000000001111001100001110011011100101011000011011010100001010011000101011000011000111
3577,111101101000111000000110010000010001010000000000000000101001111111111110110100000000000111100110000111001101110010101100001101101010000101001100010101100001101001
3578,11110110100011100000011001000001000101000000000000000010100111111111111011010000000000011110011000011100110111001010110000110110101000010100110001010110000110101
3579,111101101000111000000110010000010001010000000000000000101001111111111110110100000000000111100110000111001101110010101100001101101010000101001100010101100001101111
3580,1111011010001110000001100100000100010100000000000000001010011111111111101101000000000001111001100001110011011100101011000011011010100001010011000101011000011011101
3581,11110110100011100000011001000001000101000000000000000010100111111111111011010000000000011110011000011100110111001010110000110110101000010100110001010110000110111001
3582,111101101000111000000110010000010001010000000000000000101001111111111110110100000000000111100110000111001101110010101100001101101010000101001100010101100001101110001
3583,11110110100011100000011001000001000101000000000000000010100111111111111011010000000000011110011000011100110111001010110000110110101000010100110001010110000111
3584,1111011010001110000001100100000100010100000000000000001010011111111111101101000000000001111001100001110011011100101011000011011010100001010011000101011001101
3585,11110110100011100000011001000001000101000000000000000010100111111111111011010000000000011110011000011100110111001010110000110110101000010100110001010110011001
3586,111101101000111000000110010000010001010000000000000000101001111111111110110100000000000111100110000111001101110010101100001101101010000101001100010101100110001
3587,111101101000111000000110010000010001010000000000000000101001111111111110110100000000000111100110000111001101110010101100001101101010000101001100010101100111
3588,1111011010001110000001100100000100010100000000000000001010011111111111101101000000000001111001100001110011011100101011000011011010100001010011000101011001110
3589,1111011010001110000001100100000100010100000000000000001010011111111111101101000000000001111001100001110011011100101011000011011010100001010011000101011001111
3590,111101101000111000000110010000010001010000000000000000101001111111111110110100000000000111100110000111001101110010101100001101101010000101001100010101111
3591,11110110100011100000011001000001000101000000000000000010100111111111111011010000000000011110011000011100110111001010110000110110101000010100110001010111001
3592,1111011010001110000001100100000100010100000000000000001010011111111111101101000000000001111001100001110011011100101011000011011010100001010011000101011100001
3593,111101101000111000000110010000010001010000000000000000101001111111111110110100000000000111100110000111001101110010101100001101101010000101001100010101110000001
3594,11110110100011100000011001000001000101000000000000000010100111111111111011010000000000011110011000011100110111001010110000110110101000010100110001010111000001
3595,111101101000111000000110010000010001010000000000000000101001111111111110110100000000000111100110000111001101110010101100001101101010000101001100010101110001
3596,11110110100011100000011001000001000101000000000000000010100111111111111011010000000000011110011000011100110111001010110000110110101000010100110001010111000101
3597,1111011010001110000001100100000100010100000000000000001010011111111111101101000000000001111001100001110011011100101011000011011010100001010011000101011100010
3598,1111011010001110000001100100000100010100000000000000001010011111111111101101000000000001111001100001110011011100101011000011011010100001010011000101011100011
3599,1111011010001110000001100100000100010100000000000000001010011111111111101101000000000001111001100001110011011100101011000011011010100001010011000101011101
3600,1111011010001110000001100100000100010100000000000000001010011111111111101101000000000001111001100001110011011100101011000011011010100001010011001
3601,11110110100011100000011001000001000101000000000000000010100111111111111011010000000000011110011000011100110111001010110000110110101000010100110010
3602,111101101000111000000110010000010001010000000000000000101001111111111110110100000000000111100110000111001101110010101100001101101010000101001100100
3603,111101101000111000000110010000010001010000000000000000101001111111111110110100000000000111100110000111001101110010101100001101101010000101001100101
3604,1111011010001110000001100100000100010100000000000000001010011111111111101101000000000001111001100001110011011100101011000011011010100001010011001010
3605,1111011010001110000001100100000100010100000000000000001010011111111111101101000000000001111001100001110011011100101011000011011010100001010011001011
3606,11110110100011100000011001000001000101000000000000000010100111111111111011010000000000011110011000011100110111001010110000110110101000010100110011
3607,111101101000111000000110010000010001010000000000000000101001111111111110110100000000000111100110000111001101110010101100001101101010000101001101
3608,11110110100011100000011001000001000101000000000000000010100111111111111011010000000000011110011000011100110111001010110000110110101000010100111
3609,111101101000111000000110010000010001010000000000000000101001111111111110110100000000000111100110000111001101110010101100001101101010000101001110
3610,111101101000111000000110010000010001010000000000000000101001111111111110110100000000000111100110000111001101110010101100001101101010000101001111
3611,111101101000111000000110010000010001010000000000000000101001111111111110110100000000000111100110000111001101110010101100001101101010001
3612,1111011010001110000001100100000100010100000000000000001010011111111111101101000000000001111001100001110011011100101011000011011010101
3613,11110110100011100000011001000001000101000000000000000010100111111111111011010000000000011110011000011100110111001010110000110111
3614,111101101000111000000110010000010001010000000000000000101001111111111110110100000000000111100110000111001101110010101100001101111
3615,1111011010001110000001100100000100010100000000000000001010011111111111101101000000000001111001100001110011011100101011000011011110
3616,11110110100011100000011001000001000101000000000000000010100111111111111011010000000000011110011000011100110111001010110000110111101
3617,111101101000111000000110010000010001010000000000000000101001111111111110110100000000000111100110000111001101110010101100001101111011
3618,1111011010001110000001100100000100010100000000000000001010011111111111101101000000000001111001100001110011011100101011000011011110110
3619,11110110100011100000011001000001000101000000000000000010100111111111111011010000000000011110011000011100110111001010110000110111101100
3620,111101101000111000000110010000010001010000000000000000101001111111111110110100000000000111100110000111001101110010101100001101111011000
3621,1111011010001110000001100100000100010100000000000000001010011111111111101101000000000001111001100001110011011100101011000011011110110000
3622,11110110100011100000011001000001000101000000000000000010100111111111111011010000000000011110011000011100110111001010110000110111101100000
3623,111101101000111000000110010000010001010000000000000000101001111111111110110100000000000111100110000111001101110010101100001101111011000000
3624,1111011010001110000001100100000100010100000000000000001010011111111111101101000000000001111001100001110011011100101011000011011111
3625,11110110100011100000011001000001000101000000000000000010100111111111111011010000000000011110011000011100110111001010110000110111101101
3626,111101101000111000000110010000010001010000000000000000101001111111111110110100000000000111100110000111001101110010101100001101111011000001
3627,11110110100011100000011001000001000101000000000000000010100111111111111011010000000000011110011000011100110111001010110000110111101100001
3628,1111011010001110000001100100000100010100000000000000001010011111111111101101000000000001111001100001110011011100101011000011011110110001
3629,111101101000111000000110010000010001010000000000000000101001111111111110110100000000000111100110000111001101110010101100001101111011001
3630,1111011010001110000001100100000100010100000000000000001010011111111111101101000000000001111001100001110011011100101011000011011110111
3631,11110110100011100000011001000001000101000000000000000010100111111111111011010000000000011110011000011100110111001010110000110111101110
3632,11110110100011100000011001000001000101000000000000000010100111111111111011010000000000011110011000011100110111001010110000110111101111
3633,11110110100011100000011001000001000101000000000000000010100111111111111011010000000000011110011000011100110111001010110011
3634,1111011010001110000001100100000100010100000000000000001010011111111111101101000000000001111001100001110011011100101011001
3635,1111011010001110000001100100000100010100000000000000001010011111111111101101000000000001111001100001110011011100101011011
3636,11110110100011100000011001000001000101000000000000000010100111111111111011010000000000011110011000011100110111001010110111
3637,111101101000111000000110010000010001010000000000000000101001111111111110110100000000000111100110000111001101110010101101
3638,111101101000111000000110010000010001010000000000000000101001111111111110110100000000000111100110000111001101110010101111
3639,11110110100011100000011001000001000101000000000000000010100111111111111011010000000000011110011000011100110111001010111
3640,1111011010001110000001100100000100010100000000000000001010011111111111101101000000000001111001100001110011011100101011110
3641,1111011010001110000001100100000100010100000000000000001010011111111111101101000000000001111001100001110011011100101011111
3642,111101101000111000000110010000010001010000000000000000101001111111111110110100000000000111100110000111001101110010111
3643,11110110100011100000011001000001000101000000000000000010100111111111111011010000000000011110011000011100110111001011
3644,1111011010001110000001100100000100010100000000000000001010011111111111101101000000000001111001100001110011011100101110
3645,1111011010001110000001100100000100010100000000000000001010011111111111101101000000000001111001100001110011011100101111
3646,11110110100011100000011001000001000101000000000000000010100111111111111011010000000000011110011000011100110111001011111
3647,111101101000111000000110010000010001010000000000000000101001111111111110110100000000000111100110000111001101110011
3648,1111011010001110000001100100000100010100000000000000001010011111111111101101000000000001111001100001110011011111
3649,111101101000111000000110010000010001010000000000000000101001111111111110110100000000000111100110000111001101111
3650,111101101000111000000110010000010001010000000000000000101001111111111110110100000000000111100110000111001111
3651,11110110100011100000011001000001000101000000000000000010100111111111111011010000000000011110011000011100111
3652,11110110100011100000011001000001000101000000000000000010100111111111111011010000000000011110011000011111
3653,1111011010001110000001100100000100010100000000000000001010011111111111101101000000000001111001100001111
3654,1111011010001110000001100100000100010100000000000000001010011111111111101101000000000001111001100001110011011100101011000110000011
3655,11110110100011100000011001000001000101000000000000000010100111111111111011010000000000011110011000011100110111001010110000110110101111
3656,111101101000111000000110010000010001010000000000000000101001111111111110110100000000000111100110000111001101110010101100001101101011
3657,1111011010001110000001100100000100010100000000000000001010011111111111101101000000000001111001100001110011011100101011000011011010111
3658,111101101000111000000110010000010001010000000000000000101001111111111110110100000000000111100110
3659,1111011010001110000001100100000100010100000000000000001010011111111111101101000000000001111001100
3660,11110110100011100000011001000001000101000000000000000010100111111111111011010000000000011110011000
3661,1111011010001110000001100100000100010100000000000000001010011111111111101101000000000001111001100010
3662,111101101000111000000110010000010001010000000000000000101001111111111110110100000000000111100110001
3663,11110110100011100000011001000001000101000000000000000010100111111111111011010000000000011110011000100
3664,111101101000111000000110010000010001010000000000000000101001111111111110110100000000000111100110001000
3665,1111011010001110000001100100000100010100000000000000001010011111111111101101000000000001111001100010001
3666,11110110100011100000011001000001000101000000000000000010100111111111111011010000000000011110011000100010
3667,111101101000111000000110010000010001010000000000000000101001111111111110110100000000000111100110001000100
3668,11110110100011100000011001000001000101000000000000000010100111111111111011010000000000011110011111
3669,111101101000111000000110010000010001010000000000000000101001111111111110110100000000000111100111111
3670,111101101000111000000110010000010001010000000000000000101001111111111110110100000000000111100111
3671,1111011010001110000001100100000100010100000000000000001010011111111111101101000000000001111001111
3672,1111011010001110000001100100000100010100000000000000001010011111111111101101000000000001111001111110
3673,11110110100011100000011001000001000101000000000000000010100111111111111011010000000000011110011111101
3674,1111011010001110000001100100000100010100000000000000001010011111111111101101000000000001111001101
3675,111101101000111000000110010000010001010000000000000000101001111111111110110100000000000111100110111
3676,1111011010001110000001100100000100010100000000000000001010011111111111101101000000000001111001101111
3677,11110110100011100000011001000001000101000000000000000010100111111111111011010000000000011110011011
3678,11110110100011100000011001000001000101000000000000000010100111111111111011010000000000011110011011110
3679,111101101000111000000110010000010001010000000000000000101001111111111110110100000000000111100110111100
3680,1111011010001110000001100100000100010100000000000000001010011111111111101101000000000001111001101111000
3681,11110110100011100000011001000001000101000000000000000010100111111111111011010000000000011110011011110000
3682,111101101000111000000110010000010001010000000000000000101001111111111110110100000000000111100110111100000
3683,11110110100011100000011001000001000101000000000000000010100111111111111011010000000000011110011011110000001
3684,1111011010001110000001100100000100010100000000000000001010011111111111101101000000000001111001101111000000
3685,1111011010001110000001100100000100010100000000000000001010011111111111101101000000000001111001100010001011
3686,111101101000111000000110010000010001010000000000000000101001111111111110110100000000000111100110001000101
3687,11110110100011100000011001000001000101000000000000000010100111111111111011010000000000011110011000100010110
3688,111101101000111000000110010000010001010000000000000000101001111111111110110100000000000111100110001000111
3689,11110110100011100000011001000001000101000000000000000010100111111111111011010000000000011110011000100011
3690,1111011010001110000001100100000100010100000000000000001010011111111111101101000000000001111001100010001110
3691,11110110100011100000011001000001000101000000000000000010100111111111111011010000000000011110011000100011100
3692,11110110100011100000011001000001000101000000000000000010100111111111111011010000000000011110011001
3693,111101101000111000000110010000010001010000000000000000101001111111111110110100000000000111100110011
3694,1111011010001110000001100100000100010100000000000000001010011111111111101101000000000001111001100110
3695,11110110100011100000011001000001000101000000000000000010100111111111111011010000000000011110011001100
3696,111101101000111000000110010000010001010000000000000000101001111111111110110100000000000111100110011000
3697,1111011010001110000001100100000100010100000000000000001010011111111111101101000000000001111001100110000
3698,111101101000111000000110010000010001010000000000000000101001111111111110110100000000000111100110011000001
3699,1111011010001110000001100100000100010100000000000000001010011111111111101101000000000001111001100110000011
3700,11110110100011100000011001000001000101000000000000000010100111111111111011010000000000011110011001100000
3701,11110110100011100000011001000001000101000000000000000010100111111111111011010000000000011110011001100000111
3702,111101101000111000000110010000010001010000000000000000101001111111111110110100000000000111100110001000101100
3703,11110110100011100000011001000001000101000000000000000010100111111111111011010000000000011110001
3704,1111011010001110000001100100000100010100000000000000001010011111111111101101000000000001111000
3705,1111011010001110000001100100000100010100000000000000001010011111111111101101000000000001111001101111001
3706,1111011010001110000001100100000100010100000000000000001010011111111111101101000000000001111001101111000001
3707,111101101000111000000110010000010001010000000000000000101001111111111110110100000000000111100110111100010
3708,1111011010001110000001100100000100010100000000000000001010011111111111101101000000000001111001101111000100
3709,11110110100011100000011001000001000101000000000000000010100111111111111011010000000000011110011011110001000
3710,111101101000111000000110010000010001010000000000000000101001111111111110110100000000000111100110111100010000
3711,1111011010001110000001100100000100010100000000000000001010011111111111101101000000000001111001101111000101
3712,111101101000111000000110010000010001010000000000000000101001111111111110110100000000000111100110111100010001
3713,11110110100011100000011001000001000101000000000000000010100111111111111011010000000000011110011011110001001
3714,11110110100011100000011001000001000101000000000000000010100111111111111011010000000000011110011011110001
3715,111101101000111000000110010000010001010000000000000000101001111111111110110100000000000111100110111101
3716,11110110100011100000011001000001000101000000000000000010100111111111111011010000000000011110011011111
3717,111101101000111000000110010000010001010000000000000000101001111111111110110100000000000111100110011001
3718,1111011010001110000001100100000100010100000000000000001010011111111111101101000000000001111001100110011
3719,11110110100011100000011001000001000101000000000000000010100111111111111011010000000000011110011001100001
3720,11110110100011100000011001000001000101000000000000000010100111111111111011010000000000011110011001101
3721,1111011010001110000001100100000100010100000000000000001010011111111111101101000000000001111001100110101
3722,111101101000111000000110010000010001010000000000000000101001111111111110110100000000000111100110011010
3723,111101101000111000000110010000010001010000000000000000101001111111111110110100000000000111100110011011
3724,1111011010001110000001100100000100010100000000000000001010011111111111101101000000000001111001100110110
3725,1111011010001110000001100100000100010100000000000000001010011111111111101101000000000001111001100110111
3726,1111011010001110000001100100000100010100000000000000001010011111111111101101000000000001111001100111
3727,1111011010001110000001100100000100010100000000000000001010011111111111101101000000000001111001100011
3728,111101101000111000000110010000010001010000000000000000101001111111111110110100000000000111100110001111
3729,11110110100011100000011001000001000101000000000000000010100111111111111011010000000000011110011000111
3730,1111011010001110000001100100000100010100000000000000001010011111111111101101000000000001111001100010001110111
3731,11110110100011100000011001000001000101000000000000000010100111111111111011010000000000011110011000100011101111
3732,11110110100011100000011001000001000101000000000000000010100111111111111011010000000000011110011000100011101
3733,111101101000111000000110010000010001010000000000000000101001111111111110110100000000000111100110001000111011
3734,1111011010001110000001100100000100010100000000000000001010011111111111101101000000000001111001100010001111
3735,11110110100011100000011001000001000101000000000000000010100111111111111011010000000000011110011000100010111
3736,111101101000111000000110010000010001010000000000000000101001111111111110110100000000000111100110001001
3737,111101101000111000000110010000010001010000000000000000101001111111111110110100000000000111100110001011
3738,11110110100011100000011001000001000101000000000000000010100111111111111011010000000000011110011000101
3739,11110110100011100000011001000001000101000000000000000010100111111111111011010000000000011110011000101101
3740,1111011010001110000001100100000100010100000000000000001010011111111111101101000000000001111001100010110
3741,1111011010001110000001100100000100010100000000000000001010011111111111101101000000000001111001100010111
3742,1111011010001110000001100100000100010100000000000000001010011111111111101101000000000001111001111111
3743,11110110100011100000011001000001000101000000000000000010100111111111111011010000000000011110011111111
3744,11110110100011100000011001000001000101000000000000000010100111111111111011010000000000011110010
3745,111101101000111000000110010000010001010000000000000000101001111111111110110100000000000111100101
3746,11110110100011100000011001000001000101000000000000000010100111111111111011010000000000011110011001100011
3747,111101101000111000000110010000010001010000000000000000101001111111111110110100000000000111100110011000110
3748,1111011010001110000001100100000100010100000000000000001010011111111111101101000000000001111001100110001100
3749,111101101000111000000110010000010001010000000000000000101001111111111110110100000000000111100110011000111
3750,11110110100011100000011001000001000101000000000000000010100111111111111011010000000000011110011001100011011
3751,1111011010001110000001100100000100010100000000000000001010011111111111101101000000000001111001100110001101
3752,11110110100011100000011001000001000101000000000000000010100111111111111011010000000000011110011011110000010
3753,11110110100011100000011001000001000101000000000000000010100111111111111011010000000000011110011011110000011
3754,111101101000111000000110010000010001010000000000000000101001111111111110110100000000000111100110111100000111
3755,111101101000111000000110010000010001010000000000000000101001111111111110110100000000000111100
3756,11110110100011100000011001000001000101000000000000000010100111111111111011010000000000011110011
3757,1111011010001110000001100100000100010100000000000000001010011111111111101101000000000001111001
3758,11110110100011100000011001000001000101000000000000000010100111111111111011010000000000011110
3759,11110110100011100000011001000001000101000000000000000010100111111111111011010000000000011110011011110001000011
3760,111101101000111000000110010000010001010000000000000000101001111111111110110100000000000111100110011000010
3761,111101101000111000000110010000010001010000000000000000101001111111111110110100000000000111100110011000011
3762,1111011010001110000001100100000100010100000000000000001010011111111111101101000000000001111001101111000100001
3763,111101101000111000000110010000010001010000000000000000101001111111111110110100000000000111100110001000101101
3764,111101101000111000000110010000010001010000000000000000101001111111111110110100000000000111100110000111001101110010101100001101101010000101001100010
3765,111101101000111000000110010000010001010000000000000000101001111111111110110100000000000111100110000111001101110010101100001101101010000101001100011
3766,11110110100011100000011001000001000101000000000000000010100111111111111011010000000000011110011000011100110111001010110000110110101000010100110001
3767,1111011010001110000001100100000100010100000000000000001010011111111111101101000000000001111001100110001
3768,111101101000111000000110010000010001010000000000000000101001111111111110110100000000000111100110111100011
3769,1111011010001110000001100100000100010100000000000000001010011111111111101101000000000001111001101111000111
3770,111101101000111000000110010000010001010000000000000000101001111111111110110100000000000111100110111100001
3771,1111011010001110000001100100
3772,1111011010001110000001100
3773,111101101000111000000110
3774,111101101000111000000110010
3775,11110110100011100000011001
3776,11110110100011100000011001000
3777,111101101000111000000110010000
3778,1111011010001110000001100100000
3779,111101101000111000000110010000001
3780,11110110100011100000011001000000
3781,1111011010001110000001100100000010
3782,111101101000111000000110010000001011
3783,11110110100011100000011001000000101
3784,1111011010001110000001100100000010111
3785,111101101000111000000110010000001011111
3786,11110110100011100000011001000000101111
3787,1111011010001110000001100100000010111111
3788,11110110100011100000011001000000101111111
3789,111101101000111000000110010000001011111111
3790,1111011010001110000001100100000010111111111
3791,11110110100011100000011001000000101111111111
3792,111101101000111000000110010000001011111111110
3793,1111011010001110000001100100000010111111111100
3794,11110110100011100000011001000000101111111111000
3795,111101101000111000000110010000001011111111110000
3796,1111011010001110000001100100000010111111111100000
3797,11110110100011100000011001000000101111111111000000
3798,111101101000111000000110010000001011111111110000001001
3799,1111011010001110000001100100000010111111111100000010010
3800,11110110100011100000011001000001
3801,111101101000111000000110010000010
3802,1111011010001110000001100100000100
3803,11110110100011100000011001000001000
3804,111101101000111000000110010000010001
3805,1111011010001110000001100100000100010
3806,111101101000111000000110010000010001001
3807,11110110100011100000011001000001000100
3808,1111011010001110000001100100000100010010
3809,11110110100011100000011001000001000100100
3810,111101101000111000000110010000010001001000
3811,1111011010001110000001100100000100010010000
3812,11110110100011100000011001000001000100100000
3813,111101101000111000000110010000010001001000000
3814,1111011010001110000001100100000100010010000000
3815,11110110100011100000011001000001000100100000000
3816,111101101000111000000110010000010001001000000000
3817,1111011010001110000001100100000100010010000000000
3818,1111011010001110000001100100000100010010000001
3819,11110110100011100000011001000001000100100000010
3820,111101101000111000000110010000010001001000000100
3821,1111011010001110000001100100000100010010000001000
3822,111101101000111000000110010000010001001000000100001
3823,1111011010001110000001100100000100010010000001000011
3824,11110110100011100000011001000001000100100000010000
3825,11110110100011100000011001000001000100100000010000110
3826,111101101000111000000110010000010001010
3827,11110110100011100000011001000001000101
3828,111101101000111000000110010000010001010000
3829,11110110100011100000011001000001000101000
3830,1111011010001110000001100100000100010100
3831,11110110100011100000011001000001000101000000
3832,1111011010001110000001100100000100010100000
3833,111101101000111000000110010000010001010000000
3834,1111011010001110000001100100000100010100000000
3835,11110110100011100000011001000001000101000000000
3836,111101101000111000000110010000010001010000000000
3837,111101101000111000000110010000010001010000000000000
3838,11110110100011100000011001000001000101000000000000
3839,11110110100011100000011001000001000101000000000000000
3840,1111011010001110000001100100000100010100000000000000
3841,1111011010001110000001100100000100010100000000000
3842,1111011010001110000001100100000100010100000000000000001
3843,111101101000111000000110010000010001010000000000000000
3844,11110110100011100000011001000001000101000000000000000010
3845,1111011010001110000001100100000100010100000000000000001001
3846,111101101000111000000110010000010001010000000000000000100
3847,11110110100011100000011001000001000101000000000000000010010
3848,111101101000111000000110010000010001010000000000000000100100
3849,1111011010001110000001100100000100010100000000000000001001000
3850,11110110100011100000011001000001000101000000000000000010010000
3851,111101101000111000000110010000010001010000000000000000100100000
3852,11110110100011100000011001000001000101000000000000000010010000001
3853,1111011010001110000001100100000100010100000000000000001001000000
3854,1111011010001110000001100100000100010100000000000000001010
3855,111101101000111000000110010000010001010000000000000000101
3856,111101101000111000000110010000010001010000000000000000101001
3857,11110110100011100000011001000001000101000000000000000010100
3858,111101101000111000000110010000010001010000000000000000101001111111
3859,111101101000111000000110010000010001010000000000000000101001111111111
3860,11110110100011100000011001000001000101000000000000000010100111111111111
3861,111101101000111000000110010000010001010000000000000000101001111
3862,1111011010001110000001100100000100010100000000000000001010011111111111
3863,11110110100011100000011001000001000101000000000000000010100111111111
3864,1111011010001110000001100100000100010100000000000000001010011111111
3865,1111011010001110000001100100000100010100000000000000001010011111
3866,1111011010001110000001100100000100010100000000000000001010011
3867,11110110100011100000011001000001000101000000000000000010100111
3868,11110110100011100000011001000001000101000000000000000010100111111
3869,111101101000111000000110010000010001010000000000000000101001111111111110
3870,1111011010001110000001100100000100010100000000000000001010011111111111101101000000000000111
3871,111101101000111000000110010000010001010000000000000000101001111111111110110100000000000011111
3872,11110110100011100000011001000001000101000000000000000010100111111111111011010000000000001
3873,1111011010001110000001100100000100010100000000000000001010011111111111101101000000000000111111
3874,111101101000111000000110010000010001010000000000000000101001111111111110110100000000000011
3875,11110110100011100000011001000001000101000000000000000010100111111111111011010000000000001111
3876,1111011010001110000001100100000100010100000000000000001010011111111111101101000000000000
3877,1111011010001110000001100100000100010100000000000000001010011111111111101101000000000000111111110
3878,11110110100011100000011001000001000101000000000000000010100111111111111011010000000000001111111100
3879,111101101000111000000110010000010001010000000000000000101001111111111110110100000000000011111111000
3880,1111011010001110000001100100000100010100000000000000001010011111111111101101000000000000111111110000
3881,11110110100011100000011001000001000101000000000000000010100111111111111011010000000000001111111100000
3882,11110110100011100000011001000001000101000000000000000010100111111111111011010000000000001111111100000011
3883,111101101000111000000110010000010001010000000000000000101001111111111110110100000000000011111111000000
3884,1111011010001110000001100100000100010100000000000000001010011111111111101101000000000000111111110000001
3885,111101101000111000000110010000010001010000000000000000101001111111111110110100000000000011111111000000111
3886,1111011010001110000001100100000100010100000000000000001010011111111111101101000000000000111111110000001110
3887,11110110100011100000011001000001000101000000000000000010100111111111111011010000000000001111111100000011100
3888,11110110100011100000011001000001000101000000000000000010100111111111111011010000000000001111111100000011100011
3889,111101101000111000000110010000010001010000000000000000101001111111111110110100000000000011111111000000111000
3890,1111011010001110000001100100000100010100000000000000001010011111111111101101000000000000111111110000001110001
3891,111101101000111000000110010000010001010000000000000000101001111111111110110100000000000011111111000000111000110
3892,1111011010001110000001100100000100010100000000000000001010011111111111101101000000000000111111110000001110001100
3893,11110110100011100000011001000001000101000000000000000010100111111111111011010000000000001111111100000011100011000
3894,111101101000111000000110010000010001010000000000000000101001111111111110110100000000000011111111000000111000110000
3895,1111011010001110000001100100000100010100000000000000001010011111111111101101000000000000111111110000001110001100000
3896,11110110100011100000011001000001000101000000000000000010100111111111111011010000000000001111111100000011100011000000
3897,111101101000111000000110010000010001010000000000000000101001111111111110110100000000000011111111000000111000110000000
3898,1111011010001110000001100100000100010100000000000000001010011111111111101101000000000000111111110000001110001100000000
3899,11110110100011100000011001000001000101000000000000000010100111111111111011010000000000001111111100000011100011000000000
3900,111101101000111000000110010000010001010000000000000000101001111111111110110100000000000011111111000000111000110000000000
3901,1111011010001110000001100100000100010100000000000000001010011111111111101101000000000000111111110000001110001100000000000
3902,11110110100011100000011001000001000101000000000000000010100111111111111011010000000000001111111100000011100011000000000000
3903,111101101000111000000110010000010001010000000000000000101001111111111110110100000000000011111111000000111000110000000000000
3904,1111011010001110000001100100000100010100000000000000001010011111111111101101000000000000111111110000001110001100000000000001
3905,11110110100011100000011001000001000101000000000000000010100111111111111011010000000000001111111100000011100011000000000000011
3906,111101101000111000000110010000010001010000000000000000101001111111111110110100000000000011111111000000111000110000000000000110
3907,1111011010001110000001100100000100010100000000000000001010011111111111101101000000000000111111110000001110001100000000000001100
3908,11110110100011100000011001000001000101000000000000000010100111111111111011010000000000001111111100000011100011000000000000011001
3909,1111011010001110000001100100000100010100000000000000001010011111111111101101000000000000111111110000001110001100001
3910,111101101000111000000110010000010001010000000000000000101001111111111111
3911,1111011010001110000001100100000100010100000000000000001010011111111111110
3912,11110110100011100000011001000001000101000000000000000010100111111111111100
3913,111101101000111000000110010000010001010000000000000000101001111111111111000
3914,1111011010001110000001100100000100010100000000000000001010011111111111110000
3915,11110110100011100000011001000001000101000000000000000010100111111111111100000
3916,111101101000111000000110010000010001010000000000000000101001111111111111000000
3917,1111011010001110000001100100000100010100000000000000001010011111111111110000000
3918,11110110100011100000011001000001000101000000000000000010100111111111111100000000
3919,111101101000111000000110010000010001010000000000000000101001111111111111000000000
3920,1111011010001110000001100100000100010100000000000000001010011111111111110000000001
3921,11110110100011100000011001000001000101000000000000000010100111111111111100000000010
3922,1111011010001110000001100100000100010100001
3923,11110110100011100000011001000001000101000011
3924,111101101000111000000110010000010001010000110
3925,1111011010001110000001100100000100010100001100
3926,11110110100011100000011001000001000101000011000
3927,111101101000111000000110010000010001010000110000
3928,1111011010001110000001100100000100010100001100000
3929,11110110100011100000011001000001000101000011000000
3930,111101101000111000000110010000010001010000110000000
3931,1111011010001110000001100100000100010100001100000000
3932,11110110100011100000011001000001000101000011000000000
3933,1111011010001110000001100100000100010100001100000000001
3934,111101101000111000000110010000010001010000110000000000101
3935,111101101000111000000110010000010001010000110000000000
3936,11110110100011100000011001000001000101000011000000000010
3937,1111011010001110000001100100000100010100001100000000001010
3938,111101101000111000000110010000010001010000110000000000101011
3939,11110110100011100000011001000001000101000011000000000010101
3940,111101101000111000000110010000010011
3941,11110110100011100000011001000001001
3942,1111011010001110000001100100000100111
3943,11110110100011100000011001000001001111
3944,1111011010001110000001100100000100111111011
3945,11110110100011100000011001000001001111110111
3946,11110110100011100000011001000001001111110111111
3947,111101101000111000000110010000010011111101111
3948,1111011010001110000001100100000100111111011111
3949,11110110100011100000011001000001001111110111111011
3950,111101101000111000000110010000010011111101111110
3951,1111011010001110000001100100000100111111011111101
3952,11110110100011100000011001000001000101000000000000000010100111111111111011010
3953,111101101000111000000110010000010001010000000000000000101001111111111110110100
3954,1111011010001110000001100100000100010100000000000000001010011111111111101101000
3955,11110110100011100000011001000001000101000000000000000010100111111111111011010000
3956,111101101000111000000110010000010001010000000000000000101001111111111110110100000
3957,1111011010001110000001100100000100010100000000000000001010011111111111101101000000
3958,11110110100011100000011001000001000101000000000000000010100111111111111011010000000
3959,111101101000111000000110010000010001010000000000000000101001111111111110110100000000000
3960,111101101000111000000110010000010001010000000000000000101001111111111110110100000000
3961,11110110100011100000011001000001000101000000000000000010100111111111111011010000000000
3962,1111011010001110000001100100000100010100000000000000001010011111111111101101000000000
3963,111101101000111000000110010000010011111010000111010000000111
3964,1111011010001110000001100100000100111110100001110100000001110
3965,11110110100011100000011001000001001111101000011101000000011100
3966,111101101000111000000110010000010001010000110001
3967,1111011010001110000001100100000100010100001100010
3968,11110110100011100000011001000001000101000011000100
3969,11110110100011100000011001000001000101000011000100011
3970,111101101000111000000110010000010001010000110001000
3971,1111011010001110000001100100000100010100001100010001
3972,111101101000111000000110010000010001010000110001000111
3973,1111011010001110000001100100000100010100001100010001111
3974,11110110100011100000011001000001000101000011000100011110
3975,111101101000111000000110010000010011111101111110110001
3976,1111011010001110000001100100000100111111011111101100010
3977,11110110100011100000011001000001001111110111111011000100
3978,1111011010001110000001100100000100111110101
3979,11110110100011100000011001000001001111101011
3980,111101101000111000000110010000010011111010111
3981,1111011010001110000001100100000100111110101111011
3982,11110110100011100000011001000001001111110111111011001
3983,111101101000111000000110010000010011111101111110110010
3984,11110110100011100000011001000001001111110111111011001011
3985,1111011010001110000001100100000100111111011111101100101
3986,1111011010001110000001100100000100111111011111101100101111111
3987,11110110100011100000011001000001001111110111111011001011111
3988,111101101000111000000110010000010011111101111110110010111111
3989,11110110100011100000011001000001001111110111111011001011111110
3990,111101101000111000000110010000010011111101111110110010111111100
3991,1111011010001110000001100100000100111111011111101100101111111000
3992,11110110100011100000011001000001001111110111111011001011111110000
3993,11110110100011100000011001000001000101000011000000001
3994,1111011010001110000001100100000100010100001100000000101
3995,111101101000111000000110010000010001010000110000000010
3996,1111011010001110000001100100000100010100000011
3997,111101101000111000000110010000010001010000001
3998,11110110100011100000011001000001000101000000111
3999,111101101000111000000110010000010001010000001111
4000,1111011010001110000001100100000100010100000011110
4001,11110110100011100000011001000001000101000000111100
4002,111101101000111000000110010000010001010000001111000
4003,1111011010001110000001100100000100010100000011110000
4004,11110110100011100000011001000001000101000000111100001
4005,111101101000111000000110010000010001010000001111000011
4006,11110110100011100000011001000001000101000000111100001111
4007,1111011010001110000001100100000100010100000011110000111
4008,111101101000111000000110010000010001010000001111000011111
4009,1111011010001110000001100100000100010100000011110000111110
4010,11110110100011100000011001000001000101000000111100001111100
4011,111101101000111000000110010000010001010000001111000011111000
4012,111101101000111000000110010000010011111101111110110000001
4013,1111011010001110000001100100000100111111011111101100000010
4014,11110110100011100000011001000001001111110111111011000000100
4015,111101101000111000000110010000010001001000000101
4016,1111011010001110000001100100000100010010000001010
4017,11110110100011100000011001000001000100100000010100
4018,11110110100011100000011001000001000101000000000000000010100111111111111011001
4019,1111011010001110000001100100000100010100000000000000001010011111111111101100
4020,111101101000111000000110010000010001010000000000000000100100001
4021,1111011010001110000001100100000100010100000000000000001001000010
4022,11110110100011100000011001000001000101000000000000000010010000100
4023,111101101000111000000110010000010001010000000000000000101001111111111110110111
4024,11110110100011100000011001000001000101000000000000000010100111111111111011011
4025,1111011010001110000001100100000100010100000000000000001010011111111111101101110
4026,11110110100011100000011001000001000101000000000000000010100111111111111011010000011
4027,1111011010001110000001100100000100010100000000000000001010011111111111101101000001
4028,111101101000111000000110010000010001010000000000000000101001111111111110110100011
4029,11110110100011100000011001000001000101000000000000000010100111111111111011010001
4030,1111011010001110000001100100000100010100000000000000001010011111111111101101000110
4031,11110110100011100000011001000001000101000000000000000010100111111111111011010000000000001111111100001
4032,111101101000111000000110010000010001010000000000000000101001111111111110110100000000000011111111000010
4033,1111011010001110000001100100000100010100000000000000001010011111111111101101000000000000111111110000100
4034,11110110100011100000011001000001000101000000000000000010100111111111111011010000000000001111111100001000
4035,111101101000111000000110010000010001010000000000000000101001111111111110110100000000000011111111000010000
4036,1111011010001110000001100100000100010100000000000000001010011111111111101101000000000000111111110000100000
4037,111101101000111000000110010000010001010000000001
4038,1111011010001110000001100100000100010100000000011
4039,11110110100011100000011001000001000101000000000110
4040,111101101000111000000110010000010001010000000001100
4041,111101101000111000000110010000010001010000000011
4042,11110110100011100000011001000001000101000000001
4043,1111011010001110000001100100000100010100000000110
4044,11110110100011100000011001000001000101000000001100
4045,11110110100011100000011001000001000101000000000000000010100111111111111011010000000000001111111101
4046,111101101000111000000110010000010001010000000000000000101001111111111110110100000000000011111111010
4047,1111011010001110000001100100000100010100000000000000001010011111111111101101000000000000111111110101
4048,11110110100011100000011001000001000101000000000000000010100111111111111011010000000000001111111101011
4049,111101101000111000000110010000010001010000000000000000101001111111111110110100000000000011111111010110
4050,111101101000111000000110010000010001010000000000000000101001111111111110110100000000000011111101
4051,11110110100011100000011001000001000101000000000000000010100111111111111011010000000000001111110
4052,1111011010001110000001100100000100010100000000000000001010011111111111101101000000000000111111010
4053,11110110100011100000011001000001000101000000000000000010100111111111111011010000000000001111110101
4054,1111011010001110000001100100000100010100000000000000001010011111111111101101000000000000111111110000001110001100000001
4055,11110110100011100000011001000001000101000000000000000010100111111111111011010000000000001111111100000011100011000000010
4056,111101101000111000000110010000010001010000000000000000101001111111111110110100000000000011111111000000111000110000000100
4057,1111011010001110000001100100000100010100000000000000001010011111111111101101000000000000111111110000001110001100000001000
4058,111101101000111000000110010000010001010000000000000000101001111111111110110100000000000011111111000000111000110000000000001
4059,1111011010001110000001100100000100010100000000000000001010011111111111101101000000000000111111110000001110001100000000000010
4060,11110110100011100000011001000001000101000000000000000010100111111111111011010000000000001111111100000011100011000000000000100
4061,111101101000111000000110010000010001010000000000000000101001111111111110110100000000000011111111000000111000110000000000001000
4062,111101101000111000000110010000010001010000000000000000101001111111111110110100000000000011111111000000111000110000000000001000111
4063,11110110100011100000011001000001000101000000000000000010100111111111111011010000000000001111111100000011100011000000000000100011
4064,1111011010001110000001100100000100010100000000000000001010011111111111101101000000000000111111110000001110001100000000000010001
4065,1111011010001110000001100100000100010100000000000000001010011111111111101101000000000000111111110000001110001100000000000010001111
4066,11110110100011100000011001000001000101000000000000000010100111111111111011010000000000001111111100000011101
4067,111101101000111000000110010000010001010000000000000000101001111111111110110100000000000011111111000000111010
4068,1111011010001110000001100100000100010100000000000000001010011111111111101101000000001
4069,11110110100011100000011001000001000101000000000000000010100111111111111011010000000011
4075,111101101000111000000110011
4076,111101101000111000000101
4077,11110110100011100000010
4078,1111011010001110000001011
4079,11110110100011100000001
4080,1111011010001110000000
4081,111101101000111000000110010011
4082,11110110100011100000011001001
4083,1111011010001110000001100100111
4084,11110110100011100000011001001111
4085,11110110100011100000011001000111
4086,1111011010001110000001100100011
4087,111101101000111000000110010001
4088,1111011010001110000001100100000111
4089,11110110100011100000011001000001111
4090,1111011010001110000001100100000111111
4091,111101101000111000000110010000011111
4092,111101101000111000000110010000011
4093,11110110100011100000011001000001111111
4094,111101101000111000000110010000010011111011
4095,11110110100011100000011001000001001111101001
4096,111101101000111000000110010000010011111010001
4097,1111011010001110000001100100000100111110100010
4098,11110110100011100000011001000001001111101000100
4099,1111011010001110000001100100000100111110100010011
4100,111101101000111000000110010000010011111010001001
4101,11110110100011100000011001000001001111101000100110
4102,11110110100011100000011001000001001111101000100111
4103,11110110100011100000011001000001001111101000101
4104,1111011010001110000001100100000100111110100011
4105,1111011010001110000001100100000100111110100001111
4106,11110110100011100000011001000001001111101000011110
4107,11110110100011100000011001000001001111101000011111
4108,111101101000111000000110010000010011111010000111000101
4109,111101101000111000000110010000010011111010000111000100001
4110,1111011010001110000001100100000100111110100001110001000011
4111,11110110100011100000011001000001001111101000011100010001
4112,1111011010001110000001100100000100111110100001110001001
4113,11110110100011100000011001000001001111101000011100010010
4114,111101101000111000000110010000010011111010000111000100100
4115,1111011010001110000001100100000100111110100001110001001000
4116,11110110100011100000011001000001001111101000011100010011
4117,111101101000111000000110010000010011111010000111000100101
4118,1111011010001110000001100100000100111110100001110001001010
4119,1111011010001110000001100100000100111110100001110001001011
4120,1111011010001110000001100100000100111110100001110001001001
4121,1111011010001110000001100100000100111110100001110000
4122,11110110100011100000011001000001001111101000011100011
4123,111101101000111000000110010000010011111010000111001
4124,1111011010001110000001100100000100111110100001110010
4125,1111011010001110000001100100000100111110100001110011
4126,1111011010001110000001100100000100111110100001110101
4127,111101101000111000000110010000010011111010000111010001
4128,11110110100011100000011001000001001111101000011101000001
4129,111101101000111000000110010000010011111010000111010000011
4130,1111011010001110000001100100000100111110100001110100000001111
4131,11110110100011100000011001000001001111101000011101000000011101
4132,1111011010001110000001100100000100111110100001110100000001011
4133,1111011010001110000001100100000100111110100001110100000001010111
4134,111101101000111000000110010000010011111010000111010000001
4135,1111011010001110000001100100000100111110100001110100001
4136,111101101000111000000110010000010011111010000111010000111
4137,111101101000111000000110010000010011111010000111010000111101
4138,1111011010001110000001100100000100111110100001110100001111
4139,1111011010001110000001100100000100111110100001110100001111011
4140,11110110100011100000011001000001001111101000011101000011110
4141,11110110100011100000011001000001001111101000011101000011
4142,11110110100011100000011001000001001111101000011101000011111111
4143,1111011010001110000001100100000100111110100001110100001111111
4144,111101101000111000000110010000010011111010000111010000111111
4145,11110110100011100000011001000001001111101000011101000011111
4146,11110110100011100000011001000001001111101000011101001
4147,111101101000111000000110010000010011111010000111011
4148,1111011010001110000001100100000100111110101111001
4149,111101101000111000000110010000010011111010111111
4150,1111011010001110000001100100000100111110101111111111
4151,1111011010001110000001100100000100111110101111111
4152,11110110100011100000011001000001001111101011111111
4153,111101101000111000000110010000010011111010111111111
4154,111101101000111000000110010000010011111111
4155,111101101000111000000110010000010011111101111110111
4156,11110110100011100000011001000001001111110111111011000101
4157,111101101000111000000110010000010011111101111110110001011
4158,1111011010001110000001100100000100111111011111101100011
4159,11110110100011100000011001000001001111110111111011000110
4160,11110110100011100000011001000001001111110111111011000111
4161,11110110100011100000011001000001001111110111111011000001
4162,111101101000111000000110010000010011111101111110110000010
4163,1111011010001110000001100100000100111111011111101100000100
4164,111101101000111000000110010000010011111101111110110000011
4165,1111011010001110000001100100000100111111011111101100000101
4166,1111011010001110000001100100000100111111011111101100000011
4167,11110110100011100000011001000001000101000000000000000010100111111111111011010000000000001111111100000011100011000000011010
4168,1111011010001110000001100100000100010100000000000000001010011111111111101101000000000000111111110000001110001100000001100
4169,11110110100011100000011001000001000101000000000000000010100111111111111011010000000000001111111100000011100011000000010000
4170,11110110100011100000011001000001000101000000000000000010100111111111111011010000000000001111111100000011100011000000010001
4171,111101101000111000000110010000010001010000000000000000101001111111111110110100000000000011111111000000111000110000000100010
4172,1111011010001110000001100100000100010100000000000000001010011111111111101101000000000000111111110000001110001100000001000100
4173,1111011010001110000001100100000100010100000000000000001010011111111111101101000000000000111111110000001110001100000001001
4174,11110110100011100000011001000001000101000000000000000010100111111111111011010000000000001111111100000011100011000000010010
4175,11110110100011100000011001000001000101000000000000000010100111111111111011010000000000001111111100000011100011000000010011
4176,11110110100011100000011001000001000101000000000000000010100111111111111011010000000000001111111100000011100011000000010011011
4177,1111011010001110000001100100000100010100000000000000001010011111111111101101000000000000111111110000001110001100000001001101
4178,111101101000111000000110010000010001010000000000000000101001111111111110110100000000000011111111000000111000110000000100110
4179,1111011010001110000001100100000100010100000000000000001010011111111111101101000000000000111111110000001110001100000001001111
4180,111101101000111000000110010000010001010000000000000000101001111111111110110100000000000011111111000000111000110000000100111
4181,111101101000111000000110010000010001010000000000000000101001111111111110110100000000000011111111000000111000110000000101
4182,11110110100011100000011001000001000101000000000000000010100111111111111011010000000000001111111100000011100011000000001
4183,111101101000111000000110010000010001010000000000000000101001111111111110110100000000000011111111000000111000110000000010
4184,1111011010001110000001100100000100010100000000000000001010011111111111101101000000000000111111110000001110001100000000101
4185,111101101000111000000110010000010001010000000000000000101001111111111110110100000000000011111111000000111000110000000011
4186,11110110100011100000011001000001000101000000000000000010100111111111111011010000000000001111111100000011100011000000000001111
4187,11110110100011100000011001000001000101000000000000000010100111111111111011010000000000001111111100000011100011000000000001
4188,1111011010001110000001100100000100010100000000000000001010011111111111101101000000000000111111110000001110001100000000000111
4189,111101101000111000000110010000010001010000000000000000101001111111111110110100000000000011111111000000111000110000000000011
4190,111101101000111000000110010000010001010000000000000000101001111111111110110100000000000011111111000000111000110000000000011111
4191,1111011010001110000001100100000100010100000000000000001010011111111111101101000000000000111111110000001110001100000000000001111
4192,111101101000111000000110010000010001010000000000000000101001111111111110110100000000000011111111000000111000110000000000000111
4193,111101101000111000000110010000010001010000000000000000101001111111111110110100000000000011111111000000111000110000000000000111101
4194,1111011010001110000001100100000100010100000000000000001010011111111111101101000000000000111111110000001110001100000000000001111011
4195,11110110100011100000011001000001000101000000000000000010100111111111111011010000000000001111111100000011100011000000000000011110
4196,11110110100011100000011001000001000101000000000000000010100111111111111011010000000000001111111100000011100011000000000000011110111
4197,111101101000111000000110010000010001010000000000000000101001111111111110110100000000000011111111000000111000110000000000000111101111
4198,1111011010001110000001100100000100010100000000000000001010011111111111101101000000000000111111110000001110001100000000000001111011110
4199,11110110100011100000011001000001000101000000000000000010100111111111111011010000000000001111111100000011100011000000000000011110111101
4200,1111011010001110000001100100000100010100000000000000001010011111111111101101000000000000111111110000001110001100000000000001111111
4201,111101101000111000000110010000010001010000000000000000101001111111111110110100000000000011111111000000111000110000000000000111111
4202,11110110100011100000011001000001000101000000000000000010100111111111111011010000000000001111111100000011100011000000000000011111
4203,11110110100011100000011001000001000101000000000000000010100111111111111011010000000000001111111100000011100011000000000000011111111
4204,111101101000111000000110010000010001010000000000000000101001111111111110110100000000000011111111000000111000110000000000000111111111011
4205,11110110100011100000011001000001000101000000000000000010100111111111111011010000000000001111111100000011100011000000000000011111111101
4206,1111011010001110000001100100000100010100000000000000001010011111111111101101000000000000111111110000001110001100000000000001101
4207,11110110100011100000011001000001000101000000000000000010100111111111111011010000000000001111111100000011100011000000000000011011111
4208,1111011010001110000001100100000100010100000000000000001010011111111111101101000000000000111111110000001110001100000000000001101111
4209,111101101000111000000110010000010001010000000000000000101001111111111110110100000000000011111111000000111000110000000000000110111111
4210,11110110100011100000011001000001001111110111111011000000101
4211,111101101000111000000110010000010011111101111110110000001010
4212,1111011010001110000001100100000100111111011111101100000010100
4213,1111011010001110000001100100000100111111011111101100000010101
4214,111101101000111000000110010000010011111101111110110000001011
4215,1111011010001110000001100100000100111111011111101100000000111
4216,111101101000111000000110010000010011111101111110110000000011001
4217,111101101000111000000110010000010011111101111110110000000011000111
4218,11110110100011100000011001000001001111110111111011000000001101
4219,1111011010001110000001100100000100111111011111101100000001
4220,1111011010001110000001100100000100111111011111101100001
4221,111101101000111000000110010000010011111101111110110011
4222,11110110100011100000011001000001001111110111111011001011111111
4223,1111011010001110000001100100000100111111011111101100101111111001
4224,11110110100011100000011001000001001111110111111011001011111110001
4225,111101101000111000000110010000010011111101111110110010111111101
4226,1111011010001110000001100100000100111111011111101100101111111011
4227,11110110100011100000011001000001001111110111111011001011101
4228,1111011010001110000001100100000100111111011111101101
4229,11110110100011100000011001000001001111110111111011011
4230,111101101000111000000110010000010011111101111111
4231,1111011010001110000001100100000100111111011111111
4232,1111011010001110000001100100000100111111001
4233,11110110100011100000011001000001001111110011
4234,1111011010001110000001100100000100111111001111
4235,111101101000111000000110010000010011111100111
4236,111101101000111000000110010000010001010011
4237,11110110100011100000011001000001000101001
4238,1111011010001110000001100100000100010100011
4239,111101101000111000000110010000010001010001
4240,111101101000111000000110010000010001010000111
4241,11110110100011100000011001000001000101000011001
4242,111101101000111000000110010000010001010000110011
4243,11110110100011100000011001000001000101000011000001
4244,111101101000111000000110010000010001010000110000010
4245,111101101000111000000110010000010001010000110000011
4246,1111011010001110000001100100000100010100001100000000111
4247,1111011010001110000001100100000100010100001100000000111111
4248,11110110100011100000011001000001000101000011000000001111
4249,111101101000111000000110010000010001010000110000000011111
4250,111101101000111000000110010000010001010000110000000011
4251,1111011010001110000001100100000100010100001100000000001011
4252,111101101000111000000110010000010001010000110000000000111
4253,11110110100011100000011001000001000101000011000000000011
4254,111101101000111000000110010000010001010000110000000001
4255,1111011010001110000001100100000100010100001100000001
4256,11110110100011100000011001000001000101000011000000010
4257,111101101000111000000110010000010001010000110000000101
4258,1111011010001110000001100100000100010100001100000001011
4259,11110110100011100000011001000001000101000011000000010110
4260,111101101000111000000110010000010001010000110000000101100
4261,1111011010001110000001100100000100010100001100000001011001
4262,11110110100011100000011001000001000101000011000000010110011
4263,111101101000111000000110010000010001010000110000000101100110
4264,11110110100011100000011001000001000101000011000000011
4265,11110110100011100000011001000001000101000011000000010111
4266,111101101000111000000110010000010001010000110000000101100111
4267,1111011010001110000001100100000100010100001100000001011001111
4268,111101101000111000000110010000010001010000110000000101101
4269,111101101000111000000110010000010001010000110000001
4270,1111011010001110000001100100000100010100001100001
4271,1111011010001110000001100100000100010100001100011
4272,11110110100011100000011001000001000101000011000101
4273,11110110100011100000011001000001000101000011000100011111
4274,111101101000111000000110010000010001010000110001001
4275,1111011010001110000001100100000100010100001101
4276,11110110100011100000011001000001000101000011010
4277,111101101000111000000110010000010001010000110100
4278,1111011010001110000001100100000100010100001101000
4279,1111011010001110000001100100000100010100001101001
4280,111101101000111000000110010000010001010000110101
4281,11110110100011100000011001000001000101000011011
4282,111101101000111000000110010000010001010000110110
4283,1111011010001110000001100100000100010100001101101
4284,111101101000111000000110010000010001010000110111
4285,1111011010001110000001100100000100010100001101110
4286,1111011010001110000001100100000100010100001101111
4287,11110110100011100000011001000001000101000000011
4288,1111011010001110000001100100000100010100000001
4289,111101101000111000000110010000010001010000000111
4290,1111011010001110000001100100000100010100000001111
4291,11110110100011100000011001000001000101000000011111
4292,111101101000111000000110010000010001010000000111110
4293,111101101000111000000110010000010001010000000111111
4294,1111011010001110000001100100000100010100000001111110
4295,1111011010001110000001100100000100010100000001111111
4296,11110110100011100000011001000001000101000000000001
4297,111101101000111000000110010000010001010000000000011
4298,1111011010001110000001100100000100010100000000000011
4299,111101101000111000000110010000010001010000000000001
4300,11110110100011100000011001000001000101000000000000011
4301,1111011010001110000001100100000100010100000000000001
4302,111101101000111000000110010000010001010000000000000011
4303,11110110100011100000011001000001000101000000000000001
4304,111101101000111000000110010000010001010000000000000000101111
4305,11110110100011100000011001000001000101000000000000000010111
4306,1111011010001110000001100100000100010100000000000000001011
4307,1111011010001110000001100100000100010100000000000000001010011111111111101101111
4308,11110110100011100000011001000001000101000000000000000010100111111111111011011110
4309,111101101000111000000110010000010001010000000000000000101001111111111110110111111
4310,11110110100011100000011001000001000101000000000000000010100111111111111011011111
4311,1111011010001110000001100100000100010100000000000000001010011111111111101101011
4312,11110110100011100000011001000001000101000000000000000010100111111111111011010111
4313,111101101000111000000110010000010001010000000000000000101001111111111110110101
4314,111101101000111000000110010000010001010000000000000000101001111111111110110100111
4315,11110110100011100000011001000001000101000000000000000010100111111111111011010011
4316,1111011010001110000001100100000100010100000000000000001010011111111111101101001
4317,1111011010001110000001100100000100010100000000000000001010011111111111101101000011
4318,111101101000111000000110010000010001010000000000000000101001111111111110110100001
4319,111101101000111000000110010000010001010000000000000000101001111111111110110100000011
4320,11110110100011100000011001000001000101000000000000000010100111111111111011010000001
4321,1111011010001110000001100100000100010100000000000000001010011111111111101101000000000011
4322,111101101000111000000110010000010001010000000000000000101001111111111110110100000000001
4323,1111011010001110000001100100000100010100000000000000001010011111111111101101000000000000111111011
4324,11110110100011100000011001000001000101000000000000000010100111111111111011010000000000001111111011
4325,111101101000111000000110010000010001010000000000000000101001111111111110110100000000000011111110
4326,1111011010001110000001100100000100010100000000000000001010011111111111101101000000000000111111101
4327,111101101000111000000110010000010001010000000000000000101001111111111110110100000000000011111111001
4328,1111011010001110000001100100000100010100000000000000001010011111111111101101000000000000111111110011
4329,1111011010001110000001100100000100010100000000000000001010011111111111101101000000000000111111110001111
4330,11110110100011100000011001000001000101000000000000000010100111111111111011010000000000001111111100011
4331,111101101000111000000110010000010001010000000000000000101001111111111110110100000000000011111111000111111
4332,111101101000111000000110010000010001010000000000000000101001111111111110110100000000000011111111000111
4333,1111011010001110000001100100000100010100000000000000001010011111111111101101000000000000111111110001
4334,11110110100011100000011001000001000101000000000000000010100111111111111011010000000000001111111100011111
4335,1111011010001110000001100100000100010100000000000000001010011111111111101101000000000000111111110000101
4336,111101101000111000000110010000010001010000000000000000101001111111111110110100000000000011111111000010001
4337,11110110100011100000011001000001000101000000000000000010100111111111111011010000000000001111111100001000011
4338,1111011010001110000001100100000100010100000000000000001010011111111111101101000000000000111111110000100001
4339,11110110100011100000011001000001000101000000000000000010100111111111111011010000000000001111111100001001
4340,111101101000111000000110010000010001010000000000000000101001111111111110110100000000000011111111000011
4341,1111011010001110000001100100000100010100000000000000001010011111111111101101000000000000111111110000110
4342,11110110100011100000011001000001000101000000000000000010100111111111111011010000000000001111111100001100
4343,111101101000111000000110010000010001010000000000000000101001111111111110110100000000000011111111000011000
4344,11110110100011100000011001000001000101000000000000000010100111111111111011010000000000001111111100001101
4345,111101101000111000000110010000010001010000000000000000101001111111111110110100000000000011111111000011010
4346,1111011010001110000001100100000100010100000000000000001010011111111111101101000000000000111111110000110100
4347,11110110100011100000011001000001000101000000000000000010100111111111111011010000000000001111111100001101000
4348,1111011010001110000001100100000100010100000000000000001010011111111111101101000000000000111111110000110101
4349,11110110100011100000011001000001000101000000000000000010100111111111111011010000000000001111111100001101010
4350,11110110100011100000011001000001000101000000000000000010100111111111111011010000000000001111111100001101011
4351,11110110100011100000011001000001000101000000000000000010100111111111111011010000000000001111111100001101001
4352,111101101000111000000110010000010001010000000000000000101001111111111110110100000000000011111111000011010010
4353,1111011010001110000001100100000100010100000000000000001010011111111111101101000000000000111111110000110100111
4354,111101101000111000000110010000010001010000000000000000101001111111111110110100000000000011111111000011010011
4355,111101101000111000000110010000010001010000000000000000101001111111111110110100000000000011111111000011001
4356,1111011010001110000001100100000100010100000000000000001010011111111111101101000000000000111111110000111
4357,11110110100011100000011001000001000101000000000000000010100111111111111011010000000000001111111100001111
4358,111101101000111000000110010000010001010000000000000000101001111111111110110100000000000011111111000011110
4359,1111011010001110000001100100000100010100000000000000001010011111111111101101000000000000111111110000111100
4360,1111011010001110000001100100000100010100000000000000001010011111111111101101000000000000111111110000111101
4361,111101101000111000000110010000010001010000000000000000101001111111111110110100000000000011111111000011111
4362,1111011010001110000001100100000100010100000000000000001010011111111111101101000000000000111111110000111111
4363,11110110100011100000011001000001000101000000000000000010100111111111111011010000000000001111111100001111111
4364,1111011010001110000001100100000100010100000000000000001010011111111111101101000000000000111111110000001111
4365,111101101000111000000110010000010001010000000000000000101001111111111110110100000000000011111111000000111000111
4366,1111011010001110000001100100000100010100000000000000001010011111111111101101000000000000111111110000001110001111
4367,11110110100011100000011001000001000101000000000000000010100111111111111011010000000000001111111100000011100011000001
4368,11110110100011100000011001000001000101000000000000000010100111111111111011010000000000001111111100000011100011000000011
4369,111101101000111000000110010000010001010000000000000000101001111111111110110100000000000011111111000000111000110000000110
4370,1111011010001110000001100100000100010100000000000000001010011111111111101101000000000000111111110000001110001100000001101
4371,11110110100011100000011001000001000101000000000000000010100111111111111011010000000000001111111100000011100011000000011011
4372,111101101000111000000110010000010001010000000000000000101001111111111110110100000000000011111111000000111000110000000110111
4373,111101101000111000000110010000010001010000000000000000101001111111111110110100000000000011111111000000111000110000000111
4374,1111011010001110000001100100000100010100000000000000001010011111111111101101000000000000111111110000001110001100000001111
4375,1111011010001110000001100100000100010100000000000000001010011111111111101101000000000000111111110000110111100
4376,11110110100011100000011001000001000101000000000000000010100111111111111011010000000000001111111100001101111001
4377,111101101000111000000110010000010001010000000000000000101001111111111110110100000000000011111111000011011110
4378,1111011010001110000001100100000100010100000000000000001010011111111111101101000000000000111111110000110111
4379,11110110100011100000011001000001000101000000000000000010100111111111111011010000000000001111111100001101111
4380,111101101000111000000110010000010001010000000000000000101001111111111110110100000000000011111111000011011
4381,111101101000111000000110010000010001010000000000000000101001111111111110110100000000000011111111000011011111
4382,1111011010001110000001100100000100010100000000000000001010011111111111101101000000000000111111110000110111101
4383,1111011010001110000001100100000100010100000000000000001010011111111111101101000000000000111111110000001110001100000000000001101111110
4384,1111011010001110000001100100000100010100000000000000001010011111111111101101000000000000111111110000001110001100000000000001101111111
4385,1111011010001110000001100100000100010100000000000000001010011111111111101101000000000000111111110000001110001100000000000001101101
4386,11110110100011100000011001000001000101000000000000000010100111111111111011010000000000001111111100000011100011000000000000011011011
4387,11110110100011100000011001000001000101000000000000000010100111111111111011010000000000001111111100000011100011000000000000101
4388,111101101000111000000110010000010001010000000000000000101001111111111110110100000000000011111111000000111000110000000000001010
4389,111101101000111000000110010000010001010000000000000000101001111111111110110100000000000011111111000000111000110000000000001011
4390,1111011010001110000001100100000100010100000000000000001010011111111111101101000000000000111111110000001110001100000000000010110
4391,11110110100011100000011001000001000101000000000000000010100111111111111011010000000000001111111100000011100011000000000000101101
4392,1111011010001110000001100100000100010100000000000000001010011111111111101101000000000000111111110000001110001100000000000010111
4393,11110110100011100000011001000001000101000000000000000010100111111111111011010000000000001111111100000011100011000000000000101111
4394,111101101000111000000110010000010001010000000000000000101001111111111110110100000000000011111111000000111000110000000000001001
4395,1111011010001110000001100100000100010100000000000000001010011111111111101101000000000000111111110000001110001100000000000011
4396,11110110100011100000011001000001000101000000000000000010100111111111111011010000000000001111111100000011100011000000000000111
4397,1111011010001110000001100100000100010100000000000000001010011111111111101101000000000000111111110000001110001100000000001
4398,111101101000111000000110010000010001010000000000000000101001111111111110110100000000000011111111000000111000110000000001
4399,1111011010001110000001100100000100010100000000000000001010011111111111101101000000000000111111110000001110001100000011
4400,111101101000111000000110010000010001010000000000000000101001111111111110110100000000000011111111000000111000110000001
4401,111101101000111000000110010000010001010000000000000000101001111111111110110100000000000011111111000000111000110001
4402,1111011010001110000001100100000100010100000000000000001010011111111111101101000000000000111111110000001110001100011
4403,11110110100011100000011001000001000101000000000000000010100111111111111011010000000000001111111100000011100011001
4404,111101101000111000000110010000010001010000000000000000101001111111111110110100000000000011111111000000111000110011
4405,1111011010001110000001100100000100010100000000000000001010011111111111101101000000000000111111110000001110001101
4406,1111011010001110000001100100000100010100000000000000001010011111111111101101000000000000111111110000001110001101101
4407,11110110100011100000011001000001000101000000000000000010100111111111111011010000000000001111111100000011100011011010
4408,111101101000111000000110010000010001010000000000000000101001111111111110110100000000000011111111000000111000110110100
4409,1111011010001110000001100100000100010100000000000000001010011111111111101101000000000000111111110000001110001101101000
4410,1111011010001110000001100100000100010100000000000000001010011111111111101101000000000000111111110000001110001101111
4411,11110110100011100000011001000001000101000000000000000010100111111111111011010000000000001111111100000011100011011011
4412,111101101000111000000110010000010001010000000000000000101001111111111110110100000000000011111111000000111000110110101
4413,11110110100011100000011001000001000101000000000000000010100111111111111011010000000000001111111100000011100011011010011111
4414,11110110100011100000011001000001000101000000000000000010100111111111111011010000000000001111111100000011100011011010011
4415,1111011010001110000001100100000100010100000000000000001010011111111111101101000000000000111111110000001110001101101001111
4416,111101101000111000000110010000010001010000000000000000101001111111111110110100000000000011111111000000111000110110100111
4417,1111011010001110000001100100000100010100000000000000001010011111111111101101000000000000111111110000001110001101101001
4418,111101101000111000000110010000010001010000000000000000101001111111111110110100000000000011111111000000111000110110100111111
4419,111101101000111000000110010000010001010000000000000000101001111111111110110100000000000011111111000000111001
4420,1111011010001110000001100100000100010100000000000000001010011111111111101101000000000000111111110000001110011
4421,11110110100011100000011001000001000101000000000000000010100111111111111011010000000000001111111100000011100111
4422,111101101000111000000110010000010001010000000000000000101001111111111110110100000000000011111111000000111011
4423,1111011010001110000001100100000100010100000000000000001010011111111111101101000000000000111111110000001110111
4424,11110110100011100000011001000001000101000000000000000010100111111111111011010000000000001111111100000011101111
4425,111101101000111000000110010000010001010000000000000000101001111111111110110100000000000011111111000001
4426,1111011010001110000001100100000100010100000000000000001010011111111111101101000000000000111111110000010
4427,1111011010001110000001100100000100010100000000000000001010011111111111101101000000000000111111110000011
4428,11110110100011100000011001000001000101000000000000000010100111111111111011010000000000001111111100000111
4429,111101101000111000000110010000010001010000000000000000101001111111111110110100000000000011111111011
4430,1111011010001110000001100100000100010100000000000000001010011111111111101101000000000000111111110111
4431,11110110100011100000011001000001000101000000000000000010100111111111111011010000000000001111111101011111
4432,111101101000111000000110010000010001010000000000000000101001111111111110110100000000000011111111010111
4433,1111011010001110000001100100000100010100000000000000001010011111111111101101000000000000111111110101111
4434,1111011010001110000001100100000100010100000000000000001010011111111111101101000000000000111111111
4435,11110110100011100000011001000001000101000000000000000010100111111111111011010000000000001111111111
4436,111101101000111000000110010000010001010000000000000000101001111111111110110100000000000011111111111
4437,1111011010001110000001100100000100010100000000000000001010011111111111101101000000000000111111111111
4438,111101101000111000000110010000010001010000000000000000101001111111111110110100000000011
4439,11110110100011100000011001000001000101000000000000000010100111111111111011010000000001
4440,1111011010001110000001100100000100010100000000000000001010011111111111101101000000011
4441,111101101000111000000110010000010001010000000000000000101001111111111110110100000001
4442,11110110100011100000011001000001000101000000000000000010100111111111111011010000000110
4443,111101101000111000000110010000010001010000000000000000101001111111111110110100000001100
4444,111101101000111000000110010000010001010000000000000000101001111111111110110100000001100111
4445,11110110100011100000011001000001000101000000000000000010100111111111111011010000000110011
4446,1111011010001110000001100100000100010100000000000000001010011111111111101101000000011001
4447,11110110100011100000011001000001000101000000000000000010100111111111111011010000000111
4448,111101101000111000000110010000010001010000000000000000101001111111111110110100000001111
4449,111101101000111000000110010000010001010000000000000000101001111111111110110100000001101
4450,1111011010001110000001100100000100010100000000000000001010011111111111101101000000011011
4451,1111011010001110000001100100000100010100000000000000001010011111111111101101000111
4452,11110110100011100000011001000001000101000000000000000010100111111111111101
4453,1111011010001110000001100100000100010100000000000000001010011111111111110001
4454,11110110100011100000011001000001000101000000000000000010100111111111111100001
4455,111101101000111000000110010000010001010000000000000000101001111111111111000000001
4456,11110110100011100000011001000001000101000000000000000010100111111111111100000000011
4457,11110110100011100000011001000001000101000000000000000010100111111111111100000001
4458,1111011010001110000001100100000100010100000000000000001010011111111111110000000101
4459,111101101000111000000110010000010001010000000000000000101001111111111111000000010
4460,1111011010001110000001100100000100010100000000000000001010011111111111110000000111
4461,111101101000111000000110010000010001010000000000000000101001111111111111000000011
4462,1111011010001110000001100100000100010100000000000000001010011111111111110000001
4463,11110110100011100000011001000001000101000000000000000010100111111111111100000010
4464,111101101000111000000110010000010001010000000000000000101001111111111111000000100
4465,1111011010001110000001100100000100010100000000000000001010011111111111110000001000
4466,11110110100011100000011001000001000101000000000000000010100111111111111100000010001
4467,111101101000111000000110010000010001010000000000000000101001111111111111000000111
4468,11110110100011100000011001000001000101000000000000000010100111111111111100000011
4469,1111011010001110000001100100000100010100000000000000001010011111111111110000001001
4470,11110110100011100000011001000001000101000000000000000010100111111111111100000010011
4471,1111011010001110000001100100000100010100000000000000001010011111111111110000001011
4472,111101101000111000000110010000010001010000000000000000101001111111111111000000101
4473,11110110100011100000011001000001000101000000000000000010100111111111111100101
4474,1111011010001110000001100100000100010100000000000000001010011111111111110010
4475,111101101000111000000110010000010001010000000000000000101001111111111111001
4476,1111011010001110000001100100000100010100000000000000001001000001
4477,11110110100011100000011001000001000101000000000000000010010000101
4478,111101101000111000000110010000010001010000000000000000100100001011
4479,11110110100011100000011001000001000101000000000000000010010000101111
4480,1111011010001110000001100100000100010100000000000000001001000010111
4481,111101101000111000000110010000010001010000000000000000100100001011111
4482,1111011010001110000001100100000100010100000000000000001001000010111111
4483,1111011010001110000001100100000100010100000000000000001001000011
4484,111101101000111000000110010000010001010000000000000000100100011
4485,11110110100011100000011001000001000101000000000000000010010001
4486,1111011010001110000001100100000100010100000000000000001001001
4487,11110110100011100000011001000001000101000000000000000010010011
4488,111101101000111000000110010000010001010000000000000000100101
4489,11110110100011100000011001000001000101000000000000000010011
4490,111101101000111000000110010000010001010000000000000000100111
4491,1111011010001110000001100100000100010100000000000000001001111
4492,1111011010001110000001100100000100010100000000000000001111
4493,111101101000111000000110010000010001010000000000000000111
4494,11110110100011100000011001000001000101000000000000000011
4495,1111011010001110000001100100000100010100000000000000011
4496,111101101000111000000110010000010001010000000000000001111
4497,11110110100011100000011001000001000101000000000000000111
4498,111101101000111000000110010000010001010000000000000001
4499,111101101000111000000110010000010001010000000000000001111101
4500,1111011010001110000001100100000100010100000000000000011111010
4501,1111011010001110000001100100000100010100000000000000011111011
4502,11110110100011100000011001000001000101000000000000000111110
4503,11110110100011100000011001000001000101000000000000000111111
4504,1111011010001110000001100100000100010100000000000000011111
4505,11110110100011100000011001000001000101000000000011
4506,1111011010001110000001100100000100010100000000001
4507,111101101000111000000110010000010001010000000000110
4508,111101101000111000000110010000010001010000000000111
4509,11110110100011100000011001000001000101000000000111
4510,111101101000111000000110010000010001010000000001101
4511,11110110100011100000011001000001000101000000001101
4512,1111011010001110000001100100000100010100000000111
4513,1111011010001110000001100100000100010100000011111
4514,11110110100011100000011001000001000101000000111101
4515,111101101000111000000110010000010001010000001111001
4516,1111011010001110000001100100000100010010000001010110
4517,1111011010001110000001100100000100010010000001010111
4518,111101101000111000000110010000010001001000000101011
4519,111101101000111000000110010000010001010000001111000011111001
4520,11110110100011100000011001000001000101000000111100001111101
4521,1111011010001110000001100100000100010100000011110000111111
4522,11110110100011100000011001000001000101000000111100001111110
4523,111101101000111000000110010000010001010000001111000011111100
4524,1111011010001110000001100100000100010100000011110000111111000
4525,11110110100011100000011001000001000101000000111100001111111
4526,1111011010001110000001100100000100010100000011110000111111001
4527,111101101000111000000110010000010001010000001111000011111101
4528,1111011010001110000001100100000100010100000011110001
4529,11110110100011100000011001000001000101000000111100010
4530,11110110100011100000011001000001000101000000111100011
4531,111101101000111000000110010000010001010000011
4532,11110110100011100000011001000001000101000001
4533,11110110100011100000011001000001000101011
4534,1111011010001110000001100100000100010101
4535,111101101000111000000110010000010001010110
4536,111101101000111000000110010000010001010111
4537,11110110100011100000011001000001000101111
4538,111101101000111000000110010000010001011
4539,1111011010001110000001100100000100010111
4540,1111011010001110000001100100000100010011
4541,11110110100011100000011001000001000100110111
4542,11110110100011100000011001000001000100110
4543,1111011010001110000001100100000100010011011
4544,111101101000111000000110010000010001001101
4545,11110110100011100000011001000001000100111
4546,111101101000111000000110010000010001001110
4547,111101101000111000000110010000010001001111
4548,1111011010001110000001100100000100010010001
4549,11110110100011100000011001000001000100100001
4550,111101101000111000000110010000010001001000001
4551,1111011010001110000001100100000100010010000010
4552,11110110100011100000011001000001000100100000101
4553,1111011010001110000001100100000100010010000011
4554,11110110100011100000011001000001000100100000001
4555,1111011010001110000001100100000100010010000000001
4556,11110110100011100000011001000001000100100000000010
4557,11110110100011100000011001000001000100100000000011
4558,111101101000111000000110010000010001001000000001
4559,1111011010001110000001100100000100010010000000010
4560,1111011010001110000001100100000100010010000000011
4561,11110110100011100000011001000001000100100000011
4562,111101101000111000000110010000010001001000000111
4563,11110110100011100000011001000001000100100000010001
4564,11110110100011100000011001000001000100100000010000111
4565,1111011010001110000001100100000100010010000001001
4566,11110110100011100000011001000001000100100000010101
4567,1111011010001110000001100100000100010010000001011
4568,11110110100011100000011001000001000100100000010110
4569,11110110100011100000011001000001000100100000010111
4570,111101101000111000000110010000010001001001
4571,11110110100011100000011001000001000100101
4572,11110110100011100000011001000001000111
4573,1111011010001110000001100100000100011
4574,111101101000111000000110010000010001111
4575,11110110100011100000011001000001011
4576,1111011010001110000001100100000101
4577,1111011010001110000001100100000010111111111101
4578,11110110100011100000011001000000101111111111000011
4579,1111011010001110000001100100000010111111111100001
4580,111101101000111000000110010000001011111111110000001011110
4581,111101101000111000000110010000001011111111110000001011111
4582,111101101000111000000110010000001011111111110000001011
4583,11110110100011100000011001000000101111111111000000101111
4584,1111011010001110000001100100000010111111111100000010111
4585,1111011010001110000001100100000010111111111100000010111100
4586,1111011010001110000001100100000010111111111100000010111101
4587,11110110100011100000011001000000101111111111000000100101
4588,1111011010001110000001100100000010111111111100000010011
4589,111101101000111000000110010000001011111111110000001111
4590,11110110100011100000011001000000101111111111000000111101
4591,1111011010001110000001100100000010111111111100000011110
4592,1111011010001110000001100100000010111111111100000011111
4593,11110110100011100000011001000000101111111111000000111111
4594,111101101000111000000110010000001011111111110000001101
4595,11110110100011100000011001000000101111111111000001
4596,111101101000111000000110010000001011111111110001
4597,11110110100011100000011001000000101111111111001
4598,11110110100011100000011001000001000101000000000000000010100111111111111011110111100111100001110111101011101000
4599,111101101000111000000110010000010001010000000000000000101001111111111110111101111001111000011101111010111010000
4600,1111011010001110000001100100000100010100000000000000001010011111111111101111011110011110000111011110101110100000
4601,11110110100011100000011001000001000101000000000000000010100111111111111011110111100111100001110111101011101000000
4602,111101101000111000000110010000010001010000000000000000101001111111111110111101111001111000011101111010111010000001
4603,1111011010001110000001100100000100010100000000000000001010011111111111101111011110011110000111011110101110100000011
4604,11110110100011100000011001000001000101000000000000000010100111111111111011110111100111100001110111101011101000000110
4605,111101101000111000000110010000010001010000000000000000101001111111111110111101111001111000010
4606,1111011010001110000001100100000100010100000000000000001010011111111111101111011110011110000101
4607,11110110100011100000011001000001000101000000000000000010100111111111111011110111100111100001011
4608,11110110100011100000011001000001000101000000000000000010100111111111111011110111100111100001011101
4609,111101101000111000000110010000010001010000000000000000101001111111111110111101111001111000010111010
4610,1111011010001110000001100100000100010100000000000000001010011111111111101111011110011110000101110100
4611,11110110100011100000011001000001000101000000000000000010100111111111111011110111100111100001011101001
4612,111101101000111000000110010000010001010000000000000000101001111111111110111101111001111000010111010011
4613,11110110100011100000011001000001000101000000000000000010100111111111111011110111100111100001011101001111
4614,1111011010001110000001100100000100010100000000000000001010011111111111101111011110011110000101110100111
4615,111101101000111000000110010000010001010000000000000000101001111111111110111101111001111000010111010011111
4616,1111011010001110000001100100000100010100000000000000001010011111111111101111011110011110000111011110101110100001
4617,11110110100011100000011001000001000101000000000000000010100111111111111011110111100111100001110111101011101000010
4618,11110110100011100000011001000001000101000000000000000010100111111111111011110111100111100000
4619,111101101000111000000110010000010001010000000000000000101001111111111110111101111001111000000
4620,1111011010001110000001100100000100010100000000000000001010011111111111101111011110011110000000
4621,11110110100011100000011001000001000101000000000000000010100111111111111011110111100111100000000
4622,111101101000111000000110010000010001010000000000000000101001111111111110111101111001111000011101111010111001110000
4623,1111011010001110000001100100000100010100000000000000001010011111111111101111011110011110000111011110101110011100000
4624,1111011010001110000001100100000100010100000000000000001010011111111111101111011110011110000111011110101110011100010000100
4625,11110110100011100000011001000001000101000000000000000010100111111111111011110111100111100001110111101011100111000100001001
4626,111101101000111000000110010000010001010000000000000000101001111111111110111101111001111000011101111010111001110001000010011
4627,111101101000111000000110010000010001010000000000000000101001111111111110111101111001111000011101111010111001110001000010100
4628,111101101000111000000110010000010001010000000000000000101001111111111110111101111001111000011101111010111001110001000010100111
4629,111101101000111000000110010000010001010000000000000000101001111111111110111101111001111000011101111010111001110001000010100111111
4630,11110110100011100000011001000001000101000000000000000010100111111111111011110111100111100001110111101011100111000100001010011111
4631,1111011010001110000001100100000100010100000000000000001010011111111111101111011110011110000111011110101110011100010000101001111
4632,1111011010001110000001100100000100010100000000000000001010011111111111101111011110011110000111011110101110011100010000101001111111111
4633,11110110100011100000011001000001000101000000000000000010100111111111111011110111100111100001110111101011100111000100001010011111111111
4634,1111011010001110000001100100000100010100000000000000001010011111111111101111011110011110000111011110101110011100010010000
4635,11110110100011100000011001000001000101000000000000000010100111111111111011110111100111100001110111101011100111000100100001
4636,111101101000111000000110010000010001010000000000000000101001111111111110111101111001111000011101111010111001110001001000011
4637,1111011010001110000001100100000100010100000000000000001010011111111111101111011110011110000111011110101110011100010010000110
4638,11110110100011100000011001000001000101000000000000000010100111111111111011110111100111100001110111101011100111000100001010101011110
4639,1111011010001110000001100100000100010100000000000000001010011111111111101111011110011110000111011110101110011100010000101010101111100
4640,11110110100011100000011001000001000101000000000000000010100111111111111011110111100111100001110111101011100111000100001010101011111111
4641,111101101000111000000110010000001011111111111
4642,1111011010001110000001100100000011
4643,11110110100011100000011001000000110
4644,11110110100011100000011001000000111
4645,111101101000111000000110010000001111
4646,11110110100011100000011001000011
4647,1111011010001110000001100100001
4648,1111011010001110000001100100001101
4649,11110110100011100000011001000011011
4650,1111011010001110000001100100001101111
4651,111101101000111000000110010000110
4652,111101101000111000000110010000110111
4653,11110110100011100000011001000011011110
4654,11110110100011100000011001000011011110111
4655,111101101000111000000110010000110111101111
4656,1111011010001110000001100100001101111011111
4657,11110110100011100000011001000011011110111110
4658,111101101000111000000110010000110111101111100
4659,1111011010001110000001100100001101111011111000
4660,111101101000111000000110010000111
4661,1111011010001110000001100100001111
4662,11110110100011100000011001000011011110101111
4663,1111011010001110000001100100001101111010111111
4664,111101101000111000000110010000110111101011111
4665,11110110100011100000011001000011011110101
4666,1111011010001110000001100100001101111010111
4667,111101101000111000000110010000110111101011
4668,11110110100011100000011001000011011110111111
4669,111101101000111000000110010000110111101111110
4670,1111011010001110000001100100001101111011111101
4671,111101101000111000000110010000110111101111111
4672,1111011010001110000001100100001101111011111111
4673,1111011010001110000001100100001101111011111001
4674,111101101000111000000110010000110111101111101
4675,11110110100011100000011001000011011111
4676,111101101000111000000110010111
4677,1111011010001110000001100101111
4678,11110110100011100000011001011
4679,1111011010001110000001100101
4680,1111011010001110000001101111
4681,111101101000111000000110111
4682,11110110100011100000011011
4683,1111011010001110000001101
4684,111101101000111000000111
4685,1111011010001110000001111
4686,11110110100011100000011111
4687,111101101000111000000111111
4688,11110110100011100000011001000001000101000000000000000010100111111111111011010000000000001111110110
4689,111101101000111000000110010000010001010000000000000000101001111111111110110100000000000011111101110
4690,11110110100011100000011001000001000101000000000000000010100111111111111011010000000000001111111100000011100011000000000000011111111111
4691,1111011010001110000001100100000100010100000000000000001010011111111111101101000000000000111111110000001110001100000001000110
4692,11110110100011100000011001000001000101000000000000000010100111111111111011010000000000011
4693,1111011010001110000001100100000100010100000000000000001010011111111111101101000000000001111
4694,111101101000111000000110010000010001010000000000000000101001111111111110110100000000000111
4695,11110110100011100000011001000001000101000000000000000010100111111111111011010000000000001111110111
4696,111101101000111000000110010000010001010000000000000000101001111111111110110100000000000011111111
4698,1111011010001110000001100100000100010100000000000000001010011111111111101101
4699,111101101000111000000110010000010001010000000000000000101001111111111110110
4700,11110110100011100000011001000001000101000000000000000010100111111111111011010000000000001111111
4701,11110110100011100000011001000001000101000000000000000010100111111111111011
4702,1111011010001110000001100100000100010100000000000000001010011111111111101
4703,1111011010001110000001100100000100010100000000000000001010011111111111101101000000000001
4707,111101101000111000000110010000010001010000000000000000101001111111111110110100000000000011111111000000111000110000000100011
4708,111101101000111000000110010000010001010000000000000000101001111111111110110100000000000011111101111
4709,1111011010001110000001
4710,111101101000111000000
4711,11110110100011100000011
4712,111101101000111000000110010000010001010000000000000000101001111111111111000001
4713,1111011010001110000001100100000100010100000000000000001010011111111111110011
4714,1111011010001110000001100100000100010100000000000000001010011111111111101101000000000001111110
4715,11110110100011100000011001000001000101000000000000000010100111111111111011010000000000011111100
4716,11110110100011100000011001000001000101000000000000000010100111111111111011010000000000011111101
4717,111101101000111000000110010000010001010000000000000000101001111111111110110100000000000111111010
4718,111101101000111000000110010000010001010000000000000000101001111111111110110100000000000111111011
4719,111101101000111000000110010000010001010000000000000000101001111111111110110100000000000111111
4720,11110110100011100000011001000001000101000000000000000010100111111111111011010000000000011111
4721,1111011010001110000001100100000100010100000000000000001010011111111111101101000000000001111111
4722,11110110100011100000011001000001000101000000000000000010100111111111111011010000000000011110111
4723,111101101000111000000110010000010001010000000000000000101001111111111110110100000000000111101
4724,1111011010001110000001100100000100010100000000000000001010011111111111101101000000000001111011
4725,111101101000111000
4726,1111011010001110000
4727,11110110100011100
4728,1111011010001110011
4729,111101101000111001
4730,1111011010001110001111
4731,1111011010001110001
4732,11110110100011100011
4733,111101101000111000111
4734,111101101000111000001
4735,1111011010001110000011
4736,11110110100011100000110
4737,111101101000111000001111
4738,11110110100011100000111
4739,11110110100011100000
4740,1111011010001110000001100100000100010100000000000000001010011111111111111
4741,11110110100011100000011001000000101111111111000000100
4742,1111011010001110000001100100000010111111111100000010
4743,111101101000111000000110010000001011111111110000001
4744,1111011010001110000001100100000010111111111100000011
4745,11110110100011100000011001000000101111111111000000110
4746,11110110100011100000011001000000101111111111000000101
4747,11110110100011100000011001000000101111111111000000111
4748,111101101000111000000110010000010011111100
4749,111101101000111000000110010000010011111101
4750,11110110100011100000011001000001001111110
4751,11110110100011100000011001000001001111111
4752,111101101000111000000110010000010011111
4753,1111011010001110000001100100000100111110
4754,1111011010001110000001100100000100111111
4755,11110110100011100000011001000001001111101000011101000000010
4756,11110110100011100000011001000001001111101000011101000000011
4757,1111011010001110000001100100000100111110100001110100000001
4758,11110110100011100000011001000001001111101011110
4759,111101101000111000000110010000010011111010111100
4760,111101101000111000000110010000010011111010111101
4761,1111011010001110000001100100000100111110101111
4762,11110110100011100000011001000001001111101011111
4763,111101101000111000000110010000010011111101111110110010111
4764,1111011010001110000001100100000100111111011111101100101110
4765,1111011010001110000001100100000100111111011111101100101111
4766,11110110100011100000011001000001000101000000000000000010100111111111111011010000000000001111111100000011100011000000000000011011
4767,111101101000111000000110010000010001010000000000000000101001111111111110110100000000000011111111000000111000110000000000000110110
4768,111101101000111000000110010000010001010000000000000000101001111111111110110100000000000011111111000000111000110000000000000110111
4769,111101101000111000000110010000010001010000000000000000101001111111111110110100000000000011111111000000111000110110
4770,111101101000111000000110010000010001010000000000000000101001111111111110110100000000000011111111000000111000110111
4771,11110110100011100000011001000001000101000000000000000010100111111111111011010000000000001111111100000011100011011
4772,1111011010001110000001100100001101111010
4773,1111011010001110000001100100001101111011
4774,111101101000111000000110010000110111101
4775,111101101000111000000110010000010001010000000000000000101001111111111110110100000000000011111111000000111000110000000000000111111111
4776,1111011010001110000001100100000100010100000000000000001010011111111111101101000000000000111111110000001110001100000000000001111111110
4777,1111011010001110000001100100000100010100000000000000001010011111111111101101000000000000111111110000001110001100000000000001111111111
4778,1111011010001110000001100100000100010100000000000000001010011111111111101101000000000000111111110000001110001100000001000101
4779,1111011010001110000001100100000100010100000000000000001010011111111111101101000000000000111111110000001110001100000000000001111011111
4780,11110110100011100000011001000001000101000000000000000010100111111111111011010000000000001111111100000011100011000000000000011110111111
4781,1111011010001110000001100100000100010100000000000000001010011111111111101101000000000000111111110000001110001100000001000111
4782,111101101000111000000110010000010001010000000000000000101001111111111110111101111
4783,11110110100011100000011001000001000101000000000000000010100111111111111011110
4784,1111011010001110000001100100000100010100000000000000001010011111111111101111011
4785,11110110100011100000011001000001000101000000000000000010100111111111111011110111
4786,111101101000111000000110010000010001010000000000000000101001111111111110111101
4787,1111011010001110000001100100000100010100000000000000001010011111111111101111011110
4788,11110110100011100000011001000001000101000000000000000010100111111111111011110111100
4789,11110110100011100000011001000001000101000000000000000010100111111111111011110111100111
4790,1111011010001110000001100100000100010100000000000000001010011111111111101111011110011
4791,111101101000111000000110010000010001010000000000000000101001111111111110111101111001
4792,111101101000111000000110010000010001010000000000000000101001111111111110111101111001111
4793,1111011010001110000001100100000100010100000000000000001010011111111111101111011110011110
4794,11110110100011100000011001000001000101000000000000000010100111111111111011110111100111100
4795,111101101000111000000110010000010001010000000000000000101001111111111110111101111001111000
4796,1111011010001110000001100100000100010100000000000000001010011111111111101111011110011110000
4797,11110110100011100000011001000001000101000000000000000010100111111111111011110111100111100001
4798,111101101000111000000110010000010001010000000000000000101001111111111110111101111001111000011101111010111001110001000
4799,1111011010001110000001100100000100010100000000000000001010011111111111101111011110011110000111011110101110011100010000
4800,11110110100011100000011001000001000101000000000000000010100111111111111011110111100111100001110111101011100111000100000
4801,111101101000111000000110010000010001010000000000000000101001111111111110111101111001111000011101111010111001110001000000
4802,1111011010001110000001100100000100010100000000000000001010011111111111101111011110011110000111011110101110011100010000000
4803,11110110100011100000011001000001000101000000000000000010100111111111111011110111100111100001110111101011100111000100001
4804,111101101000111000000110010000010001010000000000000000101001111111111110111101111001111000011101111010111001110001000010
4805,1111011010001110000001100100000100010100000000000000001010011111111111101111011110011110000111011110101110011100010000101
4806,11110110100011100000011001000001000101000000000000000010100111111111111011110111100111100001110111101011100111000100001010
4807,111101101000111000000110010000010001010000000000000000101001111111111110111101111001111000011101111010111001110001000010101
4808,1111011010001110000001100100000100010100000000000000001010011111111111101111011110011110000111011110101110011100010000101010
4809,11110110100011100000011001000001000101000000000000000010100111111111111011110111100111100001110111101011100111000100001010100
4810,111101101000111000000110010000010001010000000000000000101001111111111110111101111001111000011101111010111001110001000010101000
4811,111101101000111000000110010000010001010000000000000000101001111111111110111101111001111000011101111010111001110001001
4812,1111011010001110000001100100000100010100000000000000001010011111111111101111011110011110000111011110101110011100010010
4813,11110110100011100000011001000001000101000000000000000010100111111111111011110111100111100001110111101011100111000100100
4814,111101101000111000000110010000010001010000000000000000101001111111111110111101111001111000011101111010111001110001001000
4815,111101101000111000000110010000010001010000000000000000101001111111111110111101111001111000011101111010111001110001001000110
4816,111101101000111000000110010000010001010000000000000000101001111111111110111101111001111000011101111010111001110001001000110111
4817,11110110100011100000011001000001000101000000000000000010100111111111111011110111100111100001110111101011100111000100100011011101111
4818,1111011010001110000001100100000100010100000000000000001010011111111111101111011110011110000111011110101110011100010010001101110111
4819,11110110100011100000011001000001000101000000000000000010100111111111111011110111100111100001110111101011100111000100101
4820,111101101000111000000110010000010001010000000000000000101001111111111110111101111001111000011101111010111001110001001010
4821,1111011010001110000001100100000100010100000000000000001010011111111111101111011110011110000111011110101110011100010010100
4822,11110110100011100000011001000001000101000000000000000010100111111111111011110111100111100001110111101011100111000100101001
4823,111101101000111000000110010000010001010000000000000000101001111111111110111101111001111000011101111010111001110001001010011
4824,1111011010001110000001100100000100010100000000000000001010011111111111101111011110011110000111011110101110011100010010100111
4825,11110110100011100000011001000001000101000000000000000010100111111111111011110111100111100001110111101011100111000100101001111
4826,111101101000111000000110010000010001010000000000000000101001111111111110111101111001111000011101111010111001110001001010011111
4827,11110110100011100000011001000001000101000000000000000010100111111111111011110111100111100001110111101011100111000100101001111111
4828,111101101000111000000110010000010001010000000000000000101001111111111110111101111001111000011
4829,1111011010001110000001100100000100010100000000000000001010011111111111101111011110011110000111
4830,111101101000111000000110010000010001010000000000000000101001111111111110111101111001111000011101
4831,11110110100011100000011001000001000101000000000000000010100111111111111011110111100111100001110111
4832,1111011010001110000001100100000100010100000000000000001010011111111111101111011110011110000111011
4833,11110110100011100000011001000001000101000000000000000010100111111111111011110111100111100001110
4834,111101101000111000000110010000010001010000000000000000101001111111111110111101111001111000011101111
4835,1111011010001110000001100100000100010100000000000000001010011111111111101111011110011110000111011110
4836,11110110100011100000011001000001000101000000000000000010100111111111111011110111100111100001110111101
4837,111101101000111000000110010000010001010000000000000000101001111111111110111101111001111000011101111010111
4838,1111011010001110000001100100000100010100000000000000001010011111111111101111011110011110000111011110101110
4839,11110110100011100000011001000001000101000000000000000010100111111111111011110111100111100001110111101011
4840,111101101000111000000110010000010001010000000000000000101001111111111110111101111001111000011101111010
4841,1111011010001110000001100100000100010100000000000000001010011111111111101111011110011110000111011110101
4842,11110110100011100000011001000001000101000000000000000010100111111111111011110111100111100001110111101011100111
4843,11110110100011100000011001000001000101000000000000000010100111111111111011110111100111100001110111101011100
4844,111101101000111000000110010000010001010000000000000000101001111111111110111101111001111000011101111010111001
4845,1111011010001110000001100100000100010100000000000000001010011111111111101111011110011110000111011110101110011
4846,111101101000111000000110010000010001010000000000000000101001111111111110111101111001111000011101111010111001110
4847,1111011010001110000001100100000100010100000000000000001010011111111111101111011110011110000111011110101110011100
4848,11110110100011100000011001000001000101000000000000000010100111111111111011110111100111100001110111101011100111000
4849,111101101000111000000110010000010001010000000000000000101001111111111110111101111001111000011101111010111001110001
4850,1111011010001110000001100100000100010100000000000000001010011111111111101111011110011110000111011110101110011100010
4851,11110110100011100000011001000001000101000000000000000010100111111111111011110111100111100001110111101011100111000100
4852,11110110100011100000011001000001000101000000000000000010100111111111111011110111100111100001110111101011101
4853,111101101000111000000110010000010001010000000000000000101001111111111110111101111001111000011101111010111010
4854,1111011010001110000001100100000100010100000000000000001010011111111111101111011110011110000111011110101110100
4855,11110110100011100000011001000001000101000000000000000010100111111111111011110111100111100001110111101011100111000100001010101011111111111
4856,1111011010001110000001100100000100010100000000000000001010011111111111101111011110011110000111011110101110011100010000101010101111111111
4857,111101101000111000000110010000010001010000000000000000101001111111111110111101111001111000011101111010111001110001000010101010111111111111
4858,11110110100011100000011001000001000101000000000000000010100111111111111011110111100111100001110111101011100111000100100011111
4859,111101101000111000000110010000010001010000000000000000101001111111111110111101111001111000011101111010111001110001001000111
4860,111101101000111000000110010000010001010000000000000000101001111111111110111101111001111000011101111111110111
4861,111101101000111000000110010000010001010000000000000000101001111111111110111101111001111000011101111111111111
4862,111101101000111000000110010000010001010000000000000000101001111111111110111101111001111000011101111010111110
4863,1111011010001110000001100100000100010100000000000000001010011111111111101111011110011110000111011110101111101
4864,11110110100011100000011001000001000101000000000000000010100111111111111011110111100111100001110111101011111111111
4865,111101101000111000000110010000010001010000000000000000101001111111111110111101111001111000011101111010111111101
4866,11110110100011100000011001000001000101000000000000000010100111111111111011110111100111100001110111101011111110
4867,111101101000111000000110010000010001010000000000000000101001111111111110111101111001111000011101111111111111111110
4868,1111011010001110000001100100000100010100000000000000001010011111111111101111011111
4869,11110110100011100000011001000001000101000000000000000010100111111111111011110111111
4870,11110110100011100000011001000001000101000000000000000010100111111111111011110111101
4871,111101101000111000000110010000010001010000000000000000101001111111111110111101111011
4872,1111011010001110000001100100000100010100000000000000001010011111111111101111011110110
4873,11110110100011100000011001000001000101000000000000000010100111111111111011110111101101
4874,1111011010001110000001100100000100010100000000000000001010011111111111101111011110111
4875,11110110100011100000011001000001000101000000000000000010100111111111111011110111101111
4876,1111011010001110000001100100000100010100000000000000001010011111111111101111011110011111
4877,111101101000111000000110010000010001010000000000000000101001111111111110111101111001111001
4878,1111011010001110000001100100000100010100000000000000001010011111111111101111011110011110011
4879,111101101000111000000110010000010001010000000000000000101001111111111110111101111001111001111
4880,11110110100011100000011001000001000101000000000000000010100111111111111011110111100111100111
4881,1111011010001110000001100100000100010100000000000000001010011111111111101111011110011110001
4882,111101101000111000000110010000010001010000000000000000101001111111111110111101111001111000011101111010111001111
4883,1111011010001110000001100100000100010100000000000000001010011111111111101111011110011110000111011110101110011111
4884,11110110100011100000011001000001000101000000000000000010100111111111111011110111100111100001110111101011100111001
4885,1111011010001110000001100100000100010100000000000000001010011111111111101111011110011110000111011110101110011100001
4886,11110110100011100000011001000001000101000000000000000010100111111111111011110111100111100001110111101011100111000010
4887,111101101000111000000110010000010001010000000000000000101001111111111110111101111001111000011101111010111001110000111
4888,11110110100011100000011001000001000101000000000000000010100111111111111011110111100111100001110111101011100111000011
4889,111101101000111000000110010000010001010000000000000000101001111111111110111101111001111000011101111010111001110001000001
4890,1111011010001110000001100100000100010100000000000000001010011111111111101111011110011110000111011110101110011100010000011
4891,1111011010001110000001100100000100010100000000000000001010011111111111101111011110011110000111011110101110011100010000001
4892,11110110100011100000011001000001000101000000000000000010100111111111111011110111100111100001110111101011100111000100000011
4893,111101101000111000000110010000010001010000000000000000101001111111111110111101111001111000011101111010111001110001000000111
4894,11110110100011100000011001000001000101000000000000000010100111111111111011110111100111100001110111101011100111000100001011
4895,111101101000111000000110010000010001010000000000000000101001111111111110111101111001111000011101111010111001110001000010111
4896,1111011010001110000001100100000100010100000000000000001010011111111111101111011110011110000111011110101110011100010000101111111
4897,11110110100011100000011001000001000101000000000000000010100111111111111011110111100111100001110111101011100111000100001011111
4898,1111011010001110000001100100000100010100000000000000001010011111111111101111011110011110000111011110101110011100010000101111
4899,11110110100011100000011001000001000101000000000000000010100111111111111011110111100111100001110111101011100111000100001011111111
4900,111101101000111000000110010000010001010000000000000000101001111111111110111101111001111000011101111010111001110001000010111111
4901,111101101000111000000110010000010001010000000000000000101001111111111110111101111001111000011101111010111001110001000010111111111
4902,1111011010001110000001100100000100010100000000000000001010011111111111101111011110011110000111011110101110011100010000101111111111
4903,11110110100011100000011001000001000101000000000000000010100111111111111011110111100111100001110111101011100111000100001011111111111
4904,111101101000111000000110010000010001010000000000000000101001111111111110111101111001111000011101111010111001110001000010101001
4905,1111011010001110000001100100000100010100000000000000001010011111111111101111011110011110000111011110101110011100010000101010010
4906,11110110100011100000011001000001000101000000000000000010100111111111111011110111100111100001110111101011100111000100001010100101
4907,1111011010001110000001100100000100010100000000000000001010011111111111101111011110011110000111011110101110011100010000101010011
4908,11110110100011100000011001000001000101000000000000000010100111111111111011110111100111100001110111101011100111000100001010101
4909,111101101000111000000110010000010001010000000000000000101001111111111110111101111001111000011101111010111001110001000010101010
4910,1111011010001110000001100100000100010100000000000000001010011111111111101111011110011110000111011110101110011100010000101010101
4911,11110110100011100000011001000001000101000000000000000010100111111111111011110111100111100001110111101011100111000100001010101011
4912,111101101000111000000110010000010001010000000000000000101001111111111110111101111001111000011101111010111001110001000010101010110
4913,11110110100011100000011001000001000101000000000000000010100111111111111011110111100111100001110111101011100111000100001010101011011
4914,111101101000111000000110010000010001010000000000000000101001111111111110111101111001111000011101111010111001110001000010101010110111
4915,1111011010001110000001100100000100010100000000000000001010011111111111101111011110011110000111011110101110011100010000101010101101
4916,111101101000111000000110010000010001010000000000000000101001111111111110111101111001111000011101111010111001110001000010101011
4917,11110110100011100000011001000001000101000000000000000010100111111111111011110111100111100001110111101011100111000100001010111
4918,1111011010001110000001100100000100010100000000000000001010011111111111101111011110011110000111011110101110011100010000101011
4919,1111011010001110000001100100000100010100000000000000001010011111111111101111011110011110000111011110101110011100010000101001011
4920,111101101000111000000110010000010001010000000000000000101001111111111110111101111001111000011101111010111001110001000010100101
4921,11110110100011100000011001000001000101000000000000000010100111111111111011110111100111100001110111101011100111000100001010010111
4922,111101101000111000000110010000010001010000000000000000101001111111111110111101111001111000011101111010111001110001000011
4923,1111011010001110000001100100000100010100000000000000001010011111111111101111011110011110000111011110101110011100010001
4924,11110110100011100000011001000001000101000000000000000010100111111111111011110111100111100001110111101011100111000100011
4925,1111011010001110000001100100000100010100000000000000001010011111111111101111011110011110000111011110101110011100010011
4926,11110110100011100000011001000001000101000000000000000010100111111111111011110111100111100001110111101011100111000100111
4927,111101101000111000000110010000010001010000000000000000101001111111111110111101111001111000011101111010111001110001001111
4928,1111011010001110000001100100000100010100000000000000001010011111111111101111011110011110000111011110101110011100010011110
4929,1111011010001110000001100100000100010100000000000000001010011111111111101111011110011110000111011110101110011100010011111
4930,111101101000111000000110010000010001010000000000000000101001111111111110111101111001111000011101111010111001110001001001
4931,111101101000111000000110010000010001010000000000000000101001111111111110111101111001111000011101111010111001110001001001111
4932,1111011010001110000001100100000100010100000000000000001010011111111111101111011110011110000111011110101110011100010010011111
4933,11110110100011100000011001000001000101000000000000000010100111111111111011110111100111100001110111101011100111000100100111
4934,1111011010001110000001100100000100010100000000000000001010011111111111101111011110011110000111011110101110011100010010011
4935,11110110100011100000011001000001000101000000000000000010100111111111111011110111100111100001110111101011100111000100100111111111
4936,1111011010001110000001100100000100010100000000000000001010011111111111101111011110011110000111011110101110011100010010011111111
4937,111101101000111000000110010000010001010000000000000000101001111111111110111101111001111000011101111010111001110001001001111111110
4938,1111011010001110000001100100000100010100000000000000001010011111111111101111011110011110000111011110101110011100010010011111111100
4939,11110110100011100000011001000001000101000000000000000010100111111111111011110111100111100001110111101011100111000100100111111111000
4940,111101101000111000000110010000010001010000000000000000101001111111111110111101111001111000011101111010111001110001001001111111110001
4941,1111011010001110000001100100000100010100000000000000001010011111111111101111011110011110000111011110101110011100010010011111111100011
4942,11110110100011100000011001000001000101000000000000000010100111111111111011110111100111100001110111101011100111000100100111111111000110
4943,111101101000111000000110010000010001010000000000000000101001111111111110111101111001111000011101111010111001110001001001111111110001101
4944,1111011010001110000001100100000100010100000000000000001010011111111111101111011110011110000111011110101110011100010010011111111100011010
4945,1111011010001110000001100100000100010100000000000000001010011111111111101111011110011110000111011110101110011100010010011111101
4946,1111011010001110000001100100000100010100000000000000001010011111111111101111011110011110000111011110101110011100010010011111101111111001
4947,11110110100011100000011001000001000101000000000000000010100111111111111011110111100111100001110111101011100111000100100111111011111110011
4948,111101101000111000000110010000010001010000000000000000101001111111111110111101111001111000011101111010111001110001001001111110111111100111
4949,1111011010001110000001100100000100010100000000000000001010011111111111101111011110011110000111011110101110011100010010011111101111111001110
4950,11110110100011100000011001000001000101000000000000000010100111111111111011110111100111100001110111101011100111000100100111111011111110011100
4951,111101101000111000000110010000010001010000000000000000101001111111111110111101111001111000011101111010111001110001001001111110111111100111001
4952,1111011010001110000001100100000100010100000000000000001010011111111111101111011110011110000111011110101110011100010010011111101111111001110011
4953,11110110100011100000011001000001000101000000000000000010100111111111111011110111100111100001110111101011100111000100100111111011111110011100111
4954,111101101000111000000110010000010001010000000000000000101001111111111110111101111001111000011101111010111001110001001001111110111111100111001111
4955,1111011010001110000001100100000100010100000000000000001010011111111111101111011110011110000111011110101110011100010010011111101111111001110011111
4956,1111011010001110000001100100000100010100000000000000001010011111111111101111011110011110000111011110101110011100010010011111101111111111
4957,11110110100011100000011001000001000101000000000000000010100111111111111011110111100111100001110111101011100111000100100111111011111110111
4958,1111011010001110000001100100000100010100000000000000001010011111111111101111011110011110000111011110101110011100010010011111101111111011
4959,111101101000111000000110010000010001010000000000000000101001111111111110111101111001111000011101111010111001110001001001111110111111101111
4960,1111011010001110000001100100000100010100000000000000001010011111111111101111011110011110000111011110101110011100010010011111101111111011111
4961,11110110100011100000011001000001000101000000000000000010100111111111111011110111100111100001110111101011100111000100100111111011111110111111
4962,11110110100011100000011001000001000101000000000000000010100111111111111011110111100111100001110111101011100111000100100111111011111110011101
4963,1111011010001110000001100100000100010100000000000000001010011111111111101111011110011110000111011110101110011100010010011111101111111001111
4964,11110110100011100000011001000001000101000000000000000010100111111111111011110111100111100001110111101011100111000100100111111011111110011111
4965,111101101000111000000110010000010001010000000000000000101001111111111110111101111001111000011101111010111001110001001001111111111
4966,1111011010001110000001100100000100010100000000000000001010011111111111101111011110011110000111011110101110011100010010011111111101
4967,11110110100011100000011001000001000101000000000000000010100111111111111011110111100111100001110111101011100111000100100111111111010
4968,11110110100011100000011001000001000101000000000000000010100111111111111011110111100111100001110111101011100111000100100111111111011
4969,111101101000111000000110010000010001010000000000000000101001111111111110111101111001111000011101111010111001110001001001111111110110
4970,111101101000111000000110010000010001010000000000000000101001111111111110111101111001111000011101111010111001110001001001111111110111
4971,1111011010001110000001100100000100010100000000000000001010011111111111101111011110011110000111011110101110011100010010011111111101110
4972,1111011010001110000001100100000100010100000000000000001010011111111111101111011110011110000111011110101110011100010010011111111101111
4973,11110110100011100000011001000001000101000000000000000010100111111111111011110111100111100001110111101011100111000100100111111111001
4974,11110110100011100000011001000001000101000000000000000010100111111111111011110111100111100001110111101011100111000100100111111111001101
4975,11110110100011100000011001000001000101000000000000000010100111111111111011110111100111100001110111101011100111000100100111111111001101101
4976,1111011010001110000001100100000100010100000000000000001010011111111111101111011110011110000111011110101110011100010010011111111100110110111111
4977,111101101000111000000110010000010001010000000000000000101001111111111110111101111001111000011101111010111001110001001001111111110011011011111
4978,111101101000111000000110010000010001010000000000000000101001111111111110111101111001111000011101111010111001110001001001111111110011011011101
4979,1111011010001110000001100100000100010100000000000000001010011111111111101111011110011110000111011110101110011100010010011111111100110110111011
4980,11110110100011100000011001000001000101000000000000000010100111111111111011110111100111100001110111101011100111000100100111111111001101111
4981,11110110100011100000011001000001000101000000000000000010100111111111111011110111100111100001110111101011100111000100100111111111001111
4982,111101101000111000000110010000010001010000000000000000101001111111111110111101111001111000011101111010111001110001001001111111110011111
4983,1111011010001110000001100100000100010100000000000000001010011111111111101111011110011110000111011110101110011100010010011111111100011011
4984,11110110100011100000011001000001000101000000000000000010100111111111111011110111100111100001110111101011100111000100100111111111000110110
4985,11110110100011100000011001000001000101000000000000000010100111111111111011110111100111100001110111101011100111000100100111111111000110111
4986,111101101000111000000110010000010001010000000000000000101001111111111110111101111001111000011101111010111001110001001001111111110001111
4987,11110110100011100000011001000001000101000000000000000010100111111111111011110111100111100001110111101011100111000100100111111111000111
4988,1111011010001110000001100100000100010100000000000000001010011111111111101111011110011110000111011110101110011100010010000111
4989,1111011010001110000001100100000100010100000000000000001010011111111111101111011110011110000111011110101110011100010010001101110101
4990,11110110100011100000011001000001000101000000000000000010100111111111111011110111100111100001110111101011100111000100100011011101011
4991,1111011010001110000001100100000100010100000000000000001010011111111111101111011110011110000111011110101110011100010010001101111101
4992,11110110100011100000011001000001000101000000000000000010100111111111111011110111100111100001110111101011100111000100100011011111111
4993,1111011010001110000001100100000100010100000000000000001010011111111111101111011110011110000111011110101110011100010010001101111111
4994,111101101000111000000110010000010001010000000000000000101001111111111110111101111001111000011101111010111001110001001000110101
4995,1111011010001110000001100100000100010100000000000000001010011111111111101111011110011110000111011110101110011100010010001101011
4996,1111011010001110000001100100000100010100000000000000001010011111111111101111011110011110000111011110101110011100010010101
4997,11110110100011100000011001000001000101000000000000000010100111111111111011110111100111100001110111101011100111000100101010
4998,1111011010001110000001100100000100010100000000000000001010011111111111101111011110011110000111011110101110101011100
4999,111101101000111000000110010000010001010000000000000000101001111111111110111101111001111000011101111010111010101110
5000,111101101000111000000110010000010001010000000000000000101001111111111110111101111001111000011101111010111010101111
5001,11110110100011100000011001000001000101000000000000000010100111111111111011110111100111100001110111101011100111000100101011
5002,111101101000111000000110010000010001010000000000000000101001111111111110111101111001111000011101111010111001110001001010111
5003,11110110100011100000011001000001000101000000000000000010100111111111111011110111100111100001110111101011101010111001
5004,11110110100011100000011001000001000101000000000000000010100111111111111011110111100111100001110111101011101010111
5005,1111011010001110000001100100000100010100000000000000001010011111111111101111011110011110000111011110101110101010
5006,11110110100011100000011001000001000101000000000000000010100111111111111011110111100111100001110111101011101010101101
5007,111101101000111000000110010000010001010000000000000000101001111111111110111101111001111000011101111010111010101011010
5008,11110110100011100000011001000001000101000000000000000010100111111111111011110111100111100001110111101011101010101101001
5009,1111011010001110000001100100000100010100000000000000001010011111111111101111011110011110000111011110101110101010110100
5010,111101101000111000000110010000010001010000000000000000101001111111111110111101111001111000011101111010111010101011010011
5011,11110110100011100000011001000001000101000000000000000010100111111111111011110111100111100001110111101011101010101101011
5012,1111011010001110000001100100000100010100000000000000001010011111111111101111011110011110000111011110101110101010110101
5013,11110110100011100000011001000001000101000000000000000010100111111111111011110111100111100001110111101011101010101111
5014,111101101000111000000110010000010001010000000000000000101001111111111110111101111001111000011101111010111010101011111
5015,1111011010001110000001100100000100010100000000000000001010011111111111101111011110011110000111011110101110101011101
5016,11110110100011100000011001000001000101000000000000000010100111111111111011110111100111100001110111101011101010111010
5017,11110110100011100000011001000001000101000000000000000010100111111111111011110111100111100001110111101011101010111011
5018,11110110100011100000011001000001000101000000000000000010100111111111111011110111100111100001110111101011100111000100101010111
5019,111101101000111000000110010000010001010000000000000000101001111111111110111101111001111000011101111010111001110001001010101110
5020,1111011010001110000001100100000100010100000000000000001010011111111111101111011110011110000111011110101110011100010010101011100
5021,11110110100011100000011001000001000101000000000000000010100111111111111011110111100111100001110111101011100111000100101010111000
5022,1111011010001110000001100100000100010100000000000000001010011111111111101111011110011110000111011110101110011100010010101011100001
5023,111101101000111000000110010000010001010000000000000000101001111111111110111101111001111000011101111010111001110001001010101110000
5024,111101101000111000000110010000010001010000000000000000101001111111111110111101111001111000011101111010111001110001001010101111
5025,1111011010001110000001100100000100010100000000000000001010011111111111101111011110011110000111011110101110011100010010101011111
5026,11110110100011100000011001000001000101000000000000000010100111111111111011110111100111100001110111101011100111000100101010111111
5027,1111011010001110000001100100000100010100000000000000001010011111111111101111011110011110000111011110101110011100010010101011111101
5028,111101101000111000000110010000010001010000000000000000101001111111111110111101111001111000011101111010111001110001001010101111110
5029,111101101000111000000110010000010001010000000000000000101001111111111110111101111001111000011101111010111001110001001010101111111
5030,1111011010001110000001100100000100010100000000000000001010011111111111101111011110011110000111011110101110011100010010101011111111
5031,1111011010001110000001100100000100010100000000000000001010011111111111101111011110011110000111011110101110011100010010101011101
5032,11110110100011100000011001000001000101000000000000000010100111111111111011110111100111100001110111101011100111000100101010111001
5033,111101101000111000000110010000010001010000000000000000101001111111111110111101111001111000011101111010111001110001001010101110010
5034,1111011010001110000001100100000100010100000000000000001010011111111111101111011110011110000111011110101110011100010010101011100101
5035,111101101000111000000110010000010001010000000000000000101001111111111110111101111001111000011101111010111001110001001010101110011
5036,111101101000111000000110010000010001010000000000000000101001111111111110111101111001111000011101111010111001110001001011
5037,11110110100011100000011001000001000101000000000000000010100111111111111011110111100111100001110111101011100111000101
5038,111101101000111000000110010000010001010000000000000000101001111111111110111101111001111000011101111010111001110001011
5039,1111011010001110000001100100000100010100000000000000001010011111111111101111011110011110000111011110101110011100011
5040,1111011010001110000001100100000100010100000000000000001010011111111111101111011110011110000111011110101110011101
5041,111101101000111000000110010000010001010000000000000000101001111111111110111101111001111000011101111010111011
5042,1111011010001110000001100100000100010100000000000000001010011111111111101111011110011110000111011110101110111
5043,11110110100011100000011001000001000101000000000000000010100111111111111011110111100111100001110111101011101111
5044,111101101000111000000110010000010001010000000000000000101001111111111110111101111001111000011101111010111011111
5045,1111011010001110000001100100000100010100000000000000001010011111111111101111011110011110000111011110101110101
5046,11110110100011100000011001000001000101000000000000000010100111111111111011110111100111100001110111101011101010
5047,11110110100011100000011001000001000101000000000000000010100111111111111011110111100111100001110111101011101011
5048,11110110100011100000011001000001000101000000000000000010100111111111111011110111100111100001110111101011101000011
5049,11110110100011100000011001000001000101000000000000000010100111111111111011110111100111100001110111101011101000001
5050,111101101000111000000110010000010001010000000000000000101001111111111110111101111001111000011101111010111010000010
5051,111101101000111000000110010000010001010000000000000000101001111111111110111101111001111000011101111010111010000011
5052,1111011010001110000001100100000100010100000000000000001010011111111111101111011110011110000111011110101110100000111
5053,11110110100011100000011001000001000101000000000000000010100111111111111011110111100111100001110111101011101000000111
5054,11110110100011100000011001000001000101000000000000000010100111111111111011110111100111100001110111101011101001
5055,111101101000111000000110010000010001010000000000000000101001111111111110111101111001111000011101111011
5056,1111011010001110000001100100000100010100000000000000001010011111111111101111011110011110000111011110110
5057,11110110100011100000011001000001000101000000000000000010100111111111111011110111100111100001110111101100
5058,111101101000111000000110010000010001010000000000000000101001111111111110111101111001111000011101111011011
5059,11110110100011100000011001000001000101000000000000000010100111111111111011110111100111100001110111101101
5060,1111011010001110000001100100000100010100000000000000001010011111111111101111011110011110000111011110111
5061,11110110100011100000011001000001000101000000000000000010100111111111111011110111100111100001110111101110
5062,1111011010001110000001100100000100010100000000000000001010011111111111101111011110011110000101110101
5063,11110110100011100000011001000001000101000000000000000010100111111111111011110111100111100001011101011
5064,111101101000111000000110010000010001010000000000000000101001111111111110111101111001111000010111011
5065,1111011010001110000001100100000100010100000000000000001010011111111111101111011110011110000001
5066,11110110100011100000011001000001000101000000000000000010100111111111111011110111100111100000010
5067,111101101000111000000110010000010001010000000000000000101001111111111110111101111001111000000101
5068,11110110100011100000011001000001000101000000000000000010100111111111111011110111100111100000011
5069,11110110100011100000011001000001000101000000000000000010100111111111111011110111100111100000001
5070,111101101000111000000110010000010001010000000000000000101001111111111110111101111001111000001
5071,1111011010001110000001100100000100010100000000000000001010011111111111101111011110011110000011
5072,11110110100011100000011001000001000101000000000000000010100111111111111011110111100111101
5073,111101101000111000000110010000010001010000000000000000101001111111111110111101111001111010
5074,111101101000111000000110010000010001010000000000000000101001111111111110111101111001111011
5075,11110110100011100000011001000001000101000000000000000010100111111111111011111
5076,111101101000111000000110010000010001010000000000000000101001111111111110111111
5077,111101101000111000000110010000010001010000000000000000101001111111111110111101111001111000011101111010111010101011011
5078,1111011010001110000001100100000100010100000000000000001010011111111111101111011110011110000111011110101110101010110110
5079,11110110100011100000011001000001000101000000000000000010100111111111111011110111100111100001110111101011101010101101100
5080,111101101000111000000110010000010001010000000000000000101001111111111110111101111001111000011101111010111010101011011001
5081,1111011010001110000001100100000100010100000000000000001010011111111111101111011110011110000111011110101110101010110110010
5082,11110110100011100000011001000001000101000000000000000010100111111111111011110111100111100001110111101011101010101101101
5083,11110110100011100000011001000001000101000000000000000010100111111111111011110111100111100001110111101011101010101101100111
5084,1111011010001110000001100100000100010100000000000000001010011111111111101111011110011110000111011110101110101010110110011
5085,111101101000111000000110010000010001010000000000000000101001111111111110111101111001111000011101111010111010101011011001110
5086,111101101000111000000110010000010001010000000000000000101001111111111110111101111001111000011101111010111010101011011001110111
5087,1111011010001110000001100100000100010100000000000000001010011111111111101111011110011110000111011110101110101010110110011101111011
5088,111101101000111000000110010000010001010000000000000000101001111111111110111101111001111000011101111010111010101011011001110111101
5089,1111011010001110000001100100000100010100000000000000001010011111111111101111011110011110000111011110101110101010110110011101011
5090,111101101000111000000110010000010001010000000000000000101001111111111110111101111001111000011101111010111010101011011001110101
5091,111101101000111000000110010000010001010000000000000000101001111111111110111101111001111000011101111010111010101011011001111
5092,1111011010001110000001100100000100010100000000000000001010011111111111101111011110011110000111011110101110101010110111
5093,11110110100011100000011001000001000101000000000000000010100111111111111011110111100111100001110111101011101010101101110
5094,111101101000111000000110010000010001010000000000000000101001111111111110111101111001111000011101111010111010101011011100
5095,1111011010001110000001100100000100010100000000000000001010011111111111101111011110011110000111011110101110101010110111001
5096,11110110100011100000011001000001000101000000000000000010100111111111111011110111100111100001110111101011101010101101111
5097,11110110100011100000011001000001000101000000000000000010100111111111111011110111100111100001110111101011100111000100001010101011111111111111
5098,1111011010001110000001100100000100010100000000000000001010011111111111101111011110011110000111011110101110011100010000101010101111111
5099,111101101000111000000110010000010001010000000000000000101001111111111110111101111001111000011101111010111001110001000010101010111111111
5100,1111011010001110000001100100000100010100000000000000001010011111111111101111011110011110000111011110101110011100010000101010101111111111111
5101,1111011010001110000001100100000100010100000000000000001010011111111111101111011110011110000111111
5102,111101101000111000000110010000010001010000000000000000101001111111111110111101111001111000011111
5103,11110110100011100000011001000001000101000000000000000010100111111111111011110111100111100001111
5104,11110110100011100000011001000001000101000000000000000010100111111111111011110111100111100001110111101011100111000100000011111
5105,111101101000111000000110010000010001010000000000000000101001111111111110111101111001111000011101111010111111111111
5106,111101101000111000000110010000010001010000000000000000101001111111111110111101111001111000011101111010111001110001000000111111
5107,111101101000111000000110010000010001010000000000000000101001111111111110111101111001111000011101111010111001110001001010011111111
5108,1111011010001110000001100100000100010100000000000000001010011111111111101111011110011110000111011110101110011100010010001111
5109,1111011010001110000001100100000100010100000000000000001010011111111111101111011110011110000111011110101111111111
5110,1111011010001110000001100100000100010100000000000000001010011111111111101111011110011110000111011110101110011100010000001111
5111,11110110100011100000011001000001000101000000000000000010100111111111111011110111100111100001110111111111111
5112,111101101000111000000110010000010001010000000000000000101001111111111110111101111001111000011101111111111111011
5113,11110110100011100000011001000001000101000000000000000010100111111111111011110111100111100001110111111111111101111
5114,11110110100011100000011001000001000101000000000000000010100111111111111011110111100111100001110111111111111101
5115,1111011010001110000001100100000100010100000000000000001010011111111111101111011110011110000111011111111111110111
5116,11110110100011100000011001000001000101000000000000000010100111111111111011110111100111100001110111101011100111000100100011
5117,1111011010001110000001100100000100010100000000000000001010011111111111101111011110011110000111011110101110011100010000101010101111101
5118,11110110100011100000011001000001000101000000000000000010100111111111111011110111100111100001110111101011100111000100001010101011111
5119,11110110100011100000011001000001000101000000000000000010100111111111111011110111100111100001110111101011111
5120,11110110100011100000011001000001000101000000000000000010100111111111111011110111100111100001110111111111111111111
5121,1111011010001110000001100100000100010100000000000000001010011111111111101111011110011110000111011111111111110
5122,1111011010001110000001100100000100010100000000000000001010011111111111101111011110011110000111011110101110011100010010001
5123,1111011010001110000001100100000100010100000000000000001010011111111111101111011110011110000111011110101110011100010010001101110
5124,1111011010001110000001100100000100010100000000000000001010011111111111101111011110011110000111011110101110011100010010100111111
5125,1111011010001110000001100100000100010100000000000000001010011111111111101111011110011110000111011110101110011100010000101001111111
5126,11110110100011100000011001000001000101000000000000000010100111111111111011110111100111100001110111101011100111000100001010011111111
5127,111101101000111000000110010000010001010000000000000000101001111111111110111101111001111000011101111010111001110001000010100111111111
5128,111101101000111000000110010000010001010000000000000000101001111111111110111101111001111000011101111010111001110001000010101010111110
5129,111101101000111000000110010000010001010000000000000000101001111111111110111101111001111000011101111010111001110001000010101010111111
5130,1111011010001110000001100100000100010100000000000000001010011111111111101111011110011110000111011111111111111
5131,11110110100011100000011001000001000101000000000000000010100111111111111011110111100111100001110111101011111111
5132,111101101000111000000110010000010001010000000000000000101001111111111110111101111001111000011101111010111111111
5133,111101101000111000000110010000010001010000000000000000101001111111111110111101111001111000011101111010111111
5134,1111011010001110000001100100000100010100000000000000001010011111111111101111011110011110000111011110101111111
5135,111101101000111000000110010000010001010000000000000000101001111111111110111101111001111000011101111111111111111111
5136,11110110100011100000011001000001000101000000000000000010100111111111111011110111100111100001110111101011100111000000
5137,11110110100011100000011001000001000101000000000000000010100111111111111011110111100111100001110111101011100111000100100111111011
5138,111101101000111000000110010000010001010000000000000000101001111111111110111101111001111000011101111010111001110001001001111110111
5139,1111011010001110000001100100000100010100000000000000001010011111111111101111011110011110000111011110101110011100010010001101111
5140,11110110100011100000011001000001000101000000000000000010100111111111111011110111100111100001110111101011101010101
5141,111101101000111000000110010000010001010000000000000000101001111111111110111101111001111000011101111010111010001
5142,111101101000111000000110010000010001010000000000000000101001111111111110111101111001111000011101111010111010011
5143,1111011010001110000001100100000100010100000000000000001010011111111111101111
5144,111101101000111000000110010000010001010000000000000000101001111111111110111
5148,111101101000111000011011101111101101100010101100110111110110001001111011
5149,11110110100011100000011001000001000101000000000000000010100111111111111011110111100111100001110111101011100111000100100011010
5150,11110110100011100000011001000001000101000000000000000010100111111111111011110111100111100001110111101011100111000100100011011
5151,1111011010001110000001100100000100010100000000000000001010011111111111101111011110011110000111011110101110011100010010001101
5152,111101101000111000000110010000010001010000000000000000101001111111111110111101111001111000011101111010111001110001001000110111010
5153,111101101000111000000110010000010001010000000000000000101001111111111110111101111001111000011101111010111001110001001000110111011
5154,11110110100011100000011001000001000101000000000000000010100111111111111011110111100111100001110111101011100111000100100011011101
5155,1111011010001110000001100100000100010100000000000000001010011111111111101111011110011110000101110
5156,1111011010001110000001100100000100010100000000000000001010011111111111101111011110011110000101111
5157,111101101000111000000110010000010001010000000000000000101001111111111110111101111001111000010111
5158,11110110100011100000011001000001000101000000000000000010100111111111111011110111100111100001110111101011100111000100001010010
5159,1111011010001110000001100100000100010100000000000000001010011111111111101111011110011110000111011110101110011100010000101001
5160,11110110100011100000011001000001000101000000000000000010100111111111111011110111100111100001110111101011100111000100001010011
5161,111101101000111000000110010000010001010000000000000000101001111111111110111101111001111000011101111010111001110001001001111110
5162,11110110100011100000011001000001000101000000000000000010100111111111111011110111100111100001110111101011100111000100100111111
5163,111101101000111000000110010000010001010000000000000000101001111111111110111101111001111000011101111010111001110001001001111111
5164,111101101000111000000110010000010001010000000000000000101001111111111110111101111001111000011101111010111001110001001001111110111111100
5165,111101101000111000000110010000010001010000000000000000101001111111111110111101111001111000011101111010111001110001001001111110111111101
5166,11110110100011100000011001000001000101000000000000000010100111111111111011110111100111100001110111101011100111000100100111111011111110
5167,11110110100011100000011001000001000101000000000000000010100111111111111011110111100111100001110111101011100111000100100111111011111111
5168,1111011010001110000001100100000100010100000000000000001010011111111111101111011110011110000111011110101110011100010010011111101111111
5169,11110110100011100000011001000001000101000000000000000010100111111111111011110111100111100001110111101011100111000100100111111011111
5170,111101101000111000000110010000010001010000000000000000101001111111111110111101111001111000011101111010111001110001001001111110111111111
5171,111101101000111000000110010000010001010000000000000000101001111111111110111101111001111000011101111010111001110001001001111110111111
5172,1111011010001110000001100100000100010100000000000000001010011111111111101111011110011110000111011110101110011100010010011111101111
5173,1111011010001110000001100100000100010100000000000000001010011111111111101111011110011110000111011110101110011100010010011111111100110
5174,111101101000111000000110010000010001010000000000000000101001111111111110111101111001111000011101111010111001110001001001111111110011
5175,1111011010001110000001100100000100010100000000000000001010011111111111101111011110011110000111011110101110011100010010011111111100111
5176,1111011010001110000001100100000100010100000000000000001010011111111111101111011110011110000111011110101110011100010010011111111100110110
5177,1111011010001110000001100100000100010100000000000000001010011111111111101111011110011110000111011110101110011100010010011111111100110111
5178,111101101000111000000110010000010001010000000000000000101001111111111110111101111001111000011101111010111001110001001001111111110011011
5179,11110110100011100000011001000001000101000000000000000010100111111111111011110111100111100001110111101011100111000100100111111111001101101110
5180,11110110100011100000011001000001000101000000000000000010100111111111111011110111100111100001110111101011100111000100100111111111001101101111
5181,1111011010001110000001100100000100010100000000000000001010011111111111101111011110011110000111011110101110011100010010011111111100110110111
5182,111101101000111000000110010000010001010000000000000000101001111111111110111101111001111000011101111010111001110001001001111111110011011011
5183,111101101000111000000110010000010001010000000000000000101001111111111110111101111001111000011101111010111001110001001000110111110
5184,111101101000111000000110010000010001010000000000000000101001111111111110111101111001111000011101111010111001110001001000110111111
5185,11110110100011100000011001000001000101000000000000000010100111111111111011110111100111100001110111101011100111000100100011011111
5186,111101101000111000000110010000010001010000000000000000101001111111111110111101111001111000011101111010111001110001001010101
5187,1111011010001110000001100100000100010100000000000000001010011111111111101111011110011110000111011110101110011100010010101011
5188,11110110100011100000011001000001000101000000000000000010100111111111111011110111100111100001110111101011101010101101100111010
5189,11110110100011100000011001000001000101000000000000000010100111111111111011110111100111100001110111101011101010101101100111011
5190,1111011010001110000001100100000100010100000000000000001010011111111111101111011110011110000111011110101110101010110110011101
5191,11110110100011100000011001000001000101000000000000000010100111111111111011110111100111100001110111101011101010101101100111011110
5192,11110110100011100000011001000001000101000000000000000010100111111111111011110111100111100001110111101011101010101101100111011111
5193,1111011010001110000001100100000100010100000000000000001010011111111111101111011110011110000111011110101110101010110110011101111
5194,1111011010001110000001100100000100010100000000000000001010011111111111101111011110011110000111011110101110101010110
5195,111101101000111000000110010000010001010000000000000000101001111111111110111101111001111000011101111010111010101011
5196,1111011010001110000001100100000100010100000000000000001010011111111111101111011110011110000111011110101110101010111
5197,1111011010001110000001100100000100010100000000000000001010011111111111101111011110011110000111011111111101
5198,111101101000111000000110010000010001010000000000000000101001111111111110111101111001111000011101111111111111111
5199,11110110100011100000011001000001000101000000000000000010100111111111111011110111100111100001110111111111
5200,111101101000111000000110010000010001010000000000000000101001111111111110111101111001111000011101111111110
5201,11110110100011100000011001000001000101000000000000000010100111111111111011110111100111100001110111111
5202,11110110100011100000011001000001000101000000000000000010100111111111111011110111100111100001110111111111011
5203,11110110100011100000011001000001000101000000000000000010100111111111111011110111100111100001110111111111111111
5204,1111011010001110000001100100000100010100000000000000001010011111111111101111011110011110000111011111111111111111
5205,111101101000111000000110010000010001010000000000000000101001111111111110111101111001111000011101111111111
5206,1111011010001110000001100100000100010100000000000000001010011111111111101111011110011110000111011111
5207,1111011010001110000001100100000100010100000000000000001010011111111111101111011110011110000111011111111111
5208,111101101000111000000110010000010001010000000000000000101001111111111110111101111001111000011101111111
5209,1111011010001110000001100100000100010100000000000000001010011111111111101111011110011110000111011111111
5210,1111011010001110000001100100000100010100000000000000001010011111111111101111011110011110000111011110101110011100010000101010101111
5211,111101101000111000000110010000010001010000000000000000101001111111111110111101111001111000011101111010111001110001000010101010111
5212,111101101000111000000110010000010001010000000000000000101001111111111110111101111001111000011101111010111010101
5213,1111011010001110000001100100000100010100000000000000001010011111111111101111011110011110000111011110101110101011
5214,1111011010001110000001100100000100010100000000000000001010011111111111101111011110011110000111011110101111
5215,11110110100011100000011001000001000101000000000000000010100111111111111011110111100111100001110111101111
5216,11110110100011100000011001000001000101000000000000000010100111111111111011110111100111100001011111
5217,11110110100011100000011001000001000101000000000000000010100111111111111011110111100111100001110111101011100111000001
5218,111101101000111000000110010000010001010000000000000000101001111111111110111101111001111000011101111010111010101011011001110111111
5219,111101101000111000000110010000010001010000000000000000101001111111111110111101111001111000011101111010111010101011011101
5220,111101101000111000000110010000010001010000000000000000101001111111111110111101111001111000011101111010111001110001001010101110001
5221,111101101000111000000110010000010001010000000000000000101011
5222,11110110100011100000011001000001000101000000000000000010101
5223,11110110100011100000011001000001000101000000000000000010101101
5224,1111011010001110000001100100000100010100000000000000001010110
5225,111101101000111000000110010000010001010000000000000000101011010
5226,11110110100011100000011001000001000101000000000000000010101101001111
5227,111101101000111000000110010000010001010000000000000000101011010011
5228,1111011010001110000001100100000100010100000000000000001010110100
5229,11110110100011100000011001000001000101000000000000000010101101001111111
5230,111101101000111000000110010000010001010000000000000000101011010011111
5231,11110110100011100000011001000001000101000000000000000010101101001
5232,1111011010001110000001100100000100010100000000000000001010110100111
5233,1111011010001110000001100100000100010100000000000000001010110100111111
5234,111101101000111000000110010000010001010000000000000000101011010011111110
5235,1111011010001110000001100100000100010100000000000000001010110100111111100
5236,11110110100011100000011001000001000101000000000000000010101101001111111000
5237,111101101000111000000110010000010001010000000000000000101011010011111110000
5238,1111011010001110000001100100000100010100000000000000001010110100111111100000
5239,11110110100011100000011001000001000101000000000000000010101101001111111000000
5240,111101101000111000000110010000010001010000000000000000101011010011111110000000
5241,1111011010001110000001100100000100010100000000000000001010110100111111100000000
5242,11110110100011100000011001000001000101000000000000000010101101001111111000000000
5243,111101101000111000000110010000010001010000000000000000101011010011111110000000000
5244,1111011010001110000001100100000100010100000000000000001010110100111111100000000000
5245,11110110100011100000011001000001000101000000000000000010101101001111111000000000000
5246,111101101000111000000110010000010001010000000000000000101011010011111110000000000000
5247,1111011010001110000001100100000100010100000000000000001010110100111111100000000000000
5248,11110110100011100000011001000001000101000000000000000010101101001111111000000000000000
5249,111101101000111000000110010000010001010000000000000000101011010011111110000000000000000
5250,1111011010001110000001100100000100010100000000000000001010110100111111100000000000000000
5251,11110110100011100000011001000001000101000000000000000010101101001111111000000000000000000
5252,111101101000111000000110010000010001010000000000000000101011010011111110000000000000000000
5253,11110110100011100000011001000001000101000000000000000010101110
5254,1111011010001110000001100100000100010100000000000000001010111
5255,11110110100011100000011001000001000101000000000000000010101110001
5256,111101101000111000000110010000010001010000000000000000101011100
5257,111101101000111000000110010000010001010000000000000000101011100011
5258,1111011010001110000001100100000100010100000000000000001010111000
5259,11110110100011100000011001000001000101000000000000000010101110001101
5260,1111011010001110000001100100000100010100000000000000001010111000110
5261,111101101000111000000110010000010001010000000000000000101011100011010
5262,1111011010001110000001100100000100010100000000000000001010111000110101111111111
5263,111101101000111000000110010000010001010000000000000000101011100011010111111111
5264,11110110100011100000011001000001000101000000000000000010101110001101011111111110
5265,111101101000111000000110010000010001010000000000000000101011100011010111111111100
5266,1111011010001110000001100100000100010100000000000000001010111000110101111111111000
5267,11110110100011100000011001000001000101000000000000000010101110001101011111111110000
5268,111101101000111000000110010000010001010000000000000000101011100011010111111111100000
5269,1111011010001110000001100100000100010100000000000000001010111000110101111111111000000
5270,11110110100011100000011001000001000101000000000000000010101110001101011111111110000000
5271,111101101000111000000110010000010001010000000000000000101011100011010111111111100000000
5272,1111011010001110000001100100000100010100000000000000001010111000110101111111111000000000
5273,11110110100011100000011001000001000101000000000000000010101110001101011111111110000000000
5274,111101101000111000000110010000010001010000000000000000101011100011010111111111100000000000
5275,1111011010001110000001100100000100010100000000000000001010111000110101111111111000000000000
5276,11110110100011100000011001000001000101000000000000000010101110001101011111111110000000000000
5277,111101101000111000000110010000010001010000000000000000101011100011010111111111100000000000000
5278,1111011010001110000001100100000100010100000000000000001010111000110101111111111000000000000000
5279,11110110100011100000011001000001000101000000000000000010101110001101011111111110000000000000000
5280,111101101000111000000110010000010001010000000000000000101011100011010111111111100000000000000000
5281,1111011010001110000001100100000100010100000000000000001010111000110101111111111000000000000000001
5282,1111011010001110000001100100000100010100000000000000001010111000110101111111111001
5283,1111011010001110000001100100000100010100000000000000001010111011010
5284,111101101000111000000110010000010001010000000000000000101011101101001
5285,11110110100011100000011001000001000101000000000000000010101110110100
5286,1111011010001110000001100100000100010100000000000000001010111011010010
5287,11110110100011100000011001000001000101000000000000000010101110110100101
5288,111101101000111000000110010000010001010000000000000000101011101101001010
5289,1111011010001110000001100100000100010100000000000000001010111011010011
5290,111101101000111000000110010000010001010000000000000000101011101101001011
5291,11110110100011100000011001000001000101000000000000000010101110110101
5292,111101101000111000000110010000010001010000000000000000101011101100
5293,1111011010001110000001100100000100010100000000000000001010111011001
5294,1111011010001110000001100100000100010100000000000000001010111000110101111101
5295,111101101000111000000110010000010001010000000000000000101011100011010111110
5296,11110110100011100000011001000001000101000000000000000010101110001101011111011
5297,11110110100011100000011001000001000101000000000000000010101110001101011111111011111101
5298,1111011010001110000001100100000100010100000000000000001010111000110101111111101111110
5299,111101101000111000000110010000010001010000000000000000101011100011010111111110111110
5300,1111011010001110000001100100000100010100000000000000001010111000110101111111101111100
5301,11110110100011100000011001000001000101000000000000000010101110001101011111111011111011
5302,1111011010001110000001100100000100010100000000000000001010111000110101111111101111101
5303,11110110100011100000011001000001000101000000000000000010101110001101011111111011110
5304,111101101000111000000110010000010001010000000000000000101011100011010111111110111100
5305,111101101000111000000110010000010001010000000000000000101011100011010111111110111101
5306,1111011010001110000001100100000100010100000000000000001010111000110101111111101111011
5307,111101101000111000000110010000010001010000000000000000101011100011010111111110110001101
5308,11110110100011100000011001000001000101000000000000000010101110001101011111111011000110
5309,111101101000111000000110010000010001010000000000000000101011100011010111111110110001011111
5310,1111011010001110000001100100000100010100000000000000001010111000110101111111101100010111110
5311,11110110100011100000011001000001000101000000000000000010101110001101011111111011000101111101
5312,1111011010001110000001100100000100010100000000000000001010111000110101111111101100010111111
5313,111101101000111000000110010000010001010000000000000000101011100011010111111110110001011110111
5314,11110110100011100000011001000001000101000000000000000010101110001101011111111011000101111011
5315,1111011010001110000001100100000100010100000000000000001010111000110101111111101100010111101111
5316,11110110100011100000011001000001000101000000000000000010101110001101011111111011000101111010101
5317,111101101000111000000110010000010001010000000000000000101011100011010111111110110001011110101010
5318,1111011010001110000001100100000100010100000000000000001010111000110101111111101100010111101010100
5319,1111011010001110000001100100000100010100000000000000001010111000110101111111101100010111101010101
5320,111101101000111000000110010000010001010000000000000000101011100011010111111110110001011110101011
5321,1111011010001110000001100100000100010100000000000000001010111000110101111111101100010111101010110
5322,11110110100011100000011001000001000101000000000000000010101110001101011111111011000101111010101101
5323,1111011010001110000001100100000100010100000000000000001010111000110101111111101100010111101010111
5324,11110110100011100000011001000001000101000000000000000010101110001101011111111011000101111010101111
5325,1111011010001110000001100100000100010100000000000000001010111000110101111111101100010111101010010101
5326,11110110100011100000011001000001000101000000000000000010101110001101011111111011000101111010100101011
5327,111101101000111000000110010000010001010000000000000000101011100011010111111110110001011110101001010011101101110000
5328,1111011010001110000001100100000100010100000000000000001010111000110101111111101100010111101010010100111011011100000
5329,11110110100011100000011001000001000101000000000000000010101110001101011111111011000101111010100101001110110111000001
5330,1111011010001110000001100100000100010100000000000000001010111000110101111111101100010111101010010100111011011111111111111110
5331,11110110100011100000011001000001000101000000000000000010101110001101011111111011000101111010100101001110110111111111111111101
5332,111101101000111000000110010000010001010000000000000000101011100011010111111110110001011110101001010011101101111111111111111011
5333,1111011010001110000001100100000100010100000000000000001010111000110101111111101100010111101010010100111011011111111111111110110
5334,11110110100011100000011001000001000101000000000000000010101110001101011111111011000101111010100101001110110111111111111111101100
5335,111101101000111000000110010000010001010000000000000000101011100011010111111110110001011110101001010011101101111111111111111011001001
5336,1111011010001110000001100100000100010100000000000000001010111000110101111111101100010111101010010100111011011111111111111110110010010
5337,11110110100011100000011001000001000101000000000000000010101110001101011111111011000101111010100101001110110111111111111111101100100100
5338,111101101000111000000110010000010001010000000000000000101011100011010111111110110001011110101001010011101101111111111111111011001001001111111
5339,1111011010001110000001100100000100010100000000000000001010111000110101111111101100010111101010010100111011011111111111111110110010010011111110
5340,11110110100011100000011001000001000101000000000000000010101110001101011111111011000101111010100101001110110111111111111111101100100100111111100
5341,111101101000111000000110010000010001010000000000000000101011100011010111111110110001011110101001010011101101111111111111111011001001001111111000
5342,1111011010001110000001100100000100010100000000000000001010111000110101111111101100010111101010010100111011011111111111111110110010010011111110000
5343,11110110100011100000011001000001000101000000000000000010101110001101011111111011000101111010100101001110110111111111111111101100100100111111100001
5344,111101101000111000000110010000010001010000000000000000101011100011010111111110110001011110101001010011101101111111111111111011001001001111111000011
5345,111101101000111000000110010000010001010000000000000000101011100011010111111110110001011110101001010011101101111111111111111011001001001111101
5346,1111011010001110000001100100000100010100000000000000001010111000110101111111101100010111101010010100111011011111111111111110110010010011111010
5347,11110110100011100000011001000001000101000000000000000010101110001101011111111011000101111010100101001110110111111111111111101100100100111110100
5348,111101101000111000000110010000010001010000000000000000101011100011010111111110110001011110101001010011101101111111111111111011001001001111101000
5349,1111011010001110000001100100000100010100000000000000001010111000110101111111101100010111101010010100111011011111111111111110110010010011111010000
5350,11110110100011100000011001000001000101000000000000000010101110001101011111111011000101111010100101001110110111111111111111101100100100111110100000
5351,1111011010001110000001100100000100010100000000000000001010111000110101111111101100010111101010010100111011011111111111111110110010010011111110000110
5352,11110110100011100000011001000001000101000000000000000010101110001101011111111011000101111010100101001110110111111111111111101100100100111111100001101101
5353,111101101000111000000110010000010001010000000000000000101011100011010111111110110001011110101001010011101101111111111111111011001001001111111000011011010
5354,1111011010001110000001100100000100010100000000000000001010111000110101111111101100010111101010010100111011011111111111111110110010010011111110000111
5355,11110110100011100000011001000001000101000000000000000010101110001101011111111011000101111010100101001110110111111111111111101100100100111111100001110
5356,111101101000111000000110010000010001010000000000000000101011100011010111111110110001011110101001010011101101111111111111111011001001001111111000011100
5357,1111011010001110000001100100000100010100000000000000001010111000110101111111101100010111101010010100111011011111111111111110110010010011111110000111000
5358,11110110100011100000011001000001000101000000000000000010101110001101011111111011000101111010100101001110110111111111111111101100100100111111100001110000
5359,111101101000111000000110010000010001010000000000000000101011100011010111111110110001011110101001010011101101111111111111111011001001001111111000011100001
5360,1111011010001110000001100100000100010100000000000000001010111000110101111111101100010111101010010100111011011111111111111110110010011
5361,11110110100011100000011001000001000101000000000000000010101110001101011111111011000101111010100101001110110111111111111111101100100110
5362,111101101000111000000110010000010001010000000000000000101011100011010111111110110001011110101001010011101101111111111111111011001001100
5363,1111011010001110000001100100000100010100000000000000001010111000110101111111101100010111101010010100111011011111111111111110110010011000
5364,11110110100011100000011001000001000101000000000000000010101110001101011111111011000101111010100101001110110111111111111111101100100110001
5365,111101101000111000000110010000010001010000000000000000101011100011010111111110110001011110101001010011101101111111111111111011001001100010
5366,1111011010001110000001100100000100010100000000000000001010111000110101111111101100010111101010010100111011011111111111111110110010011000100
5367,111101101000111000000110010000010001010000000000000000101011100011010111111110110001011110101001010011101111
5368,11110110100011100000011001000001000101000000000000000010101110001101011111111011000101111010100101001110111
5369,1111011010001110000001100100000100010100000000000000001010111000110101111111101100010111101010010100111011110
5370,11110110100011100000011001000001000101000000000000000010101110001101011111111011000101111010100101001110111100
5371,1111011010001110000001100100000100010100000000000000001010111000110101111111101100010111101010010100111011110001
5372,111101101000111000000110010000010001010000000000000000101011100011010111111110110001011110101001010011101111000
5373,11110110100011100000011001000001000101000000000000000010101110001101011111111011000101111010100101001110111100010
5374,111101101000111000000110010000010001010000000000000000101011100011010111111110110001011110101001010011101111000100
5375,1111011010001110000001100100000100010100000000000000001010111000110101111111101100010111101010010100111011110001000
5376,111101101000111000000110010000010001010000000000000000101011100011010111111110110001011110101001010011111
5377,11110110100011100000011001000001000101000000000000000010101110001101011111111011000101111010100101001111
5378,1111011010001110000001100100000100010100000000000000001010111000110101111111101100010111101010010100111110
5379,11110110100011100000011001000001000101000000000000000010101110001101011111111011000101111010100101001111100
5380,111101101000111000000110010000010001010000000000000000101011100011010111111110110001011110101001010011111000
5381,1111011010001110000001100100000100010100000000000000001010111000110101111111101100010111101010010100111110000
5382,11110110100011100000011001000001000101000000000000000010101110001101011111111011000101111010100101001111100000
5383,111101101000111000000110010000010001010000000000000000101011100011010111111110110001011110101001010011111000000
5384,1111011010001110000001100100000100010100000000000000001010111000110101111111101100010111101010010100111110000000
5385,111101101000111000000110010000010001010000000000000000101011100011010111111110110001011110101001010011111000000001
5386,11110110100011100000011001000001000101000000000000000010101110001101011111111011000101111010100101001111100000000
5387,1111011010001110000001100100000100010100000000000000001010111000110101111111101111
5388,111101101000111000000110010000010001010000000000000000101011100011010111111110111
5389,11110110100011100000011001000001000101000000000000000010101110001101011111111011111
5390,111101101000111000000110010000010001010000000000000000101011100011010111111110111111
5391,1111011010001110000001100100000100010100000000000000001010111000110101111111101111111
5392,1111011010001110000001100100000100010100000000000000001010111011
5393,111101101000111000000110010000010001010000000000000000101011101
5394,11110110100011100000011001000001000101000000000000000010101110110
5395,111101101000111000000110010000010001010000000000000000101011101101
5396,1111011010001110000001100100000100010100000000000000001010111011011
5397,11110110100011100000011001000001000101000000000000000010101110110110
5398,111101101000111000000110010000010001010000000000000000101011101101101
5399,1111011010001110000001100100000100010100000000000000001010111000110101111111101100010111101010010100111011011111111111111110111
5400,11110110100011100000011001000001000101000000000000000010101110001101011111111011000101111010100101001110110111111111111111101110
5401,111101101000111000000110010000010001010000000000000000101011100011010111111110110001011110101001010011101101111111111111111011100
5402,1111011010001110000001100100000100010100000000000000001010111000110101111111101100010111101010010100111011011111111111111110111000
5403,111101101000111000000110010000010001010000000000000000101011100011010111111110110001011110101001010011101101111111111111111011100001
5404,11110110100011100000011001000001000101000000000000000010101110001101011111111011000101111010100101001110110111111111111111101110000
5405,111101101000111000000110010000010001010000000000000000101011100011010111111110110001011110101001010011101111001011
5406,1111011010001110000001100100000100010100000000000000001010111000110101111111101100010111101010010100111111
5407,11110110100011100000011001000001000101000000000000000010101110001101011111111011000101111010100101001111110
5408,111101101000111000000110010000010001010000000000000000101011100011010111111110110001011110101001010011111101
5409,11110110100011100000011001000001000101000000000000000010101110001101011111111011000101111010100111
5410,111101101000111000000110010000010001010000000000000000101011100011010111111110110001011110101001111
5411,1111011010001110000001100100000100010100000000000000001010111000110101111111101100010111101010011
5412,1111011010001110000001100100000100010100000000000000001010111000110101111111101100011
5413,11110110100011100000011001000001000101000000000000000010101110001101011111111011000111
5414,111101101000111000000110010000010001010000000000000000101011100011011
5415,11110110100011100000011001000001000101000000000000000010101110001101101
5416,1111011010001110000001100100000100010100000000000000001010111000110110
5417,11110110100011100000011001000001000101000000000000000010101110001111
5418,1111011010001110000001100100000100010100000000000000001010111000111
5419,111101101000111000000110010000010001010000000000000000101011100011111
5420,111101101000111000000110010000010001010000000000000000101011010011111111
5421,1111011010001110000001100100000100010100000000000000001010110100111111110
5422,11110110100011100000011001000001000101000000000000000010101101001111111100
5423,111101101000111000000110010000010001010000000000000000101011010011111111000
5424,1111011010001110000001100100000100010100000000000000001010110100111111110000
5425,11110110100011100000011001000001000101000000000000000010101101001111111100001
5426,1111011010001110000001100100000100010100000000000000001010111000110101111111101100010111101010010100111011011111111111111110110010010011111011
5427,11110110100011100000011001000001000101000000000000000010101110001101011111111011000101111010100101001110110111111111111111101100100100111110111
5428,11110110100011100000011001000001000101000000000000000010101110001101011111111110000000001
5429,111101101000111000000110010000010001010000000000000000101011100011010111111111100000000010
5430,1111011010001110000001100100000100010100000000000000001010111000110101111111111000000000100
5431,11110110100011100000011001000001000101000000000000000010101110001101011111111110000000001000
5432,11110110100011100000011001000001000101000000000000000010101110001101011111111011000101111010100101001110110111111111111111101100100100111110101
5433,1111011010001110000001100100000100010100000000000000001010111000110101111111101100010111101010010100111011011111111111111110110010010011111110000111011
5434,111101101000111000000110010000010001010000000000000000101011100011010111111110110001011110101001010011101101111111111111111011001001001111111000011101
5435,1111011010001110000001100100000100010100000000000000001010111000110101111111101100010111101010010100111011011111111111111110110010010011111110000111011010
5436,11110110100011100000011001000001000101000000000000000010101110001101011111111011000101111010100101001110110111111111111111101100100100111111100001110110101
5437,11110110100011100000011001000001000101000000000000000010101110001101011111111011000101111010100101001110110111111111111111101100100100111111100001110110
5438,111101101000111000000110010000010001010000000000000000101011100011010111111110110001011110101001010011101101111111111111111011001001001111111000011101101
5439,1111011010001110000001100100000100010100000000000000001010111000110101111111101100010111101010010100111011011111111111111110110010010011111110000111011011
5440,11110110100011100000011001000001000101000000000000000010101110001101011111111011000101111010100101001110110111111111111111101100100100111111100001110110111
5441,1111011010001110000001100100000100010100000000000000001010111000110101111111111001000001
5442,11110110100011100000011001000001000101000000000000000010101110001101011111111110010000010
5443,11110110100011100000011001000001000101000000000000000010101110001101011111111011000101111010100101001110110111111111111011
5444,111101101000111000000110010000010001010000000000000000101011100011010111111110110001011110101001010011101101111111111110111
5445,1111011010001110000001100100000100010100000000000000001010111000110101111111101100010111101010010100111011011111111101
5446,111101101000111000000110010000010001010000000000000000101011100011010111111110110001011110101001010011101101111111110
5447,1111011010001110000001100100000100010100000000000000001010111111
5448,111101101000111000000110010000010001010000000000000000101011111
5449,11110110100011100000011001000001000101000000000000000010101111
5450,11110110100011100000011001000001000101000000000000000010101110110111
5451,111101101000111000000110010000010001010000000000000000101011101101110
5452,1111011010001110000001100100000100010100000000000000001010111011011101
5453,111101101000111000000110010000010001010000000000000000101011101101111
5454,1111011010001110000001100100000100010100000000000000001010111011011110
5455,11110110100011100000011001000001000101000000000000000010101110110111111
5456,1111011010001110000001100100000100010100000000000000001010111011011111
5457,111101101000111000000110010000010001010000000000000000101011100011010111111110110001011110101001010011111011
5458,11110110100011100000011001000001000101000000000000000010101110001101011111111011000101111010100101001111101
5459,111101101000111000000110010000010001010000000000000000101011100011010111111110110001011110101001010011111001
5460,1111011010001110000001100100000100010100000000000000001010111000110101111111101100010111101010010100111110011
5461,1111011010001110000001100100000100010100000000000000001010111000110101111111101100010111101010010100111110001
5462,11110110100011100000011001000001000101000000000000000010101110001101011111111011000101111010100101001111100011
5463,11110110100011100000011001000001000101000000000000000010101110001101011111111011000101111010100101001111100000001
5464,1111011010001110000001100100000100010100000000000000001010111000110101111111101100010111101010010100111110000001
5465,111101101000111000000110010000010001010000000000000000101011100011010111111110110001011110101001010011111000001
5466,1111011010001110000001100100000100010100000000000000001010111000110101111111101100010111101010010100111110000011
5467,11110110100011100000011001000001000101000000000000000010101110001101011111111011000101111010100101001111100001
5468,111101101000111000000110010000010001010000000000000000101011100011010111111110110001011110101001010011111000010
5469,1111011010001110000001100100000100010100000000000000001010111000110101111111101100010111101010010100111110000101
5470,11110110100011100000011001000001000101000000000000000010101110001101011111111011000101111010100101001111100001011
5471,111101101000111000000110010000010001010000000000000000101011100011010111111110110001011110101001010011111000010111
5472,111101101000111000000110010000010001010000000000000000101011100011010111111110110001011110101001010011111000011
5473,1111011010001110000001100100000100010100000000000000001010111000110101111111101100010111101010010100111110000110
5474,11110110100011100000011001000001000101000000000000000010101110001101011111111011000101111010100101001111100001101
5475,1111011010001110000001100100000100010100000000000000001010111000110101111111101100010111101010010100111110000111
5476,11110110100011100000011001000001000101000000000000000010101110001101011111111011000101111010100101001111111
5477,1111011010001110000001100100000100010100000000000000001010111000110101111111101100010111101010010100111011110001001
5478,111101101000111000000110010000010001010000000000000000101011100011010111111110110001011110101001010011101111000101
5479,1111011010001110000001100100000100010100000000000000001010111000110101111111101100010111101010010100111011110001011
5480,11110110100011100000011001000001000101000000000000000010101110001101011111111011000101111010100101001110111100011
5481,111101101000111000000110010000010001010000000000000000101011100011010111111110110001011110101001010011101111000111
5482,11110110100011100000011001000001000101000000000000000010101110001101011111111011000101111010100101001110111101
5483,1111011010001110000001100100000100010100000000000000001010111000110101111111101100010111101010010100111011111
5484,11110110100011100000011001000001000101000000000000000010101110001101011111111011000101111010100101001110111111
5485,1111011010001110000001100100000100010100000000000000001010111000110101111111101100010111101010010100111011011100001
5486,11110110100011100000011001000001000101000000000000000010101110001101011111111011000101111010100101001110110111000011
5487,111101101000111000000110010000010001010000000000000000101011100011010111111110110001011110101001010011101101110000111
5488,1111011010001110000001100100000100010100000000000000001010111000110101111111101100010111101010010100111011011100001110
5489,11110110100011100000011001000001000101000000000000000010101110001101011111111011000101111010100101001110110111000011101
5490,1111011010001110000001100100000100010100000000000000001010111000110101111111101100010111101010010100111011011100001111
5491,111101101000111000000110010000010001010000000000000000101011100011010111111110110001011110101001010011101101110001
5492,1111011010001110000001100100000100010100000000000000001010111000110101111111101100010111101010010100111011011100011
5493,111101101000111000000110010000010001010000000000000000101011100011010111111110110001011110101001010011101101110011
5494,11110110100011100000011001000001000101000000000000000010101110001101011111111011000101111010100101001110110111001
5495,11110110100011100000011001000001000101000000000000000010101110001101011111111011000101111010100101001110110111011
5496,1111011010001110000001100100000100010100000000000000001010111000110101111111101100010111101010010100111011011101
5497,11110110100011100000011001000001000101000000000000000010101110001101011111111011000101111010100101001110110111111111111111101100111
5498,111101101000111000000110010000010001010000000000000000101011100011010111111110110001011110101001010011101101111111111111111011001110
5499,1111011010001110000001100100000100010100000000000000001010111000110101111111101100010111101010010100111011011111111111111110110011100
5500,1111011010001110000001100100000100010100000000000000001010111000110101111111101100010111101010010100111011011111111111111110110011101
5501,1111011010001110000001100100000100010100000000000000001010111000110101111111101100010111101010010100111011011111111111111110110011111
5502,111101101000111000000110010000010001010000000000000000101011100011010111111110110001011110101001010011101101111111111111111011001111
5503,1111011010001110000001100100000100010100000000000000001010111000110101111111101100010111101010010100111011011111111111111110110010010011111111
5504,1111011010001110000001100100000100010100000000000000001010111000110101111111101100010111101010010100111011011111111111111110110010010011111110001
5505,111101101000111000000110010000010001010000000000000000101011100011010111111110110001011110101001010011101101111111111111111011001001001111111000011011011
5506,11110110100011100000011001000001000101000000000000000010101110001101011111111011000101111010100101001110110111111111111111101100100100111111100001101111
5507,11110110100011100000011001000001000101000000000000000010101110001101011111111011000101111010100101001110110111111111111111101100100100111111100001110001
5508,1111011010001110000001100100000100010100000000000000001010111000110101111111101100010111101010010100111011011111111111111110110010010011111110000111000111
5509,111101101000111000000110010000010001010000000000000000101011100011010111111110110001011110101001010011101101111111111111111011001001001111111000011100011
5510,11110110100011100000011001000001000101000000000000000010101110001101011111111011000101111010100101001110110111111111111111101100100100111111100001110001110
5511,1111011010001110000001100100000100010100000000000000001010111000110101111111101100010111101010010100111011011111111111111110110010010011111110000111000111001
5512,111101101000111000000110010000010001010000000000000000101011100011010111111110110001011110101001010011101101111111111111111011001001001111111000011100011100
5513,111101101000111000000110010000010001010000000000000000101011100011010111111110110001011110101001010011101101111111111111111011001001001111111000011100011101
5514,11110110100011100000011001000001000101000000000000000010101110001101011111111011000101111010100101001110110111111111111111101100100100111111100001110001111
5515,11110110100011100000011001000001000101000000000000000010101110001101011111111011000101111010100101001110110111111111111111101100100100111111100001110011
5516,1111011010001110000001100100000100010100000000000000001010111000110101111111101100010111101010010100111011011111111111111110110010010011111110000111001
5517,11110110100011100000011001000001000101000000000000000010101110001101011111111011000101111010100101001110110111111111111111101100100100111111100001110111
5518,111101101000111000000110010000010001010000000000000000101011100011010111111110110001011110101001010011101101111111111111111011001001001111111000011101110
5519,1111011010001110000001100100000100010100000000000000001010111000110101111111101100010111101010010100111011011111111111111110110010010011111110000111011101
5520,111101101000111000000110010000010001010000000000000000101011100011010111111110110001011110101001010011101101111111111111111011001001001111111000011101111
5521,1111011010001110000001100100000100010100000000000000001010111000110101111111101100010111101010010100111011011111111111111110110010010011111110000111011111
5522,111101101000111000000110010000010001010000000000000000101011100011010111111110110001011110101001010011101101111111111111111011001001001111111000011101101011
5523,11110110100011100000011001000001000101000000000000000010101110001101011111111011000101111010100101001110110111111111111111101100100100111111100001111
5524,111101101000111000000110010000010001010000000000000000101011100011010111111110110001011110101001010011101101111111111111111011001001001111111001
5525,11110110100011100000011001000001000101000000000000000010101110001101011111111011000101111010100101001110110111111111111111101100100100111111101
5526,111101101000111000000110010000010001010000000000000000101011100011010111111110110001011110101001010011101101111111111111111011001001001111101001
5527,1111011010001110000001100100000100010100000000000000001010111000110101111111101100010111101010010100111011011111111111111110110010010011111010010
5528,11110110100011100000011001000001000101000000000000000010101110001101011111111011000101111010100101001110110111111111111111101100100100111110100101
5529,1111011010001110000001100100000100010100000000000000001010111000110101111111101100010111101010010100111011011111111111111110110010010011111010011
5530,11110110100011100000011001000001000101000000000000000010101110001101011111111011000101111010100101001110110111111111111111101100100100111110100110
5531,11110110100011100000011001000001000101000000000000000010101110001101011111111011000101111010100101001110110111111111111111101100100100111110100111
5532,1111011010001110000001100100000100010100000000000000001010111000110101111111101100010111101010010100111011011111111111111110110010010011111010001
5533,11110110100011100000011001000001000101000000000000000010101110001101011111111011000101111010100101001110110111111111111111101100100100111110100010
5534,111101101000111000000110010000010001010000000000000000101011100011010111111110110001011110101001010011101101111111111111111011001001001111101000100
5535,11110110100011100000011001000001000101000000000000000010101110001101011111111011000101111010100101001110110111111111111111101100100100111110100011
5536,111101101000111000000110010000010001010000000000000000101011100011010111111110110001011110101001010011101101111111111111111011001001001111101000101
5537,11110110100011100000011001000001000101000000000000000010101110001101011111111011000101111010100101001110110111111111111111101100100100111110100001
5538,1111011010001110000001100100000100010100000000000000001010111000110101111111101100010111101010010100111011011111111111111110110010010011101
5539,111101101000111000000110010000010001010000000000000000101011100011010111111110110001011110101001010011101101111111111111111011001001001011
5540,1111011010001110000001100100000100010100000000000000001010111000110101111111101100010111101010010100111011011111111111111110110010010010111
5541,111101101000111000000110010000010001010000000000000000101011100011010111111110110001011110101001010011101101111111111111111011001001001001
5542,1111011010001110000001100100000100010100000000000000001010111000110101111111101100010111101010010100111011011111111111111110110010010010011
5543,11110110100011100000011001000001000101000000000000000010101110001101011111111011000101111010100101001110110111111111111111101100100101
5544,111101101000111000000110010000010001010000000000000000101011100011010111111110110001011110101001010011101101111111111111111011001001101
5545,1111011010001110000001100100000100010100000000000000001010111000110101111111101100010111101010010100111011011111111111111110110010011001
5546,11110110100011100000011001000001000101000000000000000010101110001101011111111011000101111010100101001110110111111111111111101100100110010
5547,11110110100011100000011001000001000101000000000000000010101110001101011111111011000101111010100101001110110111111111111111101100100110011
5548,111101101000111000000110010000010001010000000000000000101011100011010111111110110001011110101001010011101101111111111111111011001001100011
5549,1111011010001110000001100100000100010100000000000000001010111000110101111111101100010111101010010100111011011111111111111110110010011000101
5550,11110110100011100000011001000001000101000000000000000010101110001101011111111011000101111010100101001110110111111111111111101100100111
5551,111101101000111000000110010000010001010000000000000000101011100011010111111110110001011110101001010011101101111111111111111011001001111
5552,1111011010001110000001100100000100010100000000000000001010111000110101111111101100010111101010010100111011011111111111111110110010011111
5553,1111011010001110000001100100000100010100000000000000001010111000110101111111101100010111101010010100111011011111111111111110110010111
5554,111101101000111000000110010000010001010000000000000000101011100011010111111110110001011110101001010011101101111111111111111011001011
5555,111101101000111000000110010000010001010000000000000000101011100011010111111110110001011110101001010011101101111111111111111011011
5556,11110110100011100000011001000001000101000000000000000010101110001101011111111011000101111010100101001110110111111111111111101101
5557,11110110100011100000011001000001000101000000000000000010101110001101011111111011000101111010100101001110110111111111111111101111
5558,1111011010001110000001100100000100010100000000000000001010111000110101111111101100010111101010010100111011011111111111111110111011
5559,111101101000111000000110010000010001010000000000000000101011100011010111111110110001011110101001010011101101111111111111111011101
5560,1111011010001110000001100100000100010100000000000000001010111000110101111111101100010111101010010100111011011111111111111110111001
5561,11110110100011100000011001000001000101000000000000000010101110001101011111111011000101111010100101001110110111111111111111101110001
5562,1111011010001110000001100100000100010100000000000000001010111000110101111111101100010111101010010100111011011111111111111111
5563,111101101000111000000110010000010001010000000000000000101011100011010111111110110001011110101001011
5564,1111011010001110000001100100000100010100000000000000001010111000110101111111101100010111101011
5565,111101101000111000000110010000010001010000000000000000101011100011010111111110110011
5566,11110110100011100000011001000001000101000000000000000010101110001101011111111011001
5567,11110110100011100000011001000001000101000000000000000010101110001101011111111011011
5568,1111011010001110000001100100000100010100000000000000001010111000110101111111101101111
5569,111101101000111000000110010000010001010000000000000000101011100011010111111110110111
5570,1111011010001110000001100100000100010100000000000000001010111000110101111111101101
5571,11110110100011100000011001000001000101000000000000000010101110001101011111111110000011
5572,1111011010001110000001100100000100010100000000000000001010111000110101111111111000001
5573,11110110100011100000011001000001000101000000000000000010101110001101011111111110000001
5574,111101101000111000000110010000010001010000000000000000101011100011010111111111100000011
5575,111101101000111000000110010000010001010000000000000000101011010011111110000000111
5576,111101101000111000000110010000010001010000000000000000101011100011010111111111100000000011
5577,11110110100011100000011001000001000101000000000000000010101110001101011111111110000000001001
5578,1111011010001110000001100100000100010100000000000000001010111000110101111111111000000000101
5579,111101101000111000000110010000010001010000000000000000101011100011010111111111100000000000001
5580,111101101000111000000110010000010001010000000000000000101011100011010111111111100000000000000001
5581,1111011010001110000001100100000100010100000000000000001010111000110101111111111000000000000000011
5582,11110110100011100000011001000001000101000000000000000010101110001101011111111110000000000000000111
5583,111101101000111000000110010000010001010000000000000000101011100011010111111111100000000000000001110
5584,1111011010001110000001100100000100010100000000000000001010111000110101111111111000000000000000011101
5585,111101101000111000000110010000010001010000000000000000101011100011010111111111100000000000000001111
5586,11110110100011100000011001000001000101000000000000000010101110001101011111111110000000000000001
5587,1111011010001110000001100100000100010100000000000000001010111000110101111111111000000000000001
5588,11110110100011100000011001000001000101000000000000000010101110001101011111111110000000000001
5589,111101101000111000000110010000010001010000000000000000101011100011010111111111100000000000011
5590,1111011010001110000001100100000100010100000000000000001010111000110101111111111000000000001
5591,111101101000111000000110010000010001010000000000000000101011100011010111111111100000000001
5592,1111011010001110000001100100000100010100000000000000001010111000110101111111111000000001
5593,11110110100011100000011001000001000101000000000000000010101110001101011111111110000000011
5594,111101101000111000000110010000010001010000000000000000101011100011010111111111100001
5595,11110110100011100000011001000001000101000000000000000010101110001101011111111110001
5596,111101101000111000000110010000010001010000000000000000101011100011010111111111100101
5597,1111011010001110000001100100000100010100000000000000001010111000110101111111111001011
5598,11110110100011100000011001000001000101000000000000000010101110001101011111111110010011
5599,1111011010001110000001100100000100010100000000000000001010111000110101111111111001001
5600,111101101000111000000110010000010001010000000000000000101011100011010111111111100100001
5601,11110110100011100000011001000001000101000000000000000010101110001101011111111110010000011
5602,111101101000111000000110010000010001010000000000000000101011100011010111111111100100000111
5603,1111011010001110000001100100000100010100000000000000001010111000110101111111111001000001111
5604,11110110100011100000011001000001000101000000000000000010101110001101011111111110010000011111
5605,11110110100011100000011001000001000101000000000000000010101110001101011111111110010000001
5606,111101101000111000000110010000010001010000000000000000101011100011010111111111100100000010
5607,1111011010001110000001100100000100010100000000000000001010111000110101111111111001000000100
5608,11110110100011100000011001000001000101000000000000000010101110001101011111111110010000001000
5609,111101101000111000000110010000010001010000000000000000101011100011010111111111100100000011
5610,1111011010001110000001100100000100010100000000000000001010111000110101111111111001000000111
5611,1111011010001110000001100100000100010100000000000000001010111000110101111111111001000000101
5612,11110110100011100000011001000001000101000000000000000010101110001101011111111110010000001001
5613,111101101000111000000110010000010001010000000000000000101011100011010111111111100100000010011
5614,1111011010001110000001100100000100010100000000000000001010111000110101111111111001000000100110
5615,1111011010001110000001100100000100010100000000000000001010111000110101111111111001000000100111
5616,11110110100011100000011001000001000101000000000000000010101110001101011111111110010001
5617,11110110100011100000011001000001000101000000000000000010101110001101011111111110011
5618,111101101000111000000110010000010001010000000000000000101011100011010111111111100110
5619,1111011010001110000001100100000100010100000000000000001010111000110101111111111001100
5620,11110110100011100000011001000001000101000000000000000010101110001101011111111110011000
5621,1111011010001110000001100100000100010100000000000000001010111000110101111111111001101
5622,11110110100011100000011001000001000101000000000000000010101110001101011111111110011001
5623,111101101000111000000110010000010001010000000000000000101011100011010111111111100110011
5624,111101101000111000000110010000010001010000000000000000101011100011010111111111100111
5625,1111011010001110000001100100000100010100000000000000001010111000110101111111111001110
5626,111101101000111000000110010000010001010000000000000000101011100011010111111111101
5627,1111011010001110000001100100000100010100000000000000001010111000110101111111111011
5628,1111011010001110000001100100000100010100000000000000001010111000110101101
5629,111101101000111000000110010000010001010000000000000000101011100011010110
5630,1111011010001110000001100100000100010100000000000000001010111000110100
5631,11110110100011100000011001000001000101000000000000000010101110001101001
5632,1111011010001110000001100100000100010100000000000000001010111000110111
5633,11110110100011100000011001000001000101000000000000000010101110001101111
5634,11110110100011100000011001000001000101000000000000000010101110011
5635,1111011010001110000001100100000100010100000000000000001010111001
5636,111101101000111000000110010000010001010000000000000000101011011
5637,1111011010001110000001100100000100010100000000000000001010110110
5638,111101101000111000000110010000010001010000000000000000101011011001
5639,11110110100011100000011001000001000101000000000000000010101101100
5640,11110110100011100000011001000001000101000000000000000010101101101
5641,111101101000111000000110010000010001010000000000000000101011011010
5642,1111011010001110000001100100000100010100000000000000001010110110101
5643,111101101000111000000110010000010001010000000000000000101011011011
5644,1111011010001110000001100100000100010100000000000000001010110110110
5645,1111011010001110000001100100000100010100000000000000001010110110111
5646,11110110100011100000011001000001000101000000000000000010101101101110
5647,11110110100011100000011001000001000101000000000000000010101101101111
5648,111101101000111000000110010000010001010000000000000000101011011011111
5649,1111011010001110000001100100000100010100000000000000001010110100111111111
5650,11110110100011100000011001000001000101000000000000000010101101001111111111
5651,111101101000111000000110010000010001010000000000000000101011010011111111011
5652,11110110100011100000011001000001000101000000000000000010101101001111111101
5653,1111011010001110000001100100000100010100000000000000001010110100111111110001
5654,11110110100011100000011001000001000101000000000000000010101101001111111100011
5655,111101101000111000000110010000010001010000000000000000101011010011111111001
5656,1111011010001110000001100100000100010100000000000000001010110100111111100011
5657,111101101000111000000110010000010001010000000000000000101011010011111110001
5658,1111011010001110000001100100000100010100000000000000001010110100111111100001
5659,111101101000111000000110010000010001010000000000000000101011010011111110000101
5660,11110110100011100000011001000001000101000000000000000010101101001111111000010
5661,111101101000111000000110010000010001010000000000000000101011010011111110000111
5662,11110110100011100000011001000001000101000000000000000010101101001111111000011
5663,11110110100011100000011001000001000101000000000000000010101101001111111000000001
5664,111101101000111000000110010000010001010000000000000000101011010011111110000000001
5665,1111011010001110000001100100000100010100000000000000001010110100111111100000000010
5666,1111011010001110000001100100000100010100000000000000001010110100111111100000000011
5667,11110110100011100000011001000001000101000000000000000010101101001111111000000000100
5668,111101101000111000000110010000010001010000000000000000101011010011111110000000001001
5669,1111011010001110000001100100000100010100000000000000001010110100111111100000000001
5670,11110110100011100000011001000001000101000000000000000010101101001111111000000000001
5671,111101101000111000000110010000010001010000000000000000101011010011111110000000000001
5672,11110110100011100000011001000001000101000000000000000010101101001111111000000000000001
5673,111101101000111000000110010000010001010000000000000000101011010011111110000000000000001
5674,1111011010001110000001100100000100010100000000000000001010110100111111100000000000000010
5675,1111011010001110000001100100000100010100000000000000001010110100111111100000000000000011
5676,1111011010001110000001100100000100010100000000000000001010110100111111100000000000000001
5677,11110110100011100000011001000001000101000000000000000010101101001111111000000000000000010
5678,11110110100011100000011001000001000101000000000000000010101101001111111000000000000000011
5679,11110110100011100000011001000001000101000000000000000010101101001111111000000000000000001
5680,111101101000111000000110010000010001010000000000000000101011010011111110000000000000000001
5681,1111011010001110000001100100000100010100000000000000001010110100111111100000000000001
5682,1111011010001110000001100100000100010100000000000000001010110100111111100000001
5683,11110110100011100000011001000001000101000000000000000010101101001111111000000010
5684,11110110100011100000011001000001000101000000000000000010101101001111111000000011
5685,111101101000111000000110010000010001010000000000000000101011010011111110000001
5686,1111011010001110000001100100000100010100000000000000001010110100111111100000011
5687,111101101000111000000110010000010001010000000000000000101011010011111110000011
5688,11110110100011100000011001000001000101000000000000000010101101001111111000001
5689,111101101000111000000110010000010001010000000000000000101011010011111110011
5690,11110110100011100000011001000001000101000000000000000010101101001111111001
5691,1111011010001110000001100100000100010100000000000000001010110100111111101
5692,11110110100011100000011001000001000101000000000000000010101101001111111011
5693,1111011010001110000001100100000100010100000000000000001010110101
5694,111101101000111000000110010000010001010000000000000000101011100011010111111110110001011110101001010011101101111111111111111011001001001101
5695,11110110100011100000011001000001000101000000000000000010101101001111111000000000101
5696,11110110100011100000011001000001000101000000000000000010101101001111111000000000000000101
5697,1111011010001110000001100100000100010100000000000000001010110100111111100000001111
5698,1111011010001110000001100100000100010100000000000000001010111000110101111111
5699,11110110100011100000011001000001000101000000000000000010101110001101011111111
5700,111101101000111000000110010000010001010000000000000000101011100011010111111
5701,1111011010001110000001100100000100010100000000000000001010111011111
5702,1111011010001110000001100100000100010100000000000000001010111000110101
5703,1111011010001110000001100100000100010100000000000000001010111000110101111
5704,111101101000111000000110010000010001010000000000000000101011100011010111
5705,11110110100011100000011001000001000101000000000000000010101110001101011111
5706,11110110100011100000011001000001000101000000000000000010101110001101011
5707,111101101000111000000110010000010001010000000000000000101011100011010111111110110001011110101001010011101111001
5708,11110110100011100000011001000001000101000000000000000010101110001101011111111011000101111010100101001110111100101
5709,1111011010001110000001100100000100010100000000000000001010111000110101111111101100010111101010010100111011110010
5710,111101101000111000000110010000010001010000000000000000101011101111
5711,11110110100011100000011001000001000101000000000000000010101110111
5712,11110110100011100000011001000001000101000000000000000010101110001101011111111011000101111010100101001110111100111
5713,1111011010001110000001100100000100010100000000000000001010111000110101111111101100010111101010010100111011110011111
5714,111101101000111000000110010000010001010000000000000000101011100011010111111110110001011110101001010011101111001111
5715,1111011010001110000001100100000100010100000000000000001010111000110101111111101100010111101010010100111011110011
5716,111101101000111000000110010000010001010000000000000000101011100011010111111111100000001
5717,11110110100011100000011001000001000101000000000000000010101110111111
5718,1111011010001110000001100100000100010100000000000000001010110111
5719,1111011010001110000001100100000100010100000000000000001010111000110101111111111001111
5720,11110110100011100000011001000001000101000000000000000010101110001101011111111111
5721,1111011010001110000001100100000100010100000000000000001010111000110101111111101100010111101010010100111011011111111111111110110010
5722,11110110100011100000011001000001000101000000000000000010101110001101011111111011000101111010100101001110110111111111111111101100100
5723,11110110100011100000011001000001000101000000000000000010101110001101011111111011000101111010100101001110110111111111111111101100101
5724,111101101000111000000110010000010001010000000000000000101011100011010111111110110001011110101001010011101101111111111111111011001
5725,1111011010001110000001100100000100010100000000000000001010111000110101111111101100010111101010010100111011011111111111111110110011
5726,1111011010001110000001100100000100010100000000000000001010111000110101111111101100010111101010010100111011011111111111111110110010010011111
5727,11110110100011100000011001000001000101000000000000000010101110001101011111111011000101111010100101001110110111111111111111101100100100111110
5728,11110110100011100000011001000001000101000000000000000010101110001101011111111011000101111010100101001110110111111111111111101100100100100
5729,111101101000111000000110010000010001010000000000000000101011100011010111111110110001011110101001010011101101111111111111111011001001001
5730,1111011010001110000001100100000100010100000000000000001010111000110101111111101100010111101010010100111011011111111111111110110010010010
5731,11110110100011100000011001000001000101000000000000000010101110001101011111111011000101111010100101001110110111111111111111101100100100101
5732,1111011010001110000001100100000100010100000000000000001010111000110101111111101100010111101010010100111011011111111111111110110010010011
5733,11110110100011100000011001000001000101000000000000000010101110001101011111111011000101111010100101001110110111111111111111101100100100110
5734,11110110100011100000011001000001000101000000000000000010101110001101011111111011000101111010100101001110110111111111111111101100100100111
5735,111101101000111000000110010000010001010000000000000000101011100011010111111110110001011110101001010011101101111111111111111011001001001110
5736,111101101000111000000110010000010001010000000000000000101011100011010111111110110001011110101001010011101101111111111111111011001001001111
5737,11110110100011100000011001000001000101000000000000000010101110001101011111111011000101111010100101001110110111111111111111101100100100111111
5738,11110110100011100000011001000001000101000000000000000010101110001101011111111011000101111010100101001110110111111111111111101100100100111111100001101
5739,111101101000111000000110010000010001010000000000000000101011100011010111111110110001011110101001010011101101111111111111111011001001001111111000011011
5740,1111011010001110000001100100000100010100000000000000001010111000110101111111101100010111101010010100111011011111111111111110110010010011111110000110110
5741,1111011010001110000001100100000100010100000000000000001010111000110101111111101100010111101010010100111011011111111111111110110010010011111110000110111
5742,111101101000111000000110010000010001010000000000000000101011100011010111111110110001011110101001010011101101111111111110
5743,11110110100011100000011001000001000101000000000000000010101110001101011111111011000101111010100101001110110111111111111
5744,1111011010001110000001100100000100010100000000000000001010111000110101111111101100010111101010010100111011011111111111101
5745,111101101000111000000110010000010001010000000000000000101011100011010111111110110001011110101001010011101101111111111111111
5746,1111011010001110000001100100000100010100000000000000001010111000110101111111101100010111101010010100111011011111111111111
5747,1111011010001110000001100100000100010100000000000000001010111000110101111111101100010111101010010100111011011111111111
5748,11110110100011100000011001000001000101000000000000000010101110001101011111111011000101111010100101001110110111111
5749,1111011010001110000001100100000100010100000000000000001010111000110101111111101100010111101010010100111011011111111
5750,111101101000111000000110010000010001010000000000000000101011100011010111111110110001011110101001010011101101111
5751,11110110100011100000011001000001000101000000000000000010101110001101011111111011000101111010100101001110110111111111111111
5752,111101101000111000000110010000010001010000000000000000101011100011010111111110110001011110101001010011101101111111111111
5753,111101101000111000000110010000010001010000000000000000101011100011010111111110110001011110101001010011101101111111
5754,11110110100011100000011001000001000101000000000000000010101110001101011111111011000101111010100101001110110111111111
5755,1111011010001110000001100100000100010100000000000000001010111000110101111111101100010111101010010100111011011111
5756,111101101000111000000110010000010001010000000000000000101011100011010111111110110001011110101001010011101101111111111
5757,11110110100011100001101110
5758,111101101000111000011011
5759,1111011010001110000110111
5760,111101101000111000011011101111101101100
5761,11110110100011100001101110111110110110
5762,11110110100011100001101110111110110110001
5763,1111011010001110000110111011111011011000
5764,111101101000111000011011101111101101100010
5765,11110110100011100001101110111110110110001001
5766,1111011010001110000110111011111011011000100
5767,111101101000111000011011101111101101100010010
5768,1111011010001110000110111011111011011000100100
5769,11110110100011100001101110111110110110001001000
5770,111101101000111000011011101111101101100010010000
5771,11110110100011100001101110111110110110001001000011
5772,1111011010001110000110111011111011011000100100001
5773,111101101000111000011011101111101101100010010000110
5774,1111011010001110000110111011111011011000100100001100
5775,11110110100011100001101110111110110110001001000011000
5776,111101101000111000011011101111101101100010010000110001
5777,11110110100011100001101110111110110110001001000011000100
5778,111101101000111000011011101111101101100010010000110001000
5779,11110110100011100001101110111110110110001001001
5780,111101101000111000011011101111101101100010010010
5781,1111011010001110000110111011111011011000100100101
5782,11110110100011100001101110111110110110001001001011
5783,111101101000111000011011101111101101100010010010111
5784,1111011010001110000110111011111011011000100100101110
5785,11110110100011100001101110111110110110001001001011100
5786,111101101000111000011011101111101101100010010010111000
5787,1111011010001110000110111011111011011000100100101110000
5788,11110110100011100001101110111110110110001001001011100000
5789,111101101000111000011011101111101101100010010010111000001
5790,11110110100011100001101110111110110110001001001011100000101
5791,1111011010001110000110111011111011011000100100101110000010
5792,111101101000111000011011101111101101100010010010111000001010
5793,1111011010001110000110111011111011011000100100101110000010100
5794,11110110100011100001101110111110110110001001001011100001
5795,111101101000111000011011101111101101100010010010111000010
5796,1111011010001110000110111011111011011000100100101110000100
5797,1111011010001110000110111011111011011000100100101110000100011
5798,11110110100011100001101110111110110110001001001011100001000
5799,111101101000111000011011101111101101100010010010111000010001
5800,11110110100011100001101110111110110110001001001011100001000110
5801,111101101000111000011011101111101101100010010010111000010001100
5802,1111011010001110000110111011111011011000100100101110000100011000
5803,11110110100011100001101110111110110110001001001011100001000110000
5804,111101101000111000011011101111101101100010010010111000010001100000
5805,1111011010001110000110111011111011011000100100101110000100011000000
5806,11110110100011100001101110111110110110001001001011100001000110000000
5807,111101101000111000011011101111101101100010010010111000010001100000001100
5808,111101101000111000011011101111101101100010010010111000010001100000001100000
5809,11110110100011100001101110111110110110001001001011100001000110000000110000
5810,1111011010001110000110111011111011011000100100101110000100011000000011000
5811,11110110100011100001101110111110110110001001001011100001000110000000110000000
5812,1111011010001110000110111011111011011000100100101110000100011000000011000000
5813,111101101000111000011011101111101101100010010010111000010001100000001100000000
5814,11110110100011100001101110111110110110001001001011100001000110000000110000000001
5815,1111011010001110000110111011111011011000100100101110000100011000000011000000000
5816,1111011010001110000110111011111011011000100100101110000100011000000011000000000110001
5817,1111011010001110000110111011111011011000100100101110000100011000000011000000000110001011
5818,111101101000111000011011101111101101100010010010111000010001100000001100000000011000101
5819,11110110100011100001101110111110110110001001001011100001000110000000110000000001100010
5820,11110110100011100001101110111110110110001001001011100001000110000000110000000001100010110
5821,111101101000111000011011101111101101100010010010111000010001100000001100000000011000101100
5822,1111011010001110000110111011111011011000100100101110000100011000000011000000000110001011000
5823,11110110100011100001101110111110110110001001001011100001000110000000110000000001100010110000
5824,111101101000111000011011101111101101100010010010111000010001100000001100000000011000101100000
5825,1111011010001110000110111011111011011000100100101110000100011000000011000000000110001011000000
5826,11110110100011100001101110111110110110001001001011100001000110000000110000000001100010110000000
5827,111101101000111000011011101111101101100010010010111000010001100000001100000000011000101100000001
5828,1111011010001110000110111011111011011000100100101110000100011000000011000000000110001011000000011
5829,11110110100011100001101110111110110110001001001011100001000110000000110000000001100010110000000110
5830,11110110100011100001101110111110110110001001001011100001000110000000110000000001100010110000000110011
5831,1111011010001110000110111011111011011000100100101110000100011000000011000000000110001011000000011001
5832,1111011010001110000110111011111011011000100100101110000100011000000011000000000110001011000000011001111
5833,111101101000111000011011101111101101100010010010111000010001100000001100000000011000101100000001100
5834,111101101000111000011011101111101101100010010010111000010001100000001100000000011000101100000001100111
5835,111101101000111000011011101111101101100010010010111000010001100000001100000000011000101100000001100111101
5836,11110110100011100001101110111110110110001001001011100001000110000000110000000001100010110000000110011110
5837,1111011010001110000110111011111011011000100100101110000100011000000011000000000110001011000000011001111011
5838,11110110100011100001101110111110110110001001001011100001000110000000110000000001100010110000000110011110111
5839,111101101000111000011011101111101101100010010010111000010001100000001100000000011000101100000001100111101111
5840,11110110100011100001101110111110110110001001001011100001000110000000110000000001100010111
5841,111101101000111000011011101111101101100010010010111000010001100000001100000000011000101111
5842,1111011010001110000110111011111011011000100100101110000100011000000011000000000110001011111111
5843,1111011010001110000110111011111011011000100100101110000100011000000011000000000110001011111
5844,111101101000111000011011101111101101100010010010111000010001100000001100000000011000101111111
5845,11110110100011100001101110111110110110001001001011100001000110000000110000000001100010111111
5846,11110110100011100001101110111110110110001001001011100001000110000000110000000001100010111111110
5847,111101101000111000011011101111101101100010010010111000010001100000001100000000011000101111111100
5848,1111011010001110000110111011111011011000100100101110000100011000000011000000000110001011111111000
5849,111101101000111000011011101111101101100010010010111000010001100000001100000000011000101111111100010
5850,11110110100011100001101110111110110110001001001011100001000110000000110000000001100010111111110001010111
5851,111101101000111000011011101111101101100010010010111000010001100000001100000000011000101111111100010101110
5852,1111011010001110000110111011111011011000100100101110000100011000000011000000000110001011111111000101011100
5853,11110110100011100001101110111110110110001001001011100001000110000000110000000001100010111111110001010111000
5854,111101101000111000011011101111101101100010010010111000010001100000001100000000011000101111111100010101110000
5855,1111011010001110000110111011111011011000100100101110000100011000000011000000000110001011111111000101011100000
5856,11110110100011100001101110111110110110001001001011100001000110000000110000000001100010111111110001010111000000
5857,111101101000111000011011101111101101100010010010111000010001100000001100000000011000101111111100010101110000000
5858,111101101000111000011011101111101101100010010010111000010001100000001100000000011000101111111100010101110000000101
5859,11110110100011100001101110111110110110001001001011100001000110000000110000000001100010111111110001010111000000010111
5860,1111011010001110000110111011111011011000100100101110000100011000000011000000000110001011111111000101011100000001011
5861,111101101000111000011011101111101101100010010010111000010001100000001101
5862,1111011010001110000110111011111011011000100100101110000100011000000011011
5863,11110110100011100001101110111110110110001001001011100001000110000000110111
5864,111101101000111000011011101111101101100010010010111000010001100000001101111
5865,1111011010001110000110111011111011011000100100101110000100011000000011011110
5866,11110110100011100001101110111110110110001001001011100001000110000000110111100
5867,111101101000111000011011101111101101100010010010111000010001100000001101111000
5868,11110110100011100001101110111110110110001001001011100001000110000000110111100001111
5869,1111011010001110000110111011111011011000100100101110000100011000000011011110000
5870,111101101000111000011011101111101101100010010010111000010001100000001101111000011
5871,1111011010001110000110111011111011011000100100101110000100011000000011011110000111
5872,11110110100011100001101110111110110110001001001011100001000110000000110111100001
5873,111101101000111000011011101111101101100010010010111000010001100000001101111000011110111
5874,1111011010001110000110111011111011011000100100101110000100011000000011011110000111101
5875,111101101000111000011011101111101101100010010010111000010001100000001101111000011110
5876,11110110100011100001101110111110110110001001001011100001000110000000110111100001111011
5877,1111011010001110000110111011111011011000100100101110000100011000000011011110000111101110
5878,11110110100011100001101110111110110110001001001011100001000110000000110111100001111011101
5879,11110110100011100001101110111110110110001010100110000000010010001000000010111110011
5880,1111011010001110000110111011111011011000101010011000000001001000100000001011111001111
5881,1111011010001110000110111011111011011000101010011000000001001000100000001011111001
5882,111101101000111000011011101111101101100010101001100000000100100010000000101111100
5883,111101101000111000011011101111101101100010101001100000000100100010000000101111100111
5884,11110110100011100001101110111110110110001010
5885,111101101000111000011011101111101101100010101
5886,1111011010001110000110111011111011011000101
5887,1111011010001110000110111011111011011000101010
5888,11110110100011100001101110111110110110001010100
5889,1111011010001110000110111011111011011000101010011
5890,111101101000111000011011101111101101100010101001
5891,11110110100011100001101110111110110110001010100110
5892,111101101000111000011011101111101101100010101001100
5893,1111011010001110000110111011111011011000101010011000
5894,11110110100011100001101110111110110110001010100110000
5895,111101101000111000011011101111101101100010101001100000
5896,1111011010001110000110111011111011011000101010011000000
5897,11110110100011100001101110111110110110001010100110000000
5898,111101101000111000011011101111101101100010101001100000000
5899,11110110100011100001101110111110110110001010100110000000010
5900,11110110100011100001101110111110110110001010100110000000010010001
5901,111101101000111000011011101111101101100010101001100000000100
5902,1111011010001110000110111011111011011000101010011000000001001000
5903,111101101000111000011011101111101101100010101001100000000100100
5904,11110110100011100001101110111110110110001010100110000000010010
5905,1111011010001110000110111011111011011000101010011000000001001
5906,111101101000111000011011101111101101100010101001100000000100100010
5907,1111011010001110000110111011111011011000101010011000000001001000100
5908,11110110100011100001101110111110110110001010100110000000010010001000
5909,111101101000111000011011101111101101100010101001100000000100100010000
5910,1111011010001110000110111011111011011000101010011000000001001000100000
5911,11110110100011100001101110111110110110001010100110000000010010001000000
5912,111101101000111000011011101111101101100010101001100000000100100010000000
5913,1111011010001110000110111011111011011000101010011000000001001000100000001
5914,11110110100011100001101110111110110110001010100110000000010010001000000010
5915,1111011010001110000110111011111011011000101010011000000001001000100000001011110
5916,111101101000111000011011101111101101100010101001100000000100100010000000101111011111
5917,1111011010001110000110111011111011011000101010011000000001001000100000001011110111111
5918,1111011010001110000110111011111011011000101010011000000001001000100000001011110111111010111
5919,11110110100011100001101110111110110110001010100110000000010010001000000010111101111110
5920,111101101000111000011011101111101101100010101001100000000100100010000000101111011111101011
5921,11110110100011100001101110111110110110001010100110000000010010001000000010111101111110101
5922,1111011010001110000110111011111011011000101010011000000001001000100000001011110111111010
5923,111101101000111000011011101111101101100010101001100000000100100010000000101111011111101
5924,11110110100011100001101110111110110110001010100110000000010010001000000010111101111110101110
5925,111101101000111000011011101111101101100010101001100000000100100010000000101111011111101011101
5926,1111011010001110000110111011111011011000101010011000000001001000100000001011110111111010111010
5927,1111011010001110000110111011111011011000101010011000000001001000100000001011110111111010111010011
5928,11110110100011100001101110111110110110001010100110000000010010001000000010111101111110101110100
5929,111101101000111000011011101111101101100010101001100000000100100010000000101111011111101011101001
5930,11110110100011100001101110111110110110001010100110000000010010001000000010111101111110101110100110
5931,111101101000111000011011101111101101100010101001100000000100100010000000101111011111101011101001101
5932,1111011010001110000110111011111011011000101010011000000001001000100000001011110111111010111010011011
5933,11110110100011100001101110111110110110001010100110000000010010001000000010111101111110101110100110111
5934,111101101000111000011011101111101101100010101001100000000100100010000000101111011111101011101001101111
5935,1111011010001110000110111011111011011000101010011000000001001000100000001011110111111010111010011011111
5936,1111011010001110000110111011111011011000101010011000000001001000100000001011110111111010111010011011111101
5937,11110110100011100001101110111110110110001010100110000000010010001000000010111100
5938,111101101000111000011011101111101101100010101001100000000100100010000000101111000
5939,1111011010001110000110111011111011011000101010011000000001001000100000001011110000
5940,11110110100011100001101110111110110110001010100110000000010010001000000010111100000
5941,111101101000111000011011101111101101100010101001100000000100100010000000101111000000
5942,1111011010001110000110111011111011011000101010011000000001001000100000001011110000000
5943,11110110100011100001101110111110110110001010100110000000010010001000000010111100000001
5944,111101101000111000011011101111101101100010101001100000000100100010000000101111000000011
5945,111101101000111000011011101111101101100010101001100000000100100010000000101111000000011011
5946,1111011010001110000110111011111011011000101010011000000001001000100000001011110000000110
5947,11110110100011100001101110111110110110001010100110000000010010001000000010111100000001101
5948,11110110100011100001101110111110110110001010100110000000010010001000001
5949,111101101000111000011011101111101101100010101001100000000100100010000010
5950,1111011010001110000110111011111011011000101010011000000001001000100000100111
5951,1111011010001110000110111011111011011000101010011000000001001000100000100
5952,11110110100011100001101110111110110110001010100110000000010010001000001001
5953,111101101000111000011011101111101101100010101001100000000100100010000010011
5954,11110110100011100001101110111110110110001010100110000000010010001000001001110
5955,111101101000111000011011101111101101100010101001100000000100100010000010011100
5956,1111011010001110000110111011111011011000101010011000000001001000100000100111001
5957,111101101000111000011011101111101101100010101001100000000101
5958,1111011010001110000110111011111011011000101010011000000001011
5959,11110110100011100001101110111110110110001010100110000000010111
5960,11110110100011100001101110111110110110001010100110000000010111101
5961,111101101000111000011011101111101101100010101001100000000101111010
5962,1111011010001110000110111011111011011000101010011000000001011110100
5963,11110110100011100001101110111110110110001010100110000000010111101001
5964,111101101000111000011011101111101101100010101001100000000101111010011
5965,1111011010001110000110111011111011011000101010011000000001011110100110
5966,11110110100011100001101110111110110110001010100110000000010111101001100
5967,111101101000111000011011101111101101100010101001100000000101111010011000
5968,1111011010001110000110111011111011011000101010011000000001011110100110000
5969,11110110100011100001101110111110110110001010100110000000010111101001100001
5970,111101101000111000011011101111101101100010101001100000000101111010011000011
5971,1111011010001110000110111011111011011000101010011000000001011110100110000110
5972,1111011010001110000110111011111011011000101011
5973,11110110100011100001101110111110110110001010110
5974,111101101000111000011011101111101101100010101100
5975,11110110100011100001101110111110110110001010110011
5976,1111011010001110000110111011111011011000101011001
5977,111101101000111000011011101111101101100010101100110
5978,1111011010001110000110111011111011011000101011001101
5979,11110110100011100001101110111110110110001010110011011
5980,111101101000111000011011101111101101100010101100110111
5981,1111011010001110000110111011111011011000101011001101111101011
5982,1111011010001110000110111011111011011000101011001101111101011100001
5983,11110110100011100001101110111110110110001010110011011111010111000010
5984,111101101000111000011011101111101101100010101100110111110101110000100
5985,11110110100011100001101110111110110110001010110011011111010111000010010
5986,111101101000111000011011101111101101100010101100110111110101110000100100
5987,1111011010001110000110111011111011011000101011001101111101011100001001000
5988,11110110100011100001101110111110110110001010110011011111010111000010010000
5989,11110110100011100001101110111110110110001010110011011111010111000010010000111
5990,111101101000111000011011101111101101100010101100110111110101110000100100001110
5991,1111011010001110000110111011111011011000101011001101111101011100001001000011101110
5992,11110110100011100001101110111110110110001010110011011111010111000010010000111011100
5993,111101101000111000011011101111101101100010101100110111110101110000100100001110111000
5994,1111011010001110000110111011111011011000101011001101111101011100001001000011101110000
5995,11110110100011100001101110111110110110001010110011011111010111000010010000111011100000
5996,111101101000111000011011101111101101100010101100110111110101110000100100001110111000001
5997,11110110100011100001101110111110110110001010111
5998,111101101000111000011011101111101101100010101110
5999,1111011010001110000110111011111011011000101011100
6000,11110110100011100001101110111110110110001010111000
6001,11110110100011100001101110111110110110001010111000011
6002,111101101000111000011011101111101101100010101110000
6003,1111011010001110000110111011111011011000101011100001
6004,111101101000111000011011101111101101100010101110000110
6005,1111011010001110000110111011111011011000101011100001100
6006,11110110100011100001101110111110110110001010111000011000
6007,111101101000111000011011101111101101100010101110000110001
6008,1111011010001110000110111011111011011000101011100001100011
6009,1111011010001110000110111011111011011001
6010,11110110100011100001101110111110110110011
6011,111101101000111000011011101111101101100111
6012,1111011010001110000110111011111011011001111
6013,11110110100011100001101110111110110110011111
6014,111101101000111000011011101111101101100111111
6015,11110110100011100001101110111110110110011111111
6016,1111011010001110000110111011111011011001111111
6017,111101101000111000011011101111101101100111111110
6018,1111011010001110000110111011111011011001111111100
6019,11110110100011100001101110111110110110011111111000
6020,111101101000111000011011101111101101100111111110000
6021,1111011010001110000110111011111011011001111111100001
6022,1111011010001110000110111001
6023,111101101000111000011011100111
6024,111101101000111000011011100
6025,11110110100011100001101110011
6026,1111011010001110000110111001111
6027,11110110100011100001101110011111
6028,111101101000111000011011101111101101100111111111
6029,111101101000111000011011101111101101100111111111101
6030,1111011010001110000110111011111011011001111111111010
6031,111101101000111000011011101111101101111
6032,11110110100011100001101110111110110111
6033,1111011010001110000110111011111011011110
6034,11110110100011100001101110111110110111100
6035,1111011010001110000110111011111011011110011
6036,111101101000111000011011101111101101111001
6037,11110110100011100001101110111110110111100110
6038,111101101000111000011011101111101101111001100
6039,1111011010001110000110111011111011011110011001011111
6040,111101101000111000011011101111101101111001100101
6041,11110110100011100001101110111110110111100110010111
6042,1111011010001110000110111011111011011110011001011
6043,111101101000111000011011101111101101111001100101111
6044,11110110100011100001101110111110110111100110010111110
6045,111101101000111000011011101111101101111001100101111100
6046,111101101000111000011011101111101101100010101001100001
6047,1111011010001110000110111011111011011000101010011000010
6048,1111011010001110000110111011111011011000101010011000010101
6049,11110110100011100001101110111110110110001010100110000101011
6050,111101101000111000011011101111101101100010101001100001010111
6051,1111011010001110000110111011111011011000100100101111
6052,11110110100011100001101110111110110110001001001011110
6053,111101101000111000011011101111101101100010010010111100
6054,1111011010001110000110111011111011011000100100101111000
6055,1111011010001110000110111011111011011000100100101111000110
6056,111101101000111000011011101111101101100010010010111001
6057,1111011010001110000110111011111011011000101010011000000001001000101
6058,11110110100011100001101110111110110110001010100110000000010010001010
6059,11110110100011100001101110111110110110001010100110000000010010001010011
6060,1111011010001110000110111011111011011000101010011000000001001000101001
6061,111101101000111000011011101111101101100010101001100000000100100010100
6062,1111011010001110000110111011111011011000101010011000000001001000101001110
6063,111101101000111000011011101111101101100010101100110111110101110000100100001111
6064,1111011010001110000110111011111011011000101011001101111101011100001001000011110
6065,11110110100011100001101110111110110110001010110011011111010111000010010000111100
6066,1111011010001110000110111011111011011000101011001101111101011100001001000011110011
6067,111101101000111000011011101111101101100010101100110111110101110000100100001111001
6068,11110110100011100001101110111110110110001001001011100001000110000000110011
6069,1111011010001110000110111011111011011000100100101110000100011000000011001
6070,111101101000111000011011101111101101100010010010111000010001100000001100110
6071,1111011010001110000110111011111011011000100100101110000100011000000011001100
6072,11110110100011100001101110111110110110001001001011100001000110000000110011000
6073,111101101000111000011011101111101101100010010010111000010001100000001100110000
6074,11110110100011100001101110111110110110001001001011100001000110000000110000000011
6075,1111011010001110000110111011111011011000100100101110000100011000000011000000001
6076,111101101000111000011011101111101101100010010010111000010001100000001100000000110
6077,1111011010001110000110111011111011011000100100101110000100011000000011000000001100
6078,11110110100011100001101110111110110110001001001011100001000110000000110000000011000
6079,111101101000111000011011101111101101100010010010111000010001100000001100000000110000
6080,1111011010001110000110111011111011011000100100101110000100011000000011000000001100000
6081,1111011010001110000110111011111011011000100100101110000100011000000011000000011
6082,111101101000111000011011101111101101100010010010111000010001100000001100000001
6083,11110110100011100001101110111110110110001001001011100001000110000000110000000111
6084,111101101000111000011011101111101101100010010010111000010001100000001100000001111
6085,1111011010001110000110111011111011011000100100101110000100011000000011000000011111
6086,11110110100011100001101110111110110110001001001011100001000110000000110000000111111
6087,111101101000111000011011101111101101100010010010111000010001100000001100000001111110
6088,1111011010001110000110111011111011011000100100101110000100011000000011000000011111101
6089,1111011010001110000110111011111011011000101010011000000001001000100000001011110111111010111011
6090,11110110100011100001101110111110110110001010100110000000010010001000000010111101111110101110110
6091,111101101000111000011011101111101101100010010010111000010001100000001100000000011000101100000011
6092,11110110100011100001101110111110110110001001001011100001000110000000110000000001100010110000001
6093,1111011010001110000110111011111011011000100100101110000100011000000011000000000110001011000000110
6094,11110110100011100001101110111110110110001001001011100001000110000000110000000001100010110000001101
6095,111101101000111000011011101111101101100010010010111000010001100000001100000000011000101100000011011
6096,111101101000111000011011101111101101100010010010111000010001100000001100000000011000101100000011011110
6097,11110110100011100001101110111110110110001001001011100001000110000000110000000001100010110000001101111011
6098,1111011010001110000110111011111011011000100100101110000100011000000011000000000110001011000000110111101
6099,111101101000111000011011101111101101100010010010111000010001100000001100000000011000101100000011011110111
6100,1111011010001110000110111011111011011000100100101110000100011000000011000000000110001011000000110111101110
6101,11110110100011100001101110111110110110001001001011100001000110000000110000000001100010110000001101111011101
6102,11110110100011100001101110111110110110001010100110000000010010001000000010111101111110101111011001111111111
6103,111101101000111000011011101111101101100010101001100000000100100010000000101111011111101011110110011111111111
6104,1111011010001110000110111011111011011000101010011000000001001000100000001011110111111010111101100111111
6105,111101101000111000011011101111101101100010101001100000000100100010000000101111011111101011110110011111111
6106,11110110100011100001101110111110110110001010100110000000010010001000000010111101101
6107,1111011010001110000110111011111011011000101010011000000001001000100000001011110110
6108,11110110100011100001101110111111111000
6109,111101101000111000011011101111111110010
6110,11110110100011100001101110111110110110001010100111111111
6111,1111011010001110000110111011111111
6112,11110110100011100001101110111111111
6113,111101101000111000011011101111111110
6114,1111011010001110000110111011111111100
6115,1111011010001110000110111011111111101
6116,11110110100011100001101110111111111011
6117,111101101000111000011011101111111111
6118,1111011010001110000110111011111111110
6119,1111011010001110000110111011111111111
6120,11110110100011100001101110111111111111
6121,111101101000111000011011101111111111111
6122,1111011010001110000110111011111011001
6123,111101101000111000011011101111101100111
6124,11110110100011100001101110111110110011
6125,111101101000111000011011101111101100
6126,1111011010001110000110111011111011011011
6127,111101101000111000011011101111101101101
6128,1111011010001110000110111011111011011001111111101
6129,111101101000111000011011101111101101100111111110001
6130,11110110100011100001101110111110110110011111111001
6131,111101101000111000011011101111101101100111111110011
6132,111101101000111000011011101111101101100111111111111
6133,1111011010001110000110111011111011011001111111111011
6134,1111011010001110000110111011111011011000111
6135,111101101000111000011011101111101101100011
6136,111101101000111000011011101111101101100010111
6137,11110110100011100001101110111110110110001011
6138,11110110100011100001101110111110110110001010100111
6139,1111011010001110000110111011111011011000101010011111
6140,111101101000111000011011101111101101100010101001111
6141,11110110100011100001101110111110110110001010100111111
6142,111101101000111000011011101111101101100010101001101
6143,1111011010001110000110111011111011011000101010011011
6144,1111011010001110000110111011111011011000101010011001
6145,11110110100011100001101110111110110110001010100110011
6146,1111011010001110000110111011111011011000101010011000000000
6147,1111011010001110000110111011111011011000101010011000000000111
6148,111101101000111000011011101111101101100010101001100000000011
6149,11110110100011100001101110111110110110001010100110000000001
6150,11110110100011100001101110111110110110001010100110000000010010011
6151,1111011010001110000110111011111011011000101010011000000001001001
6152,111101101000111000011011101111101101100010101001100000000100100011
6153,11110110100011100001101110111110110110001010100110000000010010001001
6154,1111011010001110000110111011111011011000101010011000000001001000100001
6155,111101101000111000011011101111101101100010101001100000000100100010000001
6156,1111011010001110000110111011111011011000101010011000000001001000100000010
6157,11110110100011100001101110111110110110001010100110000000010010001000000100
6158,11110110100011100001101110111110110110001010100110000000010010001000000101
6159,111101101000111000011011101111101101100010101001100000000100100010000001011
6160,1111011010001110000110111011111011011000101010011000000001001000100000011
6161,11110110100011100001101110111110110110001010100110000000010010001000000111
6162,11110110100011100001101110111110110110001010100110000000010010001000000011
6163,111101101000111000011011101111101101100010101001100000000100100010000000111
6164,1111011010001110000110111011111011011000101010011000000001001000100000001111
6165,11110110100011100001101110111110110110001010100110000000010010001000000011111
6166,1111011010001110000110111011111011011000101010011000000001001000100000001001111
6167,1111011010001110000110111011111011011000101010011000000001001000100000001001
6168,11110110100011100001101110111110110110001010100110000000010010001000000010011
6169,111101101000111000011011101111101101100010101001100000000100100010000000100
6170,111101101000111000011011101111101101100010101001100000000100100010000000100111
6171,11110110100011100001101110111110110110001010100110000000010010001000000010011111
6172,111101101000111000011011101111101101100010101001100000000100100010000000100111111
6173,1111011010001110000110111011111011011000101010011000000001001000100000001011111
6174,11110110100011100001101110111110110110001010100110000000010010001000000010111110
6175,111101101000111000011011101111101101100010101001100000000100100010000000101111101
6176,1111011010001110000110111011111011011000101010011000000001001000100000001011111010
6177,11110110100011100001101110111110110110001010100110000000010010001000000010111110101
6178,1111011010001110000110111011111011011000101010011000000001001000100000001011111011
6179,11110110100011100001101110111110110110001010100110000000010010001000000010111111
6180,111101101000111000011011101111101101100010101001100000000100100010000000101111110
6181,1111011010001110000110111011111011011000101010011000000001001000100000001011111100
6182,11110110100011100001101110111110110110001010100110000000010010001000000010111111001
6183,111101101000111000011011101111101101100010101001100000000100100010000000101111111
6184,1111011010001110000110111011111011011000101010011000000001001000100000001011111101
6185,11110110100011100001101110111110110110001010100110000000010010001000000010111101111111
6186,111101101000111000011011101111101101100010101001100000000100100010000000101111011111110
6187,111101101000111000011011101111101101100010101001100000000100100010000000101111011111111
6188,1111011010001110000110111011111011011000101010011000000001001000100000001011110111111110
6189,1111011010001110000110111011111011011000101010011000000001001000100000001011110111111110101
6190,11110110100011100001101110111110110110001010100110000000010010001000000010111101111111101010
6191,1111011010001110000110111011111011011000101010011000000001001000100000001011110111111111
6192,1111011010001110000110111011111011011000101010011000000001001000100000001011110111111110111
6193,11110110100011100001101110111110110110001010100110000000010010001000000010111101111111101111
6194,11110110100011100001101110111110110110001010100110000000010010001000000010111101111111101011
6195,11110110100011100001101110111110110110001010100110000000010010001000000010111101111110101111
6196,111101101000111000011011101111101101100010101001100000000100100010000000101111011111101011110
6197,1111011010001110000110111011111011011000101010011000000001001000100000001011110111111010111100
6198,11110110100011100001101110111110110110001010100110000000010010001000000010111101111110101111011
6199,1111011010001110000110111011111011011000101010011000000001001000100000001011110111111010111101
6200,111101101000111000011011101111101101100010101001100000000100100010000000101111011111101011110110
6201,1111011010001110000110111011111011011000101010011000000001001000100000001011110111111010111101100
6202,1111011010001110000110111011111011011000101010011000000001001000100000001011110111111010111101101
6203,11110110100011100001101110111110110110001010100110000000010010001000000010111101111110101111011010
6204,111101101000111000011011101111101101100010101001100000000100100010000000101111011111101011110110101
6205,1111011010001110000110111011111011011000101010011000000001001000100000001011110111111010111101101011
6206,11110110100011100001101110111110110110001010100110000000010010001000000010111101111110101111011010111
6207,11110110100011100001101110111110110110001010100110000000010010001000000010111101111110101111011011
6208,111101101000111000011011101111101101100010101001100000000100100010000000101111011111101011110110111
6209,111101101000111000011011101111101101100010101001100000000100100010000000101111011111101011110111
6210,1111011010001110000110111011111011011000101010011000000001001000100000001011110111111010111101110
6211,11110110100011100001101110111110110110001010100110000000010010001000000010111101111110101111011100
6212,111101101000111000011011101111101101100010101001100000000100100010000000101111011111101011110111001
6213,1111011010001110000110111011111011011000101010011000000001001000100000001011110111111010111101110011
6214,1111011010001110000110111011111011011000101010011000000001001000100000001011110111111010111101111
6215,11110110100011100001101110111110110110001010100110000000010010001000000010111101111110101111011111
6216,11110110100011100001101110111110110110001010100110000000010010001000000010111101111110101111011101
6217,111101101000111000011011101111101101100010101001100000000100100010000000101111011111101011110111010
6218,1111011010001110000110111011111011011000101010011000000001001000100000001011110111111010111101110101
6219,111101101000111000011011101111101101100010101001100000000100100010000000101111011111101011110111011
6220,1111011010001110000110111011111011011000101010011000000001001000100000001011110111111010111101110111
6221,11110110100011100001101110111110110110001010100110000000010010001000000010111101111110101111011101111
6222,111101101000111000011011101111101101100010101001100000000100100010000000101111011111101011110111011110
6223,1111011010001110000110111011111011011000101010011000000001001000100000001011110111111010111101110111100
6224,11110110100011100001101110111110110110001010100110000000010010001000000010111101111110101111011101111000
6225,111101101000111000011011101111101101100010101001100000000100100010000000101111011111101011110111011110011111
6226,1111011010001110000110111011111011011000101010011000000001001000100000001011110111111010111101110111100111111
6227,111101101000111000011011101111101101100010101001100000000100100010000000101111011111101011110111011111
6228,11110110100011100001101110111110110110001010100110000000010010001000000010111101111110101111011101111000111
6229,111101101000111000011011101111101101100010101001100000000100100010000000101111011111101011110111011110001111
6230,11110110100011100001101110111110110110001010100110000000010010001000000010111101111110101111011101111001
6231,1111011010001110000110111011111011011000101010011000000001001000100000001011110111111010111101110111101
6232,11110110100011100001101110111110110110001010100110000000010010001000000010111101111110101111011101111011
6233,11110110100011100001101110111110110110001010100110000000010010001000000010111101111110101111111
6234,1111011010001110000110111011111011011000101010011000000001001000100000001011110111111010111111
6235,111101101000111000011011101111101101100010101001100000000100100010000000101111011111101011111
6236,1111011010001110000110111011111011011000101010011000000001001000100000001011110111111010111111101111
6237,11110110100011100001101110111110110110001010100110000000010010001000000010111101111110101111111011111
6238,1111011010001110000110111011111011011000101010011000000001001000100000001011110111111010111111101111111
6239,11110110100011100001101110111110110110001010100110000000010010001000000010111101111110101111111011111111
6240,111101101000111000011011101111101101100010101001100000000100100010000000101111011111101011111110111111
6241,1111011010001110000110111011111011011000101010011000000001001000100000001011110111111010111111101101
6242,11110110100011100001101110111110110110001010100110000000010010001000000010111101111110101111111011010
6243,111101101000111000011011101111101101100010101001100000000100100010000000101111011111101011111110110101
6244,11110110100011100001101110111110110110001010100110000000010010001000000010111101111110101111111011011
6245,1111011010001110000110111011111011011000101010011000000001001000100000001011110111111010111111101101101
6246,11110110100011100001101110111110110110001010100110000000010010001000000010111101111110101111111011011011
6247,111101101000111000011011101111101101100010101001100000000100100010000000101111011111101011111110110110
6248,111101101000111000011011101111101101100010101001100000000100100010000000101111011111101011111110110110111
6249,1111011010001110000110111011111011011000101010011000000001001000100000001011110111111010111111101101101111
6250,111101101000111000011011101111101101100010101001100000000100100010000000101111011111101011111110110111
6251,1111011010001110000110111011111011011000101010011000000001001000100000001011110111111010111111101101111
6252,111101101000111000011011101111101101100010101001100000000100100010000000101111011111101011111110110111111
6253,11110110100011100001101110111110110110001010100110000000010010001000000010111101111110101111111011011111
6254,1111011010001110000110111011111011011000101010011000000001001000100000001011110111111010111111101101111111
6255,11110110100011100001101110111110110110001010100110000000010010001000000010111101111110101110111
6256,111101101000111000011011101111101101100010101001100000000100100010000000101111011111101011101100
6257,11110110100011100001101110111110110110001010100110000000010010001000000010111101111110101110110001111
6258,111101101000111000011011101111101101100010101001100000000100100010000000101111011111101011101100011111
6259,1111011010001110000110111011111011011000101010011000000001001000100000001011110111111010111011000111111
6260,1111011010001110000110111011111011011000101010011000000001001000100000001011110111111010111011000
6261,111101101000111000011011101111101101100010101001100000000100100010000000101111011111101011101100011
6262,1111011010001110000110111011111011011000101010011000000001001000100000001011110111111010111011000111
6263,11110110100011100001101110111110110110001010100110000000010010001000000010111101111110101110110001
6264,1111011010001110000110111011111011011000101010011000000001001000100000001011110111111010111011001
6265,11110110100011100001101110111110110110001010100110000000010010001000000010111101111110101110100111
6266,111101101000111000011011101111101101100010101001100000000100100010000000101111011111101011101001111
6267,1111011010001110000110111011111011011000101010011000000001001000100000001011110111111010111010011011111111
6268,11110110100011100001101110111110110110001010100110000000010010001000000010111101111110101110100110111111110
6269,111101101000111000011011101111101101100010101001100000000100100010000000101111011111101011101001101111111101
6270,11110110100011100001101110111110110110001010100110000000010010001000000010111101111110101110100110111111111
6271,11110110100011100001101110111110110110001010100110000000010010001000000010111101111110101110101
6272,111101101000111000011011101111101101100010101001100000000100100010000000101111011111101111
6273,1111011010001110000110111011111011011000101010011000000001001000100000001011110111111011
6274,11110110100011100001101110111110110110001010100110000000010010001000000010111101111110111
6275,1111011010001110000110111011111011011000101010011000000001001000100000001011110001
6276,11110110100011100001101110111110110110001010100110000000010010001000000010111100010
6277,11110110100011100001101110111110110110001010100110000000010010001000000010111100011
6278,11110110100011100001101110111110110110001010100110000000010010001000000010111100001
6279,1111011010001110000110111011111011011000101010011000000001001000100000001011110000000111
6280,1111011010001110000110111011111011011000101010011000000001001000100000001011110000001
6281,1111011010001110000110111011111011011000101010011000000001001000100000001011110000011
6282,111101101000111000011011101111101101100010101001100000000100100010000000101111000001
6283,111101101000111000011011101111101101100010101001100000000100100010000000101111001
6284,1111011010001110000110111011111011011000101010011000000001001000100000001011110010
6285,1111011010001110000110111011111011011000101010011000000001001000100000001011110011
6286,111101101000111000011011101111101101100010101001100000000100100010000000101011
6287,1111011010001110000110111011111011011000101010011000000001001000100000001010
6288,11110110100011100001101110111110110110001010100110000000010010001000000010101
6289,111101101000111000011011101111101101100010101001100000000100100010000011
6290,111101101000111000011011101111101101100010101001100000000100100010000010011101
6291,11110110100011100001101110111110110110001010100110000000010010001000001001111
6292,1111011010001110000110111011111011011000101010011000000001001000100000101
6293,111101101000111000011011101111101101100010101001100000000100100010001
6294,11110110100011100001101110111110110110001010100110000000010010001011
6295,1111011010001110000110111011111011011000101010011000000001001000101001111
6296,11110110100011100001101110111110110110001010100110000000010010001010011111
6297,111101101000111000011011101111101101100010101001100000000100100010100110
6298,111101101000111000011011101111101101100010101001100000000100100010101
6299,1111011010001110000110111011111011011000101010011000000001001011
6300,111101101000111000011011101111101101100010101001100000000100101
6301,1111011010001110000110111011111011011000101010011000000001001111
6302,111101101000111000011011101111101101100010101001100000000100111
6303,11110110100011100001101110111110110110001010100110000000010011
6304,11110110100011100001101110111110110110001010100110000000010111111
6305,111101101000111000011011101111101101100010101001100000000101111110
6306,1111011010001110000110111011111011011000101010011000000001011111100
6307,111101101000111000011011101111101101100010101001100000000101111111
6308,1111011010001110000110111011111011011000101010011000000001011111101
6309,111101101000111000011011101111101101100010101001100000000101111011
6310,1111011010001110000110111011111011011000101010011000000001011110100111
6311,1111011010001110000110111011111011011000101010011000000001011110100110001
6312,1111011010001110000110111011111011011000101010011000000001011110100110000111
6313,111101101000111000011011101111101101100010101001100000000101111010011001
6314,11110110100011100001101110111110110110001010100110000000010111101001100111
6315,1111011010001110000110111011111011011000101010011000000001011110100110011
6316,111101101000111000011011101111101101100010101001100000000101111010011001111
6317,11110110100011100001101110111110110110001010100110000000010111101001101
6318,111101101000111000011011101111101101100010101001100000000101111010011011
6319,1111011010001110000110111011111011011000101010011000000001011110101
6320,111101101000111000011011101111101101100010101001100000001
6321,1111011010001110000110111011111011011000101010011000000010
6322,1111011010001110000110111011111011011000101010011000000011
6323,111101101000111000011011101111101101100010101001100000001111
6324,11110110100011100001101110111110110110001010100110000000111
6325,1111011010001110000110111011111011011000101010011000000011110
6326,11110110100011100001101110111110110110001010100110000000111111
6327,1111011010001110000110111011111011011000101010011000000011111
6328,11110110100011100001101110111110110110001010100110000001
6329,1111011010001110000110111011111011011000101010011000001
6330,11110110100011100001101110111110110110001010100110000011
6331,111101101000111000011011101111101101100010101001100001111
6332,1111011010001110000110111011111011011000101010011000011
6333,11110110100011100001101110111110110110001010100110000111
6334,1111011010001110000110111011111011011000101010011000011111
6335,1111011010001110000110111011111011011000101010011000010111
6336,11110110100011100001101110111110110110001010100110001
6337,11110110100011100001101110111110110110001010101
6338,111101101000111000011011101111101101100010101101
6339,1111011010001110000110111011111011011000101011011
6340,111101101000111000011011101111101101100010101100111
6341,1111011010001110000110111011111011011000101011001111
6342,11110110100011100001101110111110110110001010110011011111111
6343,111101101000111000011011101111101101100010101100110111111011
6344,1111011010001110000110111011111011011000101011001101111110110
6345,1111011010001110000110111011111011011000101011001101111110111
6346,1111011010001110000110111011111011011000101011001101111110011
6347,11110110100011100001101110111110110110001010110011011111100011
6348,111101101000111000011011101111101101100010101100110111111000011
6349,1111011010001110000110111011111011011000101011001101111110000110
6350,1111011010001110000110111011111011011000101011001101111110000111
6351,1111011010001110000110111011111011011000101011001101111110000011
6352,11110110100011100001101110111110110110001010110011011111100000001
6353,111101101000111000011011101111101101100010101100110111111000000010
6354,1111011010001110000110111011111011011000101011001101111110000000100
6355,11110110100011100001101110111110110110001010110011011111100000001000
6356,11110110100011100001101110111110110110001010110011011111100000001000001
6357,111101101000111000011011101111101101100010101100110111111000000010000
6358,1111011010001110000110111011111011011000101011001101111110000000100000
6359,111101101000111000011011101111101101100010101100110111111000000010000011
6360,1111011010001110000110111011111011011000101011001101111110000000101
6361,1111011010001110000110111011111011011000101011001101111110000000100111
6362,1111011010001110000110111011111011011000101011001101111110000000100001101
6363,111101101000111000011011101111101101100010101100110111111000000010000110
6364,11110110100011100001101110111110110110001010110011011111100000001000011011
6365,111101101000111000011011101111101101100010101100110111111000000010001
6366,111101101000111000011011101111101101100010101100110111111000000011
6367,11110110100011100001101110111110110110001010110011011111100000011
6368,111101101000111000011011101111101101100010101100110111111000000110
6369,1111011010001110000110111011111011011000101011001101111110000001100
6370,1111011010001110000110111011111011011000101011001101111110000001101
6371,111101101000111000011011101111101101100010101100110111111000000111
6372,1111011010001110000110111011111011011000101011001101111101111
6373,11110110100011100001101110111110110110001010110011011111011011
6374,111101101000111000011011101111101101100010101100110111110110011
6375,111101101000111000011011101111101101100010101100110111110110001111
6376,1111011010001110000110111011111011011000101011001101111101100011110
6377,11110110100011100001101110111110110110001010110011011111011000111100
6378,111101101000111000011011101111101101100010101100110111110110001111000
6379,1111011010001110000110111011111011011000101011001101111101100011110000
6380,11110110100011100001101110111110110110001010110011011111011000111100001
6381,1111011010001110000110111011111011011000101011001101111101100011110011
6382,111101101000111000011011101111101101100010101100110111110110001111001
6383,11110110100011100001101110111110110110001010110011011111011000111100011
6384,1111011010001110000110111011111011011000101011001101111101100011110001
6385,11110110100011100001101110111110110110001010110011011111011000111101
6386,1111011010001110000110111011111011011000101011001101111101100011111
6387,111101101000111000011011101111101101100010101100110111110110001101
6388,11110110100011100001101110111110110110001010110011011111011000100111
6389,111101101000111000011011101111101101100010101100110111110110001001111
6390,1111011010001110000110111011111011011000101011001101111101100010011110
6391,11110110100011100001101110111110110110001010110011011111011000100111101
6392,1111011010001110000110111011111011011000101011001101111101100010011111
6393,11110110100011100001101110111110110110001010110011011111011000100111110
6394,11110110100011100001101110111110110110001010110011011111011000100111111
6395,111101101000111000011011101111101101100010101100110111110110001001111111
6396,111101101000111000011011101111101101100010101100110111110110001011
6397,11110110100011100001101110111110110110001010110011011111011000001
6398,1111011010001110000110111011111011011000101011001101111101100000101
6399,111101101000111000011011101111101101100010101100110111110110000010
6400,11110110100011100001101110111110110110001010110011011111011000011
6401,111101101000111000011011101111101101100010101100110111110110000111
6402,1111011010001110000110111011111011011000101011001101111101100001111
6403,11110110100011100001101110111110110110001010110011011111011000011110
6404,111101101000111000011011101111101101100010101100110111110110000111101
6405,1111011010001110000110111011111011011000101011001101111101100001111011
6406,11110110100011100001101110111110110110001010110011011111011000011110110
6407,11110110100011100001101110111110110110001010110011011111011000011110111
6408,111101101000111000011011101111101101100010101100110111110110000111101111
6409,11110110100011100001101110111110110110001010110011011111011000011111
6410,11110110100011100001101110111110110110001010110011011111010111011
6411,111101101000111000011011101111101101100010101100110111110101110110
6412,111101101000111000011011101111101101100010101100110111110101110111
6413,1111011010001110000110111011111011011000101011001101111101011100001000
6414,11110110100011100001101110111110110110001010110011011111010111000010001
6415,111101101000111000011011101111101101100010101100110111110101110000100101
6416,1111011010001110000110111011111011011000101011001101111101011100001001011
6417,11110110100011100001101110111110110110001010110011011111010111000010010111
6418,111101101000111000011011101111101101100010101100110111110101110000100101111
6419,11110110100011100001101110111110110110001010110011011111010111000010010001
6420,11110110100011100001101110111110110110001010110011011111010111000010010000111101
6421,1111011010001110000110111011111011011000101011001101111101011100001001000011111
6422,111101101000111000011011101111101101100010101100110111110101110000100100001111111
6423,11110110100011100001101110111110110110001010110011011111010111000010010000111111
6424,1111011010001110000110111011111011011000101011001101111101011100001001000011101110001
6425,111101101000111000011011101111101101100010101100110111110101110000100100001110111001
6426,1111011010001110000110111011111011011000101011001101111101011100001001000011101110010
6427,11110110100011100001101110111110110110001010110011011111010111000010010000111011100101
6428,1111011010001110000110111011111011011000101011001101111101011100001001000011101110011
6429,11110110100011100001101110111110110110001010110011011111010111000010010000111011100111
6430,11110110100011100001101110111110110110001010110011011111010111000010010000111011101
6431,1111011010001110000110111011111011011000101011001101111101011100001001000011100
6432,11110110100011100001101110111110110110001010110011011111010111000010010000101
6433,111101101000111000011011101111101101100010101100110111110101110000100100001010
6434,1111011010001110000110111011111011011000101011001101111101011100001001000010101
6435,111101101000111000011011101111101101100010101100110111110101110000100100001011
6436,1111011010001110000110111011111011011000101011001101111101011100001001001
6437,11110110100011100001101110111110110110001010110011011111010111000010010010
6438,111101101000111000011011101111101101100010101100110111110101110000100100101
6439,11110110100011100001101110111110110110001010110011011111010111000010010011
6440,111101101000111000011011101111101101100010101100110111110101110000100100111
6441,11110110100011100001101110111110110110001010110011011111010111000010011
6442,11110110100011100001101110111110110110001010110011011111010111000010111
6443,111101101000111000011011101111101101100010101100110111110101110000101
6444,1111011010001110000110111011111011011000101011001101111101011100001011
6445,111101101000111000011011101111101101100010101100110111110101110000101110
6446,111101101000111000011011101111101101100010101100110111110101110000101111
6447,11110110100011100001101110111110110110001010110011011111010111000011
6448,11110110100011100001101110111110110110001010110011011111010111000111
6449,1111011010001110000110111011111011011000101011001101111101011100011
6450,1111011010001110000110111011111011011000101011001101111101011100111
6451,11110110100011100001101110111110110110001010110011011111010111111
6452,1111011010001110000110111011111011011000101011001101111101011111
6453,11110110100011100001101110111110110110001010110011011111001
6454,111101101000111000011011101111101101100010101100110111110011
6455,1111011010001110000110111011111011011000101011001101111100111
6456,11110110100011100001101110111110110110001010110011011111001111
6457,1111011010001110000110111011111011011000101011101
6458,11110110100011100001101110111110110110001010111001
6459,111101101000111000011011101111101101100010101110001
6460,111101101000111000011011101111101101100010101110000111
6461,1111011010001110000110111011111011011000101011100001111
6462,11110110100011100001101110111110110110001010111000011111
6463,1111011010001110000110111011111011011000101011100001101
6464,11110110100011100001101110111110110110001010111000011001
6465,111101101000111000011011101111101101100010101111
6466,1111011010001110000110111011111011011000100101
6467,1111011010001110000110111011111011011000100100001101
6468,11110110100011100001101110111110110110001001000011011
6469,11110110100011100001101110111110110110001001000011000101
6470,111101101000111000011011101111101101100010010000110001001
6471,11110110100011100001101110111110110110001001000011000100111
6472,111101101000111000011011101111101101100010010000110001001111
6473,1111011010001110000110111011111011011000100100001100010011
6474,1111011010001110000110111011111011011000100100001100011111
6475,11110110100011100001101110111110110110001001000011000111110
6476,11110110100011100001101110111110110110001001000011000111011
6477,1111011010001110000110111011111011011000100100001100011101
6478,11110110100011100001101110111110110110001001000011000111111
6479,11110110100011100001101110111110110110001001000011000111111011111
6480,111101101000111000011011101111101101100010010000110001111110111
6481,111101101000111000011011101111101101100010010000110001111110
6482,1111011010001110000110111011111011011000100100001100011111101111
6483,1111011010001110000110111011111011011000100100001100011111101
6484,111101101000111000011011101111101101100010010000110001111110111111
6485,11110110100011100001101110111110110110001001000011000111111011
6486,11110110100011100001101110111110110110001001000011000111111011111101
6487,1111011010001110000110111011111011011000100100001100011111101111110
6488,1111011010001110000110111011111011011000100100001100011111101111111111
6489,11110110100011100001101110111110110110001001000011000111111011111111
6490,1111011010001110000110111011111011011000100100001100011111101111111
6491,111101101000111000011011101111101101100010010000110001111110111111111
6492,11110110100011100001101110111110110110001001000011000111111011111111111
6493,111101101000111000011011101111101101100010010000110001111111
6494,11110110100011100001101110111110110110001001000011001
6495,111101101000111000011011101111101101100010010000111
6496,111101101000111000011011101111101101100010010001
6497,11110110100011100001101110111110110110001001001011111
6498,111101101000111000011011101111101101100010010010111110
6499,111101101000111000011011101111101101100010010010111111
6500,1111011010001110000110111011111011011000100100101111000111
6501,11110110100011100001101110111110110110001001001011110001111
6502,11110110100011100001101110111110110110001001001011110000
6503,1111011010001110000110111011111011011000100100101111001111111
6504,1111011010001110000110111011111011011000100100101111001111
6505,1111011010001110000110111011111011011000100100101111001
6506,11110110100011100001101110111110110110001001001011110011
6507,111101101000111000011011101111101101100010010010111100111111
6508,11110110100011100001101110111110110110001001001011110011111
6509,111101101000111000011011101111101101100010010010111100111
6510,111101101000111000011011101111101101100010010010111101
6511,11110110100011100001101110111110110110001001001011101
6512,1111011010001110000110111011111011011000100100101110001
6513,11110110100011100001101110111110110110001001001011100000111
6514,1111011010001110000110111011111011011000100100101110000011
6515,1111011010001110000110111011111011011000100100101110000010101
6516,11110110100011100001101110111110110110001001001011100000101000
6517,111101101000111000011011101111101101100010010010111000001011
6518,1111011010001110000110111011111011011000100100101110000010111
6519,111101101000111000011011101111101101100010010010111000011
6520,1111011010001110000110111011111011011000100100101110000101
6521,11110110100011100001101110111110110110001001001011100001011
6522,111101101000111000011011101111101101100010010010111000010001101
6523,1111011010001110000110111011111011011000100100101110000100011010
6524,1111011010001110000110111011111011011000100100101110000100011011
6525,111101101000111000011011101111101101100010010010111000010001100001
6526,111101101000111000011011101111101101100010010010111000010001100001111
6527,111101101000111000011011101111101101100010010010111000010001100001101
6528,111101101000111000011011101111101101100010010010111000010001100000000
6529,111101101000111000011011101111101101100010010010111000010001100000000111
6530,1111011010001110000110111011111011011000100100101110000100011000000001
6531,11110110100011100001101110111110110110001001001011100001000110000000011
6532,1111011010001110000110111011111011011000100100101110000100011000000001110
6533,11110110100011100001101110111110110110001001001011100001000110000000011100
6534,11110110100011100001101110111110110110001001001011100001000110000000011101
6535,111101101000111000011011101111101101100010010010111000010001100000000111011
6536,1111011010001110000110111011111011011000100100101110000100011000000001111
6537,1111011010001110000110111011111011011000100100101110000100011000000011110
6538,1111011010001110000110111011111011011000100100101110000100011000000011111
6539,11110110100011100001101110111110110110001001001011100001000110000000111111
6540,111101101000111000011011101111101101100010010010111000010001100000001111111
6541,1111011010001110000110111011111011011000100100101110000100011000000011111111
6542,11110110100011100001101110111110110110001001001011100001000110000000110111111
6543,1111011010001110000110111011111011011000100100101110000100011000000011011111
6544,111101101000111000011011101111101101100010010010111000010001100000001101111111
6545,111101101000111000011011101111101101100010010010111000010001100000001101111001
6546,111101101000111000011011101111101101100010010010111000010001100000001101111000011111
6547,1111011010001110000110111011111011011000100100101110000100011000000011011110000111110
6548,1111011010001110000110111011111011011000100100101110000100011000000011011110000111111
6549,1111011010001110000110111011111011011000100100101110000100011000000011011110000111101111
6550,11110110100011100001101110111110110110001001001011100001000110000000110111100001111011111
6551,1111011010001110000110111011111011011000100100101110000100011000000011011110001
6552,11110110100011100001101110111110110110001001001011100001000110000000110111100010
6553,11110110100011100001101110111110110110001001001011100001000110000000110111100011
6554,11110110100011100001101110111110110110001001001011100001000110000000110111101
6555,111101101000111000011011101111101101100010010010111000010001100000001101111011
6556,11110110100011100001101110111110110110001001001011100001000110000000110011001
6557,111101101000111000011011101111101101100010010010111000010001100000001100110001
6558,1111011010001110000110111011111011011000100100101110000100011000000011001101
6559,111101101000111000011011101111101101100010010010111000010001100000001100111
6560,1111011010001110000110111011111011011000100100101110000100011000000011000001
6561,11110110100011100001101110111110110110001001001011100001000110000000110000011
6562,111101101000111000011011101111101101100010010010111000010001100000001100000110
6563,1111011010001110000110111011111011011000100100101110000100011000000011000001100
6564,1111011010001110000110111011111011011000100100101110000100011000000011000001101
6565,11110110100011100001101110111110110110001001001011100001000110000000110000011011
6566,111101101000111000011011101111101101100010010010111000010001100000001100000111
6567,1111011010001110000110111011111011011000100100101110000100011000000011000001110
6568,11110110100011100001101110111110110110001001001011100001000110000000110000011101
6569,1111011010001110000110111011111011011000100100101110000100011000000011000001111
6570,11110110100011100001101110111110110110001001001011100001000110000000110000011111
6571,111101101000111000011011101111101101100010010010111000010001100000001100000000111
6572,111101101000111000011011101111101101100010010010111000010001100000001100000000111111
6573,1111011010001110000110111011111011011000100100101110000100011000000011000000001111111
6574,11110110100011100001101110111110110110001001001011100001000110000000110000000011111
6575,1111011010001110000110111011111011011000100100101110000100011000000011000000001111
6576,11110110100011100001101110111110110110001001001011100001000110000000110000000011001
6577,111101101000111000011011101111101101100010010010111000010001100000001100000000110010
6578,1111011010001110000110111011111011011000100100101110000100011000000011000000001100100
6579,1111011010001110000110111011111011011000100100101110000100011000000011000000001100100111
6580,11110110100011100001101110111110110110001001001011100001000110000000110000000011001001111
6581,1111011010001110000110111011111011011000100100101110000100011000000011000000001100100101
6582,1111011010001110000110111011111011011000100100101110000100011000000011000000001100101
6583,111101101000111000011011101111101101100010010010111000010001100000001100000000110011
6584,1111011010001110000110111011111011011000100100101110000100011000000011000000001100111
6585,1111011010001110000110111011111011011000100100101110000100011000000011000000001100001
6586,111101101000111000011011101111101101100010010010111000010001100000001100000000110001
6587,1111011010001110000110111011111011011000100100101110000100011000000011000000001101
6588,111101101000111000011011101111101101100010010010111000010001100000001100000000011000101101
6589,1111011010001110000110111011111011011000100100101110000100011000000011000000000110001011010
6590,1111011010001110000110111011111011011000100100101110000100011000000011000000000110001011011
6591,11110110100011100001101110111110110110001001001011100001000110000000110000000001100010110001
6592,111101101000111000011011101111101101100010010010111000010001100000001100000000011000101100010
6593,1111011010001110000110111011111011011000100100101110000100011000000011000000000110001011000100
6594,11110110100011100001101110111110110110001001001011100001000110000000110000000001100010110001001
6595,111101101000111000011011101111101101100010010010111000010001100000001100000000011000101100010011
6596,111101101000111000011011101111101101100010010010111000010001100000001100000000011000101100011
6597,1111011010001110000110111011111011011000100100101110000100011000000011000000000110001011000101
6598,11110110100011100001101110111110110110001001001011100001000110000000110000000001100010110001011
6599,1111011010001110000110111011111011011000100100101110000100011000000011000000000110001011000011
6600,111101101000111000011011101111101101100010010010111000010001100000001100000000011000101100001
6601,11110110100011100001101110111110110110001001001011100001000110000000110000000001100010110000111
6602,111101101000111000011011101111101101100010010010111000010001100000001100000000011000101100001111
6603,1111011010001110000110111011111011011000100100101110000100011000000011000000000110001011000000111
6604,11110110100011100001101110111110110110001001001011100001000110000000110000000001100010110000001111
6605,111101101000111000011011101111101101100010010010111000010001100000001100000000011000101100000011111
6606,1111011010001110000110111011111011011000100100101110000100011000000011000000000110001011000000111111101
6607,111101101000111000011011101111101101100010010010111000010001100000001100000000011000101100000011111101
6608,111101101000111000011011101111101101100010010010111000010001100000001100000000011000101100000011011101
6609,1111011010001110000110111011111011011000100100101110000100011000000011000000000110001011000000110111010
6610,11110110100011100001101110111110110110001001001011100001000110000000110000000001100010110000001101110100
6611,11110110100011100001101110111110110110001001001011100001000110000000110000000001100010110000001101110101
6612,1111011010001110000110111011111011011000100100101110000100011000000011000000000110001011000000110111011
6613,11110110100011100001101110111110110110001001001011100001000110000000110000000001100010110000001101110111
6614,1111011010001110000110111011111011011000100100101110000100011000000011000000000110001011000000110111101111
6615,111101101000111000011011101111101101100010010010111000010001100000001100000000011000101100000001101111
6616,111101101000111000011011101111101101100010010010111000010001100000001100000000011000101100000001101
6617,11110110100011100001101110111110110110001001001011100001000110000000110000000001100010110000000110111
6618,1111011010001110000110111011111011011000100100101110000100011000000011000000000110001011000000011011
6619,11110110100011100001101110111110110110001001001011100001000110000000110000000001100010110000000110011111
6620,11110110100011100001101110111110110110001001001011100001000110000000110000000001100010110000000111
6621,1111011010001110000110111011111011011000100100101110000100011000000011000000000110001011000001
6622,1111011010001110111110111110111100
6623,1111011010001110111110111110111101
6624,1111011010001101
6625,11110110100011011
6626,111101101000110111
6627,111101101000110
6628,1111011010001101111
6629,11110110100011011110
6630,11110110100011011111
6631,111101101000101
6632,11110110100010
6633,11110110100001
6634,1111011010000
6635,1111011001
6636,111101100
6637,11110101
6638,1111010
6639,111101010
6640,111101011
6641,1111010110
6642,11110101101
6643,1111010111
6644,11111111110
6645,111111111101
6646,11111111111110
6647,111111111111100
6648,111111111111101
6649,111111111111110
6650,11111111111111011
6651,1111111111111101
6652,1111111111110
6653,11111111111101
6654,111111111111011
6655,1111111111110111
6656,11111111111101111
6657,111111111111011111
6658,10
6665,1111011010001110000110111011111011011000100100101110000100011000000011000000000110001011001
6666,11110110100011100001101110111110110110001001001011100001000110000000110000000001100010110011
6667,11110110100011100001101110111110110110001001001011100001000110000000110000000001100010111111111
6668,1111011010001110000110111011111011011000100100101110000100011000000011000000000110001011111111001
6669,111101101000111000011011101111101101100010010010111000010001100000001100000000011000101111111100010111
6670,11110110100011100001101110111110110110001001001011100001000110000000110000000001100010111111110001010111001
6671,111101101000111000011011101111101101100010010010111000010001100000001100000000011000101111111100010101110011
6672,1111011010001110000110111011111011011000100100101110000100011000000011000000000110001011111111000101011100001
6673,1111011010001110000110111011111011011000100100101110000100011000000011000000000110001011111111000101011100000011
6674,111101101000111000011011101111101101100010010010111000010001100000001100000000011000101111111100010101110000001
6675,111101101000111000011011101111101101100010010010111000010001100000001100000000011000101111111100010101110000000111
6676,11110110100011100001101110111110110110001001001011100001000110000000110000000001100010111111110001010111000001
6677,111101101000111000011011101111101101100010010010111000010001100000001100000000011000101111111100010101110001
6678,1111011010001110000110111011111011011000100100101110000100011000000011000000000110001011111111000101011101
6679,11110110100011100001101110111110110110001001001011100001000110000000110000000001100010111111110001010111010
6680,111101101000111000011011101111101101100010010010111000010001100000001100000000011000101111111100010101110101
6681,11110110100011100001101110111110110110001001001011100001000110000000110000000001100010111111110001010111011
6682,111101101000111000011011101111101101100010010010111000010001100000001100000000011000101111111100010101110111
6683,111101101000111000011011101111101101100010010010111000010001100000001100000000011000101111111100010101111
6684,111101101000111000011011101111101101100010010010111000010001100000001100000000011000101111111100010101011
6685,11110110100011100001101110111110110110001001001011100001000110000000110000000001100010111111110001010101
6686,1111011010001110000110111011111011011000100100101110000100011000000011000000000110001011111111000101001
6687,111101101000111000011011101111101101100010010010111000010001100000001100000000011000101111111100010100111
6688,11110110100011100001101110111110110110001001001011100001000110000000110000000001100010111111110001010011
6689,11110110100011100001101110111110110110001001001011100001000110000000110000000001100010111111110000
6690,111101101000111000011011101111101101100010010010111000010001100000001100000000011000101111111100000
6691,11110110100011100001101110111110110110001001001011100001000110000000110000000001100010111111110000011
6692,1111011010001110000110111011111011011000100100101110000100011000000011000000000110001011111111000001
6693,111101101000111000011011101111101101100010010010111000010001100000001100000000011000101111111100001
6694,111101101000111000011011101111101101100010010010111000010001100000001100000000011000101111111100011111
6695,11110110100011100001101110111110110110001001001011100001000110000000110000000001100010111111110001111
6696,1111011010001110000110111011111011011000100100101110000100011000000011000000000110001011111111000111
6697,111101101000111000011011101111101101100010010010111000010001100000001100000000011000101111111100011
6698,1111011010001110000110111011111011011000100100101110000100011000000011000000000110001011111111000111110
6699,11110110100011100001101110111110110110001001001011100001000110000000110000000001100010111111110001111101
6700,111101101000111000011011101111101101100010010010111000010001100000001100000000011000101111111100011111011
6701,111101101000111000011011101111101101100010010010111000010001100000001100000000011000101111111100011111011101
6702,1111011010001110000110111011111011011000100100101110000100011000000011000000000110001011111111000111111
6703,111101101000111000011011101111101101100010010010111000010001100000001100000000011000101111111100011111011111
6704,1111011010001110000110111011111011011000100100101110000100011000000011000000000110001011111111000111110111111
6705,111101101000111000011011101111101101100010010010111000010001100000001100000000011000101111111101
6706,11110110100011100001101110111110110110001001001011100001000110000000110000000001100011
6707,111101101000111000011011101111101101100010010010111000010001100000001100000000011000110
6708,1111011010001110000110111011111011011000100100101110000100011000000011000000000110001101
6709,1111011010001110000110111011111011011000100100101110000100011000000011000000000110011
6710,1111011010001110000110111011111011011000100100101110000100011000000011000000000110111
6711,11110110100011100001101110111110110110001001001011100001000110000000110000000001101011
6712,111101101000111000011011101111101101100010010010111000010001100000001100000000011010111
6713,11110110100011100001101110111110110110001001001011100001000110000000110000000001101001
6714,11110110100011100001101110111110110110001001001011100001000110000000110000000001111
6715,111101101000111000011011101111101101100010010010111000010001100000001100000001111111
6716,1111011010001110000110111011111011011000100100101110000100011000000011000000011111111
6717,111101101000111000011011101111101101100010010010111000010001100000001100000011
6718,11110110100011100001101110111110110110001001001011100001000110000000110000001
6719,111101101000111000011011101111101101100010010010111000010001100000001100001111
6720,1111011010001110000110111011111011011000100100101110000100011000000011000011
6721,111101101000111000011011101111101101100010010010111000010001100000001100001
6722,11110110100011100001101110111110110110001001001011100001000110000000110000111
6723,111101101000111000011011101111101101100010010010111000010001100000001100011
6724,11110110100011100001101110111110110110001001001011100001000110000000110001
6725,111101101000111000011011101111101101100010010010111000010001100000011
6726,1111011010001110000110111011111011011000100100101110000100011000000111
6727,11110110100011100001101110111110110110001001001011100001000110000001
6728,1111011010001110000110111011111011011000100100101110000100011000001
6729,11110110100011100001101110111110110110001001001011100001000110001
6730,111101101000111000011011101111101101100010010010111000010001100010
6731,111101101000111000011011101111101101100010010010111000010001100011
6732,1111011010001110000110111011111011011000100100101110000100011001
6733,1111011010001110000110111011111011011000100100101110000100011111
6734,11110110100011100001101110111110110110001001001011100001000111
6735,111101101000111000011011101111101101100010010010111000010001111
6736,11110110100011100001101110111110110110001001001011100001001
6737,111101101000111000011011101111101101100010010011
6738,1111011010001110000110111011111011011000100100111
6739,111101101000111000011011101111101101100010011
6740,1111011010001110000110111011111011011000100111
6741,111101101000111000011011101111101101111001101
6742,111101101000111000011011101111101101111001100101111101
6743,11110110100011100001101110111110110111100110010111111
6744,111101101000111000011011101111101101111001100111
6745,11110110100011100001101110111110110111100111
6746,11110110100011100001101110111110110111101
6747,111101101000111000011011101111101101111010
6748,1111011010001110000110111011111011011110100
6749,1111011010001110000110111011111011011110101
6750,111101101000111000011011101111101101111011
6751,1111011010001110000110111011111011011111
6752,11110110100011100001101110111110110101
6753,1111011010001110000110111011111011010
6754,111101101000111000011011101111011
6755,11110110100011100001101110111101
6756,1111011010001110000110111011110
6757,11110110100011100001101110101
6758,1111011010001110000110111010
6759,11110110100011100001101110111110110110001010110011011111011000001110
6760,11110110100011100001101110111110110110001010110011011111011000001111
6761,1111011010001110000110111011111011011000100100101110000100011000000011000000000110001011000101111011110
6762,1111011010001110000110111011111011011000100100101110000100011000000011000000000110001011000101111011111
6763,111101101000111000011011101111101101100010010010111000010001100000001100000000011000101100010111101111111
6764,11110110100011100001101110111110110110001001001011100001000110000000110000000001100010110001011110111111
6765,111101101000111000011011101111101101100010010010111000010001100000001100000000011000101100000011011111
6766,1111011010001110000110111011111011011000101010011000000001001000100000001011110111111010111101100111111111
6767,11110110100011100001101110111110110110001010100110000000010010001000000010111101111110101111011001111111
6768,11110110100011100001101111111
6769,111101101000111000011011111
6770,11110110100011100001101111
6771,1111011010001110000110111111
6772,11110110100011100001101
6773,1111011010001110000110
6774,111101101000111000011011101111101101100010010010111000001010010
6775,111101101000111000011011101111101101100010101001100000000100100010000000101111
6776,1111011010001110000110111011111011011000100100101110000100011000000011000000000110001110
6777,1111011010001110000111
6778,11110110100011100001111
6779,111101101000111000011011101111101101100010010010111000010001100000001
6780,1111011010001110000110111011111011011000100100101110000100011000000011
6781,1111011010001110000110111011111011011000100100001100010
6782,111101101000111000011011101111101101100010101001100000000100100010000000101111011111101011101101011
6783,1111011010001110000110111011111011011000101010011000000001001000100000001011110111111010111011010
6784,11110110100011100001101110111110110110001010100110000000010010001000000010111101111110101110110101
6785,1111011010001110000110111011111011011000101010011000000001001000100000001011110111
6786,11110110100011100001101110111110110110001010100110000000010010001000000010111101111
6787,11110110100011100001101110111110110110001001001011100001000110000000110000000001100010110001011110
6788,1111011010001110000110111011111011011000100100101110000100011000000011000000000110001011000101111011
6789,11110110100011100001101110111110110110001001001011100001000110000000110000000001100010110001011110111
6790,111101101000111000011011101111101101100010010010111000010001100000001100000000011000101100010111101
6791,111101101000111000011011101111101101100010010010111000010001100000001100000000011000101100010111101111
6792,111101101000111000011011101111101101100010010010111000010001100000001100000000011000111
6793,11110110100011100001101110111110110110001001001011100000101001
6794,111101101000111000011011101111101101100010101001111111110
6795,11110110100011100001101110111111111001
6796,1111011010001110000110111011111
6797,111101101000111000011011101111101101100010010010111000010001100000001100000000011000101100010111111
6798,11110110100011100001101110111110110110001001001011100001000110000000110000000001100010110001011111
6799,11110110100011100001101110111
6800,1111011010001110000110111011
6801,111101101000111000011011101
6802,111101101000111000011011101111
6803,111101101000111000011011101111101101
6804,11110110100011100001101110111110110
6805,111101101000111000011011101111101
6806,11110110100011100001101110111110
6807,1111011010001110000110111011111011011
6808,1111011010001110000110111011111011
6809,111101101000111000011011101111101101100010010010111000001010011
6810,11110110100011100001101110111110110110001001001011100001000110000000110
6811,1111011010001110000110111011111011011000101010011000000001
6812,11110110100011100001101110111110110110001010100110000000010010001000000010111
6813,111101101000111000011011101111101101100010101001100000000100100010000000101
6814,1111011010001110000110111011111011011000101010011000000001001000100000001011
6815,11110110100011100001101110111110110110001010100110000000010010001000000010111101
6816,111101101000111000011011101111101101100010101001100000000100100010000000101111011
6817,111101101000111000011011101111101101100010101100110111110101110000100100001110111
6818,1111011010001110000110111011111011011000101011001101111101011100001001000011101
6819,11110110100011100001101110111110110110001010110011011111010111000010010000111011
6820,11110110100011100001101110111110110110001001001011110001
6821,111101101000111000011011101111101101100010010010111100011
6822,111101101000111000011011101111101101100010101001100000000100100010100111
6823,11110110100011100001101110111110110110001010100110000000010010001000000010111101111110101110110111
6824,1111011010001110000110111011111011011000101010011000000001001000100000001011110111111010111011011
6825,111101101000111000011011101111111110011
6826,111101101000111000011011101111101101100010101001111111111
6827,111101101000111000011011101111111
6828,11110110100011100001101110111111
6829,11110110100011100001101110111110110110001010100110000000011
6830,111101101000111000011011101111101101100010101001100000000100100010000000101111011111101011111110
6831,1111011010001110000110111011111011011000101010011000000001001000100000001011110111111010111111111
6832,111101101000111000011011101111101101100010101001100000000100100010000000101111011111101011111111
6833,111101101000111000011011101111101101100010101001100000000100100010000000101111011111101011101101
6834,11110110100011100001101110111110110110001010110011011111100000001001
6835,111101101000111000011011101111101101100010101100110111111000000010011
6836,1111011010001110000110111011111011011000101011001101111101100010011
6837,1111011010001110000110111011111011011000101011001101111101100000111
6838,111101101000111000011011101111101101100010101100110111110110000011
6839,111101101000111000011011101111101101100010101100110111110110000111101101
6840,11110110100011100001101110111110110110001010110011011111010111000010010000111011111
6841,1111011010001110000110111011111011011000101011001101111101011100001001000011101111
6842,1111011010001110000110111011111011011000100100001100011
6843,111101101000111000011011101111101101100010010010111000010001100000001111
6844,11110110100011100001101110111110110110001001001011100001000110000000111
6845,111101101000111000011011101111101101100010010010111000010001100000001100000000011000101100010111
6846,1111011010001110000110111011111011011000100100101110000100011000000011000000000110001011000101111
6847,1111011010001110000110111011111011011000100100101110000100011000000011000000000110001111
6848,111101101000111000011011101111101111
6849,11110110100011100001101110111110111
6850,11110110100011100001101110111110110110001010110011011111011000011110110111
6851,1111011010001110000110111011111011011000101011001101111101100001111011011
6852,111101101000111000011
6853,11110110100011100001
6854,1111011010001110000110111011111011011000101011001101111101011100001001000011111111
6855,11110110100011100001101110111110110110001010110011011111010111000010010000111111111
6856,1111011010001110000110111011111011011000100100101110000100011000000011000000000110001011111111000101010
6857,1111011010001110000110111011111011011000100100101110000100011000000011000000000110001011111111000101011
6858,111101101000111000011011101111101101100010010010111000010001100000001100000000011000101111111100010100
6859,111101101000111000011011101111101101100010010010111000010001100000001100000000011000101111111100010101
6860,11110110100011100001101110111110110110001001001011100001000110000000110000000001100010111111110001010
6861,1111011010001110000110111011111011011000100100101110000100011000000011000000000110001011111111000101
6862,11110110100011100001101110111110110110001001001011100001000110000000110000000001100010111111110001011
6863,11110110100011100001101110111110110110001001001011100001000110000000110000000001100010111111110001010111000000010
6864,11110110100011100001101110111110110110001001001011100001000110000000110000000001100010111111110001010111000000011
6865,1111011010001110000110111011111011011000100100101110000100011000000011000000000110001011111111000101011100000001
6866,111101101000111000011011101111101101100010101001100000000100100010000000101111011111101011101001101111110
6867,111101101000111000011011101111101101100010101001100000000100100010000000101111011111101011101001101111111
6868,11110110100011100001101110111110110110001010100110000000010010001000000010111101111110101110100110111111
6869,1111011010001110000110111011111011011000101010011000000001011110
6870,1111011010001110000110111011111011011000101010011000000001011111
6871,111101101000111000011011101111101101100010101001100000000101111
6872,111101101000111000011011101111101101100010101100110111110101110000
6873,111101101000111000011011101111101101100010101100110111110101110001
6874,11110110100011100001101110111110110110001010110011011111010111000
6875,11110110100011100001101110111110110110001010110011011111010111001
6876,1111011010001110000110111011111011011000101011001101111101011100
6877,1111011010001110000110111011111011011000101011001101111101011101
6878,111101101000111000011011101111101101100010101100110111110101110011
6879,111101101000111000011011101111101101100010101100110111110101110
6880,111101101000111000011011101111101101100010101100110111110101111
6881,11110110100011100001101110111110110110001010110011011111010111
6882,1111011010001110000110111011111011011000101011001101111101011100001001000010
6883,1111011010001110000110111011111011011000101011001101111101011100001001000011
6884,111101101000111000011011101111101101100010101100110111110101110000100100001
6885,11110110100011100001101110111110110110011111111110
6886,1111011010001110000110111011111011011001111111111
6887,11110110100011100001101110111110110110011111111111
6888,1111011010001110000110111011111011011110011001
6889,11110110100011100001101110111110110111100110010
6890,11110110100011100001101110111110110111100110011
6891,111101101000111000011011101111101101100010101001100001010
6892,111101101000111000011011101111101101100010101001100001011
6893,11110110100011100001101110111110110110001010100110000101
6894,11110110100011100001101110111110110110001001001011100001000110000000110000000001100010110000001101110
6895,11110110100011100001101110111110110110001001001011100001000110000000110000000001100010110000001101111
6896,1111011010001110000110111011111011011000100100101110000100011000000011000000000110001011000000110111
6897,111101101000111000011011101111101101100010101001100000000100100010000000101111011111111010
6898,111101101000111000011011101111101101100010101001100000000100100010000000101111011111111011
6899,11110110100011100001101110111110110110001010100110000000010010001000000010111101111111101
6900,111101101000111000011011101111101101100010101001100000000100100010000000101111011111101011110111011110001
6901,1111011010001110000110111011111011011000101010011000000001001000100000001011110111111010111101110111100011
6902,11110110100011100001101110111110110110001010100110000000010010001000000010111101111110101111011101111001111
6903,1111011010001110000110111011111011011000101010011000000001001000100000001011110111111010111101110111100111
6904,111101101000111000011011101111101101100010101001100000000100100010000000101111011111101011110111011110011
6905,111101101000111000011011101111101101100010101001100000000100100010000000101111011111101011111110110
6906,111101101000111000011011101111101101100010101001100000000100100010000000101111011111101011111110111
6907,11110110100011100001101110111110110110001010100110000000010010001000000010111101111110101111111011
6908,1111011010001110000110111011111011011000101010011000000001001000100000001011110111111010111111101
6909,111101101000111000011011101111101101100010010000110001110
6910,11110110100011100001101110111110110110001001000011000111
6911,111101101000111000011011101111101101100010010000110001111
6912,1111011010001110000110111011111011011000100100101110000100011000011
6913,11110110100011100001101110111110110110001001001011100001000110000110
6914,11110110100011100001101110111110110110001001001011100001000110000111
6915,111101101000111000011011101111101101100010010010111000010001100000001100000000110010010
6916,11110110100011100001101110111110110110001001001011100001000110000000110000000011001001
6917,111101101000111000011011101111101101100010010010111000010001100000001100000000110010011
6918,11110110100011100001101110111110110110001001001011100001000110000000110000000001100010111111110001111101110
6919,1111011010001110000110111011111011011000100100101110000100011000000011000000000110001011111111000111110111
6920,11110110100011100001101110111110110110001001001011100001000110000000110000000001100010111111110001111101111
6921,111101101000111000011011101111101101100010010010111000010001100000001100000000011000
6922,111101101000111000011011101111101101100010010010111000010001100000001100000000011001
6923,11110110100011100001101110111110110110001001001011100001000110000000110000000001100
6924,1111011010001110000110111011111011011000100100101110000100011000000011000000000110
6925,111101101000111000011011101111101101100010010010111000010001100000001100000000011
6926,1111011010001110000110111011111011011000100100101110000100011000000011000000000111
6927,11110110100011100001101110111110110110001001001011100001000110000000110000000001101
6928,111101101000111000011011101111101101100010010010111000010001100000001100000000011010
6929,1111011010001110000110111011111011011000100100101110000100011000000011000000000110100
6930,1111011010001110000110111011111011011000100100101110000100011000000011000000000110101
6931,111101101000111000011011101111101101100010010010111000010001100000001100000000011011
6932,111101101000111000011011101111101101100010101100110111110110001001
6933,11110110100011100001101110111110110110001010110011011111011000100
6934,11110110100011100001101110111110110110001010110011011111011000101
6935,11110110100011100001101110111110110110001010110011011111011000110
6936,11110110100011100001101110111110110110001010110011011111011000111
6937,1111011010001110000110111011111011011000101011001101111101100010
6938,1111011010001110000110111011111011011000101011001101111101100011
6939,1111011010001110000110111011111011011000101011001101111101100000
6940,1111011010001110000110111011111011011000101011001101111101100001
6941,111101101000111000011011101111101101100010101100110111110110000
6942,111101101000111000011011101111101101100010101100110111110110001
6943,11110110100011100001101110111110110110001010110011011111011000
6944,11110110100011100001101110111110110110001010110011011111011001
6945,111101101000111000011011101111101101100010101100110111111000000
6946,1111011010001110000110111011111011011000101011001101111110000000
6947,111101101000111000011011101111101101100010101100110111111000001
6948,111101101000111000011011101111101101100010101100110111110101
6949,11110110100011100001101110111110110110001010110011011111100000
6950,11110110100011100001101110111110110110001010110011011111100001
6951,1111011010001110000110111011111011011000101011001101111101100
6952,1111011010001110000110111011111011011000101011001101111101101
6953,1111011010001110000110111011111011011000101011001101111110000
6954,1111011010001110000110111011111011011000101011001101111110001
6955,111101101000111000011011101111101101100010101100110111110110
6956,111101101000111000011011101111101101100010101100110111110111
6957,11110110100011100001101110111110110110001010110011011111010
6958,11110110100011100001101110111110110110001010110011011111011
6959,111101101000111000011011101111101101100010101100110111111000
6960,111101101000111000011011101111101101100010101100110111111001
6961,1111011010001110000110111011111011011000101011001101111100
6962,1111011010001110000110111011111011011000101011001101111101
6963,11110110100011100001101110111110110110001010110011011111100
6964,11110110100011100001101110111110110110001010110011011111101
6965,1111011010001110000110111011111011011000101011001101111110
6966,1111011010001110000110111011111011011000101011001101111111
6967,111101101000111000011011101111101101100010101100110111110
6968,111101101000111000011011101111101101100010101100110111111
6969,1111011010001110000110111011111011011000101011001101111
6970,11110110100011100001101110111110110110001010110011011111
6971,11110110100011100001101110111110110110001001001011100001000110000000110000000001100010110000001111110
6972,1111011010001110000110111011111011011000100100101110000100011000000011000000000110001011000000111111
6973,11110110100011100001101110111110110110001001001011100001000110000000110000000001100010110000001111111
6974,111101101000111000011011101111101101100010010010111000010001100000001100000000011000101100000011111110
6975,111101101000111000011011101111101101100010010010111000010001100000001100000000011000101100000011111111
6976,111101101000111000011011101111101101100010101001100000000100100010000000101111011111101011110110011
6977,11110110100011100001101110111110110110001010100110000000010010001000000010111101111110101111011001111
6978,1111011010001110000110111011111011011000101010011000000001001000100000001011110111111010111101100111
6979,11110110100011100001101110111110110110001010100110000000010010001000000010111101111110101111011001
6980,111101101000111000011011101111101101100010101001100000000100100010000000101111011111101011110110011111
6981,1111011010001110000110111011111011011000101011001101111110000001
6982,1111011010001110000110111011111011011000101010011111111
6983,111101101000111000011011101111101101100010101001111111
6984,11110110100011100001101110111110110110001010110011011111100000001000011
6985,1111011010001110000110111011111011011000101011001101111110000000100001
6986,111101101000111000011111
6987,1111011010001110000110111011111011011000101011001101111110000000100001111
6988,111101101000111000011011101111101101100010101100110111111000000010000111
6989,11110110100011100001101110111110110110001010110011011111010111000010010000111011100001
7021,11110
7022,111101
7023,1111011
7024,111101101
7025,11110110
7026,1111011010
7027,111101101000
7028,11110110100011
7029,1111011010001
7030,11110110100
7031,111101101000111
7032,1111011010001110
7043,11111111111
7044,111111111111
7045,1111111111111
7046,11111111111111
7047,11111111111111111
7048,1111111111111111111
7049,111111111111111111
7050,111111111111111
7051,1111111111111111
7052,11111111111111111111
7053,111111111111111111111
7054,11111111111111111111111
7055,1111111111111111111111
7073,11110110101111
7074,111101101011
7075,11110110101
7076,111101101011111
7077,1111011010111
7082,111101101000111011111001111111001
7083,11110110100011101111100111111100
7111,11101
7112,1110
7113,111101111
7114,11110111
7115,11110110111
7116,1111011011
7117,111101101110
7118,1111011011100
7119,11110110111000
7120,111101101110000
7121,1111011011100000
7122,11110110111000000
7123,1111011011100001
7124,11110110111000001
7125,111101101110000011
7126,1111011011100000111
7127,11110110111000001111
7128,111101101110001
7129,11110110111001
7130,1111011011100111
7131,111101101110011
7132,1111011011101
7133,111101101111
7134,1111011011110
7135,11110110111100
7136,11110110111101
7137,111101101111010
7138,111101101111011
7139,1111011011111
7140,1111011010011
7141,111101101001
7142,11110110100011101111
7143,1111011010001110111
7144,111101101000111011
7145,11110110100011101
7146,11110110100011101111111
7147,111101101000111011111111
7148,11110110100011101111100111111
7149,111101101000111011111001111
7150,111101101000111011111001
7151,1111011010001110111110011111
7152,1111011010001110111110011
7153,11110110100011101111100111
7154,111101101000111011111001111110
7155,1111011010001110111110011111101
7156,111101101000111011111001111111
7157,1111011010001110111110011111110
7158,11110110100011101111100111111101
7159,111101101000111011111001111111010
7160,111101101000111011111001111111011
7161,1111011010001110111110011111111
7162,111101101000111011111011
7163,1111011010001110111110110
7164,11110110100011101111101100
7165,111101101000111011111011001
7166,11110110100011101111101101
7167,1111011010001110111110111
7168,11110110100011101111101111
7169,111101101000111011111011111
7170,111101101000111011111011111011
7171,1111011010001110111110111110
7172,1111011010001110111110111110111
7173,11110110100011101111101111101111
7174,11110110100011101111101111101
7241,111101101000111011111011111011110
7246,1111
7247,111
7248,11
7250,1111111111
7251,111111111
7252,11111111
7253,1111111
7254,11111
7255,111111
7258,1111011010001110111110111111
7259,111101101000111011111011111011111
7271,11110110100011101111100
7272,11110110100011101111101
7273,1111011010001110111110
7274,1111011010001110111111
7275,111101101000111011111
7276,111101101000111111110011
7277,1111011010001111111100
7278,111101101000111111110
7279,1111011010001111111100110
7280,111101101000111111110011001
7281,11110110100011111111001100
7282,11110110100011111111001
7283,1111011010001111111100110010
7284,11110110100011111111001100100
7285,1111011010001111111100110010000
7286,111101101000111111110011001000
7287,11110110100011111111001100100000
7288,11110110100011111111001100100000011111
7289,11110110100011111111001100100000011
7290,1111011010001111111100110010000001111
7291,1111011010001111111100110010000001
7292,111101101000111111110011001000000111
7293,111101101000111111110011001000000
7294,1111011010001111111100110010000001111111111111111111101101111
7295,1111011010001111111100110010000001111111111111111111101
7296,1111011010001111111100110010000001111111111111111111101101
7297,111101101000111111110011001000000111111111111111111110110111
7298,11110110100011111111001100100000011111111111111111111011
7299,11110110100011111111001100100000011111111111111111111011011
7300,111101101000111111110011001000000111111111111111111110
7301,111101101000111111110011001000000111111111111111111110110
7302,11110110100011111111001100100000011111111111111111111011011110
7303,111101101000111111110011001000000111111111111111111110110111101
7304,1111011010001111111100110010000001111111111111111111101101111010
7305,11110110100011111111001100100000011111111111111111111011011110101
7306,111101101000111111110011001000000111111111111111111110110111101010
7307,1111011010001111111100110010000001111111111111111111101101111010101
7308,11110110100011111111001100100000011111111111111111111011011110101010
7309,11110110100011111111001100100000011111111111111111111011011110101010101
7310,111101101000111111110011001000000111111111111111111110110111101010101
7311,1111011010001111111100110010000001111111111111111111101101111010101010
7312,111101101000111111110011001000000111111111111111111110110111101010101010
7313,1111011010001111111100110010000001111111111111111111101101111010101010100
7314,11110110100011111111001100100000011111111111111111111011011110101010101000
7315,1111011010001111111100110010000001111111111111111111101101111010101010100001001011
7316,111101101000111111110011001000000111111111111111111110110111101010101010000100101
7317,11110110100011111111001100100000011111111111111111111011011110101010101000010010111
7318,111101101000111111110011001000000111111111111111111110110111101010101010000100101110
7319,1111011010001111111100110010000001111111111111111111101101111010101010100001001011100
7320,11110110100011111111001100100000011111111111111111111011011110101010101000010010111000
7321,111101101000111111110011001000000111111111111111111110110111101010101010000100101110000
7322,1111011010001111111100110010000001111111111111111111101101111010101010100001001011100001
7323,11110110100011111111001100100000011111111111111111111011011110101010101000010010111000010
7324,111101101000111111110011001000000111111111111111111110110111101010101010000100101110000100
7325,1111011010001111111100110010000001111111111111111111101101111010101010100001001011100001000
7326,11110110100011111111001100100000011111111111111111111011011110101010101000010010111000010000
7327,111101101000111111110011001000000111111111111111111110110111101010101010000100101110000100000
7328,11110110100011111111001100100000011111111111111111111011011110101010101000010010111000010000001
7329,1111011010001111111100110010000001111111111111111111101101111010101010100001001011100001000000
7330,111101101000111111110011001000000111111111111111111110110111101010101010000100101110000100000010
7331,1111011010001111111100110010000001111111111111111111101101111010101010100001001011100001000000100
7332,11110110100011111111001100100000011111111111111111111011011110101010101000010010111000010000001000
7333,1111011010001111111100110010000001111111111111111111101101111010101010100001001011100001001
7334,11110110100011111111001100100000011111111111111111111011011110101010101000010010111000010010
7335,111101101000111111110011001000000111111111111111111110110111101010101010000100101110000100100
7336,1111011010001111111100110010000001111111111111111111101101111010101010100001001011100001001001
7337,111101101000111111110011001000000111111111111111111110110111101010101010000100101110000100101
7338,1111011010001111111100110010000001111111111111111111101101111010101010100001001011100001001010
7339,11110110100011111111001100100000011111111111111111111011011110101010101000010010111000010010100
7340,111101101000111111110011001000000111111111111111111110110111101010101010000100101110000100101000
7341,1111011010001111111100110010000001111111111111111111101101111010101010100001001011100001001010000
7342,11110110100011111111001100100000011111111111111111111011011110101010101000010010111000010010100000
7343,111101101000111111110011001000000111111111111111111110110111101010101010000100101110000100101000000
7344,111101101000111111110011001000000111111111111111111110110111101010101010000100101110000100101000000000
7345,1111011010001111111100110010000001111111111111111111101101111010101010100001001011100001001010000000000
7346,11110110100011111111001100100000011111111111111111111011011110101010101000010010111000010010100000000001
7347,111101101000111111110011001000000111111111111111111110110111101010101010000100101110000100101000000000010
7348,111101101000111111110011001000000111111111111111111110110111101010101010000111
7349,1111011010001111111100110010000001111111111111111111101101111010101010100001110
7350,11110110100011111111001100100000011111111111111111111011011110101010101000011100
7351,111101101000111111110011001000000111111111111111111110110111101010101010000111000
7352,1111011010001111111100110010000001111111111111111111101101111010101010100001110000
7353,11110110100011111111001100100000011111111111111111111011011110101010101000011100000
7354,111101101000111111110011001000000111111111111111111110110111101010101011
7355,111101101000111111110011001000000111111111111111111110110111101010101011101
7356,1111011010001111111100110010000001111111111111111111101101111010101010111010
7357,11110110100011111111001100100000011111111111111111111011011110101010101110100
7358,111101101000111111110011001000000111111111111111111110110111101010101011101000
7359,1111011010001111111100110010000001111111111111111111101101111010101010111010000
7360,11110110100011111111001100100000011111111111111111111011011110101010101110100000
7361,111101101000111111110011001000000111111111111111111110110111101010101011101000000
7362,1111011010001111111100110010000001111111111111111111101101111010101010111010000000
7363,11110110100011111111001100100000011111111111111111111011011110101010101110100000000
7364,111101101000111111110011001000000111111111111111111110110111101010101011101000000000
7365,1111011010001111111100110010000001111111111111111111101101111010101010111010000000000
7366,111101101000111111110011001000000111111111111111111110110111101010101011101000000000000
7367,11110110100011111111001100100000011111111111111111111011011110101011
7368,111101101000111111110011001000000111111111111111111110110111101010110
7369,11110110100011111111001100100000011111111111111111111011011110101011010
7370,111101101000111111110011001000000111111111111111111110110111101010110100
7371,1111011010001111111100110010000001111111111111111111101101111010101101000
7372,11110110100011111111001100100000011111111111111111111011011110101011010001
7373,111101101000111111110011001000000111111111111111111110110111101010110100010
7374,1111011010001111111100110010000001111111111111111111101101111010101101000101
7375,11110110100011111111001100100000011111111111111111111011011110101011010001010
7376,111101101000111111110011001000000111111111111111111110110111101010110100010100
7377,1111011010001111111100110010000001111111111111111111101101111010101101000101000
7378,11110110100011111111001100100000011111111111111111111011011110101011010001010000
7379,111101101000111111110011001000000111111111111111111110110111101010110100010100001
7380,1111011010001111111100110010000001111111111111111111101101111010101101000101000011
7381,11110110100011111111001100100000011111111111111111111011011110101011010001010000110
7382,111101101000111111110011001000000111111111111111111110110111101010110100010100001100
7383,1111011010001111111100110010000001111111111111111111101101111010101101000101000011000
7384,11110110100011111111001100100000011111111111111111111011011110101011010001010000110001
7385,111101101000111111110011001000000111111111111111111110110111101010110100010100001100010
7386,1111011010001111111100110010000001111111111111111111101101111010101101000101000011000100
7387,11110110100011111111001100100000011111111111111111111011011110101011010001010000110001001
7388,1111011010001111111100110010000001111101
7389,111101101000111111110011001000000111110
7390,111101101000111111110011001000000111110111
7391,1111011010001111111100110010000001111101111
7392,11110110100011111111001100100000011111011111
7393,111101101000111111110011001000000111110111111
7394,1111011010001111111100110010000001111101111111
7395,11110110100011111111001100100000011111011111110
7396,11110110100011111111001100100000011111011111110111
7397,111101101000111111110011001000000111110111111101011
7398,1111011010001111111100110010000001111101111111010110
7399,11110110100011111111001100100000011111011111110101101
7400,111101101000111111110011001000000111110111111101011011
7401,1111011010001111111100110010000001111101111111010110111
7402,11110110100011111111001100100000011111011111110101101110
7403,111101101000111111110011001000000111110111111101011011100
7404,11110110100011111111001100100000011111011111110101101110001
7405,1111011010001111111100110010000001111101111111010110111000
7406,111101101000111111110011001000000111110111111101011110
7407,1111011010001111111100110010000001111101111111010111100
7408,11110110100011111111001100100000011111011111110101111000
7409,111101101000111111110011001000000111110111111101011110000
7410,1111011010001111111100110010000001111101111111010111100000
7411,1111011010001111111100110010000001111101111111010111100000101
7412,11110110100011111111001100100001
7413,111101101000111111110011001000011
7414,1111011010001111111100110010000110
7415,11110110100011111111001100100001100
7416,111101101000111111110011001000011000
7417,1111011010001111111100110010000110000
7418,11110110100011111111001100100001100000
7419,111101101000111111110011001000011000000
7420,1111011010001111111100110010000110000000
7421,1111011010001111111100110010000001111111111111111111101101111010101010111010000000011
7422,111101101000111111110011001000000111111111111111111110110111101010101011101000000001
7423,11110110100011111111001100100000011111111111111111111011011110101010101110100000000110
7424,11110110100011111111001100100000011111111111111111111011011110101010101000010010111000010011
7425,111101101000111111110011001000000111111111111111111110110111101010101010000100101110000100110
7426,1111011010001111111100110010000001111111111111111111101101111010101010100001001011100001001101
7427,11110110100011111111001100100000011111111111111111111011011110101010101000010010111000010011011
7428,1111011010001111111100110010000001111111111111111111101101111010101010100001001011100001001010000001
7429,11110110100011111111001100100000011111111111111111111011011110101010101000010010111000010010100000010
7430,111101101000111111110011001000000111111111111111111110110111101010101010000100101110000100101000000101
7431,1111011010001111111100110010000001111111111111111111101101111010101010100001001011100001001010000001010
7432,11110110100011111111001100100000011111111111111111111011011110101010101000010010111000010010100000010100
7433,1111011010001111111100110010000001111111111111111111101101111010101010100001001011100001001010000001010011
7434,111101101000111111110011001000000111111111111111111110110111101010101010000100101110000100101000000101001
7435,1111011010001111111100110010000001111111111111111111101101111010101101000101000011000101
7436,1111011010001111111100110010000001111111111111111111101101111010101101000101001
7437,11110110100011111111001100100000011111111111111111111011011110101010101110100001
7438,111101101000111111110011001000000111111111111111111110110111101010101011101000010
7439,1111011010001111111100110010000001111111111111111111101101111010101010111010000100
7440,111101101000111111110011001000000111111111111111111110110111101010101011101000010001
7441,11110110100011111111001100100000011111111111111111111011011110101010101110100001000
7442,1111011010001111111100110010000001111111111111111111101101111010101010100001111
7443,11110110100011111111001100100000011111111111111111111011011110101010101000011111
7444,1111011010001111111100110010000001111111111111111111101101111010101010100001111111
7445,111101101000111111110011001000000111111111111111111110110111101010101010000111111
7446,11110110100011111111001100100000011111111111111111111011011110101010101000011111111
7447,111101101000111111110011001000000111111111111111111110110111101010101011101001
7448,1111011010001111111100110010000001111111111111111111101101111010101010111010010
7449,11110110100011111111001100100000011111111111111111111011011110101010101110100100
7450,111101101000111111110011001000000111111111111111111110110111101010101011101001000
7451,1111011010001111111100110010000001111111111111111111101101111010101010111010010000
7452,11110110100011111111001100100000011111111111111111111011011110101010101110100100000
7453,11110110100011111111001100100000011111111111111111111011011110101011011
7454,111101101000111111110011001000000111111111111111111110110111101010110110
7455,11110110100011111111001100100000011111111111111111111011011110101011011011
7456,1111011010001111111100110010000001111111111111111111101101111010101101101
7457,1111011010001111111100110010000001111111111111111111101101111010101101000101000011110
7458,11110110100011111111001100100000011111111111111111111011011110101011010001010000111100
7459,111101101000111111110011001000000111111111111111111110110111101010110100010100001111000
7460,1111011010001111111100110010000001111111111111111111101101111010101101000101000011110000
7461,11110110100011111111001100100000011111111111111111111011011110101011010001010000111100000
7462,11110110100011111111001100100000011111111111111111111011011110101010101000011101
7463,11110110100011111111001100100000011111111111111111111011011110101010101000011101011
7464,1111011010001111111100110010000001111111111111111111101101111010101010100001110101
7465,111101101000111111110011001000000111111111111111111110110111101010101010000111010
7466,111101101000111111110011001000000111111111111111111110110111101010101010000111010111
7467,111101101000111111110011001000000111111111111111111110110111111
7468,11110110100011111111001100100000011111111111111111111011011111
7469,1111011010001111111100110010000001111111111111111111101101111110
7470,11110110100011111111001100100000011111111111111111111011011111100
7471,111101101000111111110011001000000111111111111111111110110111111001
7472,1111011010001111111100110010000001111111111111111111101101111110011
7473,11110110100011111111001100100000011111111111111111111011011111100110
7474,1111011010001111111100110010000001111111111111111111101101111010101010100001011
7475,11110110100011111111001100100000011111111111111111111011011110101010101000010110
7476,111101101000111111110011001000000111111111111111111110110111101010101010000101100
7477,111101101000111111110011001000000111111111111111111110110111101010101010000101100011
7478,1111011010001111111100110010000001111111111111111111101101111010101010100001011000
7479,11110110100011111111001100100000011111111111111111111011011110101010101000010110001
7480,1111011010001111111100110010000001111111111111111111101101111010101010100001011000110
7481,11110110100011111111001100100000011111111111111111111011011110101010101000010110001100
7482,11110110100011111111001100100000011111111111111111111011011110101010101000010110001100111
7483,111101101000111111110011001000000111111111111111111110110111101010101010000101100011001111
7484,111101101000111111110011001000000111111111111111111110110111101010101010000101100011001
7485,1111011010001111111100110010000001111111111111111111101101111010101010100001011000110011
7486,1111011010001111111100110010000001111111111111111111101101111010101010100001011000110011111
7487,11110110100011111111001100100000011111111111111111111011011110101010101000010110001100111111
7488,111101101000111111110011001000000111111111111111111110110111101010101010000101100011001111110
7489,1111011010001111111100110010000001111111111111111111101101111010101010100001011000110011111101
7490,11110110100011111111001100100000011111111111111111111011011110101010101000010110001100111111011
7491,111101101000111111110011001000000111111111111111111110110111101010101010000101100011001111110111
7492,1111011010001111111100110010000001111111111111111101
7493,111101101000111111110011001000000111111111111111110
7494,11110110100011111111001100100000011111111111111111010
7495,111101101000111111110011001000000111111111111111110101
7496,1111011010001111111100110010000001111111111111111101011
7497,1111011010001111111100110010000001111111111111111111111
7498,111101101000111111110011001000000111111111111111111111
7499,11110110100011111111001100100000011111111111111111111110
7500,111101101000111111110011001000000111111111111111111111101
7501,1111011010001111111100110010000001111111111111111111101101111010111
7502,111101101000111111110011001000000111111111111111111110110111101011
7503,11110110100011111111001100100000011111111111111111111011011110101110
7504,111101101000111111110011001000000111111111111111111110110111101011100
7505,111101101000111111110011001000000111111111111111111110110111101010101010000100101110000100001
7506,1111011010001111111100110010000001111111111111111111101101111010101010100001001011100001000010
7507,11110110100011111111001100100000011111111111111111111011011110101010101000010010111000010000100
7508,1111011010001111111100110010000001111111111111111111101101111010101010100001001011100001000010001
7509,111101101000111111110011001000000111111111111111111110110111101010101010000100101110000100001000
7510,1111011010001111111111
7511,111101101000111111111
7512,11110110100011111111110
7513,1111011010001111111100110011111
7514,11110110100011111111001100111
7515,111101101000111111110011001111
7516,1111011010001111111100110011
7517,11110110100011111111001100111111
7518,11110110100011111111001100100000011111111111111111111011011110101011010001010000111100011111
7519,1111011010001111111100110010000001111111111111111111101101111010101010100001011000110011111011111111
7520,11110110100011111111001100100000011111111111111111111011011110101010101000010110001100111110111111
7521,111101101000111111110011001000000111111111111111111110110111101010101010000101100011001111101110
7522,11110110100011111111001100100000011111011111110101101110001101101111110011
7523,111101101000111111110011001000000111110111111101011011100011011011111100
7524,1111011010001111111100110010000001111101111111010110111000110110111111001
7525,11110110100011111111001100100000111101111
7526,111101101000111111110011001000001111011
7527,1111011010001111101
7528,111101101000111110
7529,11110110100011111111011
7530,1111011010001111111101
7531,11110110100011111111001111
7532,1111011010001111111100111
7533,1111011010001111111100110010011
7534,111101101000111111110011001001
7535,1111011010001111111100110010000111
7536,11110110100011111111001100100001110
7537,11110110100011111111001100100001111
7538,111101101000111111110011001000011001
7539,11110110100011111111001100100001100001
7540,111101101000111111110011001000011000001
7541,1111011010001111111100110010000110000001
7542,11110110100011111111001100100001100000010
7543,11110110100011111111001100100001100000011
7544,111101101000111111110011001000011000000110
7545,111101101000111111110011001000011000000111
7546,1111011010001111111100110010000110000000101
7547,11110110100011111111001100100001100000001011
7548,1111011010001111111100110010000110000000111
7549,1111011010001111111100110010000110001
7550,11110110100011111111001100100001100010
7551,11110110100011111111001100100001100011
7552,11110110100011111111001100100001101
7553,11110110100011111111001100100000011111011111110101101111
7554,1111011010001111111100110010000001111101111111010110111001
7555,11110110100011111111001100100000011111011111110101101110001101011
7556,111101101000111111110011001000000111110111111101011011100011010110
7557,1111011010001111111100110010000001111101111111010110111000110101100
7558,11110110100011111111001100100000011111011111110101101110001101011000
7559,111101101000111111110011001000000111110111111101011011100011111
7560,111101101000111111110011001000000111110111111101011011100011101
7561,11110110100011111111001100100000011111011111110101101110001101111
7562,111101101000111111110011001000000111110111111101011011100011011011
7563,111101101000111111110011001000000111110111111101011011100011011011111
7564,111101101000111111110011001000000111110111111101011011100011011011101
7565,1111011010001111111100110010000001111101111111010110111000110110111110
7566,111101101000111111110011001000000111110111111101011011100011011001
7567,1111011010001111111100110010000001111101111111010110111000110101101
7568,11110110100011111111001100100000011111011111110101101110001101011010
7569,11110110100011111111001100100000011111011111110101101110001101011011
7570,11110110100011111111001100100000011111011111110101101110001101011001
7571,111101101000111111110011001000000111110111111101011011100011010110010
7572,1111011010001111111100110010000001111101111111010110111000110101100100
7573,11110110100011111111001100100000011111011111110101101110001101011001000
7574,11110110100011111111001100100000011111011111110101101110001101011001001
7575,1111011010001111111100110010000001111101111111010110111000110101100101
7576,11110110100011111111001100100000011111011111110101101110001101011001010
7577,111101101000111111110011001000000111110111111101011011100011010110010101
7578,1111011010001111111100110010000001111101111111010110111000110101100101011
7579,11110110100011111111001100100000011111011111110101101110001101011001011
7580,1111011010001111111100110010000001111101111111010110111000110101100111
7581,111101101000111111110011001000000111110111111101011011100011010110011
7582,11110110100011111111001100100000011111011111110101101110001101011001111
7583,111101101000111111110011001000000111110111111101011011100011010111
7584,1111011010001111111100110010000001111101111111010110111000110101110
7585,11110110100011111111001100100000011111011111110101101110001101011101
7586,1111011010001111111100110010000001111101111111010110111000110101110111
7587,111101101000111111110011001000000111110111111101011011100011010111011
7588,11110110100011111111001100100000011111011111110101101110001101011101111
7589,1111011010001111111100110010000001111101111111010110111000110101111
7590,11110110100011111111001100100000011111011111110101101110001101011110
7591,111101101000111111110011001000000111110111111101011011100011010111101
7592,11110110100011111111001100100000011111011111110101101110001101011110101
7593,1111011010001111111100110010000001111101111111010110111000110101111010
7594,11110110100011111111001100100000011111011111110101101110001101011111111
7595,11110110100011111111001100100000011111011111110101101110001101011111
7596,111101101000111111110011001000000111110111111101011011100011010111111
7597,1111011010001111111100110010000001111101111111010110111000110101111111
7598,11110110100011111111001100100000011111011111110101101110001101011111111011
7599,1111011010001111111100110010000001111101111111010110111000110101111111101
7600,111101101000111111110011001000000111110111111101011011100011010111111110
7601,111101101000111111110011001000000111110111111101011011100011010111111111
7602,11110110100011111111001100100000011111011111110101101110001101011110111
7603,1111011010001111111100110010000001111101111111010110111000110101111011
7604,11110110100011111111001100100000011111011111110101101110001101001
7605,111101101000111111110011001000000111110111111101011011100011001
7606,111101101000111111110011001000000111110111111101011011101
7607,1111011010001111111100110010000001111101111111010110111010
7608,11110110100011111111001100100000011111011111110101101110101
7609,1111011010001111111100110010000001111101111111010110111011
7610,11110110100011111111001100100000011111011111110101101110111
7611,111101101000111111110011001000000111110111111101011111
7612,1111011010001111111100110010000001111101111111010111101
7613,111101101000111111110011001000000111110111111101011110001
7614,1111011010001111111100110010000001111101111111010111100000111
7615,11110110100011111111001100100000011111011111110101111000001110
7616,11110110100011111111001100100000011111011111110101111000001111
7617,1111011010001111111100110010000001111101111111010111100001
7618,11110110100011111111001100100000011111011111110101111000010
7619,111101101000111111110011001000000111110111111101011110000100
7620,1111011010001111111100110010000001111101111111010111100001000
7621,11110110100011111111001100100000011111011111110101111000010001
7622,11110110100011111111001100100000011111011111110101111000011
7623,111101101000111111110011001000000111110111111101011110000110
7624,111101101000111111110011001000000111110111111101011110000111
7625,111101101000111111110011001000000111110111111101011110000101
7626,1111011010001111111100110010000001111101111111010111100001010
7627,11110110100011111111001100100000011111011111110101111000010100
7628,1111011010001111111100110010000001111101111111010111100001011
7629,11110110100011111111001100100000011111011111110101111000010101
7630,111101101000111111110011001000000111110111111101011110000101010
7631,111101101000111111110011001000000111110111111101011110000101011
7632,1111011010001111111100110010000001111101111111010111100001010111
7633,1111011010001111111100110010000001111101111111010111100001001
7634,11110110100011111111001100100000011111011111110101111000010011
7635,11110110100011111111001100100000011111011111110101111001
7636,111101101000111111110011001000000111110111111101011110010
7637,1111011010001111111100110010000001111101111111010111100101
7638,111101101000111111110011001000000111110111111101011110011
7639,111101101000111111110011001000000111110111111101111
7640,1111011010001111111100110010000001111101111111011110
7641,1111011010001111111100110010000001111101111111011111
7642,11110110100011111111001100100000011111011111110101
7643,11110110100011111111001100100000011111011111111
7644,111101101000111111110011001000000111110111111111
7645,11110110100011111111001100100000011111011
7646,11110110100011111111001100100000011111111111111111111111
7647,111101101000111111110011001000000111111111111111111111111
7648,1111011010001111111100110010000001111111111111111111111111
7649,11110110100011111111001100100000011111111111111111111011011111100111
7650,11110110100011111111001100100000011111111111111111111011011111101
7651,1111011010001111111100110010000001111111111111111111101101111111
7652,11110110100011111111001100100000011111111111111111111011011111110
7653,11110110100011111111001100100000011111111111111111111011011111111
7654,111101101000111111110011001000000111111111111111111110110111111110
7655,111101101000111111110011001000000111111111111111111110110111111111
7656,1111011010001111111100110010000001111111111111111111101101111111110
7657,11110110100011111111001100100000011111111111111111111011011111111101
7658,1111011010001111111100110010000001111111111111111111101101111111111
7659,1111011010001111111100110010000001111111111111111111101101111011
7660,1111011010001111111100110010000001111111111111111111101101111010101011
7661,11110110100011111111001100100000011111111111111111111011011110101010111
7662,1111011010001111111100110010000001111111111111111111101101111010101010101
7663,11110110100011111111001100100000011111111111111111111011011110101010101001
7664,111101101000111111110011001000000111111111111111111110110111101010101010011
7665,111101101000111111110011001000000111111111111111111110110111101010101010000101101
7666,1111011010001111111100110010000001111111111111111111101101111010101010100001011001
7667,1111011010001111111100110010000001111111111111111111101101111010101010100001011000111
7668,111101101000111111110011001000000111111111111111111110110111101010101010000101100011001111111
7669,11110110100011111111001100100000011111111111111111111011011110101010101000010110001101
7670,111101101000111111110011001000000111111111111111111110110111101010101010000101100011010
7671,111101101000111111110011001000000111111111111111111110110111101010101010000101100011011
7672,11110110100011111111001100100000011111111111111111111011011110101010101000010111
7673,11110110100011111111001100100000011111111111111111111011011110101010101000010001
7674,111101101000111111110011001000000111111111111111111110110111101010101010000100111
7675,1111011010001111111100110010000001111111111111111111101101111010101010100001001011101
7676,11110110100011111111001100100000011111111111111111111011011110101010101000010010111000011
7677,111101101000111111110011001000000111111111111111111110110111101010101010000100101110000101
7678,1111011010001111111100110010000001111111111111111111101101111010101010100001001011100001000011
7679,11110110100011111111001100100000011111111111111111111011011110101010101000010010111000010000110
7680,11110110100011111111001100100000011111111111111111111011011110101010101000010010111000010000111
7681,11110110100011111111001100100000011111111111111111111011011110101010101000010010111000010000101
7682,111101101000111111110011001000000111111111111111111110110111101010101010000100101110000100001001
7683,1111011010001111111100110010000001111111111111111111101101111010101010100001001011100001000010010
7684,1111011010001111111100110010000001111111111111111111101101111010101010100001001011100001000010011
7685,11110110100011111111001100100000011111111111111111111011011110101010101000010010111000010000100110
7686,11110110100011111111001100100000011111111111111111111011011110101010101000010010111000010000100111
7687,1111011010001111111100110010000001111111111111111111101101111010101010100001001011100001000001
7688,11110110100011111111001100100000011111111111111111111011011110101010101000010010111000010000011
7689,111101101000111111110011001000000111111111111111111110110111101010101010000100101110000100000111
7690,111101101000111111110011001000000111111111111111111110110111101010101010000100101110000100000011
7691,11110110100011111111001100100000011111111111111111111011011110101010101000010010111000010000001101
7692,1111011010001111111100110010000001111111111111111111101101111010101010100001001011100001000000110
7693,1111011010001111111100110010000001111111111111111111101101111010101010100001001011100001000000111
7694,111101101000111111110011001000000111111111111111111110110111101010101010000100101110000100000010111
7695,1111011010001111111100110010000001111111111111111111101101111010101010100001001011100001000000101
7696,11110110100011111111001100100000011111111111111111111011011110101010101000010010111000010000001011
7697,11110110100011111111001100100000011111111111111111111011011110101010101000010010111000010000001001
7698,11110110100011111111001100100000011111111111111111111011011110101010101000010010111000010001
7699,111101101000111111110011001000000111111111111111111110110111101010101010000100101110000100010
7700,1111011010001111111100110010000001111111111111111111101101111010101010100001001011100001000100
7701,1111011010001111111100110010000001111111111111111111101101111010101010100001001011100001000100111
7702,11110110100011111111001100100000011111111111111111111011011110101010101000010010111000010001001111
7703,111101101000111111110011001000000111111111111111111110110111101010101010000100101110000100010011
7704,11110110100011111111001100100000011111111111111111111011011110101010101000010010111000010001001
7705,111101101000111111110011001000000111111111111111111110110111101010101010000100101110000100011
7706,1111011010001111111100110010000001111111111111111111101101111010101010100001001011100001000111
7707,11110110100011111111001100100000011111111111111111111011011110101010101000010010111000010001011
7708,1111011010001111111100110010000001111111111111111111101101111010101010100001001011100001000101
7709,111101101000111111110011001000000111111111111111111110110111101010101010000100101110000100111
7710,111101101000111111110011001000000111111111111111111110110111101010101010000100101110000100101001
7711,1111011010001111111100110010000001111111111111111111101101111010101010100001001011100001001010001
7712,11110110100011111111001100100000011111111111111111111011011110101010101000010010111000010010100011
7713,1111011010001111111100110010000001111111111111111111101101111010101010100001001011100001001010000000001
7714,11110110100011111111001100100000011111111111111111111011011110101010101000010010111000010010100000000010
7715,111101101000111111110011001000000111111111111111111110110111101010101010000100101110000100101000000000100
7716,1111011010001111111100110010000001111111111111111111101101111010101010100001001011100001001010000000001000
7717,1111011010001111111100110010000001111111111111111111101101111010101010100001001011100001001010000000001000111
7718,11110110100011111111001100100000011111111111111111111011011110101010101000010010111000010010100000000010001111
7719,1111011010001111111100110010000001111111111111111111101101111010101010100001001011100001001010000000001000101
7720,11110110100011111111001100100000011111111111111111111011011110101010101000010010111000010010100000000010001011
7721,1111011010001111111100110010000001111111111111111111101101111010101010100001001011100001001010000000001001
7722,11110110100011111111001100100000011111111111111111111011011110101010101000010010111000010010100000000010010
7723,11110110100011111111001100100000011111111111111111111011011110101010101000010010111000010010100000000010011
7724,111101101000111111110011001000000111111111111111111110110111101010101010000100101110000100101000000000101
7725,1111011010001111111100110010000001111111111111111111101101111010101010100001001011100001001010000000001011
7726,11110110100011111111001100100000011111111111111111111011011110101010101000010010111000010010100000000011
7727,111101101000111111110011001000000111111111111111111110110111101010101010000100101110000100101000000000110
7728,111101101000111111110011001000000111111111111111111110110111101010101010000100101110000100101000000000111
7729,111101101000111111110011001000000111111111111111111110110111101010101010000100101110000100101000000000011
7730,1111011010001111111100110010000001111111111111111111101101111010101010100001001011100001001010000000000110
7731,11110110100011111111001100100000011111111111111111111011011110101010101000010010111000010010100000000001111
7732,1111011010001111111100110010000001111111111111111111101101111010101010100001001011100001001010000000000111
7733,111101101000111111110011001000000111111111111111111110110111101010101010000100101110000100101000000001
7734,1111011010001111111100110010000001111111111111111111101101111010101010100001001011100001001010000001011
7735,11110110100011111111001100100000011111111111111111111011011110101010101000010010111000010010100000010111
7736,111101101000111111110011001000000111111111111111111110110111101010101010000100101110000100101000000101111
7737,11110110100011111111001100100000011111111111111111111011011110101010101000010010111000010010100000010101
7738,11110110100011111111001100100000011111111111111111111011011110101010101000010010111000010010100000011
7739,111101101000111111110011001000000111111111111111111110110111101010101010000100101110000100101000000110
7740,111101101000111111110011001000000111111111111111111110110111101010101010000100101110000100101000000111
7741,111101101000111111110011001000000111111111111111111110110111101010101010000100101110000100101000001
7742,11110110100011111111001100100000011111111111111111111011011110101010101000010010111000010010100001
7743,11110110100011111111001100100000011111111111111111111011011110101010101000010010111000010010101
7744,1111011010001111111100110010000001111111111111111111101101111010101010100001001011100001001011
7745,11110110100011111111001100100000011111111111111111111011011110101010101000010010111000000
7746,11110110100011111111001100100000011111111111111111111011011110101010101000010010111000001
7747,111101101000111111110011001000000111111111111111111110110111101010101010000100101110001
7748,1111011010001111111100110010000001111111111111111111101101111010101010100001001011100010
7749,111101101000111111110011001000000111111111111111111110110111101010101010000100101110001010
7750,1111011010001111111100110010000001111111111111111111101101111010101010100001001011100010100
7751,111101101000111111110011001000000111111111111111111110110111101010101010000100101110001011
7752,1111011010001111111100110010000001111111111111111111101101111010101010100001001011100010101
7753,11110110100011111111001100100000011111111111111111111011011110101010101000010010111000101010
7754,11110110100011111111001100100000011111111111111111111011011110101010101000010010111000101011
7755,111101101000111111110011001000000111111111111111111110110111101010101010000100101110001010110
7756,111101101000111111110011001000000111111111111111111110110111101010101010000100101110001010111
7757,11110110100011111111001100100000011111111111111111111011011110101010101000010010111000100
7758,1111011010001111111100110010000001111111111111111111101101111010101010100001001011100011
7759,11110110100011111111001100100000011111111111111111111011011110101010101000010010111001
7760,1111011010001111111100110010000001111111111111111111101101111010101010100001001011100111
7761,111101101000111111110011001000000111111111111111111110110111101010101010000100101110011
7762,111101101000111111110011001000000111111111111111111110110111101010101010000100101111
7763,111101101000111111110011001000000111111111111111111110110111101010101010000111011
7764,1111011010001111111100110010000001111111111111111111101101111010101010100001110001
7765,11110110100011111111001100100000011111111111111111111011011110101010101000011100001
7766,111101101000111111110011001000000111111111111111111110110111101010101010000111001
7767,1111011010001111111100110010000001111111111111111111101101111010101010100011
7768,11110110100011111111001100100000011111111111111111111011011110101010101000111
7769,111101101000111111110011001000000111111111111111111110110111101010101011111
7770,1111011010001111111100110010000001111111111111111111101101111010101010111011
7771,1111011010001111111100110010000001111111111111111111101101111010101010111010011
7772,11110110100011111111001100100000011111111111111111111011011110101010101110100111
7773,11110110100011111111001100100000011111111111111111111011011110101010101110100101
7774,111101101000111111110011001000000111111111111111111110110111101010101011101001001
7775,1111011010001111111100110010000001111111111111111111101101111010101010111010010001
7776,11110110100011111111001100100000011111111111111111111011011110101010101110100100001
7777,111101101000111111110011001000000111111111111111111110110111101010101011101001000011
7778,111101101000111111110011001000000111111111111111111110110111101010101011101000001
7779,11110110100011111111001100100000011111111111111111111011011110101010101110100000000001
7780,1111011010001111111100110010000001111111111111111111101101111010101010111010000000000011
7781,111101101000111111110011001000000111111111111111111110110111101010101011101000000000001
7782,1111011010001111111100110010000001111111111111111111101101111010101010111010000000001
7783,11110110100011111111001100100000011111111111111111111011011110101010101110100000000111
7784,111101101000111111110011001000000111111111111111111110110111101010101011101000000011
7785,11110110100011111111001100100000011111111111111111111011011110101010101110100000001
7786,1111011010001111111100110010000001111111111111111111101101111010101010111010000000110
7787,1111011010001111111100110010000001111111111111111111101101111010101010111010000000111
7788,1111011010001111111100110010000001111111111111111111101101111010101010111010000001
7789,111101101000111111110011001000000111111111111111111110110111101010101011101000011
7790,11110110100011111111001100100000011111111111111111111011011110101010101110100001001
7791,1111011010001111111100110010000001111111111111111111101101111010101010111010000101
7792,11110110100011111111001100100000011111111111111111111011011110101010101110100001010
7793,111101101000111111110011001000000111111111111111111110110111101010101011101000010100
7794,11110110100011111111001100100000011111111111111111111011011110101010101110100001011
7795,111101101000111111110011001000000111111111111111111110110111101010101011101000010101
7796,1111011010001111111100110010000001111111111111111111101101111010101010111010001
7797,11110110100011111111001100100000011111111111111111111011011110101010101110101
7798,111101101000111111110011001000000111111111111111111110110111101010101011101011
7799,111101101000111111110011001000000111111111111111111110110111101010110111
7800,111101101000111111110011001000000111111111111111111110110111101010110101
7801,111101101000111111110011001000000111111111111111111110110111101010110100011
7802,11110110100011111111001100100000011111111111111111111011011110101011010001011
7803,111101101000111111110011001000000111111111111111111110110111101010110100010100001101
7804,1111011010001111111100110010000001111111111111111111101101111010101101000101000011001
7805,111101101000111111110011001000000111111111111111111110110111101010110100010100001100011
7806,1111011010001111111100110010000001111111111111111111101101111010101101000101000011000110
7807,11110110100011111111001100100000011111111111111111111011011110101011010001010000110001100
7808,111101101000111111110011001000000111111111111111111110110111101010110100010100001100011000
7809,1111011010001111111100110010000001111111111111111111101101111010101101000101000011000110000
7810,1111011010001111111100110010000001111111111111111111101101111010101101000101000011000111
7811,111101101000111111110011001000000111111111111111111110110111101010110100010100001100011111
7812,1111011010001111111100110010000001111111111111111111101101111010101101000101000011000111111
7813,11110110100011111111001100100000011111111111111111111011011110101011010001010000110001111
7814,11110110100011111111001100100000011111111111111111111011011110101011010001010000110001111111
7815,111101101000111111110011001000000111111111111111111110110111101010110100010100001100011111111
7816,1111011010001111111100110010000001111111111111111111101101111010101101000101000011000111111111
7817,111101101000111111110011001000000111111111111111111110110111101010110100010100001100011001
7818,1111011010001111111100110010000001111111111111111111101101111010101101000101000011000110010
7819,1111011010001111111100110010000001111111111111111111101101111010101101000101000011000110011
7820,11110110100011111111001100100000011111111111111111111011011110101011010001010000110001100110
7821,111101101000111111110011001000000111111111111111111110110111101010110100010100001100011001100
7822,11110110100011111111001100100000011111111111111111111011011110101011010001010000110001100111
7823,111101101000111111110011001000000111111111111111111110110111101010110100010100001100011001101
7824,1111011010001111111100110010000001111111111111111111101101111010101101000101000011000110001
7825,11110110100011111111001100100000011111111111111111111011011110101011010001010000110001100011
7826,11110110100011111111001100100000011111111111111111111011011110101011010001010000110001101
7827,111101101000111111110011001000000111111111111111111110110111101010110100010100001100011011
7828,11110110100011111111001100100000011111111111111111111011011110101011010001010000111101
7829,111101101000111111110011001000000111111111111111111110110111101010110100010100001111011
7830,11110110100011111111001100100000011111111111111111111011011110101011010001010000111100001
7831,111101101000111111110011001000000111111111111111111110110111101010110100010100001111000001
7832,1111011010001111111100110010000001111111111111111111101101111010101101000101000011110000011
7833,111101101000111111110011001000000111111111111111111110110111101010110100010100001111001
7834,1111011010001111111100110010000001111111111111111111101101111010101101000101000011110011
7835,11110110100011111111001100100000011111111111111111111011011110101011010001010000111100111
7836,11110110100011111111001100100000011111111111111111111011011110101011010001010000111111
7837,1111011010001111111100110010000001111111111111111111101101111010101101000101000011111
7838,111101101000111111110011001000000111111111111111111110110111101010110100010101
7839,1111011010001111111100110010000001111111111111111111101101111010101101000101010
7840,11110110100011111111001100100000011111111111111111111011011110101011010001010100
7841,1111011010001111111100110010000001111111111111111111101101111010101101000101011
7842,11110110100011111111001100100000011111111111111111111011011110101011010001010101
7843,1111011010001111111100110010000001111111111111111111101101111010101101001
7844,11110110100011111111001100100000011111111111111111111011011110101011010010
7845,11110110100011111111001100100000011111111111111111111011011110101011010011
7846,1111011010001111111100110010000001111111111111111111101101111010101100
7847,111101101000111111110011001000000111111111111111111110110111101010111
7848,11110110100011111111001100100000011111111111111111111011011110101111
7849,111101101000111111110011001000000111111111111111111110110111101011101
7850,1111011010001111111100110010000001111111111111111111101101111010111010
7851,1111011010001111111100110010000001111111111111111111101101111010111011
7852,1111011010001111111100110010000001111111111111111111101111
7853,111101101000111111110011001000000111111111111111111110111
7854,11110110100011111111001100100000011111111111111111011
7855,111101101000111111110011001000001
7856,1111011010001111111100110010000011
7857,11110110100011111111001100100000110
7858,111101101000111111110011001000001100
7859,1111011010001111111100110010000011001
7860,11110110100011111111001100100000110011
7861,111101101000111111110011001000001100110
7862,11110110100011111111001100100000111
7863,111101101000111111110011001000001110
7864,1111011010001111111100110010000011101
7865,111101101000111111110011001000001101
7866,1111011010001111111100110010000011011
7867,11110110100011111111001100100000110111
7868,11110110100011111111001100100000110011111
7869,111101101000111111110011001000001100111
7870,1111011010001111111100110010000011001111
7871,11110110100011111111001100100011
7872,1111011010001111111100110010001
7873,11110110100011111111001100101
7874,111101101000111111110011001011
7875,111101101000111111110011011
7876,11110110100011111111001101
7877,11110110100011111111111
7878,11110110100011111111001100100000011111111111111111111011011110101011010001010000111100011111111
7879,1111011010001111111100110010000001111111111111111111101101111010101101000101000011110001111111
7880,111101101000111111110011001000000111110111111101011011100011011011111101
7881,1111011010001111111100110011111110
7882,1111011010001111111100110011111111
7883,111101101000111111110011001111111
7884,11110110100011111111001100100000011111011111110101101110001101101111111
7885,111101101000111111110011001000001111011111
7886,1111011010001111111100110010000011110111
7887,11110110100011111111001100111111101
7888,1111011010001111111
7889,11110110100011111111
7890,111101101000111111110011001000000111111111111111111110110111101010101010001
7891,1111011010001111111100110010000001111111111111111111
7892,11110110100011111111001100100000011111111111111111111
7893,111101101000111111110011001000000111111111111111111110110111101010101010000101100011001111101111
7894,11110110100011111111001100100000011111111111111111
7895,1111011010001111111100110010000001111111111111111
7896,1111011010001111111100110010000001111111111111
7897,111101101000111111110011001000000111111111111
7898,11110110100011111111001100100000011111111111
7899,1111011010001111111100110010000001111111111
7900,111101101000111111110011001000000111111111
7901,1111011010001111111100110010000001111111
7902,11110110100011111111001100100000011111111
7903,111101101000111111110011001000000111111
7904,1111011010001111111100110010000001111101111111010111
7905,1111011010001111111100110010000001111101111111010110111000110110111111
7906,11110110100011111
7907,1111011010001111
7908,111101101000111111
7909,11110110100011111111001100100000011111111111111
7910,111101101000111111110011001000000111111111111111
7911,111101101000111111110011001000000111111111111111111
7955,111101101000111111110011001000000111110111111101011011100011011
7956,11110110100011111111001100100000011111011111110101101110001101101
7957,111101101000111111110011001000000111110111111101011011100011
7958,1111011010001111111100110010000001111101111111010110111000110
7959,1111011010001111111100110010000001111101111111010110111000110111
7960,1111011010001111111100110010000001111101111111010110111000111
7961,11110110100011111111001100100000011111011111110101101110001110
7962,11110110100011111111001100100000011111011111110101101110001111
7963,1111011010001111111100110010000001111101111111010110111000110110111
7964,11110110100011111111001100100000011111011111110101101110001101101110
7965,11110110100011111111001100100000011111011111110101101110001101101111
7966,111101101000111111110011001000000111111111111111111110110111101010101010000100101110000100101000000000100010
7967,111101101000111111110011001000000111111111111111111110110111101010101010000100101110000100101000000000100011
7968,11110110100011111111001100100000011111111111111111111011011110101010101000010010111000010010100000000010001
7969,111101101000111111110011001000000111111111111111111110110111101010110100010100001111000111
7970,11110110100011111111001100100000011111111111111111111011011110101011010001010000111100011
7971,111101101000111111110011001000000111111111111111111110110111101010110100010100001111000111111
7972,1111011010001111111100110010000001111111111111111111101101111010101101000101000011110001111
7973,1111011010001111111100110010000001111111111111111111101101111010101101000101000011110001
7974,11110110100011111111001100100000111101
7975,1111011010001111111100110010000011110
7976,111101101000111111110011001000001111
7977,1111011010001111111100110010000011111
7978,111101101000111111110011001000000111111111111111111110110111101010101010000101100011001111101
7979,1111011010001111111100110010000001111111111111111111101101111010101010100001011000110011111011
7980,1111011010001111111100110010000001111111111111111111101101111010101010100001011000110011111011111
7981,111101101000111111110011001000000111111111111111111110110111101010101010000101100011001111101111111
7982,11110110100011111111001100100000011111111111111111111011011110101011010001010000111
7983,11110110100011111111001100100000011111111111111111111011011110101011010001010001
7984,111101101000111111110011001000000111111111111111111110110111101010110100010100011
7985,111101101000111111110011001000000111111111111111111110110111101010110100010100001111
7986,11110110100011111111001100100000011111111111111111111011011110101010101000010010
7987,11110110100011111111001100100000011111111111111111111011011110101010101000010011
7988,1111011010001111111100110010000001111111111111111111101101111010101010100001000
7989,1111011010001111111100110010000001111111111111111111101101111010101010100001001
7990,111101101000111111110011001000000111111111111111111110110111101010101010000100
7991,111101101000111111110011001000000111111111111111111110110111101010101010000101
7992,11110110100011111111001100100000011111111111111111111011011110101010101000010
7993,11110110100011111111001100100000011111111111111111111011011110101010101000011
7994,1111011010001111111100110010000001111111111111111111101101111010101010100001
15032,1111011010001110000001100100000100111110100001110001
15033,11110110100011100001101110111110110110001001001011100001000110000000110000000001100010111111110001
15034,1111011010001110000110111011111011011000101011001101111101011100001001
15035,1111011010001111111100110010000001111111111111111111101101111010101101
15036,11110110100011111111001100100000011111111111111111111011011110101010101000010010111000101
7249,1
