"rid","fromnode","tonode"
1,1,2
2,3,1
3,4,3
4,5,4
5,6,7
6,8,9
7,10,11
8,12,13
9,14,15
10,16,17
11,18,19
12,20,21
13,21,22
14,23,24
15,25,26
16,27,28
17,29,27
18,30,27
19,31,32
20,33,31
21,32,34
22,35,36
23,36,37
24,38,39
25,40,38
26,41,42
27,42,43
28,43,44
29,45,41
30,46,41
31,47,46
32,48,47
33,49,48
34,50,49
35,51,52
36,52,1
37,53,51
38,54,53
39,55,54
40,56,55
41,57,56
42,58,57
43,59,58
44,60,59
45,61,62
46,63,53
47,64,54
48,65,64
49,66,65
50,67,66
51,68,69
52,69,70
53,70,71
54,71,72
55,73,71
56,74,75
57,75,73
58,76,74
59,77,76
60,78,77
61,79,78
62,80,81
63,82,80
64,83,84
65,84,79
66,85,73
67,86,70
68,87,88
69,88,86
70,89,87
71,90,87
72,91,69
73,92,91
74,93,94
75,95,92
76,94,96
77,96,95
78,97,68
79,98,60
80,99,62
81,100,99
82,101,100
83,102,103
84,103,99
85,104,100
86,105,59
87,106,105
88,107,56
89,108,51
90,109,3
91,110,109
92,111,110
93,112,111
94,113,112
95,114,115
96,115,110
97,116,111
98,117,116
99,118,112
100,119,109
101,120,4
102,28,121
103,122,7
104,123,8
105,7,8
106,124,14
107,125,14
108,126,20
109,127,126
110,128,127
111,129,128
112,130,72
113,131,130
114,132,133
115,134,135
116,37,134
117,133,39
118,39,37
119,136,137
120,137,25
121,22,44
122,24,129
123,13,23
124,15,12
125,138,106
126,139,60
127,62,140
128,141,19
129,19,17
130,142,30
131,17,143
132,143,22
133,121,34
134,34,136
135,144,145
136,146,144
137,147,148
138,149,137
139,145,150
140,148,149
141,150,147
142,44,151
143,151,135
144,140,139
145,152,67
146,153,152
147,154,153
148,72,154
149,81,155
150,156,79
151,157,158
152,159,160
153,161,157
154,158,159
155,162,163
156,163,164
157,165,18
158,11,165
159,9,165
160,155,166
161,166,156
162,167,166
163,160,167
164,164,167
165,168,169
166,170,168
167,171,170
168,172,171
169,173,172
170,174,173
171,175,174
172,176,177
173,177,173
174,178,176
175,179,178
176,180,179
177,182,168
178,183,184
179,185,183
180,186,185
181,187,186
182,188,187
183,189,188
184,190,189
185,191,192
186,192,190
187,193,194
188,195,193
189,196,197
190,198,199
191,199,200
192,201,202
193,203,204
194,205,206
195,207,205
196,208,207
197,209,210
198,211,212
199,212,213
200,213,214
201,215,216
202,216,217
203,218,219
204,220,221
205,222,223
206,224,225
207,226,227
208,228,229
209,230,228
210,231,193
211,232,233
212,234,235
213,235,236
214,237,238
215,239,237
216,240,237
217,241,240
218,242,174
219,243,242
220,244,243
221,245,242
222,246,179
223,247,172
224,248,247
225,249,247
226,250,251
227,251,249
228,252,250
229,253,250
230,254,255
231,221,218
232,217,198
233,206,209
234,200,256
235,257,210
236,258,204
237,204,202
238,259,260
239,261,259
240,262,261
241,210,200
242,202,263
243,264,265
244,266,264
245,267,191
246,233,267
247,194,267
248,227,268
249,269,268
250,268,270
251,229,270
252,271,262
253,263,271
254,214,271
255,272,273
256,274,272
257,275,276
258,277,275
259,278,279
260,280,281
261,282,281
262,281,283
263,283,284
264,273,285
265,286,287
266,287,288
267,289,287
268,288,290
269,285,291
270,284,291
271,291,289
272,292,282
273,293,292
274,184,294
275,294,182
276,290,294
277,219,292
278,295,296
279,297,295
280,260,177
281,296,259
282,298,299
283,223,299
284,300,223
285,299,205
286,301,222
287,256,302
288,302,175
289,238,303
290,303,232
291,236,303
292,304,305
293,306,269
294,305,269
295,307,304
296,255,308
297,309,310
298,311,312
299,308,311
300,197,313
301,312,313
302,313,195
303,314,309
304,310,254
305,315,310
306,316,317
307,317,306
308,270,314
309,225,314
310,279,265
311,265,318
312,318,280
313,276,280
314,319,320
315,321,319
316,322,323
317,323,321
318,324,322
319,325,324
320,326,327
321,327,328
322,329,326
323,330,329
324,331,330
325,332,331
326,333,332
327,334,333
328,335,334
329,336,335
330,337,336
331,338,337
332,339,340
333,340,338
334,341,339
335,342,341
336,343,330
337,344,343
338,345,346
339,347,345
340,348,347
341,349,348
342,350,349
343,351,350
344,352,351
345,353,354
346,355,352
347,354,355
348,356,353
349,357,356
350,358,359
351,360,358
352,361,360
353,362,361
354,363,364
355,365,363
356,366,365
357,367,366
358,368,367
359,369,368
360,370,371
361,371,369
362,372,370
363,373,374
364,374,375
365,376,377
366,378,376
367,379,378
368,380,379
369,381,352
370,382,381
371,383,382
372,384,383
373,385,384
374,386,385
375,387,386
376,388,387
377,389,388
378,390,389
379,391,390
380,392,391
381,393,392
382,394,393
383,395,394
384,396,395
385,397,396
386,398,397
387,399,398
388,400,399
389,401,400
390,402,401
391,403,402
392,404,405
393,406,404
394,407,408
395,408,406
396,409,407
397,410,409
398,411,410
399,412,411
400,413,412
401,414,413
402,415,416
403,417,414
404,416,418
405,418,417
406,419,415
407,420,419
408,421,420
409,422,421
410,423,422
411,424,425
412,426,424
413,425,427
414,427,423
415,428,426
416,429,428
417,430,431
418,431,432
419,432,404
420,433,430
421,434,433
422,435,434
423,436,437
424,438,436
425,437,435
426,439,395
427,440,441
428,441,439
429,442,440
430,443,442
431,444,386
432,445,444
433,446,447
434,447,445
435,448,446
436,449,448
437,450,449
438,451,450
439,452,453
440,454,455
441,453,456
442,456,454
443,457,452
444,458,457
445,459,458
446,460,459
447,461,407
448,462,461
449,463,464
450,464,462
451,465,463
452,466,465
453,467,466
454,468,467
455,469,468
456,470,334
457,471,470
458,472,471
459,473,382
460,474,473
461,475,474
462,476,475
463,477,478
464,479,477
465,480,479
466,481,482
467,482,480
468,483,481
469,484,483
470,485,326
471,486,485
472,487,486
473,488,333
474,489,336
475,490,489
476,491,490
477,492,491
478,493,492
479,494,495
480,496,497
481,498,499
482,500,498
483,501,502
484,503,504
485,505,506
486,507,505
487,508,509
488,510,324
489,511,512
490,512,513
491,514,511
492,515,514
493,516,517
494,518,516
495,519,520
496,520,331
497,521,489
498,522,337
499,523,522
500,524,523
501,525,526
502,527,525
503,528,527
504,529,522
505,530,529
506,531,530
507,532,529
508,533,530
509,534,535
510,536,534
511,537,536
512,538,536
513,539,534
514,540,539
515,541,539
516,542,525
517,543,542
518,544,542
519,545,544
520,546,528
521,547,527
522,548,547
523,549,550
524,551,549
525,550,548
526,552,548
527,553,547
528,554,523
529,555,556
530,556,339
531,557,555
532,558,557
533,559,560
534,560,338
535,561,559
536,562,561
537,563,561
538,564,563
539,565,335
540,566,470
541,567,332
542,568,567
543,569,568
544,570,567
545,571,568
546,572,571
547,573,343
548,574,575
549,576,577
550,578,347
551,579,578
552,580,579
553,581,580
554,582,578
555,583,579
556,584,580
557,585,348
558,586,587
559,588,586
560,589,590
561,591,592
562,592,358
563,593,361
564,594,595
565,596,594
566,597,594
567,598,597
568,599,598
569,600,601
570,602,366
571,603,367
572,604,368
573,605,370
574,606,377
575,607,606
576,608,607
577,609,606
578,610,607
579,611,376
580,612,378
581,613,612
582,614,612
583,615,379
584,616,615
585,617,375
586,618,617
587,619,618
588,620,619
589,621,619
590,622,374
591,623,624
592,624,373
593,625,623
594,626,625
595,627,623
596,628,625
597,629,372
598,630,629
599,631,630
600,632,631
601,633,630
602,634,631
603,635,634
604,636,635
605,637,636
606,638,629
607,639,365
608,640,363
609,641,640
610,601,642
611,643,360
612,644,643
613,645,643
614,646,381
615,647,646
616,648,647
617,649,648
618,650,649
619,651,650
620,652,651
621,653,652
622,654,653
623,655,654
624,656,654
625,657,653
626,658,652
627,659,658
628,660,658
629,661,649
630,662,646
631,663,383
632,664,384
633,665,385
634,666,450
635,667,668
636,669,667
637,670,669
638,671,669
639,672,667
640,673,457
641,674,458
642,675,459
643,676,452
644,677,676
645,678,677
646,679,678
647,680,449
648,681,680
649,682,680
650,683,682
651,684,444
652,685,686
653,686,387
654,687,389
655,688,687
656,689,688
657,690,392
658,691,690
659,692,399
660,693,400
661,694,695
662,696,401
663,697,694
664,698,696
665,695,698
666,699,697
667,700,699
668,701,700
669,702,703
670,703,403
671,704,409
672,705,704
673,706,411
674,707,412
675,708,707
676,709,708
677,710,707
678,711,712
679,713,711
680,714,710
681,715,708
682,716,717
683,717,715
684,718,716
685,719,716
686,720,719
687,721,720
688,722,719
689,723,724
690,725,723
691,726,725
692,727,723
693,728,729
694,730,728
695,731,730
696,732,731
697,733,734
698,735,736
699,737,738
700,739,738
701,738,740
702,740,741
703,741,742
704,742,743
705,744,743
706,743,624
707,745,742
708,746,745
709,747,745
710,748,731
711,749,750
712,724,722
713,751,413
714,752,415
715,753,752
716,754,420
717,755,421
718,756,422
719,757,423
720,758,419
721,759,760
722,761,759
723,760,414
724,762,763
725,764,762
726,765,764
727,766,765
728,767,766
729,768,767
730,769,770
731,771,769
732,772,773
733,773,771
734,774,772
735,775,774
736,776,775
737,777,776
738,778,779
739,780,778
740,781,780
741,782,781
742,783,781
743,784,762
744,785,766
745,786,769
746,787,788
747,789,790
748,791,789
749,792,767
750,793,792
751,794,792
752,795,410
753,796,795
754,797,798
755,799,796
756,800,797
757,798,801
758,801,799
759,802,800
760,803,802
761,804,803
762,805,804
763,806,805
764,807,806
765,808,807
766,809,804
767,810,809
768,811,800
769,812,811
770,813,814
771,815,813
772,814,811
773,816,815
774,817,816
775,818,815
776,819,818
777,820,461
778,821,820
779,822,462
780,823,406
781,824,433
782,825,435
783,826,825
784,827,826
785,828,829
786,830,831
787,829,825
788,831,828
789,832,826
790,833,832
791,834,434
792,835,430
793,836,835
794,837,835
795,405,402
796,838,398
797,839,838
798,840,396
799,841,840
800,842,840
801,843,844
802,844,845
803,846,847
804,848,846
805,849,848
806,850,851
807,851,852
808,853,854
809,855,856
810,857,855
811,858,857
812,859,860
813,861,862
814,862,863
815,860,861
816,863,864
817,865,859
818,864,866
819,867,868
820,868,869
821,869,500
822,870,869
823,871,870
824,872,871
825,873,872
826,874,873
827,875,872
828,876,875
829,877,871
830,878,879
831,880,878
832,879,870
833,881,880
834,882,868
835,883,882
836,884,883
837,885,884
838,886,885
839,887,883
840,888,889
841,890,888
842,891,892
843,893,891
844,894,895
845,896,897
846,895,896
847,897,893
848,898,894
849,899,898
850,900,899
851,901,899
852,902,903
853,903,901
854,904,901
855,905,904
856,906,907
857,907,908
858,908,893
859,909,906
860,910,909
861,911,912
862,912,906
863,913,914
864,914,915
865,916,889
866,917,888
867,918,917
868,919,918
869,920,919
870,921,922
871,922,918
872,923,924
873,924,919
874,925,917
875,926,925
876,927,884
877,928,929
878,930,928
879,931,932
880,933,931
881,934,928
882,935,936
883,937,938
884,939,937
885,940,939
886,941,942
887,943,944
888,945,946
889,947,948
890,949,947
891,950,882
892,951,950
893,952,950
894,953,952
895,954,953
896,955,857
897,956,955
898,957,955
899,958,957
900,959,855
901,960,961
902,962,960
903,963,964
904,965,963
905,966,960
906,967,968
907,969,967
908,970,969
909,971,970
910,972,970
911,973,972
912,974,975
913,976,439
914,977,978
915,978,393
916,979,391
917,980,979
918,502,979
919,981,390
920,982,473
921,983,982
922,984,479
923,985,480
924,986,987
925,988,989
926,990,477
927,987,991
928,991,990
929,989,986
930,992,988
931,993,992
932,994,993
933,995,996
934,997,351
935,998,997
936,999,1000
937,1000,997
938,1001,345
939,1002,1003
940,1004,329
941,1005,1004
942,1006,1004
943,1007,1006
944,1008,486
945,1009,485
946,1010,1011
947,1011,328
948,1012,1010
949,1013,1010
950,1014,1015
951,1015,1016
952,1017,1014
953,1018,1017
954,1019,1018
955,1020,1017
956,1021,1014
957,1022,1023
958,1023,1024
959,1025,956
960,1026,1025
961,1027,1026
962,1028,1029
963,1030,1028
964,1029,1027
965,1031,1030
966,1032,1031
967,1033,1034
968,1034,1025
969,1035,1027
970,1036,1037
971,1037,1035
972,1038,1035
973,1039,1038
974,1040,1039
975,1041,1042
976,1042,1040
977,1043,1041
978,1044,1043
979,1045,1044
980,1046,1045
981,1047,1046
982,1048,1047
983,1049,1050
984,1050,1038
985,1051,1039
986,1052,1045
987,1053,1054
988,1054,1052
989,1055,1056
990,1056,1052
991,1057,1040
992,1058,1059
993,1060,1058
994,1061,1062
995,1063,1062
996,1064,1065
997,1066,1067
998,1067,1068
999,1069,1066
1000,1070,1069
1001,1071,1070
1002,1072,1071
1003,1073,1072
1004,1074,1072
1005,1075,1071
1006,1076,1066
1007,1077,1076
1008,1078,1077
1009,1079,1078
1010,1080,1078
1011,1081,1082
1012,1083,1084
1013,1085,1086
1014,1087,1088
1015,1089,1090
1016,1088,1089
1017,1091,1092
1018,1093,1091
1019,1094,1093
1020,1095,1096
1021,1097,1094
1022,1096,1098
1023,1098,1097
1024,1099,1094
1025,1100,1099
1026,1101,1102
1027,1103,1104
1028,1104,1105
1029,1106,1105
1030,1107,1108
1031,1109,1110
1032,1111,1104
1033,1112,1113
1034,1114,1115
1035,1116,1117
1036,1118,1119
1037,1120,1121
1038,1122,1120
1039,1123,1122
1040,1124,1123
1041,1125,1124
1042,1126,1125
1043,1127,1126
1044,1128,1127
1045,1129,1128
1046,1130,1129
1047,1131,1130
1048,1132,1131
1049,1133,1132
1050,1134,1133
1051,1135,1134
1052,1136,1137
1053,1138,1136
1054,1139,1138
1055,1140,1139
1056,1141,1142
1057,1143,1140
1058,1142,1144
1059,1144,1143
1060,1145,1141
1061,1146,1145
1062,1147,1146
1063,1148,1149
1064,1150,1148
1065,1151,1150
1066,1152,1151
1067,1153,1152
1068,1154,1145
1069,1155,1154
1070,1156,1155
1071,1157,1156
1072,1158,1157
1073,1159,1158
1074,1160,1159
1075,1161,1160
1076,1162,1163
1077,1164,1162
1078,1165,1164
1079,1166,1165
1080,1167,1166
1081,1168,1169
1082,1170,1168
1083,1171,1170
1084,1172,1171
1085,1173,1172
1086,1174,1173
1087,1175,1174
1088,1176,1177
1089,1177,1178
1090,1179,1176
1091,1180,1181
1092,1182,1179
1093,1181,1183
1094,1183,1182
1095,1184,1180
1096,1185,1186
1097,1187,1188
1098,1188,1185
1099,1186,1184
1100,1189,1190
1101,1191,1187
1102,1190,1192
1103,1192,1191
1104,1193,1189
1105,1194,1195
1106,1196,1193
1107,1197,1196
1108,1195,1197
1109,1198,1194
1110,1199,1200
1111,1201,1198
1112,1202,1199
1113,1200,1201
1114,1203,1204
1115,1205,1203
1116,1204,1202
1117,1206,1207
1118,1208,1209
1119,1209,1206
1120,1207,1205
1121,1210,1208
1122,1211,1210
1123,1212,1211
1124,1213,1214
1125,1215,1216
1126,1217,1215
1127,1218,1219
1128,1220,1221
1129,1222,1223
1130,1224,1225
1131,1226,1227
1132,1227,1228
1133,1229,1230
1134,1231,1215
1135,1232,1231
1136,1233,1234
1137,1235,1236
1138,1237,1238
1139,1238,1239
1140,1240,1241
1141,1239,1240
1142,1242,1243
1143,1244,1237
1144,1241,1242
1145,1245,1246
1146,1246,1247
1147,1248,1249
1148,1250,1249
1149,1249,1251
1150,1252,1253
1151,1253,1254
1152,1255,1253
1153,1256,1257
1154,1257,1258
1155,1259,1257
1156,1260,1261
1157,1262,1261
1158,1261,1263
1159,1264,1265
1160,1266,1265
1161,1265,1267
1162,1268,1269
1163,1267,1269
1164,1270,1271
1165,1271,1272
1166,1273,1274
1167,1275,1273
1168,1276,1277
1169,1274,1278
1170,1278,1276
1171,1279,1280
1172,1280,1278
1173,1281,1282
1174,1283,1284
1175,1285,1286
1176,1287,1285
1177,1288,1289
1178,1290,1291
1179,1291,1288
1180,1292,1293
1181,1294,1295
1182,1295,1296
1183,1297,1298
1184,1298,1299
1185,1300,1301
1186,1302,1303
1187,1304,1302
1188,1305,1306
1189,1307,1305
1190,1308,1309
1191,1310,1308
1192,1311,1310
1193,1312,1313
1194,1314,1315
1195,1316,1314
1196,1317,1316
1197,1318,1319
1198,1320,1321
1199,1322,1320
1200,1323,1324
1201,1325,1323
1202,1326,1325
1203,1327,1326
1204,1328,1329
1205,1330,1331
1206,1332,1333
1207,1331,1334
1208,1335,1332
1209,1336,1337
1210,1338,1336
1211,1339,1336
1212,1340,1341
1213,1342,1343
1214,1344,1345
1215,1346,1344
1216,1347,1346
1217,1348,1349
1218,1350,1351
1219,1351,1348
1220,1352,1353
1221,1353,1350
1222,1354,1355
1223,1356,1354
1224,1357,1358
1225,1359,1360
1226,1360,1361
1227,1362,1363
1228,1364,1365
1229,1366,1367
1230,1368,1366
1231,1369,1366
1232,1367,1364
1233,1370,1371
1234,1372,1370
1235,1373,1372
1236,1374,1370
1237,1375,1374
1238,1376,1377
1239,1378,1376
1240,1379,1378
1241,1380,1381
1242,1381,1379
1243,1382,1380
1244,1383,1382
1245,1384,1383
1246,1385,1376
1247,1386,1387
1248,1387,1379
1249,1388,1389
1250,1390,1388
1251,1389,1391
1252,1392,1393
1253,1393,1394
1254,1394,1395
1255,1396,1394
1256,1397,1396
1257,1398,1397
1258,1399,1400
1259,1401,1402
1260,1402,1403
1261,1404,1401
1262,1405,1404
1263,1406,1405
1264,1407,1406
1265,1408,1409
1266,1410,1411
1267,1409,1410
1268,1412,1408
1269,1413,1414
1270,1415,1416
1271,1417,1418
1272,1419,1415
1273,1418,1419
1274,1420,1421
1275,1422,1404
1276,1421,1422
1277,1423,1420
1278,1424,1425
1279,1426,1424
1280,1427,1426
1281,1428,1429
1282,1430,1428
1283,1431,1430
1284,1429,1427
1285,1432,1433
1286,1434,1432
1287,1435,1436
1288,1437,1438
1289,1439,1437
1290,1440,1439
1291,1441,1440
1292,1442,1441
1293,1443,1442
1294,1444,1443
1295,1445,1446
1296,1447,1448
1297,1449,1450
1298,1450,1447
1299,1451,1447
1300,1452,1026
1301,1453,1452
1302,1454,1453
1303,1455,1454
1304,1456,1455
1305,1457,1455
1306,1458,1459
1307,1459,1457
1308,1460,1457
1309,1461,1460
1310,1462,1461
1311,1463,1460
1312,1464,1463
1313,1465,1454
1314,1466,1465
1315,1467,1468
1316,1469,1470
1317,1471,1453
1318,1470,1472
1319,1473,1474
1320,1472,1475
1321,1468,1471
1322,1474,1469
1323,1475,1467
1324,1476,1452
1325,1477,956
1326,1478,760
1327,1479,1480
1328,1480,1478
1329,1481,1482
1330,1483,1481
1331,1484,1485
1332,1486,1483
1333,1485,1486
1334,1487,1488
1335,1489,1490
1336,1491,1489
1337,1492,1491
1338,1493,1494
1339,1495,1493
1340,1496,1497
1341,1498,1496
1342,1499,1500
1343,1501,1499
1344,1502,1501
1345,1503,1502
1346,1504,496
1347,499,1504
1348,1505,1506
1349,1506,1507
1350,1508,1509
1351,1510,1493
1352,1509,1510
1353,495,782
1354,712,710
1355,375,605
1356,1511,933
1357,1512,502
1358,506,1513
1359,1514,1060
1360,1515,1514
1361,513,1516
1362,509,1517
1363,1516,325
1364,1016,517
1365,1024,513
1366,517,1024
1367,328,1016
1368,377,605
1369,1513,509
1370,1518,1519
1371,1520,1515
1372,1521,1522
1373,1523,1524
1374,1524,1525
1375,1525,1521
1376,1526,528
1377,1527,344
1378,1003,1527
1379,1528,1527
1380,575,1528
1381,1529,1528
1382,1530,1531
1383,1532,1533
1384,577,1532
1385,346,1532
1386,1531,1529
1387,1533,1530
1388,359,1534
1389,1535,1534
1390,590,1535
1391,1534,357
1392,587,1535
1393,1536,362
1394,642,1536
1395,1537,1536
1396,364,1537
1397,595,1537
1398,455,1538
1399,668,1538
1400,1538,451
1401,478,1539
1402,1539,476
1403,996,1539
1404,526,1540
1405,535,1540
1406,1540,524
1407,750,1541
1408,729,1541
1409,1541,727
1410,1542,737
1411,734,1542
1412,1543,1542
1413,736,1543
1414,779,1544
1415,1544,761
1416,763,1544
1417,788,1545
1418,770,1545
1419,790,1546
1420,1545,1546
1421,1546,768
1422,1547,443
1423,1548,1547
1424,975,1548
1425,1549,1547
1426,847,1549
1427,1550,1551
1428,1552,1549
1429,1551,1552
1430,852,1551
1431,845,1552
1432,1519,1550
1433,961,1553
1434,856,1553
1435,1553,853
1436,889,1554
1437,915,1554
1438,1554,1555
1439,1555,887
1440,1556,1555
1441,892,1556
1442,1557,927
1443,1558,1557
1444,948,1558
1445,929,1558
1446,932,1557
1447,1559,934
1448,946,1559
1449,944,1560
1450,942,1560
1451,1561,1559
1452,1562,1561
1453,1560,1562
1454,938,1561
1455,936,1562
1456,964,1563
1457,968,1563
1458,1563,962
1459,1059,1564
1460,1448,1564
1461,1564,1057
1462,1446,1565
1463,1565,1566
1464,1522,1566
1465,1566,1520
1466,1567,1479
1467,1488,1567
1468,1482,1567
1469,1568,1487
1470,1497,1568
1471,1569,1568
1472,1494,1569
1473,1490,1569
1474,854,1570
1475,1570,1518
1476,497,1571
1477,866,1571
1478,1571,1570
1479,504,441
1480,1517,1548
1481,1572,1573
1482,1574,1572
1483,1573,1575
1484,1576,1574
1485,1577,1576
1486,1578,1577
1487,1579,1578
1488,1580,1579
1489,1581,1582
1490,1582,1583
1491,1584,1585
1492,1585,1580
1493,1583,1584
1494,1586,1587
1495,1588,1586
1496,1589,1590
1497,1587,1589
1498,1591,1588
1499,1592,1591
1500,1593,1592
1501,1594,1593
1502,1595,1596
1503,1597,1595
1504,1598,1597
1505,1599,1598
1506,1600,1599
1507,1601,1600
1508,1602,1601
1509,1603,1602
1510,1604,1605
1511,1606,1607
1512,1608,1609
1513,1610,1608
1514,1611,1612
1515,1613,1611
1516,1614,1615
1517,1616,1614
1518,1617,1616
1519,1618,1617
1520,1619,1620
1521,1621,1619
1522,1622,1621
1523,1623,1622
1524,1624,1623
1525,1625,1626
1526,1627,1625
1527,1628,1627
1528,1629,1628
1529,1630,1631
1530,1631,1632
1531,1632,1629
1532,1633,1630
1533,1634,1633
1534,1635,1636
1535,1637,1638
1536,1638,1639
1537,1639,1635
1538,1640,1637
1539,1641,1640
1540,1642,1641
1541,1643,1644
1542,1644,1642
1543,1645,1643
1544,1646,1647
1545,1648,1645
1546,1649,1650
1547,1647,1649
1548,1650,1648
1549,1651,1646
1550,1652,1653
1551,1654,1655
1552,1656,1652
1553,1657,1654
1554,1653,1657
1555,1658,1597
1556,1659,1658
1557,1660,1659
1558,1661,1660
1559,1662,1661
1560,1663,1664
1561,1664,1665
1562,1665,1662
1563,1666,1663
1564,1667,1666
1565,1668,1669
1566,1670,1671
1567,1669,1670
1568,1671,1667
1569,1672,1668
1570,1673,1672
1571,1674,1595
1572,1675,1676
1573,1677,1674
1574,1678,1679
1575,1676,1680
1576,1680,1678
1577,1679,1677
1578,1681,1675
1579,1682,1681
1580,1683,1682
1581,1684,1616
1582,1685,1684
1583,1686,1687
1584,1687,1688
1585,1688,1685
1586,1689,1686
1587,1690,1689
1588,1691,1690
1589,1692,1691
1590,1693,1692
1591,1694,1693
1592,1695,1694
1593,1696,1697
1594,1697,1698
1595,1699,1700
1596,1701,1699
1597,1702,1703
1598,1704,1705
1599,1705,1706
1600,1707,1708
1601,1709,1707
1602,1710,1578
1603,1711,1710
1604,1712,1710
1605,1713,1712
1606,1714,1713
1607,1715,1713
1608,1716,1712
1609,1717,1716
1610,1718,1719
1611,1720,1718
1612,1721,1720
1613,1722,1721
1614,1723,1716
1615,1724,1723
1616,1725,1726
1617,1727,1723
1618,1726,1727
1619,1728,1729
1620,1729,1585
1621,1730,1731
1622,1732,1730
1623,1731,1582
1624,1733,1734
1625,1735,1733
1626,1734,1590
1627,1736,1735
1628,1737,1736
1629,1738,1739
1630,1740,1735
1631,1739,1740
1632,1741,1588
1633,1742,1741
1634,1743,1744
1635,1744,1591
1636,1745,1743
1637,1746,1745
1638,1747,1622
1639,1748,1623
1640,1749,1750
1641,1751,1752
1642,1753,1751
1643,1754,1753
1644,1755,1752
1645,1756,1755
1646,1757,1756
1647,1758,1757
1648,1759,1760
1649,1761,1759
1650,1762,1761
1651,1763,1764
1652,1765,1757
1653,1766,1765
1654,1767,1759
1655,1768,1761
1656,1769,1768
1657,1770,1768
1658,1771,1772
1659,1773,1771
1660,1774,1773
1661,1775,1774
1662,1776,1777
1663,1778,1756
1664,1779,1755
1665,1780,1779
1666,1781,1751
1667,1782,1753
1668,1783,1748
1669,1784,1783
1670,1785,1786
1671,1787,1785
1672,1788,1787
1673,1789,1787
1674,1790,1785
1675,1791,1792
1676,1792,1625
1677,1793,1630
1678,1794,1634
1679,1795,1794
1680,1796,1797
1681,1797,1794
1682,1798,1796
1683,1799,1634
1684,1800,1801
1685,1801,1802
1686,1803,1800
1687,1804,1803
1688,1805,1804
1689,1806,1805
1690,1807,1806
1691,1808,1807
1692,1809,1808
1693,1810,1811
1694,1812,1813
1695,1813,1810
1696,1814,1815
1697,1815,1806
1698,1816,1817
1699,1818,1819
1700,1819,1816
1701,1820,1818
1702,1821,1822
1703,1822,1820
1704,1823,1810
1705,1824,1808
1706,1825,1824
1707,1826,1827
1708,1827,1825
1709,1828,1829
1710,1830,1828
1711,1831,1830
1712,1832,1831
1713,1833,1830
1714,1834,1833
1715,1835,1833
1716,1836,1835
1717,1837,1803
1718,1838,1837
1719,1839,1838
1720,1840,1839
1721,1841,1842
1722,1843,1841
1723,1844,1843
1724,1845,1846
1725,1847,1848
1726,1849,1847
1727,1850,1851
1728,1852,1853
1729,1854,1855
1730,1855,1852
1731,1856,1857
1732,1858,1859
1733,1859,1856
1734,1860,1858
1735,1861,1860
1736,1862,1863
1737,1863,1861
1738,1864,1865
1739,1866,1867
1740,1867,1864
1741,1868,1864
1742,1869,1868
1743,1870,1861
1744,1871,1870
1745,1872,1870
1746,1873,1874
1747,1875,1873
1748,1876,1875
1749,1877,1878
1750,1878,1876
1751,1879,1876
1752,1880,1879
1753,1881,1847
1754,1882,1633
1755,1883,1882
1756,1884,1627
1757,1885,1884
1758,1886,1885
1759,1887,1886
1760,1888,1889
1761,1890,1891
1762,1889,1887
1763,1891,1888
1764,1892,1893
1765,1893,1890
1766,1894,1884
1767,1895,1894
1768,1896,1894
1769,1897,1890
1770,1898,1897
1771,1899,1898
1772,1900,1901
1773,1902,1900
1774,1903,1621
1775,1904,1903
1776,1905,1903
1777,1906,1907
1778,1908,1909
1779,1910,1596
1780,1911,1908
1781,1909,1910
1782,1907,1911
1783,1912,1674
1784,1913,1681
1785,1914,1675
1786,1915,1660
1787,1916,1917
1788,1918,1919
1789,1917,1915
1790,1919,1916
1791,1920,1918
1792,1921,1920
1793,1922,1921
1794,1923,1922
1795,1924,1925
1796,1925,1923
1797,1926,1924
1798,1927,1926
1799,1928,1927
1800,1929,1915
1801,1930,1924
1802,1931,1926
1803,1932,1931
1804,1933,1931
1805,1934,1927
1806,1935,1922
1807,1936,1920
1808,1937,1936
1809,1938,1937
1810,1939,1938
1811,1940,1937
1812,1941,1918
1813,1942,1661
1814,1943,1942
1815,1944,1942
1816,1945,1944
1817,1946,1666
1818,1947,1948
1819,1948,1668
1820,1949,1947
1821,1950,1667
1822,1951,1950
1823,1952,1951
1824,1953,1951
1825,1954,1950
1826,1955,1663
1827,1956,1955
1828,1957,1955
1829,1958,1957
1830,1959,1958
1831,1960,1959
1832,1961,1960
1833,1962,1959
1834,1963,1662
1835,1964,1965
1836,1966,1967
1837,1965,1966
1838,1968,1964
1839,1969,1968
1840,1970,1969
1841,1971,1970
1842,1972,1973
1843,1973,1969
1844,1974,1975
1845,1976,1974
1846,1977,1612
1847,1978,1979
1848,1980,1611
1849,1979,1981
1850,1981,1982
1851,1982,1980
1852,1983,1984
1853,1985,1686
1854,1986,1987
1855,1987,1985
1856,1988,1692
1857,1989,1691
1858,1990,1690
1859,1991,1990
1860,1992,1689
1861,1993,1992
1862,1994,1685
1863,1995,1684
1864,1996,1997
1865,1997,1617
1866,1998,1618
1867,1999,2000
1868,2001,2002
1869,2003,2001
1870,2004,2003
1871,2005,2004
1872,2006,2007
1873,2008,2002
1874,2009,2008
1875,2010,2009
1876,2011,2010
1877,2012,2011
1878,2013,2012
1879,2014,2015
1880,2015,2010
1881,2016,2017
1882,2017,2018
1883,2018,2011
1884,2019,2016
1885,2020,2003
1886,2021,2020
1887,2022,2023
1888,2024,2025
1889,2025,2022
1890,2026,2024
1891,2027,2028
1892,2028,2026
1893,2029,2030
1894,2030,2020
1895,2031,2032
1896,2033,2024
1897,2034,2033
1898,2035,2026
1899,2036,2004
1900,2037,2036
1901,2038,2039
1902,2040,2038
1903,2041,2042
1904,2043,2041
1905,2044,2001
1906,2045,2044
1907,2046,1999
1908,2047,2048
1909,2049,1618
1910,2050,2049
1911,2051,2052
1912,2052,2053
1913,1984,2051
1914,2054,1610
1915,2055,1608
1916,2056,2055
1917,2057,2056
1918,2058,2059
1919,2059,2060
1920,2060,2061
1921,2061,2062
1922,2063,1635
1923,2064,2063
1924,2065,1642
1925,2066,2065
1926,2067,2066
1927,2068,2067
1928,2069,2067
1929,2070,2066
1930,2071,1646
1931,2072,2071
1932,2073,2071
1933,2074,1598
1934,2075,2074
1935,2076,2075
1936,2077,2078
1937,2078,2076
1938,2079,2077
1939,2080,2079
1940,2081,1592
1941,2082,2083
1942,2084,2081
1943,2083,2084
1944,2085,2082
1945,2086,2087
1946,2087,2088
1947,2089,2086
1948,2090,2089
1949,2091,2090
1950,2092,2090
1951,2093,2094
1952,2094,2092
1953,2095,2092
1954,2096,2097
1955,2098,2096
1956,2097,2099
1957,2099,1581
1958,2100,2098
1959,2101,2100
1960,2102,2103
1961,2103,1583
1962,2104,2105
1963,2105,1584
1964,2106,2107
1965,2108,2109
1966,2109,1840
1967,2110,2108
1968,2111,1594
1969,2112,1610
1970,1612,2113
1971,2114,1807
1972,1829,2115
1973,1655,1651
1974,2116,2054
1975,2117,2116
1976,1590,2088
1977,2118,2119
1978,2120,1703
1979,2002,2046
1980,2088,1581
1981,1596,1594
1982,2113,2112
1983,1620,2121
1984,2121,2122
1985,2122,2111
1986,2123,2118
1987,1703,2124
1988,1750,1748
1989,1802,2125
1990,2126,2114
1991,2115,2126
1992,2127,1850
1993,1853,2127
1994,2128,1854
1995,2129,2128
1996,2130,2129
1997,2131,2130
1998,2132,2131
1999,2133,2132
2000,2134,1899
2001,2135,2134
2002,2136,2135
2003,2137,2136
2004,1901,2137
2005,2138,2121
2006,2139,2138
2007,2140,2054
2008,2141,2057
2009,2062,2141
2010,2142,1593
2011,2143,2142
2012,2144,2143
2013,2145,1698
2014,1719,2145
2015,2146,2147
2016,2148,2149
2017,1698,2150
2018,2147,2148
2019,2150,2146
2020,2151,1603
2021,1967,2151
2022,1605,2151
2023,2152,1604
2024,1636,2152
2025,1607,2152
2026,2153,1606
2027,1975,2153
2028,1609,2153
2029,2154,1613
2030,2053,2154
2031,1615,2154
2032,1786,2155
2033,2155,1624
2034,1626,2155
2035,2156,1717
2036,2107,2156
2037,2149,2156
2038,2157,1758
2039,1777,2157
2040,1760,2157
2041,2158,1762
2042,1764,2158
2043,1772,2158
2044,1811,2159
2045,1817,2159
2046,2159,1809
2047,2124,2160
2048,2160,1844
2049,1846,2160
2050,1848,2161
2051,1874,2161
2052,2161,2162
2053,2162,1845
2054,2163,2162
2055,1851,2163
2056,2164,1998
2057,2048,2164
2058,2000,2164
2059,2165,2005
2060,2039,2165
2061,2166,2165
2062,2007,2166
2063,2042,2166
2064,2167,2021
2065,2023,2167
2066,2032,2167
2067,2168,1799
2068,1842,2168
2069,2125,2168
2070,1857,2169
2071,1865,2169
2072,2169,2133
2073,1575,2170
2074,2171,1117
2075,2172,2173
2076,2174,2172
2077,2175,2176
2078,2177,2175
2079,2178,2177
2080,2179,2178
2081,2180,2178
2082,2181,2177
2083,2182,2183
2084,2183,2184
2085,2185,2186
2086,2187,2188
2087,2189,2190
2088,2191,2189
2089,2192,2189
2090,2193,2192
2091,2194,2192
2092,2195,2196
2093,2197,2198
2094,2198,2195
2095,2199,2195
2096,2200,2199
2097,2201,2200
2098,2202,2201
2099,2203,2202
2100,2204,2203
2101,2205,2204
2102,2206,2205
2103,2207,2206
2104,2208,2199
2105,2209,2202
2106,2210,2209
2107,2211,2210
2108,2212,2211
2109,2213,2212
2110,2214,2215
2111,2215,2216
2112,2217,2218
2113,2219,2217
2114,2220,2221
2115,2221,2218
2116,2222,2209
2117,2223,2206
2118,2224,2205
2119,2225,2204
2120,2226,2203
2121,2227,2226
2122,2228,2227
2123,2229,2230
2124,2230,2226
2125,2231,2232
2126,2233,2231
2127,2232,2234
2128,2235,2233
2129,2236,2237
2130,2238,2239
2131,2240,2241
2132,2241,2238
2133,2239,2236
2134,2242,2240
2135,1068,2242
2136,2243,2244
2137,2244,2245
2138,2245,2238
2139,2246,2247
2140,2247,2233
2141,2248,2246
2142,2249,2248
2143,2250,2249
2144,2251,2250
2145,2252,2253
2146,1082,2254
2147,2254,2252
2148,2255,2256
2149,2257,2258
2150,2259,2235
2151,2260,2259
2152,2261,2262
2153,2262,2237
2154,2263,2261
2155,2264,2263
2156,2265,2266
2157,2266,2236
2158,2267,2268
2159,2268,2239
2160,2269,2246
2161,2270,2248
2162,2271,2270
2163,2272,2271
2164,2273,2272
2165,2274,2273
2166,2275,2274
2167,2276,2272
2168,2277,2273
2169,2278,2279
2170,2280,2278
2171,2281,2280
2172,2282,2281
2173,2283,2282
2174,2284,2283
2175,2285,2286
2176,2286,2252
2177,2287,2288
2178,2288,2231
2179,2289,2232
2180,2290,2289
2181,2291,2290
2182,2292,2293
2183,2294,2292
2184,2295,2296
2185,2296,2297
2186,2298,2299
2187,2300,2301
2188,2302,2303
2189,2304,2302
2190,2256,2260
2191,2305,1068
2192,2306,2305
2193,2307,2306
2194,1065,2308
2195,2308,2309
2196,2309,2310
2197,2310,2307
2198,2311,1065
2199,2312,2311
2200,2313,2312
2201,2314,2313
2202,2315,2314
2203,2316,2315
2204,2317,2316
2205,2318,2307
2206,2319,2318
2207,2320,2319
2208,2321,2322
2209,2322,2320
2210,2323,2321
2211,2324,2325
2212,2326,2324
2213,2327,2326
2214,2325,2323
2215,2328,2327
2216,2329,2328
2217,2330,2329
2218,2331,2330
2219,2332,2331
2220,2333,2332
2221,2334,2323
2222,2335,2334
2223,2336,2335
2224,2337,2336
2225,2338,2337
2226,2339,2338
2227,2340,2341
2228,2341,2342
2229,2343,2340
2230,2344,2345
2231,2345,2346
2232,2346,2343
2233,2347,2344
2234,2348,2347
2235,2349,2348
2236,2350,2351
2237,2351,2349
2238,2352,2350
2239,2353,2352
2240,2354,2355
2241,2356,2354
2242,2357,2356
2243,2358,2357
2244,2359,2358
2245,2360,2359
2246,2361,2360
2247,2362,2361
2248,2363,2362
2249,2364,2365
2250,2365,2366
2251,2366,2363
2252,2367,2364
2253,2368,2367
2254,2369,2368
2255,2370,2369
2256,2371,2370
2257,2372,2371
2258,2373,2372
2259,2374,2373
2260,2375,2374
2261,2376,2377
2262,2378,2376
2263,2377,2342
2264,2379,2378
2265,2380,2379
2266,2381,2382
2267,2383,2380
2268,2382,2383
2269,2384,2385
2270,2385,2381
2271,2386,2384
2272,2387,2386
2273,2388,2389
2274,2390,2391
2275,2391,2388
2276,2389,2387
2277,2392,2390
2278,2393,2392
2279,2394,2393
2280,320,2394
2281,2395,320
2282,2396,2395
2283,2397,2398
2284,2398,2396
2285,2399,2397
2286,2400,2399
2287,2401,2400
2288,2402,2403
2289,2404,2402
2290,2403,2401
2291,2405,2404
2292,2406,2407
2293,2408,2406
2294,2409,2408
2295,2410,2409
2296,2411,2412
2297,2412,2410
2298,2413,2414
2299,2414,2415
2300,2415,2411
2301,2416,2413
2302,2417,2416
2303,2418,2417
2304,2419,2418
2305,2420,2419
2306,2421,2420
2307,2422,2421
2308,2423,2410
2309,2424,2423
2310,2425,2404
2311,2426,2427
2312,2428,2426
2313,2429,2428
2314,2430,2429
2315,2431,2430
2316,2432,2431
2317,2433,2432
2318,2434,2433
2319,2435,2436
2320,2436,2434
2321,2437,2435
2322,2438,2437
2323,2439,2438
2324,2440,2439
2325,2441,2440
2326,2442,2441
2327,2443,2442
2328,2444,2445
2329,2445,2443
2330,2446,2444
2331,2447,2446
2332,2448,2447
2333,2449,2448
2334,2450,2449
2335,2451,2450
2336,2452,2451
2337,2453,2452
2338,2454,2453
2339,2455,2456
2340,2457,2458
2341,2459,2460
2342,2461,2459
2343,2462,2463
2344,2464,2465
2345,2466,2467
2346,2467,2468
2347,2468,2321
2348,2469,2470
2349,2471,2469
2350,2472,2471
2351,2473,2472
2352,2474,2473
2353,2475,2474
2354,2476,2475
2355,2477,2476
2356,2478,2477
2357,2479,2478
2358,2480,2479
2359,2481,2480
2360,2482,2483
2361,2484,2482
2362,2485,2484
2363,2486,2485
2364,2487,2486
2365,2488,2487
2366,2489,2488
2367,2490,2491
2368,2492,2493
2369,2494,2495
2370,2496,2497
2371,2498,2492
2372,2493,2392
2373,2491,2498
2374,2495,2496
2375,2497,2490
2376,2499,2494
2377,2500,2499
2378,2501,2500
2379,2502,2501
2380,2503,2504
2381,2505,2503
2382,2506,2505
2383,2507,2506
2384,2508,2507
2385,2509,2510
2386,2511,2509
2387,2512,2511
2388,2513,2514
2389,2515,2512
2390,2514,2515
2391,2516,2517
2392,2518,2516
2393,2519,2518
2394,2520,2519
2395,2521,2520
2396,2522,2378
2397,2523,2522
2398,2524,2523
2399,2525,2524
2400,2526,2525
2401,2527,2526
2402,2528,2529
2403,2530,2528
2404,2531,2532
2405,2533,2534
2406,2532,2533
2407,2535,2536
2408,2536,2318
2409,2537,2535
2410,2538,2537
2411,2539,2538
2412,2540,2541
2413,2541,2335
2414,2542,2540
2415,2543,2542
2416,2544,1082
2417,2545,2544
2418,2546,2545
2419,2547,2546
2420,1086,2547
2421,2548,1086
2422,2549,2550
2423,2551,2549
2424,2552,2551
2425,2550,2553
2426,2554,2552
2427,2555,2431
2428,2556,2555
2429,2557,2556
2430,2558,2557
2431,2559,2558
2432,2560,2559
2433,2561,2354
2434,2562,2561
2435,2563,2562
2436,2564,2565
2437,2566,2564
2438,2567,2566
2439,2568,2567
2440,2569,2570
2441,2570,2571
2442,2571,2409
2443,2572,2569
2444,2573,2572
2445,2574,2573
2446,2575,2574
2447,2576,2577
2448,2577,2386
2449,2578,2576
2450,2579,2578
2451,2580,2579
2452,2581,2580
2453,2582,2583
2454,2584,2582
2455,2585,2584
2456,2586,2585
2457,2587,2588
2458,2588,2586
2459,2589,2590
2460,2590,2591
2461,2591,2400
2462,2592,2589
2463,2593,2592
2464,2594,2595
2465,2596,2397
2466,2595,2596
2467,2597,2594
2468,2598,2597
2469,2599,2600
2470,2601,2599
2471,2602,2601
2472,2603,2602
2473,2604,2605
2474,2606,2604
2475,2607,2608
2476,2609,2610
2477,1105,2610
2478,2611,2466
2479,2612,2613
2480,2614,2612
2481,2615,2616
2482,2617,2615
2483,2616,2305
2484,2618,2617
2485,2619,2618
2486,2620,2618
2487,1113,2620
2488,2621,2617
2489,2622,2623
2490,2624,2306
2491,2623,2624
2492,2625,2626
2493,2627,2628
2494,2626,2627
2495,2628,2320
2496,2629,2630
2497,2631,2632
2498,2633,2634
2499,2634,2635
2500,2635,2322
2501,2636,2471
2502,2637,2636
2503,2638,2476
2504,2639,2477
2505,2640,2479
2506,2641,2640
2507,2642,2641
2508,2643,2640
2509,2644,2643
2510,2645,2644
2511,2646,2645
2512,2647,2643
2513,2648,2641
2514,2649,2648
2515,2650,2480
2516,2651,2481
2517,2652,2651
2518,2653,2652
2519,2654,2653
2520,2655,2483
2521,2656,2482
2522,2657,2484
2523,2658,2486
2524,2659,2658
2525,2660,2658
2526,2661,2489
2527,2662,2661
2528,2663,2662
2529,2664,2663
2530,2665,2663
2531,2666,2665
2532,2667,2662
2533,2668,2667
2534,2669,2670
2535,2670,2671
2536,2672,2669
2537,2671,2487
2538,2673,2485
2539,2674,2673
2540,2675,2673
2541,2676,2478
2542,2677,2676
2543,2678,2676
2544,2679,2469
2545,2680,2470
2546,2681,2682
2547,2683,2334
2548,2682,2683
2549,2684,2685
2550,2686,2336
2551,2685,2686
2552,2687,2684
2553,2688,2687
2554,2689,2684
2555,2690,2689
2556,2691,2692
2557,2693,2691
2558,2692,2337
2559,2694,2693
2560,2695,2693
2561,2696,2526
2562,2697,2696
2563,2698,2534
2564,2699,2700
2565,2701,2702
2566,2703,2704
2567,2705,2706
2568,2707,2705
2569,2708,2707
2570,2709,2708
2571,2710,2711
2572,2711,2709
2573,2712,2708
2574,2713,2709
2575,2714,2713
2576,2715,2716
2577,2717,2703
2578,2718,2719
2579,2720,2718
2580,2721,2720
2581,2722,2721
2582,2723,2721
2583,2724,2528
2584,2725,2726
2585,2727,2725
2586,2728,2729
2587,2729,2727
2588,2730,2525
2589,2731,2524
2590,2732,2523
2591,2733,2465
2592,2734,2735
2593,2736,2737
2594,2735,2385
2595,2737,2734
2596,2738,2739
2597,2739,2384
2598,2740,2741
2599,2742,2740
2600,2743,2742
2601,2744,2743
2602,2745,2740
2603,2746,2743
2604,2747,2742
2605,2748,2749
2606,2750,2387
2607,2751,2750
2608,2752,2751
2609,2753,2752
2610,2754,2753
2611,2755,2754
2612,2756,2755
2613,2757,2751
2614,2758,2759
2615,2759,2389
2616,2760,2761
2617,2761,2388
2618,2762,2494
2619,2763,2762
2620,2764,2765
2621,2766,2763
2622,2765,2762
2623,2767,2500
2624,2768,2502
2625,2769,2503
2626,2770,2512
2627,2771,2519
2628,2772,2773
2629,2774,2771
2630,2773,2774
2631,2775,2776
2632,2777,2775
2633,2778,2779
2634,2779,2777
2635,2780,2778
2636,2781,2775
2637,2782,2783
2638,2784,2505
2639,1119,2785
2640,2785,2784
2641,2786,1118
2642,2787,2786
2643,2788,2786
2644,2789,2788
2645,2790,2788
2646,2791,1118
2647,2504,2501
2648,2792,2499
2649,2793,2794
2650,2795,2602
2651,2796,2795
2652,2797,2796
2653,2798,2797
2654,2799,2798
2655,2800,2799
2656,2801,2795
2657,2802,2801
2658,2803,2802
2659,2804,2797
2660,2805,2804
2661,2806,2805
2662,2807,2804
2663,2808,2799
2664,2809,2808
2665,2810,2809
2666,2811,2808
2667,2812,2798
2668,2813,2796
2669,2814,1110
2670,2815,2814
2671,2816,2817
2672,2818,2401
2673,2819,2429
2674,2820,2430
2675,2821,2822
2676,2822,2557
2677,2823,2558
2678,2824,2559
2679,2825,2556
2680,2826,2825
2681,2827,2828
2682,2828,2825
2683,2829,2555
2684,2830,2432
2685,2831,2438
2686,2832,2831
2687,2833,2832
2688,2834,2832
2689,2835,2834
2690,2836,2835
2691,2837,2834
2692,2838,2837
2693,2839,2837
2694,2840,2831
2695,2841,2439
2696,2842,2841
2697,2843,2842
2698,2844,2845
2699,2846,2844
2700,2847,2846
2701,2848,2847
2702,2849,2846
2703,2850,2847
2704,2851,2850
2705,2852,2844
2706,2853,2852
2707,2854,2855
2708,2856,2852
2709,2857,2858
2710,2845,2841
2711,2859,2444
2712,2860,2446
2713,2861,2860
2714,2862,2861
2715,2863,2862
2716,2864,2863
2717,2865,2864
2718,2866,2860
2719,2867,2862
2720,2868,2864
2721,2869,2868
2722,2870,2868
2723,2871,2863
2724,2872,2861
2725,2873,2872
2726,2874,2873
2727,2875,2872
2728,2876,2875
2729,2877,2876
2730,2878,2875
2731,2879,2878
2732,2880,2878
2733,2881,2447
2734,2882,2881
2735,2883,2881
2736,2884,2883
2737,2885,2884
2738,2886,2883
2739,2887,2884
2740,2888,2449
2741,2889,2890
2742,2891,2450
2743,2890,2891
2744,2892,2889
2745,2893,2451
2746,2894,2895
2747,2896,2897
2748,2898,2452
2749,2899,2900
2750,2901,2453
2751,2900,2901
2752,2902,2903
2753,2904,2458
2754,2905,2904
2755,2610,2905
2756,2906,2904
2757,2907,2459
2758,2463,2461
2759,2908,2462
2760,2909,2908
2761,2910,2909
2762,2911,2910
2763,2912,2911
2764,2913,2912
2765,2914,2909
2766,2915,2916
2767,2917,2455
2768,2918,2448
2769,2919,2443
2770,2920,2919
2771,2921,2920
2772,2922,2920
2773,2923,2437
2774,2924,2923
2775,2925,2924
2776,2926,2923
2777,2927,2924
2778,2928,2435
2779,2929,2928
2780,2930,2929
2781,2931,2930
2782,2932,2931
2783,2933,2932
2784,2934,2933
2785,2935,2932
2786,2936,2933
2787,2937,2929
2788,2938,2937
2789,2939,2938
2790,2940,2939
2791,2941,2939
2792,2942,2928
2793,2943,2944
2794,2944,2433
2795,2945,2428
2796,2946,2426
2797,2947,2948
2798,2948,2405
2799,2949,2947
2800,2950,2949
2801,2951,2408
2802,2952,2951
2803,2953,2952
2804,2954,2952
2805,2955,2423
2806,2956,2418
2807,2957,2420
2808,2958,2957
2809,2959,2958
2810,2960,2957
2811,2961,2960
2812,2962,2961
2813,2963,2960
2814,2964,2961
2815,2965,2964
2816,2966,2965
2817,2967,2966
2818,2968,2964
2819,2969,2966
2820,2970,2969
2821,2971,2969
2822,2972,2971
2823,2973,2972
2824,2974,2965
2825,2975,2422
2826,2976,2975
2827,2977,2978
2828,2978,2976
2829,2979,2977
2830,2980,2981
2831,2216,2981
2832,2218,2216
2833,2982,2983
2834,2984,2421
2835,2985,2419
2836,2986,2569
2837,2987,2574
2838,2988,2987
2839,2989,2990
2840,2990,2987
2841,2991,2992
2842,2992,2406
2843,2993,2407
2844,2994,2995
2845,2995,2993
2846,2996,2994
2847,2997,2994
2848,2998,2999
2849,3000,2998
2850,3001,3002
2851,3002,3003
2852,3004,2402
2853,3005,3006
2854,3006,3004
2855,3007,3008
2856,3009,2403
2857,3008,3009
2858,3010,3011
2859,3011,2592
2860,3012,2589
2861,3013,3014
2862,3014,2399
2863,3015,3016
2864,3017,3013
2865,3016,3017
2866,3018,3013
2867,3019,3018
2868,3020,3021
2869,3021,2398
2870,3022,3023
2871,3023,2396
2872,3024,3025
2873,3025,2395
2874,3026,2394
2875,3027,3028
2876,3028,3026
2877,3029,3030
2878,3031,3032
2879,3033,3034
2880,3035,3033
2881,3034,2393
2882,3036,3037
2883,3038,3036
2884,3039,3036
2885,3040,3041
2886,3042,3040
2887,3043,3042
2888,3044,3040
2889,3045,3046
2890,3047,2390
2891,3046,3047
2892,3048,3049
2893,3049,3050
2894,3050,2391
2895,3051,2580
2896,3052,3053
2897,3054,2582
2898,3055,2576
2899,3056,3057
2900,3057,2381
2901,3058,3056
2902,3059,3058
2903,3060,3059
2904,3061,3060
2905,3062,3056
2906,3063,3064
2907,3065,3066
2908,3064,3067
2909,3066,3068
2910,3067,3065
2911,3068,2380
2912,3069,3070
2913,3070,2376
2914,3071,2340
2915,3072,3071
2916,3073,3072
2917,3074,2344
2918,3075,2352
2919,3076,3075
2920,3077,3075
2921,3078,2561
2922,3079,3078
2923,3080,2562
2924,3081,2566
2925,3082,3081
2926,3083,3082
2927,3084,2567
2928,3085,2564
2929,3086,3087
2930,3088,3086
2931,3089,2359
2932,3090,2360
2933,3091,2363
2934,3092,2367
2935,3093,3092
2936,3094,3093
2937,3095,3094
2938,3096,3092
2939,3097,3093
2940,3098,3094
2941,3099,3098
2942,3100,3099
2943,3101,3102
2944,3103,3101
2945,3104,3105
2946,3106,3104
2947,3107,3102
2948,3108,3107
2949,3109,3110
2950,3111,3112
2951,3113,3107
2952,3114,3113
2953,3115,3113
2954,3116,2372
2955,3117,3116
2956,3118,2371
2957,3119,2364
2958,3120,3119
2959,3121,3120
2960,3122,3119
2961,3123,2362
2962,3124,3123
2963,3125,3124
2964,3126,3124
2965,3127,3123
2966,3128,2361
2967,3129,3128
2968,3130,2358
2969,3131,3130
2970,3132,3130
2971,3133,2357
2972,3134,2356
2973,3135,2355
2974,3136,2353
2975,3137,2350
2976,3138,3137
2977,3139,3138
2978,3140,3139
2979,3141,3137
2980,3142,3141
2981,3143,2347
2982,3144,3143
2983,3145,3146
2984,3146,2338
2985,3147,3145
2986,3148,3149
2987,3149,3145
2988,3150,3148
2989,3151,2540
2990,3152,3151
2991,3153,3152
2992,3154,2542
2993,3155,2328
2994,3156,3155
2995,3157,2329
2996,3158,3157
2997,3159,2331
2998,3160,3159
2999,3161,3160
3000,3162,3163
3001,3164,3165
3002,3166,3167
3003,3167,3164
3004,3168,3166
3005,3165,3169
3006,3170,3171
3007,3172,3170
3008,3173,3174
3009,3171,3173
3010,3175,3172
3011,3176,3177
3012,3178,3176
3013,3179,3180
3014,3181,3182
3015,3183,3181
3016,3184,3181
3017,3185,3186
3018,3186,3187
3019,3188,3189
3020,3190,3188
3021,3191,3188
3022,3192,3172
3023,3193,3194
3024,3195,3193
3025,3196,3197
3026,3198,3196
3027,3199,3198
3028,3200,3199
3029,3201,3199
3030,3202,3197
3031,3203,3202
3032,3204,3203
3033,3205,3202
3034,3206,3160
3035,3207,3206
3036,3208,3206
3037,3209,3208
3038,3210,3209
3039,3211,3210
3040,3212,3211
3041,3213,3210
3042,3214,3213
3043,3215,3214
3044,3216,3215
3045,3217,3216
3046,3218,3217
3047,3219,3214
3048,3220,3216
3049,3221,3215
3050,3222,3221
3051,3223,3222
3052,3224,3213
3053,3225,3159
3054,3226,2332
3055,3227,3226
3056,3228,3226
3057,3229,2330
3058,3230,3229
3059,3231,3230
3060,3232,3231
3061,3233,3229
3062,3234,3230
3063,3235,3234
3064,3236,3237
3065,3238,2327
3066,3237,3238
3067,3239,2319
3068,3240,3239
3069,3241,3240
3070,3242,3241
3071,3243,3240
3072,3244,3243
3073,3245,3244
3074,3246,3243
3075,3247,3244
3076,3248,3241
3077,3249,2535
3078,3250,2313
3079,3251,2315
3080,3252,2316
3081,3253,3252
3082,3254,3253
3083,3255,3252
3084,3256,2314
3085,3257,2312
3086,3258,3257
3087,3259,3258
3088,3260,3258
3089,3261,3262
3090,3263,3257
3091,3262,3263
3092,1062,2311
3093,3264,1061
3094,3265,3266
3095,1115,1112
3096,3267,2489
3097,3268,3267
3098,3269,3270
3099,3270,3268
3100,3271,3267
3101,3272,3273
3102,3273,3268
3103,3274,3275
3104,3275,3271
3105,3276,3271
3106,3277,3275
3107,1117,3278
3108,3278,3279
3109,2297,3280
3110,3281,2293
3111,2293,2297
3112,2234,3281
3113,2237,2235
3114,2303,3281
3115,3282,2298
3116,2301,2298
3117,2407,2999
3118,2999,3283
3119,3003,2405
3120,3283,3003
3121,3284,2608
3122,2608,3285
3123,1110,3286
3124,2470,2466
3125,3287,2688
3126,2342,2339
3127,3288,2717
3128,3289,3290
3129,3291,3289
3130,3292,3289
3131,2534,3293
3132,3294,3295
3133,3293,3294
3134,3296,3297
3135,3298,3299
3136,1108,2481
3137,2483,1108
3138,3300,3301
3139,3302,3303
3140,3304,3305
3141,3306,3307
3142,3303,3304
3143,3305,3306
3144,3308,3203
3145,3309,3310
3146,3311,3312
3147,2465,3313
3148,3314,3315
3149,3315,2379
3150,3316,3317
3151,3318,2274
3152,3319,2554
3153,3320,1095
3154,3321,3320
3155,3322,3321
3156,3323,3322
3157,3324,3323
3158,3325,2224
3159,3326,2224
3160,3327,3328
3161,3329,3330
3162,2196,3331
3163,2190,3332
3164,2188,3332
3165,3333,3334
3166,3332,3334
3167,3334,3335
3168,2186,3335
3169,3335,3336
3170,2184,3337
3171,3331,3337
3172,3337,3338
3173,3338,3333
3174,2983,3338
3175,2176,3339
3176,3336,3339
3177,3339,2979
3178,2253,3340
3179,3340,2251
3180,2279,3340
3181,3341,2255
3182,2299,3341
3183,3342,3341
3184,2258,3342
3185,3343,3342
3186,3344,2454
3187,2903,3344
3188,2456,3344
3189,3345,2457
3190,2916,3345
3191,2460,3345
3192,3346,2508
3193,2783,3346
3194,2510,3346
3195,3347,2513
3196,2776,3347
3197,2517,3347
3198,3348,2527
3199,2726,3348
3200,2529,3348
3201,3349,2530
3202,3297,3349
3203,2719,3349
3204,1084,3350
3205,2553,3350
3206,3350,2548
3207,3087,3351
3208,2565,3351
3209,3351,2563
3210,2583,3352
3211,3053,3352
3212,3352,2581
3213,2817,3353
3214,2600,3353
3215,3354,2598
3216,3353,3354
3217,2794,3354
3218,3355,2603
3219,3286,3355
3220,2605,3355
3221,3356,2625
3222,2632,3356
3223,2630,3356
3224,3357,2531
3225,2704,3357
3226,2700,3357
3227,3358,2699
3228,3266,3358
3229,2702,3358
3230,2716,3359
3231,2706,3359
3232,3359,3288
3233,3360,2738
3234,2749,3360
3235,2741,3360
3236,2855,3361
3237,3361,2853
3238,2858,3361
3239,2895,3362
3240,3362,2893
3241,2897,3362
3242,3032,3363
3243,3030,3363
3244,3363,3027
3245,3037,3364
3246,3364,3035
3247,3041,3364
3248,3365,3100
3249,3105,3365
3250,3102,3365
3251,3366,3161
3252,3163,3366
3253,3197,3366
3254,3174,3367
3255,3169,3367
3256,3194,3368
3257,3367,3368
3258,3368,3162
3259,3177,3369
3260,3369,3370
3261,3189,3370
3262,3370,3371
3263,3180,3371
3264,3371,3372
3265,3372,3175
3266,3373,3179
3267,3187,3373
3268,3182,3373
3269,1102,3374
3270,3375,1085
3271,3374,3375
3272,1092,3374
3273,1090,3375
3274,3376,3296
3275,3299,3376
3276,3295,3376
3277,3307,3377
3278,3301,3377
3279,3377,3311
3280,3310,3378
3281,3312,3378
3282,3378,3308
3283,3313,3379
3284,3379,3314
3285,3317,3379
3286,3328,3380
3287,3112,3380
3288,3380,3108
3289,3330,3381
3290,3110,3381
3291,3381,3327
3292,3382,3383
3293,3384,3383
3294,3385,3384
3295,3386,3384
3296,3387,3386
3297,3388,3389
3298,3389,3386
3299,3390,3389
3300,2170,2339
3301,3391,3392
3302,3393,3394
3303,3395,3396
3304,3397,3395
3305,3392,3398
3306,3398,3399
3307,3400,3401
3308,3402,3391
3309,3399,3393
3310,3401,3397
3311,3403,3404
3312,3394,3403
3313,3396,3402
3314,3405,3406
3315,3406,3400
3316,3407,3405
3317,3408,3407
3318,3409,3410
3319,3410,3408
3320,3411,3409
3321,3412,3413
3322,3413,3414
3323,3414,3411
3324,3415,3416
3325,3416,3412
3326,3417,3415
3327,3418,3419
3328,3419,3417
3329,3420,3418
3330,3421,3422
3331,3422,3420
3332,3423,3424
3333,3424,3421
3334,3425,3423
3335,3426,3425
3336,3427,3426
3337,3428,3427
3338,3429,3428
3339,3430,3429
3340,3431,3430
3341,3432,3431
3342,3433,3432
3343,3434,3433
3344,3435,3434
3345,3436,3435
3346,3437,3436
3347,3438,3437
3348,3439,3440
3349,3441,3439
3350,3442,3441
3351,3443,3442
3352,3444,3443
3353,3445,3444
3354,3446,3445
3355,3447,3446
3356,3448,3447
3357,3449,3448
3358,3450,3449
3359,3451,3450
3360,3452,3451
3361,3453,3452
3362,3454,3453
3363,3455,3454
3364,3456,3455
3365,3457,3456
3366,3458,3457
3367,3459,3458
3368,3460,3459
3369,3461,3460
3370,3462,3461
3371,3463,3462
3372,3464,3450
3373,3465,3464
3374,3466,3465
3375,3467,3466
3376,3468,3464
3377,3469,3468
3378,3470,3468
3379,3471,3470
3380,3472,3471
3381,3473,3472
3382,3474,3473
3383,3475,3445
3384,3476,3475
3385,3477,3476
3386,3478,3477
3387,3479,3478
3388,3480,3479
3389,3481,3480
3390,3482,3481
3391,3483,3443
3392,3484,3483
3393,3485,3484
3394,3486,3485
3395,3487,3486
3396,3488,3487
3397,3489,3488
3398,3490,3489
3399,3491,3492
3400,3492,3412
3401,3493,3491
3402,3494,3493
3403,3495,3494
3404,3496,3495
3405,3497,3496
3406,3498,3497
3407,3499,3498
3408,3500,3499
3409,3501,3500
3410,3502,3494
3411,3503,3502
3412,3504,3503
3413,3505,3504
3414,3506,3505
3415,3507,3506
3416,3508,3452
3417,3509,3508
3418,3510,3509
3419,3511,3510
3420,3512,3513
3421,3513,3511
3422,3514,3431
3423,3515,3514
3424,3516,3515
3425,3517,3516
3426,3518,3517
3427,3519,3518
3428,3520,3521
3429,3521,3417
3430,3522,3520
3431,3523,3522
3432,3524,3523
3433,3525,3524
3434,3526,3525
3435,3527,3526
3436,3528,3529
3437,3529,3400
3438,3530,3528
3439,3531,3530
3440,3532,3531
3441,3533,3532
3442,3534,3439
3443,3535,3534
3444,3536,3535
3445,3537,3536
3446,3538,3537
3447,3539,3540
3448,3541,3539
3449,3542,3543
3450,3543,3398
3451,3544,3528
3452,3545,3531
3453,3546,3530
3454,3547,3502
3455,3548,3503
3456,3549,3504
3457,3550,3549
3458,3551,3550
3459,3552,3549
3460,3553,3552
3461,3554,3555
3462,3555,3505
3463,3556,3506
3464,3557,3558
3465,3558,3495
3466,3559,3496
3467,3560,3559
3468,3561,3560
3469,3562,3561
3470,3563,3559
3471,3564,3561
3472,3565,3564
3473,3566,3564
3474,3567,3560
3475,3568,3567
3476,3569,3568
3477,3570,3568
3478,3571,3567
3479,3572,3499
3480,3573,3500
3481,3574,3573
3482,3575,3573
3483,3576,3498
3484,3577,3497
3485,3578,3493
3486,3579,3491
3487,3580,3523
3488,3581,3582
3489,3583,3526
3490,3582,3583
3491,3584,3585
3492,3585,3581
3493,3586,3584
3494,3587,3586
3495,3588,3587
3496,3589,3581
3497,3590,3584
3498,3591,3587
3499,3592,3586
3500,3593,3594
3501,3594,3522
3502,3595,3520
3503,3596,3421
3504,3597,3596
3505,3598,3599
3506,3600,3597
3507,3599,3600
3508,3601,3597
3509,3602,3596
3510,3603,3426
3511,3604,3429
3512,3605,3516
3513,3606,3518
3514,3607,3517
3515,3608,3515
3516,3609,3514
3517,3610,3432
3518,3611,3612
3519,3613,3534
3520,3614,3537
3521,3615,3536
3522,3616,3535
3523,3617,3444
3524,3618,3617
3525,3619,3618
3526,3620,3619
3527,3621,3620
3528,3622,3621
3529,3623,3619
3530,3624,3623
3531,3625,3624
3532,3626,3623
3533,3627,3624
3534,3628,3621
3535,3629,3628
3536,3630,3629
3537,3631,3630
3538,3632,3631
3539,3633,3631
3540,3634,3630
3541,3635,3620
3542,3636,3618
3543,3637,3617
3544,3638,3446
3545,3639,3451
3546,3640,3454
3547,3641,3455
3548,3642,3459
3549,3643,3461
3550,3644,3462
3551,3645,3460
3552,3646,3645
3553,3647,3645
3554,3648,3458
3555,3649,3648
3556,3650,3649
3557,3651,3457
3558,3652,3456
3559,3653,3453
3560,3654,3653
3561,3655,3654
3562,3656,3655
3563,3657,3656
3564,3658,3657
3565,3659,3658
3566,3660,3659
3567,3661,3653
3568,3662,3655
3569,3663,3658
3570,3664,3657
3571,3665,3656
3572,3666,3654
3573,3667,3510
3574,3668,3509
3575,3669,3508
3576,3670,3669
3577,3671,3466
3578,3672,3465
3579,3673,3470
3580,3674,3471
3581,3675,3472
3582,3676,3473
3583,3677,3449
3584,3678,3477
3585,3679,3478
3586,3680,3479
3587,3681,3476
3588,3682,3681
3589,3683,3681
3590,3684,3483
3591,3685,3485
3592,3686,3487
3593,3687,3489
3594,3688,3488
3595,3689,3486
3596,3690,3691
3597,3691,3689
3598,3692,3689
3599,3693,3484
3600,3694,3437
3601,3695,3694
3602,3696,3695
3603,3697,3695
3604,3698,3697
3605,3699,3697
3606,3700,3694
3607,3701,3436
3608,3702,3435
3609,3703,3702
3610,3704,3702
3611,3705,3427
3612,3706,3425
3613,3707,3420
3614,3708,3707
3615,3709,3708
3616,3710,3709
3617,3711,3710
3618,3712,3711
3619,3713,3712
3620,3714,3713
3621,3715,3714
3622,3716,3715
3623,3717,3716
3624,3718,3708
3625,3719,3712
3626,3720,3716
3627,3721,3715
3628,3722,3714
3629,3723,3713
3630,3724,3711
3631,3725,3724
3632,3726,3724
3633,3727,3728
3634,3728,3413
3635,3729,3730
3636,3731,3729
3637,3730,3414
3638,3732,3733
3639,3733,3411
3640,3734,3732
3641,3735,3732
3642,3736,3737
3643,3737,3408
3644,3738,3736
3645,3739,3736
3646,3740,3739
3647,3741,3405
3648,3742,3743
3649,3743,3401
3650,3744,3745
3651,3745,3402
3652,3746,3747
3653,3747,3399
3654,3748,3577
3655,3749,3540
3656,3750,3423
3657,3540,3750
3658,3751,3752
3659,3753,3751
3660,3404,3753
3661,3754,3755
3662,3755,3404
3663,3756,3754
3664,3757,3756
3665,3758,3757
3666,3759,3758
3667,3760,3759
3668,3761,3762
3669,3763,3761
3670,3764,3752
3671,3762,3764
3672,3765,3763
3673,3766,3765
3674,3767,3751
3675,3768,3769
3676,3770,3768
3677,3769,3767
3678,3771,3770
3679,3772,3771
3680,3773,3772
3681,3774,3773
3682,3775,3774
3683,3776,3777
3684,3777,3775
3685,3778,3779
3686,3779,3759
3687,3780,3778
3688,3781,3782
3689,3782,3758
3690,3783,3781
3691,3784,3783
3692,3785,3753
3693,3786,3785
3694,3787,3786
3695,3788,3787
3696,3789,3788
3697,3790,3789
3698,3791,3792
3699,3793,3791
3700,3792,3790
3701,3794,3793
3702,3795,3780
3703,3796,3797
3704,3797,3798
3705,3799,3772
3706,3800,3775
3707,3801,3802
3708,3803,3801
3709,3804,3803
3710,3805,3804
3711,3806,3801
3712,3807,3804
3713,3808,3803
3714,3802,3773
3715,3809,3771
3716,3810,3770
3717,3811,3788
3718,3812,3811
3719,3813,3790
3720,3814,3787
3721,3815,3816
3722,3816,3814
3723,3817,3814
3724,3818,3817
3725,3819,3817
3726,3820,3786
3727,3821,3755
3728,3822,3823
3729,3823,3821
3730,3824,3825
3731,3826,3824
3732,3827,3783
3733,3825,3827
3734,3828,3781
3735,3829,3778
3736,3830,3756
3737,3831,3832
3738,3832,3754
3739,3833,3834
3740,3834,3831
3741,3835,3831
3742,3836,3763
3743,3837,3836
3744,3838,3839
3745,3840,3838
3746,3841,3842
3747,3843,3841
3748,3844,3843
3749,3845,3841
3750,3846,3847
3751,3847,3843
3752,3848,3800
3753,3849,3800
3754,3850,3849
3755,3798,3851
3756,3752,3839
3757,3839,3798
3758,3851,3852
3759,3853,3854
3760,3855,3813
3761,3856,3813
3762,3854,3805
3763,3857,3780
3764,3440,3858
3765,3612,3858
3766,3858,3438
3767,3842,3789
3768,3859,3802
3769,3860,3859
3770,3860,3774
3771,3861,3862
3772,3863,3864
3773,3864,3865
3774,3862,3866
3775,3866,3863
3776,3867,3861
3777,3868,3867
3778,3869,3868
3779,3870,3871
3780,3871,3869
3781,3872,3870
3782,3873,3874
3783,3874,3872
3784,3875,3873
3785,3876,3877
3786,3877,3875
3787,3878,3876
3788,3879,3878
3789,3880,3879
3790,3881,3880
3791,3882,3881
3792,3883,3882
3793,3884,3883
3794,3885,3884
3795,3886,3885
3796,3887,3886
3797,3888,3887
3798,3889,3890
3799,3891,3889
3800,3892,3869
3801,3893,3892
3802,3894,3893
3803,3895,3894
3804,3896,3895
3805,3897,3896
3806,3898,3899
3807,3899,3897
3808,3900,3898
3809,3901,3900
3810,3902,3901
3811,3903,3902
3812,3904,3903
3813,3905,3904
3814,3906,3905
3815,3907,3906
3816,3908,3907
3817,3909,3908
3818,3910,3905
3819,3911,3910
3820,3912,3911
3821,3913,3912
3822,3914,3915
3823,3916,3914
3824,3915,3913
3825,3917,3916
3826,3918,3919
3827,3919,3897
3828,3920,3921
3829,3921,3922
3830,3922,3918
3831,3923,3924
3832,3924,3920
3833,3925,3923
3834,3926,3925
3835,3927,3926
3836,3928,3927
3837,3929,3930
3838,3930,3931
3839,3932,3933
3840,3933,3929
3841,3931,3928
3842,3934,3935
3843,3935,3932
3844,3936,3934
3845,3937,3938
3846,3938,3936
3847,3939,3937
3848,3940,3939
3849,3941,3940
3850,3942,3941
3851,3943,3942
3852,3944,3945
3853,3945,3943
3854,3946,3947
3855,3947,3936
3856,3948,3949
3857,3949,3946
3858,3950,3951
3859,3952,3953
3860,3954,3955
3861,3956,3957
3862,3955,3952
3863,3953,3958
3864,3958,3950
3865,3959,3956
3866,3960,3948
3867,3957,3960
3868,3951,3959
3869,3961,3954
3870,3962,3963
3871,3964,3965
3872,3966,3967
3873,3968,3964
3874,3963,3966
3875,3965,3962
3876,3967,3969
3877,3970,3971
3878,3972,3970
3879,3973,3972
3880,3974,3973
3881,3975,3974
3882,3976,3977
3883,3978,3975
3884,3977,3978
3885,3979,3976
3886,3980,3979
3887,3981,3980
3888,3982,3983
3889,3984,3981
3890,3983,3984
3891,3985,3982
3892,3986,3985
3893,3987,3986
3894,3988,3987
3895,3989,3988
3896,3990,3989
3897,3991,3990
3898,3992,3991
3899,3993,3992
3900,3994,3993
3901,3995,3994
3902,3996,3995
3903,3997,3996
3904,3998,3997
3905,3999,3998
3906,4000,3999
3907,4001,4000
3908,4002,4001
3909,4003,3988
3910,4004,3954
3911,4005,4004
3912,4006,4005
3913,4007,4006
3914,4008,4007
3915,4009,4008
3916,4010,4009
3917,4011,4010
3918,4012,4011
3919,4013,4012
3920,4014,4013
3921,4015,4014
3922,4016,3920
3923,4017,4016
3924,4018,4017
3925,4019,4018
3926,4020,4019
3927,4021,4020
3928,4022,4021
3929,4023,4022
3930,4024,4023
3931,4025,4024
3932,4026,4025
3933,4027,4028
3934,4029,4030
3935,4028,4026
3936,4030,4027
3937,4031,4029
3938,4032,4033
3939,4033,4031
3940,4034,4035
3941,4035,3894
3942,4036,4034
3943,4037,4036
3944,4038,4039
3945,4040,4038
3946,4041,4042
3947,4043,4040
3948,4042,4043
3949,1121,4044
3950,4045,4041
3951,4044,4045
3952,4046,4047
3953,4048,4046
3954,4049,4048
3955,4050,4049
3956,4051,4050
3957,4052,4051
3958,4053,4052
3959,3969,4054
3960,4055,4053
3961,4054,4056
3962,4056,4055
3963,4057,4058
3964,4059,4057
3965,4060,4059
3966,4061,4020
3967,4062,4061
3968,4063,4062
3969,4064,4065
3970,4066,4063
3971,4065,4066
3972,4067,4064
3973,4068,4067
3974,4069,4068
3975,4070,1123
3976,4071,4070
3977,4072,4071
3978,4073,1138
3979,4074,4073
3980,4075,4074
3981,4076,4077
3982,4078,1122
3983,4079,4078
3984,4080,4081
3985,4081,4079
3986,4082,4083
3987,4084,4085
3988,4083,4084
3989,4086,4082
3990,4087,4086
3991,4088,4087
3992,4089,4088
3993,4090,4025
3994,4091,4092
3995,4092,4090
3996,4093,4094
3997,4094,3923
3998,4095,4093
3999,4096,4095
4000,4097,4096
4001,4098,4097
4002,4099,4098
4003,4100,4099
4004,4101,4100
4005,4102,4101
4006,4103,4104
4007,4104,4102
4008,4105,4103
4009,4106,4105
4010,4107,4106
4011,4108,4107
4012,4109,1126
4013,4110,4109
4014,4111,4110
4015,4112,3911
4016,4113,4112
4017,4114,4113
4018,4115,4116
4019,4116,4117
4020,4118,3942
4021,4119,4118
4022,4120,4119
4023,4121,4122
4024,4122,4047
4025,4123,4121
4026,4124,4125
4027,4125,4051
4028,4126,4127
4029,4127,4049
4030,4128,4126
4031,4129,3974
4032,4130,4129
4033,4131,4130
4034,4132,4131
4035,4133,4132
4036,4134,4133
4037,4135,3927
4038,4136,4135
4039,4137,4136
4040,4138,4137
4041,4139,4140
4042,4140,3926
4043,4141,4139
4044,4142,4141
4045,4143,3970
4046,4144,4143
4047,4145,4144
4048,4146,4145
4049,4147,4146
4050,4148,4149
4051,4149,3968
4052,4150,4148
4053,4151,4150
4054,4152,3991
4055,4153,4152
4056,4154,4153
4057,4155,4154
4058,4156,3996
4059,4157,4156
4060,4158,4157
4061,4159,4158
4062,4160,4161
4063,4161,4162
4064,4162,4159
4065,4163,4160
4066,4164,3980
4067,4165,4164
4068,4166,4055
4069,4167,4166
4070,4168,4169
4071,4169,4170
4072,4171,4172
4073,4173,4171
4074,4174,4173
4075,4175,3866
4076,4176,4177
4077,4177,4178
4078,4179,4176
4079,4180,4181
4080,4181,4182
4081,4183,4184
4082,4184,3861
4083,4185,4183
4084,4186,4185
4085,4187,4188
4086,4188,4189
4087,4189,3867
4088,4190,4191
4089,4192,4190
4090,4193,4194
4091,4194,4192
4092,4191,3892
4093,4195,4193
4094,4196,1136
4095,4197,1139
4096,4198,1140
4097,4199,4198
4098,4200,4199
4099,4201,4202
4100,4202,4200
4101,4203,4201
4102,4204,4201
4103,4205,4199
4104,4206,4198
4105,4207,1141
4106,4208,4207
4107,4209,4207
4108,4210,1148
4109,4211,1152
4110,4212,4211
4111,4213,1151
4112,4214,1150
4113,4215,4214
4114,4216,4215
4115,4217,4216
4116,4218,4214
4117,4219,4215
4118,4220,4219
4119,4221,4219
4120,4222,4216
4121,4223,1147
4122,4224,1149
4123,4225,1146
4124,4226,4225
4125,4227,4225
4126,4228,1155
4127,4229,1157
4128,4230,1159
4129,4231,4230
4130,4232,4057
4131,4233,4059
4132,4234,1162
4133,4235,1166
4134,4236,1160
4135,4237,1158
4136,4238,4239
4137,4240,4241
4138,4242,4238
4139,4243,4240
4140,4241,4242
4141,4239,4237
4142,4244,4245
4143,4245,4246
4144,4246,4247
4145,4247,4242
4146,4248,1156
4147,4249,1154
4148,4250,4251
4149,4252,4253
4150,4254,4255
4151,4256,4252
4152,4257,4256
4153,4255,4257
4154,4258,4259
4155,4260,1121
4156,4261,4071
4157,4262,4261
4158,4263,4070
4159,4264,4263
4160,4265,4263
4161,4266,1125
4162,4267,4266
4163,4268,4267
4164,4269,4266
4165,4270,4267
4166,4271,4109
4167,4272,4273
4168,4274,4275
4169,4276,4155
4170,4277,4155
4171,4278,4277
4172,4279,4278
4173,4280,4154
4174,4281,4280
4175,4282,4280
4176,4283,4284
4177,4284,4285
4178,4285,4282
4179,4286,4287
4180,4287,4282
4181,4288,4153
4182,4289,3992
4183,4290,4289
4184,4291,4290
4185,4292,4289
4186,4293,4294
4187,4295,3995
4188,4294,4296
4189,4296,4295
4190,4297,4293
4191,4298,4299
4192,4299,3999
4193,4300,4301
4194,4302,4300
4195,4301,4298
4196,4303,4302
4197,4304,4303
4198,4305,4304
4199,4306,4305
4200,4307,4308
4201,4308,4309
4202,4309,4298
4203,4310,4307
4204,4311,4312
4205,4312,4313
4206,4314,4000
4207,4315,4316
4208,4316,4317
4209,4318,4315
4210,4319,4110
4211,4320,4319
4212,4321,4320
4213,4322,4320
4214,4323,4319
4215,4324,1130
4216,4325,1132
4217,4326,1135
4218,4327,1131
4219,4328,1127
4220,4329,1124
4221,4330,4078
4222,4331,4082
4223,4332,4087
4224,4333,4088
4225,4334,4086
4226,4335,4334
4227,4336,4337
4228,4338,1120
4229,4339,4338
4230,4340,4041
4231,4341,4340
4232,4342,4343
4233,4344,4342
4234,4345,4346
4235,4346,4344
4236,4347,4348
4237,4348,3922
4238,4349,4350
4239,4350,3921
4240,4351,4017
4241,4352,4019
4242,4353,4352
4243,4354,4022
4244,4355,4354
4245,4356,4354
4246,4357,4358
4247,4359,4360
4248,4361,4357
4249,4360,4361
4250,4358,4090
4251,4362,4029
4252,4363,4364
4253,4364,4027
4254,4365,4026
4255,4366,4024
4256,4367,4366
4257,4368,4367
4258,4369,4368
4259,4370,4369
4260,4371,4370
4261,4372,4371
4262,4373,4372
4263,4374,4373
4264,4375,4366
4265,4376,4369
4266,4377,4373
4267,4378,4377
4268,4379,4370
4269,4380,4023
4270,4381,4021
4271,4382,4061
4272,4383,4062
4273,4384,4068
4274,4385,4063
4275,4386,4018
4276,4387,4386
4277,4388,4387
4278,4389,4388
4279,4390,4388
4280,4391,4387
4281,4392,4386
4282,4393,4392
4283,4394,4393
4284,4395,4392
4285,4396,4395
4286,4397,4395
4287,4398,4399
4288,4399,3925
4289,4400,4398
4290,4401,4400
4291,4402,4401
4292,4403,4402
4293,4404,4402
4294,4405,4404
4295,4406,4404
4296,4407,3931
4297,4408,4407
4298,4409,4410
4299,4410,3930
4300,4411,4412
4301,4412,3929
4302,4413,4414
4303,4414,3933
4304,4415,4416
4305,4416,4417
4306,4417,3947
4307,4418,4121
4308,4419,4418
4309,4420,4421
4310,4421,4418
4311,4422,4423
4312,4424,4422
4313,4423,4046
4314,4425,4426
4315,4426,4427
4316,4427,4048
4317,4428,4429
4318,4429,4050
4319,4430,4431
4320,4431,4052
4321,4432,4433
4322,4433,4054
4323,4434,4148
4324,4435,4436
4325,4437,4438
4326,4436,4437
4327,4439,3972
4328,4440,4439
4329,4441,4442
4330,4443,4444
4331,4445,4446
4332,4442,4443
4333,4444,3973
4334,4446,4441
4335,4447,4130
4336,4448,4132
4337,4449,4450
4338,4450,4133
4339,4451,4131
4340,4452,4129
4341,4453,4452
4342,4454,4453
4343,4455,4454
4344,4456,4453
4345,4457,4456
4346,4458,4457
4347,4459,4458
4348,4460,4457
4349,4461,4460
4350,4462,4460
4351,4463,4458
4352,4464,4463
4353,4465,4466
4354,4466,4463
4355,4467,4454
4356,4468,4452
4357,4469,4468
4358,4470,4469
4359,4471,4470
4360,4472,4470
4361,4473,4469
4362,4474,4473
4363,4475,4474
4364,4476,3979
4365,4477,3982
4366,4478,4477
4367,4479,3989
4368,4480,4152
4369,4275,4480
4370,4273,4275
4371,4481,4273
4372,4482,4481
4373,4483,4480
4374,4484,4483
4375,4485,4486
4376,4487,4485
4377,4486,4488
4378,4489,4490
4379,4488,4489
4380,4490,4456
4381,4491,4488
4382,4492,4486
4383,4493,4318
4384,4494,4318
4385,4495,4496
4386,4497,4495
4387,4498,4157
4388,4499,4498
4389,4500,4498
4390,4501,4500
4391,4502,4501
4392,4503,4500
4393,4504,4503
4394,4163,4158
4395,4505,4156
4396,4506,4505
4397,4507,3994
4398,4508,3993
4399,4509,4510
4400,4510,3990
4401,4511,3987
4402,4512,4511
4403,4513,3986
4404,4514,4513
4405,4515,3985
4406,4516,4517
4407,4518,4516
4408,4519,4518
4409,4520,4519
4410,4521,4522
4411,4523,4516
4412,4524,4518
4413,4525,4526
4414,4527,4528
4415,4526,4529
4416,4529,4527
4417,4528,4519
4418,4530,4525
4419,4531,3981
4420,4532,4531
4421,4533,4532
4422,4534,4164
4423,4535,4534
4424,4536,4535
4425,4537,3975
4426,4538,4537
4427,4539,4537
4428,4540,4539
4429,4541,4143
4430,4542,4541
4431,4543,4544
4432,4545,4146
4433,4544,4545
4434,4546,3971
4435,4547,4546
4436,4548,4547
4437,4549,4548
4438,4550,4551
4439,4551,4056
4440,4552,4553
4441,4553,4053
4442,4554,4552
4443,4555,4554
4444,4556,4557
4445,4557,4558
4446,4558,4555
4447,4559,4552
4448,4560,4559
4449,4561,4554
4450,4562,4561
4451,4563,4126
4452,4564,4005
4453,4565,4007
4454,4566,4008
4455,4567,4012
4456,4568,4014
4457,4569,4011
4458,4570,4571
4459,4571,4569
4460,4572,4573
4461,4573,4569
4462,4574,4010
4463,4575,4574
4464,4576,4575
4465,4577,4576
4466,4578,4577
4467,4579,4580
4468,4580,4574
4469,4581,4576
4470,4582,4581
4471,4583,4584
4472,4584,4575
4473,4585,4586
4474,4586,4587
4475,4587,4006
4476,4588,3943
4477,4589,4119
4478,4590,4589
4479,4591,4592
4480,4592,4590
4481,4593,4591
4482,4594,4593
4483,4595,4118
4484,4596,4597
4485,4597,3941
4486,4598,3940
4487,4599,4598
4488,4600,3939
4489,4601,3937
4490,4602,4601
4491,4603,4602
4492,4604,4605
4493,4605,4606
4494,4606,3934
4495,4607,4608
4496,4609,4610
4497,4610,4607
4498,4608,3932
4499,4611,4612
4500,4613,4611
4501,4614,4611
4502,4612,4615
4503,4616,4615
4504,4615,4609
4505,4617,4618
4506,4618,3928
4507,4619,4617
4508,4620,4617
4509,4621,4136
4510,4622,4137
4511,4623,4141
4512,4624,4139
4513,4625,4096
4514,4626,4097
4515,4627,4098
4516,4628,4629
4517,4630,4629
4518,4629,4631
4519,4632,4107
4520,4633,4106
4521,4634,4105
4522,4635,4634
4523,4636,4635
4524,4637,4636
4525,4638,4634
4526,4639,4636
4527,4640,4635
4528,4641,4099
4529,4642,4641
4530,4643,4641
4531,4644,4645
4532,4645,3924
4533,4646,4647
4534,4647,3918
4535,4648,4646
4536,4649,4646
4537,4650,4651
4538,4652,3919
4539,4651,4652
4540,4653,3898
4541,4654,4655
4542,4656,4653
4543,4655,4657
4544,4657,4656
4545,4658,4653
4546,4659,4658
4547,4660,4658
4548,4661,3902
4549,4662,3903
4550,4663,3904
4551,4664,4663
4552,4665,4664
4553,4666,4663
4554,4667,3906
4555,4668,3908
4556,4669,4668
4557,4670,4668
4558,4671,3907
4559,4672,4671
4560,4673,4671
4561,4674,3910
4562,4675,4674
4563,4676,3913
4564,4677,3916
4565,4678,3912
4566,4631,4113
4567,4679,4112
4568,4680,4679
4569,4681,4679
4570,4682,3901
4571,4683,3900
4572,4684,4685
4573,4685,3896
4574,4686,4684
4575,4687,4688
4576,4688,3893
4577,4689,3883
4578,4690,4691
4579,4691,3886
4580,4692,4693
4581,4694,4693
4582,4695,4696
4583,4693,4697
4584,4697,4695
4585,4698,4692
4586,4699,4692
4587,4700,3891
4588,4701,3889
4589,4702,4703
4590,4704,4705
4591,4705,4702
4592,4706,4702
4593,4707,4706
4594,4708,4709
4595,4710,3887
4596,4711,3885
4597,4712,3884
4598,4713,4714
4599,4715,4713
4600,4716,4715
4601,4717,4716
4602,4718,4717
4603,4719,4718
4604,4720,4719
4605,4721,4722
4606,4723,4721
4607,4724,4723
4608,4725,4726
4609,4727,4725
4610,4728,4727
4611,4729,4728
4612,4730,4729
4613,4731,4732
4614,4732,4730
4615,4733,4731
4616,4734,4715
4617,4735,4734
4618,4736,4737
4619,4738,4736
4620,4739,4738
4621,4740,4739
4622,4741,4742
4623,4743,4741
4624,4744,4745
4625,4746,4744
4626,4747,4746
4627,4748,4749
4628,4750,4751
4629,4752,4753
4630,4753,4754
4631,4754,4750
4632,4755,4756
4633,4757,4755
4634,4758,4759
4635,4760,4758
4636,4761,4760
4637,4762,4761
4638,4763,4764
4639,4765,4766
4640,4767,4768
4641,4769,3882
4642,4770,3870
4643,4771,4770
4644,4772,4770
4645,4773,4772
4646,4774,4775
4647,4775,3868
4648,4776,4777
4649,4778,4776
4650,4779,4780
4651,4777,4774
4652,4780,4778
4653,4781,4779
4654,4782,4783
4655,4784,4782
4656,4785,4784
4657,4786,4785
4658,4787,4786
4659,4788,4787
4660,4789,4774
4661,4790,4789
4662,4791,4792
4663,4793,4794
4664,4794,4791
4665,4795,4796
4666,4792,4797
4667,4797,4795
4668,4798,4785
4669,4799,4798
4670,4800,4799
4671,4801,4798
4672,4802,4801
4673,4803,4787
4674,4804,4786
4675,4805,4779
4676,4806,4807
4677,4808,4806
4678,4807,4809
4679,4809,3862
4680,4810,4811
4681,4811,4812
4682,4812,4813
4683,4813,3864
4684,4814,3865
4685,4815,4814
4686,4816,4815
4687,4817,4816
4688,4818,4434
4689,4819,4820
4690,4821,4822
4691,4823,4824
4692,4825,4826
4693,3852,4827
4694,4827,4825
4695,4820,4434
4696,3971,4438
4697,4828,4829
4698,4047,4117
4699,4117,4830
4700,4438,3968
4701,4830,4831
4702,4831,3961
4703,4826,3969
4704,4832,4833
4705,4833,4834
4706,4834,4828
4707,4824,4277
4708,4835,4820
4709,4178,4182
4710,4182,4836
4711,3865,4178
4712,4837,4009
4713,4838,4587
4714,4839,4840
4715,4841,4839
4716,4842,4839
4717,4843,4842
4718,4844,4842
4719,4840,4845
4720,4845,3852
4721,4846,4840
4722,4847,4848
4723,4849,3851
4724,4848,4849
4725,4850,4851
4726,4852,4850
4727,4851,4853
4728,4854,4855
4729,4855,4851
4730,4856,4857
4731,4858,4850
4732,4859,4858
4733,4857,4859
4734,4860,4836
4735,4861,4860
4736,4862,4861
4737,4863,4864
4738,4864,4861
4739,4836,4852
4740,4865,4004
4741,3890,4866
4742,4866,4867
4743,4867,3888
4744,4868,4867
4745,4709,4868
4746,4696,4866
4747,4703,4868
4748,4343,4869
4749,4039,4869
4750,4869,4870
4751,4259,4870
4752,4871,4037
4753,1137,4871
4754,4870,4871
4755,1163,4872
4756,4058,4872
4757,4872,1161
4758,4873,4874
4759,4251,4873
4760,4077,4873
4761,4874,4075
4762,4253,4874
4763,4875,4080
4764,4337,4875
4765,4085,4875
4766,4876,4314
4767,4496,4876
4768,4317,4876
4769,4517,4877
4770,4522,4877
4771,4877,4515
4772,4796,4878
4773,4783,4878
4774,4878,4781
4775,4879,4310
4776,4313,4879
4777,4822,4879
4778,4880,4278
4779,4881,4304
4780,4882,4881
4781,4883,4824
4782,4884,4885
4783,4886,4887
4784,4888,4889
4785,4885,4888
4786,4889,4886
4787,4890,4884
4788,4891,4890
4789,4892,4893
4790,4893,4894
4791,4894,4891
4792,4895,4892
4793,4896,4895
4794,4897,4896
4795,4898,4897
4796,4737,4898
4797,4722,4737
4798,4899,4900
4799,4901,4899
4800,4902,4901
4801,4903,4902
4802,4904,4903
4803,4905,4901
4804,4745,4905
4805,4906,4745
4806,4749,4906
4807,4907,4749
4808,4908,4907
4809,4909,4908
4810,4910,4909
4811,4911,4900
4812,4912,4911
4813,4913,4912
4814,4759,4913
4815,4914,4915
4816,4916,4917
4817,4918,4919
4818,4919,4920
4819,4921,4912
4820,4922,4921
4821,4923,4922
4822,4924,4923
4823,4925,4924
4824,4926,4925
4825,4927,4926
4826,4928,4927
4827,4929,4930
4828,4931,4722
4829,4932,4931
4830,4933,4934
4831,4935,4936
4832,4936,4933
4833,4934,4932
4834,4937,4935
4835,4938,4937
4836,4939,4938
4837,4940,4941
4838,4942,4940
4839,4941,4943
4840,4944,4939
4841,4943,4944
4842,4945,4946
4843,4947,4942
4844,4948,4947
4845,4946,4948
4846,4949,4945
4847,4950,4949
4848,4742,4950
4849,4951,4742
4850,4952,4951
4851,4900,4952
4852,4953,4942
4853,4954,4953
4854,4714,4954
4855,4955,4956
4856,4956,4957
4857,4958,4955
4858,4959,4960
4859,4961,4915
4860,4962,4963
4861,4964,4965
4862,4966,4967
4863,4968,4966
4864,4969,4970
4865,4971,4972
4866,4972,4973
4867,4974,4975
4868,4976,4884
4869,4977,4976
4870,4978,4890
4871,4979,4978
4872,4980,4979
4873,4981,4980
4874,4982,4979
4875,4983,4982
4876,4984,4895
4877,4985,4897
4878,4986,4985
4879,4987,4988
4880,4988,4986
4881,4989,4898
4882,4990,4945
4883,4991,4990
4884,4992,4950
4885,4993,4741
4886,4994,4993
4887,4995,4996
4888,4996,4993
4889,4997,4902
4890,4998,4997
4891,4999,4903
4892,5000,4999
4893,5001,5000
4894,5002,4906
4895,5003,5002
4896,5004,5005
4897,5006,5007
4898,5007,5003
4899,5008,5004
4900,5005,5006
4901,5009,5008
4902,5010,5009
4903,5011,5010
4904,5012,4909
4905,5013,5012
4906,5014,5013
4907,5015,5012
4908,5016,4908
4909,5017,5016
4910,5018,5017
4911,5019,5018
4912,5020,5019
4913,5021,5022
4914,5023,5021
4915,5022,5020
4916,5024,5016
4917,5025,5026
4918,5026,4907
4919,5027,5028
4920,5028,5029
4921,5030,5027
4922,5031,4905
4923,5032,4899
4924,5033,5032
4925,5034,4911
4926,5035,5034
4927,5036,5035
4928,5037,5036
4929,5038,5036
4930,5039,4913
4931,5040,5041
4932,5042,5040
4933,5041,5043
4934,5043,5039
4935,5044,5045
4936,5045,5046
4937,5047,5044
4938,5048,5047
4939,5049,5048
4940,5050,5049
4941,5051,5050
4942,5052,5051
4943,5053,5052
4944,5054,5053
4945,5055,5056
4946,5057,5058
4947,5059,5057
4948,5060,5059
4949,5061,5060
4950,5062,5061
4951,5063,5062
4952,5064,5063
4953,5065,5064
4954,5066,5065
4955,5067,5066
4956,5068,5069
4957,5070,5071
4958,5071,5072
4959,5073,5070
4960,5074,5073
4961,5075,5074
4962,5076,5061
4963,5077,5060
4964,5078,5077
4965,5079,5044
4966,5080,5047
4967,5081,5080
4968,5082,5080
4969,5083,5082
4970,5084,5082
4971,5085,5084
4972,5086,5084
4973,5087,5048
4974,5088,5089
4975,5090,5091
4976,5092,5093
4977,5093,5094
4978,5095,5096
4979,5097,5095
4980,5098,5099
4981,5100,5101
4982,5102,5100
4983,5103,5053
4984,5104,5103
4985,5105,5103
4986,5106,5107
4987,5107,5051
4988,5108,4761
4989,5109,5110
4990,5111,5109
4991,5112,5113
4992,5114,5115
4993,5115,5116
4994,5117,5118
4995,5119,5117
4996,5120,4922
4997,5121,5120
4998,5122,5123
4999,5123,5124
5000,5125,5124
5001,5126,5120
5002,5127,5126
5003,5128,5122
5004,5124,5129
5005,5130,5131
5006,5132,5133
5007,5134,5132
5008,5135,5136
5009,5136,5134
5010,5137,5135
5011,5138,5139
5012,5139,5134
5013,5140,5141
5014,5142,5140
5015,5143,5123
5016,5144,5143
5017,5145,5143
5018,5146,5147
5019,5148,5146
5020,5149,5148
5021,5150,5149
5022,5151,5152
5023,5152,5150
5024,5153,5146
5025,5154,5153
5026,5155,5154
5027,5156,5157
5028,5157,5155
5029,5158,5155
5030,5159,5158
5031,5160,5148
5032,5161,5149
5033,5162,5161
5034,5163,5162
5035,5164,5161
5036,5165,4921
5037,5166,4952
5038,5167,5166
5039,5168,4951
5040,5169,4949
5041,5170,4953
5042,5171,5170
5043,5172,5171
5044,5173,5172
5045,5174,4954
5046,5175,5174
5047,5176,5174
5048,5177,4734
5049,5178,4716
5050,5179,5178
5051,5180,5178
5052,5181,5180
5053,5182,4719
5054,5183,4714
5055,5184,4939
5056,5185,5184
5057,5186,5185
5058,5187,5188
5059,5188,5185
5060,5189,5184
5061,5190,5189
5062,5191,4727
5063,5192,5191
5064,5193,4725
5065,5194,4738
5066,5195,5194
5067,5196,5195
5068,5197,5194
5069,5198,4739
5070,5199,4736
5071,5200,5199
5072,5201,4896
5073,5202,5201
5074,5203,5201
5075,5204,4887
5076,5205,5204
5077,5206,5132
5078,5207,5206
5079,5208,5207
5080,5209,5208
5081,5210,5209
5082,5211,5207
5083,5212,5213
5084,5213,5209
5085,5214,5212
5086,5215,5216
5087,5217,5218
5088,5218,5219
5089,5220,5221
5090,5221,5222
5091,5223,5212
5092,5224,5206
5093,5225,5224
5094,5226,5225
5095,5227,5226
5096,5228,5224
5097,5229,5230
5098,4768,5231
5099,4957,4767
5100,5230,4958
5101,5232,5233
5102,5233,5234
5103,5234,4932
5104,5235,5236
5105,5237,4969
5106,5238,5235
5107,5239,4929
5108,4960,4961
5109,4970,5240
5110,5236,5001
5111,4965,5241
5112,5242,5243
5113,5244,5245
5114,5243,5246
5115,5245,5242
5116,4915,5247
5117,5248,4766
5118,5249,4764
5119,4967,5250
5120,4975,5251
5121,5246,4964
5122,5247,4759
5123,5252,4916
5124,4930,4928
5125,5253,4752
5126,5254,5253
5127,4756,5254
5128,4766,5249
5129,5231,5249
5130,5255,4964
5131,5256,4973
5132,5240,5256
5133,5257,4967
5134,4973,5257
5135,5258,4975
5136,5259,4743
5137,5260,5055
5138,5261,5260
5139,5262,4916
5140,5263,5130
5141,5264,4713
5142,5264,5183
5143,4887,5265
5144,5265,4830
5145,5266,5267
5146,5267,5268
5147,5269,5266
5148,5232,5270
5149,5118,5271
5150,4917,5271
5151,5271,4914
5152,5110,5272
5153,4920,5272
5154,5272,5252
5155,4726,5273
5156,5274,5273
5157,5273,4724
5158,5029,5275
5159,5275,4748
5160,4751,5275
5161,5056,5276
5162,5276,5042
5163,5046,5276
5164,5058,5277
5165,5072,5277
5166,5277,5278
5167,5279,5278
5168,5278,5280
5169,5281,5282
5170,5069,5279
5171,5280,5281
5172,5282,5261
5173,5089,5283
5174,5283,5087
5175,5101,5283
5176,5091,5284
5177,5099,5284
5178,5284,5088
5179,5096,5285
5180,5094,5285
5181,5285,5286
5182,5286,5090
5183,5113,5287
5184,5116,5287
5185,5287,5262
5186,5288,5121
5187,5147,5288
5188,5222,5289
5189,5216,5289
5190,5289,5214
5191,5219,5290
5192,5291,5290
5193,5290,5215
5194,5133,5292
5195,5292,5263
5196,5141,5292
5197,5293,5294
5198,5295,5296
5199,5297,5298
5200,5294,5297
5201,5299,5300
5202,4963,5293
5203,5296,5255
5204,5251,5295
5205,5301,5297
5206,5300,4937
5207,5241,5301
5208,5302,5299
5209,5298,5302
5210,4764,5303
5211,5303,5019
5212,5131,5175
5213,5129,5131
5214,5250,4940
5215,5304,5189
5216,5305,5274
5217,5306,4743
5218,5307,5291
5219,5308,5225
5220,5309,5150
5221,5310,5311
5222,5311,3946
5223,5312,5313
5224,5313,5310
5225,5314,5312
5226,5315,5316
5227,5317,5318
5228,5319,5314
5229,5320,5321
5230,5322,5315
5231,5318,5319
5232,5316,5317
5233,5321,5322
5234,5323,5320
5235,5324,5323
5236,5325,5324
5237,5326,5325
5238,5327,5326
5239,5328,5327
5240,5329,5328
5241,5330,5329
5242,5331,5330
5243,5332,5331
5244,5333,5332
5245,5334,5333
5246,5335,5334
5247,5336,5335
5248,5337,5336
5249,5338,5337
5250,5339,5338
5251,5340,5339
5252,5341,5340
5253,5342,5343
5254,5343,5310
5255,5344,5345
5256,5346,5342
5257,5347,5344
5258,5345,5346
5259,5348,5349
5260,5349,5347
5261,5350,5348
5262,5351,5352
5263,5352,1178
5264,5353,5351
5265,5354,5353
5266,5355,5354
5267,5356,5355
5268,5357,5356
5269,5358,5357
5270,5359,5358
5271,5360,5359
5272,5361,5360
5273,5362,5361
5274,5363,5362
5275,5364,5363
5276,5365,5364
5277,5366,5365
5278,5367,5366
5279,5368,5367
5280,5369,5368
5281,5370,5369
5282,1169,5354
5283,5371,5372
5284,5373,5374
5285,5374,5371
5286,5375,5373
5287,5376,5375
5288,5377,5376
5289,5378,5373
5290,5379,5376
5291,5380,5371
5292,5381,5382
5293,5383,5381
5294,5384,5385
5295,5385,5386
5296,5387,5384
5297,5388,5389
5298,5389,5390
5299,5391,5392
5300,5393,5391
5301,5394,5395
5302,5395,5391
5303,5396,5397
5304,5398,5396
5305,5399,5396
5306,5400,5399
5307,5401,5402
5308,5402,5403
5309,5404,1187
5310,5405,5404
5311,5406,5405
5312,5407,5404
5313,5408,5409
5314,5409,1192
5315,5410,5408
5316,5411,1193
5317,5412,5411
5318,5413,5412
5319,5414,5412
5320,5415,5411
5321,5416,5415
5322,5417,5416
5323,5418,5415
5324,5419,5418
5325,5420,1198
5326,5421,5420
5327,5422,1212
5328,5423,5422
5329,5424,5423
5330,5425,5426
5331,5427,5425
5332,5428,5427
5333,5429,5428
5334,5430,5429
5335,5431,5432
5336,5433,5431
5337,5434,5433
5338,5435,5436
5339,5437,5435
5340,5438,5437
5341,5439,5438
5342,5440,5439
5343,5441,5440
5344,5442,5441
5345,5443,5444
5346,5445,5443
5347,5446,5445
5348,5447,5446
5349,5448,5447
5350,5449,5448
5351,5450,5442
5352,5451,5452
5353,5453,5451
5354,5454,5442
5355,5455,5454
5356,5456,5455
5357,5457,5456
5358,5458,5457
5359,5459,5458
5360,5460,5431
5361,5461,5460
5362,5462,5461
5363,5463,5462
5364,5464,5463
5365,5465,5464
5366,5466,5465
5367,5467,5468
5368,5468,1205
5369,5469,5467
5370,5470,5469
5371,5471,5472
5372,5472,5470
5373,5473,5471
5374,5474,5473
5375,5475,5474
5376,5476,5477
5377,5477,1202
5378,5478,5476
5379,5479,5478
5380,5480,5479
5381,5481,5480
5382,5482,5481
5383,5483,5482
5384,5484,5483
5385,5485,5486
5386,5486,5484
5387,5397,5487
5388,5487,1179
5389,5392,5397
5390,5390,5392
5391,5488,5390
5392,5489,5490
5393,5490,5342
5394,5382,5489
5395,5372,5382
5396,5491,5372
5397,5492,5491
5398,5493,5492
5399,5494,5428
5400,5495,5494
5401,5496,5495
5402,5497,5496
5403,5498,5499
5404,5499,5497
5405,5500,5501
5406,5502,5476
5407,5503,5502
5408,5504,5503
5409,5505,5506
5410,5507,5505
5411,5506,1197
5412,5403,1180
5413,5508,5403
5414,5509,5348
5415,5510,5511
5416,5511,5509
5417,5512,5513
5418,5513,5347
5419,5514,5512
5420,5515,5320
5421,5516,5515
5422,5517,5516
5423,5518,5517
5424,5519,5518
5425,5520,5519
5426,5521,5443
5427,5522,5521
5428,5523,5361
5429,5524,5523
5430,5525,5524
5431,5526,5525
5432,5527,5445
5433,5528,5529
5434,5529,5455
5435,5530,5531
5436,5532,5530
5437,5533,5528
5438,5531,5533
5439,5534,5531
5440,5535,5534
5441,5536,1173
5442,5537,5536
5443,5538,5539
5444,5540,5538
5445,5541,5542
5446,5542,5543
5447,5544,5545
5448,5545,5546
5449,5546,5343
5450,5547,5491
5451,5548,5547
5452,5549,5548
5453,5550,5547
5454,5551,5550
5455,5552,5553
5456,5553,5550
5457,5554,5555
5458,5555,5478
5459,5556,5479
5460,5557,5556
5461,5558,5480
5462,5559,5558
5463,5560,5484
5464,5561,5483
5465,5562,5482
5466,5563,5562
5467,5564,5481
5468,5565,5564
5469,5566,5565
5470,5567,5566
5471,5568,5567
5472,5569,5564
5473,5570,5569
5474,5571,5570
5475,5572,5569
5476,5573,5502
5477,5574,5474
5478,5575,5473
5479,5576,5575
5480,5577,5471
5481,5578,5577
5482,5579,5469
5483,5580,5467
5484,5581,5580
5485,5582,5422
5486,5583,5582
5487,5584,5583
5488,5585,5584
5489,5586,5585
5490,5587,5584
5491,5588,1212
5492,5589,5588
5493,5590,5591
5494,5591,1211
5495,5592,5593
5496,5593,1210
5497,5594,5595
5498,5596,5594
5499,5597,5596
5500,5598,5596
5501,5599,5600
5502,5600,5594
5503,5601,5435
5504,5602,5439
5505,5603,5451
5506,5604,5605
5507,5606,5457
5508,5607,5608
5509,5608,5606
5510,5609,5607
5511,5610,5611
5512,5611,5609
5513,5612,5609
5514,5613,5607
5515,5614,5615
5516,5615,5456
5517,5616,5528
5518,5617,5616
5519,5618,5617
5520,5619,5616
5521,5620,5619
5522,5621,5532
5523,5622,5454
5524,5623,5438
5525,5624,5437
5526,5625,5446
5527,5626,5625
5528,5627,5626
5529,5628,5625
5530,5629,5628
5531,5630,5628
5532,5631,5447
5533,5632,5631
5534,5633,5632
5535,5634,5631
5536,5635,5632
5537,5636,5448
5538,5637,5638
5539,5639,5640
5540,5641,5639
5541,5642,5643
5542,5644,5642
5543,5645,5433
5544,5646,5461
5545,5647,5462
5546,5648,5647
5547,5649,5647
5548,5650,5464
5549,5651,5465
5550,5652,5460
5551,5653,5652
5552,5654,5653
5553,5655,5656
5554,5656,5657
5555,5658,5659
5556,5659,5429
5557,5660,5494
5558,5661,5662
5559,5662,5495
5560,5663,5496
5561,5664,5497
5562,5665,5426
5563,5666,1194
5564,5667,1189
5565,5668,5669
5566,5669,1183
5567,5670,5671
5568,5672,5673
5569,5673,5670
5570,5671,1182
5571,5674,5675
5572,5675,5357
5573,5676,5358
5574,5677,5676
5575,5678,5679
5576,5680,5523
5577,5681,5525
5578,5682,5524
5579,5683,5365
5580,5684,5368
5581,5685,5684
5582,5686,5685
5583,5687,5686
5584,5688,5687
5585,5689,5686
5586,5690,5367
5587,5691,5366
5588,5692,5364
5589,5693,5692
5590,5694,5363
5591,5695,5362
5592,5696,5360
5593,5697,5696
5594,5698,5356
5595,5699,5355
5596,5700,1168
5597,5701,5700
5598,5702,5703
5599,5703,1170
5600,5704,1172
5601,5705,5536
5602,5706,5705
5603,5707,5706
5604,5708,5707
5605,5709,1174
5606,5710,5709
5607,5711,5710
5608,5712,5711
5609,5713,5709
5610,5714,5713
5611,5715,5710
5612,5716,5711
5613,5717,5716
5614,5718,5717
5615,5719,5717
5616,5720,1171
5617,5721,1169
5618,5722,5721
5619,5723,5722
5620,5724,5723
5621,5725,5722
5622,5726,5723
5623,5727,5726
5624,5728,5721
5625,5729,5728
5626,5730,5353
5627,5731,5730
5628,5732,5733
5629,5733,5734
5630,5735,5350
5631,5736,5735
5632,5737,5509
5633,5738,5737
5634,5739,5740
5635,5740,5346
5636,5741,5312
5637,5742,5741
5638,5743,5744
5639,5744,5742
5640,5745,5742
5641,5746,5745
5642,5747,5746
5643,5748,5745
5644,5749,5748
5645,5750,5748
5646,5751,5750
5647,5752,5750
5648,5753,5752
5649,5754,5515
5650,5755,5754
5651,5756,5757
5652,5757,5516
5653,5758,5518
5654,5759,5758
5655,5760,5517
5656,5761,5762
5657,5762,5325
5658,5763,5326
5659,5764,5765
5660,5765,5763
5661,5766,5767
5662,5767,5763
5663,5768,5330
5664,5769,5331
5665,5770,5769
5666,5771,5769
5667,5772,5770
5668,5773,5772
5669,5774,5332
5670,5775,5333
5671,5776,5334
5672,5777,5336
5673,5778,5337
5674,5779,5778
5675,5780,5778
5676,5781,5338
5677,5782,5781
5678,5783,5781
5679,5784,5339
5680,5785,5340
5681,5786,5335
5682,5787,5329
5683,5788,5787
5684,5679,5787
5685,5789,5328
5686,5790,5789
5687,5791,5792
5688,5792,5327
5689,5793,5794
5690,5794,5324
5691,5795,5323
5692,5796,5795
5693,5797,5314
5694,5798,5799
5695,5800,5770
5696,5801,5779
5697,5802,5678
5698,5803,5804
5699,1178,5803
5700,5804,5386
5701,5805,5806
5702,5807,5350
5703,5808,5809
5704,5809,5734
5705,5386,5808
5706,5734,5807
5707,5810,5470
5708,5501,5811
5709,5811,5810
5710,5806,5812
5711,5812,5489
5712,5813,5814
5713,5815,5816
5714,5816,5813
5715,5814,5810
5716,5817,5359
5717,5818,5805
5718,5819,5741
5719,5820,5728
5720,5821,5351
5721,5822,5823
5722,5432,5822
5723,5657,5822
5724,5823,5430
5725,5595,5823
5726,5824,5825
5727,5444,5824
5728,5643,5826
5729,5827,5434
5730,5826,5827
5731,5640,5826
5732,5828,5827
5733,5799,5828
5734,5829,5828
5735,5638,5829
5736,5825,5829
5737,5436,5824
5738,5830,5450
5739,5831,5830
5740,5452,5831
5741,5605,5831
5742,5832,5833
5743,5833,5834
5744,5539,5832
5745,5426,5835
5746,5836,5837
5747,5834,5838
5748,5839,5840
5749,5841,5842
5750,5843,1208
5751,5835,5836
5752,5837,5833
5753,5842,5839
5754,5543,5841
5755,5840,5843
5756,5838,5543
5757,5844,5845
5758,5846,5847
5759,5845,5846
5760,5848,5849
5761,5849,5850
5762,5851,5852
5763,5852,5848
5764,5853,5851
5765,5854,5855
5766,5855,5853
5767,5856,5854
5768,5857,5856
5769,5858,5857
5770,5859,5858
5771,5860,5861
5772,5861,5859
5773,5862,5860
5774,5863,5862
5775,5864,5863
5776,5865,5864
5777,5866,5867
5778,5868,5866
5779,5869,5857
5780,5870,5869
5781,5871,5870
5782,5872,5871
5783,5873,5872
5784,5874,5873
5785,5875,5874
5786,5876,5875
5787,5877,5876
5788,5878,5877
5789,5879,5878
5790,5880,5881
5791,5881,5879
5792,5882,5880
5793,5883,5882
5794,5884,5877
5795,5885,5884
5796,5886,5885
5797,5887,5888
5798,5889,5886
5799,5888,5889
5800,5890,5887
5801,5891,5890
5802,5892,5891
5803,5893,5892
5804,5894,5893
5805,5895,5894
5806,5896,5895
5807,5897,5898
5808,5899,5900
5809,5900,5901
5810,5901,5897
5811,5902,5903
5812,5903,5899
5813,5904,5902
5814,5905,5906
5815,5906,5904
5816,5907,5908
5817,5909,5910
5818,5910,5911
5819,5911,5907
5820,5912,5909
5821,5913,5912
5822,5914,5913
5823,5915,5914
5824,5916,5915
5825,5917,5916
5826,5918,5917
5827,5919,5918
5828,5920,5919
5829,5921,5920
5830,5922,5923
5831,5923,5924
5832,5925,5926
5833,5924,5921
5834,5926,5922
5835,5927,5928
5836,5928,5925
5837,5929,5927
5838,5930,5929
5839,5931,5930
5840,5932,5909
5841,5933,5932
5842,5934,5935
5843,5936,5933
5844,5935,5937
5845,5937,5936
5846,5938,5934
5847,5939,5938
5848,5940,5939
5849,5941,5942
5850,5943,5944
5851,5945,5943
5852,5946,5945
5853,5947,5946
5854,5948,5947
5855,5949,5948
5856,5950,5949
5857,5951,5950
5858,5952,5953
5859,5954,5955
5860,5955,5952
5861,5956,5898
5862,5957,5956
5863,5958,5957
5864,5959,5958
5865,5960,5959
5866,5961,5960
5867,5962,5961
5868,5963,5964
5869,5965,5962
5870,5966,5967
5871,5964,5966
5872,5967,5965
5873,5968,5969
5874,5970,5971
5875,5971,5963
5876,5969,5970
5877,5972,5968
5878,5973,5972
5879,5974,5975
5880,5973,5976
5881,5975,5977
5882,5977,5978
5883,5976,5974
5884,5979,5980
5885,5981,5979
5886,5980,5853
5887,5982,5981
5888,5983,5982
5889,5984,5985
5890,5985,5983
5891,5986,5984
5892,5987,5986
5893,5988,5987
5894,5989,5988
5895,5990,5989
5896,5991,5990
5897,5992,5991
5898,5993,5992
5899,5994,5995
5900,5996,5997
5901,5998,5994
5902,5997,5999
5903,5999,6000
5904,6000,6001
5905,6001,5998
5906,6002,5996
5907,6003,6002
5908,6004,6003
5909,6005,6004
5910,6006,6005
5911,6007,6006
5912,6008,6007
5913,6009,6008
5914,6010,6009
5915,6011,6012
5916,6013,6014
5917,6015,6013
5918,6016,6017
5919,6018,6015
5920,6017,6019
5921,6019,6020
5922,6020,6021
5923,6021,6018
5924,6022,6016
5925,6023,6022
5926,6024,6023
5927,6025,6026
5928,6027,6024
5929,6026,6027
5930,6028,6025
5931,6029,6028
5932,6030,6029
5933,6031,6030
5934,6032,6031
5935,6033,6032
5936,6034,6035
5937,6036,6011
5938,6037,6036
5939,6038,6037
5940,6039,6038
5941,6040,6039
5942,6041,6040
5943,6042,6041
5944,6043,6042
5945,6044,6045
5946,6046,6043
5947,6045,6046
5948,6047,6006
5949,6048,6047
5950,6049,6050
5951,6051,6048
5952,6052,6051
5953,6050,6052
5954,6053,6049
5955,6054,6053
5956,6055,6054
5957,6056,5994
5958,6057,6056
5959,6058,6057
5960,6059,6060
5961,6061,6059
5962,6062,6061
5963,6063,6062
5964,6064,6063
5965,6065,6064
5966,6066,6065
5967,6067,6066
5968,6068,6067
5969,6069,6068
5970,6070,6069
5971,6071,6070
5972,6072,5981
5973,6073,6072
5974,6074,6073
5975,6075,6076
5976,6076,6074
5977,6077,6075
5978,6078,6077
5979,6079,6078
5980,6080,6079
5981,6081,6082
5982,6083,6084
5983,6085,6083
5984,6086,6085
5985,6087,6088
5986,6089,6087
5987,6090,6089
5988,6091,6090
5989,6092,6093
5990,6094,6092
5991,6095,6096
5992,6097,6095
5993,6098,6097
5994,6099,6098
5995,6100,6099
5996,6101,6100
5997,6102,6072
5998,6103,6102
5999,6104,6103
6000,6105,6104
6001,6106,6107
6002,6108,6105
6003,6107,6108
6004,6109,6106
6005,6110,6109
6006,6111,6110
6007,6112,6111
6008,6113,6112
6009,6114,5848
6010,6115,6114
6011,6116,6115
6012,6117,6116
6013,6118,6117
6014,6119,6118
6015,6120,6121
6016,6121,6119
6017,6122,6120
6018,6123,6122
6019,6124,6123
6020,6125,6124
6021,6126,6125
6022,6127,6128
6023,6129,6130
6024,6128,5844
6025,6130,6127
6026,6131,6129
6027,6132,6131
6028,6133,6120
6029,6134,6135
6030,6136,6134
6031,6137,6138
6032,6138,5850
6033,6139,6137
6034,6140,6139
6035,6141,6142
6036,6142,6140
6037,6143,6141
6038,6144,6143
6039,6145,6146
6040,6147,6148
6041,6149,6150
6042,6150,6147
6043,6146,6149
6044,6151,6145
6045,6152,6151
6046,6153,5989
6047,6154,6153
6048,6155,6156
6049,6157,6155
6050,6158,6157
6051,6159,5873
6052,6160,6159
6053,6161,6160
6054,6162,6161
6055,6163,6164
6056,6165,5875
6057,6166,6002
6058,6167,6166
6059,6168,6169
6060,6169,6170
6061,6170,6167
6062,6171,6172
6063,6173,6092
6064,6174,6173
6065,6175,6174
6066,6176,6177
6067,6177,6175
6068,6178,6179
6069,6179,5897
6070,6180,6178
6071,6181,6180
6072,6182,6181
6073,6183,6182
6074,6184,6185
6075,6185,5904
6076,6186,6184
6077,6187,6186
6078,6188,6187
6079,6189,6188
6080,6190,6189
6081,6191,6192
6082,6192,5902
6083,6193,6191
6084,6194,6193
6085,6195,6194
6086,6196,6195
6087,6197,6196
6088,6198,6197
6089,6199,6023
6090,6200,6199
6091,6201,6202
6092,6202,5917
6093,6203,6201
6094,6204,6203
6095,6205,6204
6096,6206,6207
6097,6208,6209
6098,6209,6206
6099,6210,6208
6100,6211,6210
6101,6212,6211
6102,6213,6214
6103,6215,6213
6104,6216,6217
6105,6218,6219
6106,6220,6221
6107,6221,6222
6108,6223,6224
6109,6225,6226
6110,6227,6228
6111,6229,6230
6112,6231,6229
6113,6232,6231
6114,6224,6232
6115,6233,6232
6116,6234,6233
6117,6235,6231
6118,6236,6235
6119,6237,6235
6120,6238,6237
6121,6239,6238
6122,6240,6241
6123,6242,6243
6124,6243,6240
6125,6241,6244
6126,6245,6246
6127,6246,5849
6128,6247,6122
6129,6248,6124
6130,6249,6123
6131,6250,6249
6132,6251,6252
6133,6253,6134
6134,6254,6255
6135,6255,5851
6136,6256,6257
6137,6257,5980
6138,6258,5984
6139,6259,6260
6140,6260,6258
6141,6261,6259
6142,6262,5986
6143,6263,6262
6144,6264,5987
6145,6265,6264
6146,6266,5993
6147,6267,6268
6148,6268,6269
6149,6269,6266
6150,6270,6271
6151,6271,5999
6152,6272,5996
6153,6273,6003
6154,6274,6005
6155,6275,6007
6156,6276,6275
6157,6277,6276
6158,6278,6276
6159,6279,6278
6160,6280,6275
6161,6281,6280
6162,6282,6009
6163,6283,6282
6164,6284,6283
6165,6285,6284
6166,6286,6287
6167,6288,6289
6168,6290,6288
6169,6289,6010
6170,6287,6290
6171,6291,6286
6172,6292,6291
6173,6293,6012
6174,5978,6293
6175,6294,5978
6176,6295,6294
6177,6296,6295
6178,6297,6294
6179,6298,6293
6180,6299,6298
6181,6300,6299
6182,6301,6300
6183,6302,6298
6184,6303,6299
6185,6304,6015
6186,6305,6304
6187,6306,6304
6188,6307,6306
6189,6308,6309
6190,6310,6308
6191,6311,6306
6192,6312,6313
6193,6314,6312
6194,6315,6308
6195,6316,6016
6196,6317,6316
6197,6318,6317
6198,6319,6320
6199,6320,6317
6200,6321,6319
6201,6322,6321
6202,6323,6321
6203,6324,6323
6204,6325,6324
6205,6326,6325
6206,6327,6326
6207,6328,6323
6208,6329,6328
6209,6330,6319
6210,6331,6330
6211,6332,6331
6212,6333,6332
6213,6334,6333
6214,6335,6330
6215,6336,6335
6216,6337,6331
6217,6338,6337
6218,6339,6338
6219,6340,6337
6220,6341,6340
6221,6342,6341
6222,6343,6342
6223,6344,6343
6224,6345,6344
6225,6346,6347
6226,6348,6346
6227,6349,6342
6228,6350,6351
6229,6352,6350
6230,6353,6344
6231,6354,6343
6232,6355,6354
6233,6356,6357
6234,6357,6358
6235,6358,6316
6236,6359,6360
6237,6361,6359
6238,6362,6363
6239,6364,6362
6240,6363,6361
6241,6365,6366
6242,6367,6365
6243,6368,6367
6244,6369,6365
6245,6370,6371
6246,6372,6370
6247,6371,6369
6248,6373,6372
6249,6374,6373
6250,6375,6369
6251,6376,6375
6252,6377,6378
6253,6378,6376
6254,6379,6377
6255,6380,6199
6256,6381,6200
6257,6382,6383
6258,6384,6382
6259,6385,6384
6260,6386,6381
6261,6387,6388
6262,6383,6387
6263,6388,6386
6264,6389,6381
6265,6390,6025
6266,6391,6390
6267,6392,6393
6268,6394,6392
6269,6395,6394
6270,6396,6392
6271,6397,6024
6272,6398,6399
6273,6400,6021
6274,6399,6400
6275,6401,6037
6276,6402,6401
6277,6403,6401
6278,6404,6038
6279,6405,6043
6280,6406,6040
6281,6407,6408
6282,6408,6039
6283,6409,6036
6284,6410,6409
6285,6411,6409
6286,6412,6413
6287,6414,6415
6288,6413,6414
6289,6416,6047
6290,6417,6053
6291,6418,6049
6292,6419,6048
6293,6420,6004
6294,6421,6166
6295,6422,6172
6296,6423,6422
6297,6424,6168
6298,6425,6167
6299,6426,6427
6300,6427,6000
6301,6428,6429
6302,6429,6430
6303,6430,6001
6304,6431,6432
6305,6433,6431
6306,6434,6433
6307,6435,6431
6308,6436,6433
6309,6437,6059
6310,6438,6064
6311,6439,6067
6312,6440,6070
6313,6441,6066
6314,6442,6443
6315,6443,6441
6316,6444,6442
6317,6445,6065
6318,6446,6445
6319,6447,6061
6320,6448,5992
6321,6449,6448
6322,6450,6448
6323,6451,6452
6324,6452,6450
6325,6453,6451
6326,6454,6455
6327,6455,6451
6328,6456,5991
6329,6457,5990
6330,6458,6457
6331,6459,6460
6332,6461,6153
6333,6460,6461
6334,6462,6459
6335,6463,6464
6336,6465,5988
6337,6466,5982
6338,6467,6073
6339,6468,6467
6340,6469,6075
6341,6470,6469
6342,6471,6472
6343,6473,6474
6344,6475,6473
6345,6476,6473
6346,6477,6478
6347,6479,6480
6348,6481,6482
6349,6483,6481
6350,6484,6481
6351,6485,6486
6352,6487,6488
6353,6489,6487
6354,6490,6489
6355,6491,6490
6356,6492,6493
6357,6494,6491
6358,6493,6494
6359,6495,6492
6360,6496,6489
6361,6497,6498
6362,6499,6500
6363,6500,6501
6364,6502,6499
6365,6503,6491
6366,6504,6487
6367,6505,6506
6368,6507,6505
6369,6508,6507
6370,6509,6507
6371,6510,6505
6372,6511,6512
6373,6513,6514
6374,6515,6516
6375,6517,6518
6376,6519,6517
6377,6520,6519
6378,6521,6520
6379,6522,6521
6380,6523,6522
6381,6524,6525
6382,6525,6520
6383,6526,6527
6384,6527,6521
6385,6528,6519
6386,6529,6517
6387,6530,6531
6388,6532,6533
6389,6534,6532
6390,6535,6534
6391,5270,6535
6392,6536,6534
6393,6537,6536
6394,6538,6536
6395,6539,6538
6396,6540,6541
6397,6542,6543
6398,6544,6545
6399,6545,6542
6400,6546,6547
6401,6548,6546
6402,6549,6548
6403,6550,6549
6404,6551,6550
6405,6552,6551
6406,6553,6552
6407,6554,6552
6408,6555,6554
6409,6556,6549
6410,6557,6558
6411,6559,6557
6412,6560,6557
6413,6561,6086
6414,6562,6561
6415,6563,6087
6416,6564,6563
6417,6565,6564
6418,6566,6565
6419,6567,6090
6420,6568,6174
6421,6569,6173
6422,6570,6571
6423,6571,6569
6424,6572,6098
6425,6573,6097
6426,6574,6573
6427,6575,6574
6428,6576,6573
6429,6577,6576
6430,6578,6095
6431,6579,6094
6432,6580,6581
6433,6582,6580
6434,6583,6582
6435,6584,6580
6436,6585,6089
6437,6586,6585
6438,6587,6586
6439,6588,6585
6440,6589,6588
6441,6590,6088
6442,6591,6592
6443,6593,6085
6444,6592,6593
6445,6594,6591
6446,6595,6591
6447,6596,6083
6448,6597,6598
6449,6598,6599
6450,6600,6601
6451,6602,6603
6452,6603,6604
6453,6605,6606
6454,6607,6605
6455,6608,6607
6456,6609,6608
6457,6610,6103
6458,6611,6104
6459,6612,6105
6460,6613,6106
6461,6614,6613
6462,6615,6614
6463,6616,6109
6464,6617,6110
6465,6618,6102
6466,6619,5856
6467,6620,5862
6468,6621,6620
6469,6622,5867
6470,6623,5866
6471,6624,6625
6472,6626,6624
6473,6625,6623
6474,6627,6628
6475,6629,6627
6476,6630,6631
6477,6631,6632
6478,6633,6627
6479,6634,6635
6480,6636,6637
6481,6638,6633
6482,6635,6636
6483,6639,6638
6484,6640,6634
6485,6637,6639
6486,6641,6642
6487,6642,6640
6488,6643,6644
6489,6645,6646
6490,6646,6640
6491,6644,6645
6492,6647,6643
6493,6648,6633
6494,6649,5863
6495,6650,5860
6496,6651,5858
6497,6652,6159
6498,6653,6652
6499,6654,6652
6500,6655,6164
6501,6656,6655
6502,6657,6162
6503,6658,6659
6504,6660,6661
6505,6662,6161
6506,6663,6662
6507,6659,6664
6508,6664,6660
6509,6661,6663
6510,6665,6160
6511,6666,5874
6512,6667,5876
6513,6668,6669
6514,6669,5879
6515,6670,5882
6516,6671,5883
6517,6672,5880
6518,6673,6672
6519,6674,5884
6520,6675,5885
6521,6676,6675
6522,6677,5890
6523,6678,6677
6524,6679,6677
6525,6680,5893
6526,6681,6682
6527,6683,6684
6528,6685,5896
6529,6686,6687
6530,6688,6685
6531,6687,6688
6532,6689,6686
6533,6690,6689
6534,6691,6689
6535,6692,6691
6536,6693,6686
6537,6694,6695
6538,6696,6695
6539,6697,6696
6540,6698,6697
6541,6699,6698
6542,6700,6701
6543,6701,5959
6544,6702,6700
6545,6703,5961
6546,6704,5963
6547,6705,6704
6548,6706,6704
6549,6707,5968
6550,6708,6707
6551,6709,5962
6552,6710,6709
6553,6711,6709
6554,6712,5960
6555,6713,6712
6556,6714,6181
6557,6715,6182
6558,6716,6180
6559,6717,6178
6560,6718,5899
6561,6719,6718
6562,6720,6719
6563,6721,6720
6564,6722,6720
6565,6723,6722
6566,6724,6719
6567,6725,6724
6568,6726,6725
6569,6727,6724
6570,6728,6727
6571,6729,6184
6572,6730,6731
6573,6732,6730
6574,6731,6733
6575,6733,6729
6576,6734,6187
6577,6735,6734
6578,6736,6735
6579,6737,6738
6580,6739,6737
6581,6740,6741
6582,6742,6735
6583,6743,6734
6584,6744,6743
6585,6745,6189
6586,6746,6188
6587,6747,6186
6588,6748,5912
6589,6749,6748
6590,6750,6748
6591,6751,5914
6592,6752,6751
6593,6753,6752
6594,6754,6753
6595,6755,6754
6596,6756,6751
6597,6757,6752
6598,6758,6757
6599,6759,6760
6600,6760,5915
6601,6761,6759
6602,6762,6761
6603,6763,6201
6604,6764,6763
6605,6765,6764
6606,6766,6767
6607,6768,6769
6608,6770,6771
6609,6772,6770
6610,6773,6772
6611,6774,6772
6612,6775,6770
6613,6776,6775
6614,6777,6210
6615,6778,6779
6616,6780,5921
6617,6779,6781
6618,6781,6780
6619,6782,5925
6620,6783,5920
6621,6784,5916
6622,6785,6786
6623,6787,6786
6624,6788,6789
6625,6790,6788
6626,6791,6790
6627,6789,6792
6628,6793,6791
6629,6794,6793
6630,6795,6793
6631,6796,6797
6632,6797,6798
6633,6799,6800
6634,6800,6801
6635,6802,6803
6636,6803,6804
6637,6805,6806
6638,6806,6807
6639,6808,6805
6640,6809,6805
6641,6810,6809
6642,6811,6810
6643,6812,6809
6644,6813,6814
6645,6815,6813
6646,6816,6817
6647,6818,6816
6648,6819,6816
6649,6820,6821
6650,6822,6823
6651,6823,6820
6652,6824,6825
6653,6826,6824
6654,6827,6826
6655,6828,6827
6656,6829,6828
6657,6830,6829
6658,6831,6832
6659,6833,6834
6660,6835,6833
6661,6836,6837
6662,6838,6839
6663,6840,6838
6664,6841,6842
6665,6843,5913
6666,6844,6843
6667,6845,5934
6668,6846,5939
6669,6847,6848
6670,6849,5946
6671,6850,6849
6672,6851,5948
6673,6852,6853
6674,6853,5950
6675,6854,6855
6676,6856,5949
6677,6857,5947
6678,6858,5945
6679,6859,6858
6680,6860,6859
6681,6861,6858
6682,6862,6861
6683,6863,5943
6684,6864,6865
6685,6865,6866
6686,6867,6868
6687,6869,6870
6688,6870,6867
6689,6871,5940
6690,6872,6871
6691,6873,6874
6692,6874,6872
6693,6875,6871
6694,6876,6877
6695,6877,6878
6696,6878,6879
6697,6879,5942
6698,6880,6876
6699,6881,6880
6700,6882,6881
6701,6883,6884
6702,6885,6876
6703,6886,6887
6704,6888,6886
6705,6889,5938
6706,6890,5907
6707,6891,6890
6708,6892,6891
6709,6893,6894
6710,6895,6896
6711,6897,6898
6712,6899,6897
6713,6900,6901
6714,6902,6903
6715,6904,6196
6716,6905,6904
6717,6906,6907
6718,6907,5903
6719,6908,6909
6720,6910,6911
6721,6911,5900
6722,6909,6910
6723,6912,6913
6724,6913,5901
6725,6914,6915
6726,6916,6914
6727,6915,5895
6728,6917,5894
6729,6918,5892
6730,6919,6918
6731,6920,6918
6732,6921,5891
6733,6922,6923
6734,6924,5887
6735,6923,6924
6736,6925,5886
6737,6926,5869
6738,6927,6926
6739,6928,5854
6740,6929,6928
6741,6930,6143
6742,6931,6151
6743,6932,6145
6744,6933,6934
6745,6935,6141
6746,6936,6139
6747,6937,6936
6748,6938,6937
6749,6939,6937
6750,6940,6936
6751,6941,6137
6752,6942,6943
6753,6943,6944
6754,6945,6946
6755,6946,6947
6756,6947,6948
6757,6949,6950
6758,6950,6951
6759,6952,6953
6760,6954,6953
6761,6955,6956
6762,6957,6956
6763,6958,6959
6764,6959,6957
6765,6960,6207
6766,6214,6218
6767,6219,6216
6768,6961,6962
6769,6963,6964
6770,6964,5845
6771,6962,6963
6772,5847,6965
6773,6965,6966
6774,6967,6968
6775,6012,6969
6776,6970,6971
6777,6972,6966
6778,6973,6972
6779,6974,5896
6780,6975,6974
6781,5867,5865
6782,6976,6977
6783,6978,6979
6784,6977,6978
6785,6980,6222
6786,6014,6980
6787,6981,6982
6788,6983,6984
6789,6985,6983
6790,6984,6981
6791,6956,6985
6792,6971,6890
6793,6968,5883
6794,6986,6227
6795,6226,6224
6796,6987,6948
6797,6988,6989
6798,6989,6982
6799,6990,6991
6800,6991,6951
6801,6951,5844
6802,6948,6990
6803,6944,6244
6804,6244,6992
6805,6993,6994
6806,6994,6987
6807,5850,6944
6808,6992,6993
6809,6995,6968
6810,5898,6975
6811,5995,5993
6812,6969,6996
6813,6415,6010
6814,6996,6415
6815,6997,6011
6816,6222,6997
6817,6096,6998
6818,6999,6094
6819,6998,6999
6820,7000,6162
6821,6164,7000
6822,6172,6168
6823,7001,7002
6824,7002,6979
6825,7003,6226
6826,7004,6227
6827,6230,7005
6828,7005,6987
6829,7006,5995
6830,7007,6356
6831,7008,7009
6832,7009,6356
6833,6979,6200
6834,7010,6490
6835,6498,7010
6836,6533,7011
6837,6953,7012
6838,7012,6542
6839,7013,6553
6840,7014,7015
6841,7015,6096
6842,7016,5865
6843,6695,7017
6844,7017,6975
6845,7018,6758
6846,6982,7018
6847,7019,6971
6848,7020,7021
6849,7021,6992
6850,7022,7023
6851,7023,7013
6852,6966,7024
6853,7024,4852
6854,7025,6570
6855,7026,7025
6856,6866,7027
6857,5944,7027
6858,6868,7028
6859,7027,7028
6860,7028,7029
6861,7029,5941
6862,6848,7029
6863,5953,7030
6864,6855,7030
6865,7030,5951
6866,6035,7031
6867,6393,7031
6868,7031,6033
6869,6060,7032
6870,6432,7032
6871,7032,6058
6872,6084,7033
6873,6599,7033
6874,7033,7034
6875,7035,7034
6876,7034,7036
6877,6558,7036
6878,6601,7035
6879,7036,7037
6880,6604,7037
6881,7037,6081
6882,6581,7038
6883,6093,7038
6884,7038,6091
6885,6135,7039
6886,7039,6133
6887,6252,7039
6888,7040,6144
6889,6148,7040
6890,6934,7040
6891,6156,7041
6892,6464,7041
6893,7041,6154
6894,6771,7042
6895,6207,7042
6896,7042,6205
6897,6309,7043
6898,6313,7043
6899,7043,6307
6900,7044,6345
6901,6351,7044
6902,6347,7045
6903,7045,7046
6904,7046,6353
6905,6366,7047
6906,6360,7047
6907,7047,7048
6908,7048,7007
6909,6632,7049
6910,7049,7016
6911,6628,7049
6912,7050,6680
6913,6684,7050
6914,6682,7050
6915,6741,7051
6916,7051,6736
6917,6738,7051
6918,6884,7052
6919,7052,6882
6920,6887,7052
6921,5908,7053
6922,6894,7053
6923,7053,7054
6924,7054,7055
6925,7055,5905
6926,6903,7055
6927,7056,7054
6928,7057,7056
6929,6901,7057
6930,6898,7057
6931,6896,7056
6932,7011,7058
6933,7058,7059
6934,6541,7059
6935,6531,7060
6936,6518,7060
6937,7059,7061
6938,7060,7061
6939,6543,7062
6940,6547,7062
6941,7062,7063
6942,7061,7063
6943,7063,7064
6944,6516,7064
6945,7065,7066
6946,6488,7065
6947,6486,7066
6948,6082,7067
6949,7066,7068
6950,6482,7068
6951,7064,7069
6952,6514,7069
6953,7068,7070
6954,6480,7070
6955,7069,7071
6956,6512,7071
6957,7067,7072
6958,7071,7072
6959,7070,7073
6960,6478,7073
6961,6606,7074
6962,7072,7074
6963,7073,7075
6964,6474,7075
6965,7075,7076
6966,6472,7076
6967,7074,7077
6968,7076,7077
6969,7078,6080
6970,7077,7078
6971,6769,7079
6972,7079,6765
6973,7080,7079
6974,6767,7080
6975,7081,7080
6976,7082,7083
6977,7084,7085
6978,7085,7082
6979,7083,6322
6980,6217,7084
6981,6506,7065
6982,6228,7086
6983,7086,6261
6984,6501,7087
6985,7087,6494
6986,7088,6973
6987,7089,7090
6988,7090,6501
6989,7091,6099
6990,7092,7093
6991,7094,7095
6992,7096,7094
6993,7093,7096
6994,7097,7098
6995,6834,7097
6996,7099,6834
6997,7100,7099
6998,7101,7100
6999,7102,7101
7000,7103,7104
7001,7105,7103
7002,7106,7105
7003,7107,7106
7004,7108,7107
7005,7109,7108
7006,7110,7109
7007,7111,7110
7008,7112,7111
7009,7113,7112
7010,7114,7113
7011,7115,7114
7012,7116,7115
7013,7117,7116
7014,7118,7117
7015,7119,7118
7016,7120,7121
7017,7122,7119
7018,7121,7122
7019,7123,7120
7020,7124,7123
7021,7125,7126
7022,6807,7125
7023,7127,6807
7024,7128,6804
7025,6804,7127
7026,7129,7128
7027,6801,7130
7028,6792,6798
7029,6798,6801
7030,7130,7129
7031,7131,6792
7032,4853,7131
7033,7132,7133
7034,7134,7135
7035,7136,7132
7036,7135,7136
7037,7137,7134
7038,7138,7137
7039,7139,7138
7040,7140,7139
7041,7141,7140
7042,7142,7097
7043,7143,6814
7044,6825,7143
7045,6817,6825
7046,6821,6817
7047,7144,7145
7048,7146,7147
7049,7147,7144
7050,7148,6821
7051,7145,7148
7052,7149,7146
7053,7150,7149
7054,7151,7152
7055,7152,7150
7056,7153,7107
7057,7154,7153
7058,6839,6842
7059,7155,6839
7060,7156,7155
7061,6837,7157
7062,7158,7103
7063,7159,7158
7064,7157,7159
7065,7160,6837
7066,7161,7134
7067,7162,7161
7068,7163,7164
7069,7165,7163
7070,7166,7165
7071,7167,7108
7072,7168,7167
7073,7169,7170
7074,7171,7172
7075,7172,7129
7076,7173,7169
7077,7170,7171
7078,7174,7114
7079,7175,7176
7080,7176,7177
7081,7178,7175
7082,7179,7180
7083,7180,7181
7084,7182,7183
7085,7184,7183
7086,7185,7186
7087,7186,7161
7088,7187,7163
7089,7188,7165
7090,7189,7164
7091,7190,7191
7092,7191,7192
7093,7193,7162
7094,7194,7193
7095,7195,7194
7096,7196,7195
7097,7197,7194
7098,7198,7197
7099,7199,7140
7100,7200,7201
7101,7202,7139
7102,7201,7202
7103,7203,7200
7104,7204,7138
7105,7205,7204
7106,7206,7204
7107,7207,7137
7108,7208,7209
7109,7209,7210
7110,7210,7207
7111,7211,7212
7112,7212,7213
7113,7214,7215
7114,7215,7127
7115,7216,7217
7116,7217,7128
7117,7218,7216
7118,7219,7218
7119,7220,7219
7120,7221,7220
7121,7222,7221
7122,7223,7222
7123,7224,7221
7124,7225,7222
7125,7226,7225
7126,7227,7226
7127,7228,7227
7128,7229,7220
7129,7230,7219
7130,7231,7232
7131,7232,7230
7132,7233,7218
7133,7234,7216
7134,7235,7234
7135,7236,7235
7136,7237,7235
7137,7238,7237
7138,7239,7237
7139,7240,7234
7140,7241,7242
7141,7242,7130
7142,7243,7244
7143,7244,7245
7144,7245,7246
7145,7246,4853
7146,7247,7248
7147,7249,7247
7148,7250,7251
7149,7252,7253
7150,7254,7255
7151,7251,7252
7152,7256,7254
7153,7253,7256
7154,7257,7250
7155,7258,7257
7156,7259,7250
7157,7181,7259
7158,7260,7181
7159,7261,7260
7160,7262,7260
7161,7263,7259
7162,7264,7265
7163,7266,7264
7164,7267,7266
7165,7268,7267
7166,7269,7266
7167,7270,7264
7168,7271,7270
7169,7272,7271
7170,7273,7274
7171,7275,7272
7172,7276,7273
7173,7277,7276
7174,7274,7275
7175,7278,6841
7176,7279,7167
7177,7280,7110
7178,7281,7280
7179,7282,7281
7180,7283,7280
7181,7284,7111
7182,7285,7284
7183,7286,7113
7184,7287,7120
7185,7288,7289
7186,7290,7123
7187,7289,7290
7188,7291,7292
7189,7293,7119
7190,7292,7293
7191,7294,7291
7192,7295,7294
7193,7296,7291
7194,7297,7294
7195,7298,7297
7196,7299,7117
7197,7300,7299
7198,7301,7299
7199,7302,7301
7200,7303,7302
7201,7304,7301
7202,7305,7304
7203,7306,7305
7204,7307,7304
7205,7308,7116
7206,7309,7115
7207,7310,7309
7208,7311,7312
7209,7312,7310
7210,7313,7314
7211,7314,7310
7212,7315,7313
7213,7316,7313
7214,7317,7112
7215,7318,7109
7216,7319,7318
7217,7320,7319
7218,7183,7318
7219,7321,7319
7220,7322,7323
7221,7323,7105
7222,7324,7325
7223,7326,7324
7224,7327,7099
7225,7328,7327
7226,7329,7330
7227,7331,7329
7228,7332,7331
7229,7333,7329
7230,7334,7333
7231,7335,7331
7232,7336,7337
7233,7338,7335
7234,7337,7338
7235,7339,7335
7236,7340,7336
7237,7330,7197
7238,7341,7342
7239,6842,7341
7240,7342,7343
7241,6786,7277
7242,7343,7344
7243,7344,7154
7244,7345,7346
7245,7346,7177
7246,7126,7213
7247,7213,7347
7248,7347,6832
7249,6832,7348
7250,6814,7349
7251,7349,7350
7252,7350,7351
7253,7351,7352
7254,7353,7126
7255,7352,7353
7256,7192,7162
7257,7164,7192
7258,7354,7272
7259,7355,7277
7260,7356,7357
7261,7357,7154
7262,7358,7336
7263,7177,7358
7264,7359,7330
7265,7360,7361
7266,7361,7359
7267,7325,7362
7268,7363,7362
7269,7362,7102
7270,7104,7363
7271,7255,7364
7272,7265,7364
7273,7364,7365
7274,7248,7365
7275,7365,7243
7276,7366,7367
7277,7368,7369
7278,7369,7370
7279,7371,7366
7280,7372,7373
7281,7373,7371
7282,7367,7368
7283,7374,7372
7284,7375,7374
7285,7376,7377
7286,7377,7375
7287,7378,7376
7288,7379,7380
7289,7381,7382
7290,7380,7383
7291,7382,7384
7292,7383,7381
7293,7384,7378
7294,7385,7386
7295,7387,7388
7296,7389,7390
7297,7386,7391
7298,7392,7387
7299,7391,7389
7300,7388,7393
7301,7390,7392
7302,7394,7385
7303,7395,7394
7304,7396,7395
7305,7397,7396
7306,7398,7397
7307,7399,7398
7308,7400,7399
7309,7401,7402
7310,7403,7400
7311,7402,7403
7312,7404,7401
7313,7405,7404
7314,1214,7405
7315,7406,7407
7316,7407,7408
7317,7409,7406
7318,7410,7409
7319,7411,7410
7320,7412,7411
7321,1234,7412
7322,7413,1234
7323,7414,7413
7324,7415,7414
7325,7416,7415
7326,7417,7416
7327,7418,7417
7328,7419,7420
7329,7420,7418
7330,7421,7419
7331,7422,7421
7332,7423,7422
7333,7424,7415
7334,7425,7424
7335,7426,7425
7336,7427,7426
7337,7428,7425
7338,7429,7428
7339,7430,7429
7340,7431,7430
7341,7432,7431
7342,7433,7432
7343,1216,7433
7344,7434,1217
7345,7435,7434
7346,7436,7435
7347,7437,7436
7348,7438,7439
7349,7440,7438
7350,7441,7440
7351,7442,7441
7352,7443,7442
7353,7444,7443
7354,1251,7401
7355,7445,1248
7356,7446,7445
7357,7447,7446
7358,7448,7447
7359,7449,7448
7360,7450,7449
7361,7451,7450
7362,7452,7451
7363,7453,7452
7364,7454,7453
7365,1219,7454
7366,7455,1218
7367,7456,7399
7368,7457,7456
7369,7458,7459
7370,7460,7458
7371,7461,7460
7372,7462,7461
7373,7463,7462
7374,7464,7463
7375,7465,7464
7376,7466,7465
7377,7467,7466
7378,7468,7467
7379,7469,7468
7380,7470,7469
7381,7471,7470
7382,7472,7471
7383,7473,7472
7384,7474,7473
7385,7475,7474
7386,7476,7475
7387,7477,7476
7388,7478,7479
7389,7479,7379
7390,7480,7481
7391,7482,7480
7392,7483,7482
7393,7484,7483
7394,7485,7484
7395,1254,7485
7396,7486,1255
7397,7487,7488
7398,7489,7487
7399,7490,7489
7400,7491,7490
7401,7492,7491
7402,7493,7492
7403,7494,7493
7404,7495,7496
7405,7496,7494
7406,7497,1220
7407,7498,7497
7408,7499,7498
7409,7500,7499
7410,1258,7500
7411,7501,1256
7412,7502,7376
7413,7503,7502
7414,7504,7503
7415,7505,7504
7416,7506,7505
7417,7507,7506
7418,7508,7507
7419,7509,7508
7420,1263,7509
7421,7510,7511
7422,7511,7453
7423,7512,7510
7424,7513,7424
7425,7514,7513
7426,7515,7514
7427,7516,7515
7428,7517,1216
7429,7518,7517
7430,7519,7518
7431,7520,7519
7432,7521,7520
7433,7522,7523
7434,7523,7521
7435,7524,7475
7436,7525,7466
7437,7526,7449
7438,7527,7526
7439,7528,7527
7440,7529,7530
7441,7530,7528
7442,7531,7438
7443,7532,7531
7444,7533,7534
7445,7534,7532
7446,7535,7533
7447,7536,7447
7448,7537,7536
7449,7538,7537
7450,7539,7538
7451,7540,7539
7452,7541,7540
7453,7542,7459
7454,7543,7542
7455,7544,7545
7456,7545,7543
7457,7546,7547
7458,7548,7546
7459,7549,7548
7460,7550,7549
7461,7551,7550
7462,7552,7440
7463,7553,7554
7464,7554,7555
7465,7555,7552
7466,7556,7553
7467,7557,7558
7468,7558,7385
7469,7559,7557
7470,7560,7559
7471,7561,7560
7472,7562,7561
7473,7563,7562
7474,7564,7565
7475,7566,7564
7476,7567,7566
7477,7568,7569
7478,7570,7567
7479,7569,7570
7480,7571,7568
7481,7572,7571
7482,7573,7574
7483,7575,7573
7484,7576,7572
7485,7574,7576
7486,1228,7575
7487,7577,1228
7488,7578,7577
7489,7579,7578
7490,7580,7579
7491,7581,7580
7492,7582,7583
7493,7583,7584
7494,7585,7582
7495,7586,7585
7496,7587,7586
7497,7588,7589
7498,7589,7393
7499,7590,7588
7500,7591,7590
7501,7592,7593
7502,7593,7397
7503,7594,7592
7504,7595,7594
7505,7596,7417
7506,7597,7596
7507,7598,7597
7508,7599,7600
7509,7600,7598
7510,7601,7602
7511,7602,7370
7512,7603,7601
7513,7604,7605
7514,7606,7607
7515,7605,7606
7516,7607,7372
7517,7608,7604
7518,7609,7610
7519,7611,7612
7520,7613,7614
7521,7615,1222
7522,7616,7617
7523,7618,1224
7524,7617,7618
7525,7619,7620
7526,7621,7622
7527,7623,7624
7528,7624,7625
7529,7626,7627
7530,7627,7369
7531,7628,7629
7532,7629,7366
7533,7630,7631
7534,7631,7375
7535,7632,7503
7536,7633,7632
7537,7634,7632
7538,7635,7505
7539,7636,7507
7540,7637,7508
7541,7638,7509
7542,7639,7638
7543,7640,7638
7544,7641,7640
7545,7642,7640
7546,7643,1260
7547,7644,7643
7548,7645,1262
7549,7646,7506
7550,7647,7646
7551,7648,7646
7552,7649,7504
7553,7650,7492
7554,7651,7494
7555,7652,1266
7556,7653,7652
7557,7654,7653
7558,7655,7654
7559,7656,7657
7560,7658,7659
7561,7660,7661
7562,7662,7663
7563,7664,7665
7564,7666,7667
7565,7668,7664
7566,7669,1270
7567,7670,7653
7568,7671,7670
7569,7672,7670
7570,7673,7654
7571,7674,7673
7572,7675,7674
7573,7676,7675
7574,7677,7675
7575,7678,7674
7576,7679,7678
7577,7680,7679
7578,7681,7680
7579,7682,7678
7580,7683,7684
7581,7684,7673
7582,7685,7683
7583,7686,7652
7584,7687,7686
7585,7688,7687
7586,7689,7690
7587,7690,7688
7588,7691,7689
7589,7692,7686
7590,7693,7692
7591,7694,7693
7592,7695,7696
7593,7696,7694
7594,7697,7698
7595,7699,7692
7596,7700,7699
7597,7698,7700
7598,7701,7702
7599,7702,7703
7600,7703,7697
7601,7704,7697
7602,7705,7706
7603,7706,7694
7604,7707,1264
7605,7708,1268
7606,7709,7493
7607,7710,7709
7608,7711,7710
7609,7712,7709
7610,7713,7712
7611,7714,1220
7612,7715,7497
7613,7716,7499
7614,7717,1259
7615,7718,7717
7616,7719,7717
7617,7720,7500
7618,7721,7720
7619,7722,7721
7620,7723,7722
7621,7724,7723
7622,7725,7720
7623,7726,7725
7624,7727,7725
7625,7728,7721
7626,7729,7728
7627,7730,7729
7628,7731,7728
7629,7732,7729
7630,7733,7732
7631,7734,7732
7632,7735,7734
7633,7736,7722
7634,7737,7736
7635,7738,7498
7636,7739,7738
7637,7740,7739
7638,7741,7738
7639,7742,7486
7640,7743,7742
7641,7744,7742
7642,7488,1252
7643,7745,7485
7644,7746,7745
7645,7481,7478
7646,7747,7588
7647,7748,7747
7648,7749,7748
7649,7750,7562
7650,7751,7559
7651,7752,7557
7652,7753,7752
7653,7754,7752
7654,7755,7754
7655,7756,7754
7656,7757,7756
7657,7758,7757
7658,7759,7756
7659,7760,7395
7660,7761,7403
7661,7762,7761
7662,7763,7404
7663,7764,7405
7664,7765,7764
7665,7766,7566
7666,7767,7567
7667,7768,7568
7668,1230,7577
7669,7769,7571
7670,7770,7769
7671,7771,7769
7672,7772,7564
7673,7773,7774
7674,7775,7776
7675,7777,7410
7676,7778,7413
7677,7779,7414
7678,7780,7596
7679,7781,7780
7680,7782,7780
7681,4326,7597
7682,7783,7598
7683,7784,7783
7684,7785,7783
7685,7786,7785
7686,7787,7785
7687,7788,7418
7688,7789,7788
7689,7790,7789
7690,7791,7419
7691,7792,7793
7692,7793,7791
7693,7794,7791
7694,7795,7796
7695,7797,7421
7696,7796,7797
7697,7798,7422
7698,7799,7416
7699,7800,7799
7700,7801,7800
7701,7802,7803
7702,7804,7802
7703,7803,7805
7704,7805,7801
7705,7806,7799
7706,7807,7806
7707,7808,7809
7708,7809,7800
7709,7810,7513
7710,7811,7430
7711,7812,7431
7712,7813,7812
7713,7814,7434
7714,7815,7814
7715,7816,7815
7716,7817,7816
7717,7818,7819
7718,7820,7818
7719,7821,7822
7720,7823,7821
7721,7824,7816
7722,7825,7824
7723,7826,7824
7724,7827,7815
7725,7828,7827
7726,7829,7814
7727,7830,7829
7728,7831,7829
7729,7832,7436
7730,7833,7832
7731,7834,7835
7732,7835,7832
7733,7836,1217
7734,7837,7519
7735,7838,7837
7736,7839,7838
7737,7840,7520
7738,7841,7517
7739,7842,7841
7740,7843,7841
7741,7844,7433
7742,7845,7432
7743,7846,7429
7744,7847,7428
7745,7848,1233
7746,7849,1233
7747,7850,7412
7748,7851,7850
7749,7852,7853
7750,7854,7852
7751,7855,7853
7752,7856,7852
7753,7857,7856
7754,7858,7856
7755,7859,7858
7756,7860,7858
7757,7861,7851
7758,7862,7850
7759,7863,7411
7760,7864,7865
7761,7865,7863
7762,7866,7409
7763,7867,7552
7764,7868,7442
7765,7869,7443
7766,7870,7441
7767,7871,7872
7768,7873,7871
7769,7874,1250
7770,7875,7445
7771,7876,7536
7772,7877,7876
7773,7878,7537
7774,7879,7538
7775,7880,7539
7776,7881,7540
7777,7882,7881
7778,7883,7450
7779,7884,1219
7780,7885,7886
7781,7886,1218
7782,7887,7454
7783,7888,7510
7784,7889,7890
7785,7890,7452
7786,7891,7889
7787,7892,7889
7788,7893,7451
7789,7894,7526
7790,7895,7528
7791,7896,7527
7792,7897,7896
7793,7898,7897
7794,7899,7896
7795,7900,7897
7796,7901,7448
7797,1236,7446
7798,7902,1236
7799,7903,7542
7800,7904,7458
7801,7905,7462
7802,7906,7464
7803,7907,7471
7804,7908,7472
7805,7909,7474
7806,7910,7909
7807,7911,7910
7808,7912,7911
7809,7913,7912
7810,7914,7909
7811,7915,7916
7812,7917,7915
7813,7916,7914
7814,7918,7917
7815,7919,7918
7816,7920,7919
7817,7921,7911
7818,7922,7921
7819,7923,7921
7820,7924,7923
7821,7925,7924
7822,7926,7923
7823,7927,7924
7824,7928,7912
7825,7929,7928
7826,7930,7910
7827,7931,7930
7828,7932,7546
7829,7933,7932
7830,7934,7550
7831,7935,7551
7832,7936,7935
7833,7937,7548
7834,7938,7937
7835,7939,7938
7836,7940,7941
7837,7941,7547
7838,7942,7465
7839,7943,7942
7840,7944,7943
7841,7945,7942
7842,7946,7943
7843,7947,7460
7844,7948,7947
7845,7949,7947
7846,7950,7457
7847,7951,7456
7848,7952,7592
7849,7953,7594
7850,7954,7953
7851,7955,7953
7852,7956,7957
7853,7957,7392
7854,7958,7582
7855,7959,7378
7856,7960,7959
7857,7961,7960
7858,7962,7961
7859,7963,7962
7860,7964,7963
7861,7965,7964
7862,7966,7960
7863,7967,7966
7864,7968,7967
7865,7969,7961
7866,7970,7969
7867,7971,7970
7868,7972,7973
7869,7974,7964
7870,7973,7974
7871,7975,7976
7872,7976,7377
7873,7977,7374
7874,7978,7977
7875,7979,7980
7876,7980,7371
7877,7981,7601
7878,7982,7983
7879,7983,7984
7880,7985,1224
7881,7986,7987
7882,7988,7987
7883,7987,7608
7884,7989,1225
7885,7990,7619
7886,7620,7621
7887,1245,7986
7888,7991,7992
7889,7370,7991
7890,7872,1214
7891,7993,7994
7892,7393,7993
7893,7995,1222
7894,7584,7996
7895,7996,7997
7896,7998,7999
7897,7999,8000
7898,8000,8001
7899,8001,8002
7900,8002,8003
7901,8004,8005
7902,8003,8004
7903,8005,7379
7904,1221,7487
7905,1225,7664
7906,7625,8006
7907,8006,7131
7908,7992,7625
7909,8007,7998
7910,7997,8007
7911,7994,7584
7912,8008,8009
7913,8010,8008
7914,8011,8010
7915,8012,8008
7916,8013,8012
7917,8014,8013
7918,8015,8014
7919,8016,8015
7920,8017,8016
7921,8018,8017
7922,8019,8020
7923,8020,8018
7924,8021,8019
7925,8022,8021
7926,8023,8017
7927,8024,8023
7928,8025,8020
7929,8026,8025
7930,8027,8028
7931,8029,8026
7932,8028,8029
7933,8030,8027
7934,8031,8025
7935,8032,8031
7936,8033,8034
7937,8035,8036
7938,8034,8035
7939,8037,8033
7940,8038,8039
7941,8040,8038
7942,8041,8040
7943,8042,8041
7944,8043,8044
7945,8045,8046
7946,8047,8045
7947,8048,8049
7948,8050,8051
7949,8049,8050
7950,8052,8053
7951,8054,8052
7952,8055,8054
7953,8056,8055
7954,8057,8056
7955,1272,1267
7956,7663,1271
7957,8058,7495
7958,1269,8058
7959,7661,1272
7960,8059,8058
7961,7659,8059
7962,7657,8059
7963,8060,7662
7964,7667,8060
7965,7665,8060
7966,7822,8061
7967,7819,8061
7968,8061,7817
7969,8062,8063
7970,8063,8064
7971,7984,7609
7972,7610,8062
7973,8064,7549
7974,7622,8065
7975,8065,8066
7976,8066,7966
7977,8067,8066
7978,8068,1227
7979,1223,8068
7980,7614,7995
7981,7612,7613
7982,8069,7470
7983,8070,7467
7984,8071,8070
7985,7547,8069
7986,7408,8072
7987,7776,8072
7988,7774,8073
7989,8072,8073
7990,8073,8074
7991,7565,8074
7992,8074,8075
7993,7439,8075
7994,8075,1213
7995,8076,8077
7996,8078,8076
7997,8079,8078
7998,8080,8079
7999,8081,8082
8000,8082,8080
8001,8083,8084
8002,8085,8086
8003,8087,8083
8004,8086,8087
8005,8088,8085
8006,8089,8088
8007,8090,8089
8008,8091,8090
8009,8092,8093
8010,8093,8094
8011,8095,8096
8012,8097,8095
8013,8098,8097
8014,8099,8098
8015,8100,8101
8016,8102,8100
8017,8103,8102
8018,8104,8103
8019,8105,8104
8020,8106,8105
8021,8107,8106
8022,8108,8107
8023,8109,8108
8024,8110,8109
8025,8111,8110
8026,8112,8113
8027,8114,8112
8028,8115,8116
8029,8117,8115
8030,8118,8117
8031,8119,8120
8032,8121,8119
8033,8122,8121
8034,8009,8122
8035,8036,8009
8036,8123,8036
8037,8039,8123
8038,8124,8039
8039,8125,8126
8040,8046,8125
8041,8127,8122
8042,8128,8127
8043,8129,8128
8044,8130,8129
8045,8051,8130
8046,8131,8051
8047,8132,8112
8048,8133,8132
8049,8134,8133
8050,8135,8134
8051,8136,8137
8052,8138,8136
8053,8139,8138
8054,8140,8139
8055,8141,8133
8056,8142,8141
8057,8143,8142
8058,8144,8143
8059,8145,8144
8060,8146,8145
8061,8147,8148
8062,8149,8147
8063,8150,8149
8064,8151,8152
8065,8153,8151
8066,8152,8083
8067,8154,8153
8068,8155,8084
8069,8156,8155
8070,8157,8156
8071,8158,8157
8072,8159,8160
8073,8161,8158
8074,8160,8161
8075,8162,8159
8076,8163,8162
8077,8164,8163
8078,8165,8164
8079,8166,8165
8080,8167,8166
8081,8168,8167
8082,8169,8092
8083,8170,8169
8084,8171,8170
8085,8172,8143
8086,8173,8172
8087,8174,8175
8088,8176,8177
8089,8175,8176
8090,8177,8173
8091,8178,8174
8092,8179,8178
8093,8180,8181
8094,8182,8183
8095,8184,8180
8096,8183,8184
8097,8185,8182
8098,8186,8123
8099,8187,8186
8100,8188,8187
8101,8053,8129
8102,8189,8053
8103,8190,8189
8104,8191,8190
8105,8192,8125
8106,8193,8192
8107,8194,8193
8108,8195,8194
8109,8196,8195
8110,8197,8196
8111,8198,8130
8112,8199,8198
8113,8200,8199
8114,8201,8200
8115,8202,8201
8116,8203,8204
8117,8204,8205
8118,8206,8207
8119,8208,8209
8120,8210,8211
8121,8212,8210
8122,8213,8214
8123,8215,8213
8124,8216,8121
8125,8217,8216
8126,8218,8128
8127,8219,8218
8128,8220,8219
8129,8221,8218
8130,8222,8221
8131,8223,8222
8132,8224,8127
8133,8225,8224
8134,8226,8119
8135,8227,8228
8136,8229,8227
8137,8230,8229
8138,8231,8230
8139,8232,8229
8140,8233,8232
8141,8234,8233
8142,8235,8230
8143,8236,8235
8144,8237,8227
8145,8238,8137
8146,8239,8238
8147,8240,8239
8148,8241,8240
8149,8242,8138
8150,8243,8136
8151,8244,8243
8152,8245,8244
8153,8246,8243
8154,8247,8246
8155,8248,8249
8156,8250,8251
8157,8249,8252
8158,8253,8248
8159,8254,8253
8160,8255,8254
8161,8252,8250
8162,8256,8255
8163,8257,8258
8164,8259,8260
8165,8260,8261
8166,8258,8255
8167,8261,8257
8168,8262,8135
8169,8263,8262
8170,8264,8134
8171,8265,8264
8172,8266,8141
8173,8267,8266
8174,8268,8269
8175,8269,8267
8176,8270,8172
8177,8271,8270
8178,8272,8270
8179,8273,8272
8180,8274,8272
8181,8275,8174
8182,8276,8275
8183,8277,8178
8184,8278,8279
8185,8280,8180
8186,8281,8280
8187,8282,8281
8188,8283,8144
8189,8284,8146
8190,8285,8284
8191,8286,8149
8192,8287,8286
8193,8288,8142
8194,8289,8132
8195,8290,8291
8196,8292,8293
8197,8294,8295
8198,8296,8297
8199,8298,8299
8200,8300,8298
8201,8297,8300
8202,8301,8296
8203,8302,8296
8204,8303,8100
8205,8304,8303
8206,8305,8304
8207,8306,8305
8208,8307,8304
8209,8308,8303
8210,8309,8104
8211,8310,8309
8212,8311,8106
8213,8312,8105
8214,8313,8103
8215,8314,8102
8216,8315,8097
8217,8316,8315
8218,8317,8098
8219,8318,8095
8220,8319,8320
8221,8321,8319
8222,8322,8323
8223,8324,8170
8224,8325,8326
8225,8327,8325
8226,8328,8081
8227,8329,8330
8228,8331,8329
8229,8332,8333
8230,8333,8329
8231,8334,8157
8232,8335,8158
8233,8336,8335
8234,8337,8159
8235,8338,8337
8236,8339,8166
8237,8340,8167
8238,8341,8165
8239,8342,8164
8240,8343,8342
8241,8344,8162
8242,8345,8156
8243,8346,8090
8244,8347,8346
8245,8348,8089
8246,8349,8088
8247,8350,8085
8248,8351,8153
8249,8352,8351
8250,8353,8333
8251,8354,8355
8252,8084,8354
8253,8209,8356
8254,8137,8251
8255,8355,8081
8256,8094,8080
8257,8211,8092
8258,8357,8211
8259,8251,8358
8260,8359,8135
8261,8358,8359
8262,8148,8360
8263,8360,8146
8264,8361,8209
8265,8326,8362
8266,8362,8094
8267,8363,8155
8268,8101,8364
8269,8320,8365
8270,8364,8365
8271,8365,8366
8272,8299,8366
8273,8323,8367
8274,8366,8367
8275,8367,8368
8276,8295,8369
8277,8096,8364
8278,8368,8370
8279,8369,8370
8280,8370,8371
8281,8293,8371
8282,8371,8372
8283,8291,8372
8284,8373,8374
8285,8372,8374
8286,8374,8375
8287,8120,8376
8288,8214,8376
8289,8228,8377
8290,8376,8377
8291,8377,8118
8292,8126,8378
8293,8044,8378
8294,8378,8124
8295,8279,8379
8296,8181,8379
8297,8379,8179
8298,8205,8380
8299,8207,8380
8300,8380,8208
8301,8381,8382
8302,8356,8383
8303,8383,8381
8304,8382,8116
8305,8116,8114
8306,8384,8385
8307,8386,8387
8308,8387,8384
8309,8388,8386
8310,8389,8390
8311,8391,8389
8312,8392,8393
8313,8394,8392
8314,8395,8394
8315,8396,8397
8316,8397,8395
8317,8398,8396
8318,8399,8398
8319,8400,8399
8320,8401,8400
8321,8402,8401
8322,8403,8402
8323,8404,8405
8324,8406,8404
8325,8407,8406
8326,8408,8409
8327,8409,8407
8328,8410,8408
8329,8411,8410
8330,8412,8411
8331,8413,8412
8332,8414,8415
8333,8416,8417
8334,8418,8419
8335,8420,8421
8336,8419,8422
8337,8423,8420
8338,8422,8416
8339,8421,8418
8340,8424,8423
8341,8425,8424
8342,8426,8425
8343,8427,8426
8344,8428,8427
8345,8429,8428
8346,8430,8429
8347,8431,8432
8348,8433,8431
8349,8434,8435
8350,8436,8437
8351,8437,8434
8352,8438,8436
8353,8439,8438
8354,8440,8439
8355,8441,8440
8356,8442,8441
8357,8443,8442
8358,8444,8443
8359,8445,8444
8360,8446,8445
8361,8447,8446
8362,8448,8447
8363,8449,8448
8364,8450,8449
8365,8451,8450
8366,8452,8451
8367,8453,8452
8368,8454,8453
8369,8455,8454
8370,8456,8423
8371,8457,8456
8372,8458,8457
8373,8459,8460
8374,8461,8462
8375,8462,8463
8376,8463,8464
8377,8464,8465
8378,8466,8461
8379,8467,8468
8380,8469,8470
8381,8471,8469
8382,8472,8471
8383,8473,8472
8384,8474,8475
8385,8475,8473
8386,8476,8474
8387,8477,8478
8388,8479,8480
8389,8478,8481
8390,8482,8479
8391,8483,8477
8392,8480,8483
8393,8484,8482
8394,8485,8486
8395,8487,8485
8396,8488,8489
8397,8490,8488
8398,8489,8491
8399,8491,8487
8400,8492,8490
8401,8493,8492
8402,8494,8493
8403,8495,8494
8404,8496,8495
8405,8497,8498
8406,8499,8500
8407,8501,8499
8408,8502,8501
8409,8503,8502
8410,8504,8505
8411,8506,8504
8412,8507,8506
8413,8508,8509
8414,8510,8508
8415,8511,8510
8416,8512,8511
8417,8513,8512
8418,8514,8513
8419,8515,8514
8420,8516,8515
8421,8517,8516
8422,8518,8517
8423,8519,8518
8424,8520,8519
8425,8521,8520
8426,8522,8521
8427,8523,8522
8428,8524,8523
8429,8525,8524
8430,8526,8525
8431,8527,8526
8432,8528,8527
8433,8529,8528
8434,8530,8529
8435,8531,8532
8436,8532,8530
8437,8533,8534
8438,8534,8531
8439,8535,8533
8440,8536,8535
8441,8537,8536
8442,8538,8537
8443,8539,8538
8444,8540,8539
8445,8541,8540
8446,8542,8543
8447,8544,8542
8448,8545,8544
8449,8546,8545
8450,8547,8546
8451,8548,8547
8452,8549,8548
8453,8550,8549
8454,8551,8550
8455,8552,8551
8456,8553,8552
8457,8554,8553
8458,8555,8554
8459,8556,8555
8460,8557,8556
8461,8558,8559
8462,8560,8557
8463,8559,8560
8464,8561,8558
8465,8562,8563
8466,8564,8561
8467,8565,8562
8468,8566,8567
8469,8563,8564
8470,8567,8565
8471,8568,8566
8472,8569,8570
8473,8570,8571
8474,8571,8568
8475,8572,8569
8476,8573,8574
8477,8574,8572
8478,8575,8576
8479,8576,8573
8480,8577,8575
8481,8578,8579
8482,8579,8529
8483,8580,8578
8484,8581,8582
8485,8583,8581
8486,8584,8583
8487,8585,8535
8488,8586,8585
8489,8587,8513
8490,8588,8587
8491,8589,8588
8492,8590,8591
8493,8592,8590
8494,8593,8592
8495,8594,8593
8496,8595,8596
8497,8597,8595
8498,8598,8597
8499,8599,8517
8500,8600,8599
8501,8601,8600
8502,8602,8601
8503,8603,8602
8504,8604,8603
8505,8605,8604
8506,8606,8605
8507,8607,8608
8508,8609,8607
8509,8610,8609
8510,8611,8450
8511,8612,8482
8512,8613,8612
8513,8614,8615
8514,8616,8617
8515,8617,8554
8516,8618,8619
8517,8619,8616
8518,8620,8621
8519,8622,8623
8520,8624,8622
8521,8625,8626
8522,8627,8625
8523,8626,8624
8524,8628,8551
8525,8629,8628
8526,8630,8629
8527,8631,8632
8528,8633,8631
8529,8634,8635
8530,8635,8633
8531,8636,8637
8532,8637,8638
8533,8638,8639
8534,8640,8636
8535,8641,8640
8536,8642,8643
8537,8643,8644
8538,8644,8645
8539,8646,8642
8540,8647,8646
8541,8648,8542
8542,8649,8648
8543,8650,8649
8544,8651,8650
8545,8652,8432
8546,8653,8652
8547,8654,8653
8548,8655,8656
8549,8656,8657
8550,8657,8654
8551,8658,8655
8552,8659,8658
8553,8660,8659
8554,8661,8660
8555,8662,8663
8556,8663,8661
8557,8664,8426
8558,8665,8664
8559,8666,8665
8560,8667,8666
8561,8668,8669
8562,8669,8667
8563,8670,8668
8564,8671,8670
8565,8672,8671
8566,8673,8672
8567,8674,8673
8568,8675,8461
8569,8676,8611
8570,8677,8678
8571,8679,8680
8572,8680,8677
8573,8681,8682
8574,8683,8684
8575,8685,8686
8576,8687,8688
8577,8689,8690
8578,8691,8692
8579,8693,8694
8580,8695,8696
8581,8697,8698
8582,8699,8700
8583,8701,8702
8584,8703,8701
8585,8704,8703
8586,8705,8706
8587,8707,8708
8588,8708,8709
8589,8710,8711
8590,8712,8710
8591,8713,8714
8592,8714,8715
8593,8716,8717
8594,8718,8719
8595,8720,8718
8596,8721,8722
8597,8722,8720
8598,8719,8723
8599,8724,8725
8600,8726,8724
8601,8727,8728
8602,8728,8729
8603,8730,8731
8604,8732,8733
8605,8733,8734
8606,8735,8732
8607,8736,8737
8608,8738,8739
8609,8740,8738
8610,8741,8742
8611,8739,8741
8612,8743,8744
8613,8745,8743
8614,8746,8747
8615,8747,8745
8616,8748,8746
8617,8749,8748
8618,8750,8745
8619,8751,8752
8620,8752,8753
8621,8753,8750
8622,8754,8743
8623,8755,8756
8624,8756,8754
8625,8757,8755
8626,8758,8757
8627,8759,8758
8628,8760,8759
8629,8761,8760
8630,8762,8761
8631,8763,8762
8632,8764,8763
8633,8765,8764
8634,8766,8765
8635,8767,8766
8636,8768,8760
8637,8769,8768
8638,8770,8768
8639,8771,8766
8640,8772,8765
8641,8773,8772
8642,8774,8772
8643,8775,8764
8644,8776,8761
8645,8777,8776
8646,8778,8777
8647,8779,8759
8648,8780,8779
8649,8781,8780
8650,8782,8781
8651,8783,8781
8652,8784,8783
8653,8785,8786
8654,8787,8783
8655,8786,8787
8656,8788,8755
8657,8789,8788
8658,8790,8791
8659,8792,8790
8660,8793,8794
8661,8795,8793
8662,8796,8795
8663,8797,8798
8664,8799,8797
8665,8800,8799
8666,8801,8800
8667,8802,8803
8668,8803,8790
8669,8804,8805
8670,8806,8804
8671,8807,8805
8672,8808,8807
8673,8809,8810
8674,8811,8812
8675,8813,8811
8676,8814,8813
8677,8815,8811
8678,8816,8813
8679,8694,8816
8680,8817,8818
8681,8819,8817
8682,8820,8819
8683,8821,8822
8684,8823,8824
8685,8824,8795
8686,8822,8823
8687,8825,8826
8688,8826,8827
8689,8828,8825
8690,8829,8828
8691,8830,8829
8692,8831,8830
8693,8832,8831
8694,8833,8832
8695,8834,8833
8696,8835,8836
8697,8837,8835
8698,8836,8838
8699,8839,8840
8700,8841,8839
8701,8840,8836
8702,8842,8843
8703,8844,8845
8704,8845,8842
8705,8846,8844
8706,8847,8848
8707,8848,8846
8708,8849,8827
8709,8850,8849
8710,8851,8850
8711,8852,8851
8712,8853,8828
8713,8854,8853
8714,8855,8829
8715,8856,8855
8716,8857,8855
8717,8858,8857
8718,8859,8858
8719,8860,8859
8720,8861,8860
8721,8862,8830
8722,8863,8862
8723,8864,8833
8724,8865,8864
8725,8866,8867
8726,8867,8865
8727,8868,8866
8728,8869,8868
8729,8870,8864
8730,8871,8866
8731,8872,8871
8732,8873,8832
8733,8874,8873
8734,8875,8831
8735,8876,8875
8736,8877,8878
8737,8878,8876
8738,8879,8877
8739,8880,8876
8740,8881,8882
8741,8882,8883
8742,8884,8885
8743,8886,8884
8744,8885,8887
8745,8887,8888
8746,8889,8890
8747,8891,8892
8748,8892,8893
8749,8893,8889
8750,8894,8649
8751,8895,8894
8752,8896,8895
8753,8897,8898
8754,8899,8900
8755,8901,8902
8756,8903,8548
8757,8902,8903
8758,8898,8899
8759,8904,8901
8760,8900,8904
8761,8905,8629
8762,8906,8628
8763,8907,8557
8764,8908,8909
8765,8910,8908
8766,8911,8912
8767,8912,8913
8768,8914,8915
8769,8916,8914
8770,8917,8918
8771,8918,8915
8772,8919,8920
8773,8921,8566
8774,8922,8921
8775,8923,8922
8776,8924,8925
8777,8925,8923
8778,8926,8923
8779,8927,8572
8780,8928,8927
8781,8929,8930
8782,8931,8929
8783,8930,8928
8784,8932,8931
8785,8933,8931
8786,8934,8575
8787,8935,8936
8788,8937,8935
8789,8936,8938
8790,8939,8940
8791,8938,8934
8792,8940,8937
8793,8941,8939
8794,8942,8941
8795,8943,8942
8796,8944,8939
8797,8945,8944
8798,8946,8947
8799,8948,8946
8800,8947,8945
8801,8949,8944
8802,8950,8945
8803,8951,8950
8804,8952,8941
8805,8953,8952
8806,8954,8569
8807,8955,8954
8808,8956,8556
8809,8957,8555
8810,8958,8959
8811,8959,8960
8812,8961,8958
8813,8960,8962
8814,8963,8961
8815,8964,8963
8816,8965,8966
8817,8967,8965
8818,8968,8969
8819,8970,8971
8820,8969,8972
8821,8972,8970
8822,8973,8968
8823,8974,8968
8824,8975,8974
8825,8976,8975
8826,8977,8976
8827,8978,8977
8828,8979,8622
8829,8980,8979
8830,8981,8982
8831,8983,8984
8832,8985,8981
8833,8982,8986
8834,8984,8987
8835,8986,8988
8836,8988,8983
8837,8989,8990
8838,8991,8992
8839,8993,8994
8840,8995,8985
8841,8996,8997
8842,8994,8998
8843,8997,8991
8844,8990,8993
8845,8992,8995
8846,8998,8996
8847,8999,8989
8848,9000,9001
8849,9002,9003
8850,9004,9002
8851,9003,8985
8852,9005,9004
8853,9006,9004
8854,9007,8989
8855,9008,9007
8856,9009,8552
8857,9010,8550
8858,9011,8549
8859,9012,9011
8860,9013,9014
8861,8729,9013
8862,9015,8729
8863,9016,8545
8864,9014,9016
8865,9017,9018
8866,9019,9017
8867,9018,9020
8868,9021,9022
8869,9022,9023
8870,9024,8497
8871,9023,9024
8872,9025,9021
8873,9026,9027
8874,9027,9028
8875,9029,9030
8876,9030,8499
8877,9031,9032
8878,9033,9034
8879,9035,9031
8880,9034,9035
8881,9036,9037
8882,9037,9033
8883,9038,9033
8884,9039,9040
8885,9041,9039
8886,9042,9041
8887,9043,9044
8888,9044,9042
8889,9045,9046
8890,9046,9041
8891,9047,9039
8892,9048,8504
8893,9049,9048
8894,9050,9051
8895,9051,9049
8896,9052,9050
8897,9053,9054
8898,9055,9053
8899,9056,9055
8900,9057,9058
8901,9059,8506
8902,9060,9061
8903,9062,8508
8904,9063,9060
8905,9061,9062
8906,9064,9063
8907,9065,9064
8908,9066,9063
8909,9067,9066
8910,9068,9066
8911,9069,9068
8912,9070,9071
8913,9072,8510
8914,9073,9072
8915,9071,9073
8916,9074,9070
8917,9075,8587
8918,9076,8588
8919,9077,9078
8920,9079,9077
8921,9080,9077
8922,9081,9080
8923,9082,8592
8924,9083,9082
8925,9084,9085
8926,9085,9083
8927,9086,8593
8928,9087,9086
8929,9088,9089
8930,9090,9088
8931,9091,9090
8932,9092,8590
8933,9093,8515
8934,9094,8519
8935,9095,9094
8936,9096,8520
8937,9097,9096
8938,9098,8523
8939,9099,8526
8940,9100,8527
8941,9101,8581
8942,9102,9101
8943,9103,9102
8944,9104,9105
8945,9105,9101
8946,9106,9107
8947,9108,9109
8948,9109,8531
8949,9110,9111
8950,9112,9111
8951,9113,9114
8952,9115,9116
8953,9114,9115
8954,9117,9113
8955,9118,9117
8956,9119,9118
8957,9120,9121
8958,9121,9119
8959,9122,9113
8960,9123,9124
8961,9125,9123
8962,9126,9127
8963,9127,9128
8964,9129,9108
8965,9130,9129
8966,9131,8536
8967,9132,8537
8968,9133,8540
8969,9134,9135
8970,9136,8533
8971,9135,9136
8972,9137,9134
8973,9138,9137
8974,9139,9134
8975,9140,8528
8976,9141,9142
8977,9142,9140
8978,9143,9140
8979,9144,8522
8980,9145,9144
8981,9146,9145
8982,9147,9145
8983,9148,9147
8984,9149,9148
8985,9150,9149
8986,9151,9150
8987,9152,9153
8988,9154,9155
8989,9155,9147
8990,9153,9154
8991,9156,9157
8992,9158,9159
8993,9160,9156
8994,9161,9158
8995,9159,9160
8996,8731,9161
8997,9157,9152
8998,9162,8731
8999,9163,9164
9000,9165,9152
9001,9166,9167
9002,9164,9162
9003,9168,9144
9004,9169,9168
9005,9170,9169
9006,9171,9172
9007,9172,9168
9008,9173,8521
9009,9174,8518
9010,9175,9176
9011,9176,9174
9012,9177,9178
9013,9179,8599
9014,9178,9179
9015,9180,8601
9016,9181,8604
9017,9182,9183
9018,9183,9181
9019,9184,9185
9020,9186,9184
9021,9187,8605
9022,9185,9187
9023,9188,8607
9024,9189,9190
9025,9191,9189
9026,9192,9191
9027,9193,9192
9028,9194,9193
9029,9195,9194
9030,9196,9194
9031,9197,9196
9032,9198,9193
9033,9199,9198
9034,9200,9198
9035,9201,9202
9036,9202,9189
9037,9203,8600
9038,9204,9203
9039,9205,9206
9040,9206,9204
9041,9207,9208
9042,9208,9203
9043,9209,9207
9044,9210,8516
9045,9211,8512
9046,9212,9211
9047,9213,8511
9048,9214,9213
9049,9215,9216
9050,9217,9218
9051,9219,9220
9052,9218,8502
9053,9220,9217
9054,9221,9219
9055,9222,8501
9056,9223,9224
9057,9225,9226
9058,9227,9225
9059,9224,9227
9060,9228,9222
9061,9226,9228
9062,9229,9230
9063,9231,9232
9064,9232,8490
9065,9233,8496
9066,9234,9233
9067,9235,9234
9068,9236,9237
9069,9237,9235
9070,9238,9236
9071,9239,9238
9072,9240,9239
9073,9241,9242
9074,9243,9241
9075,9242,8493
9076,9244,8487
9077,9245,9244
9078,9246,9245
9079,9247,9248
9080,9248,9246
9081,9249,9247
9082,9250,9246
9083,9251,9250
9084,9252,9253
9085,9254,9255
9086,9256,9254
9087,9257,9256
9088,9258,9257
9089,9259,9254
9090,9260,9259
9091,9255,9250
9092,9261,9262
9093,9263,8646
9094,8696,8642
9095,3383,8696
9096,9264,8631
9097,9265,9264
9098,9266,9267
9099,9268,9266
9100,9269,9270
9101,9270,9271
9102,9272,9269
9103,9273,9274
9104,9275,9276
9105,9277,9278
9106,9278,9275
9107,9279,9280
9108,9281,9282
9109,9282,9279
9110,9283,9284
9111,8688,9283
9112,9285,9286
9113,9286,9287
9114,9287,9288
9115,9289,9290
9116,9290,8471
9117,9291,9289
9118,8684,9289
9119,9292,8470
9120,9293,9292
9121,9294,9295
9122,9296,9297
9123,9297,9298
9124,9299,9300
9125,9301,9299
9126,9302,9303
9127,9303,9301
9128,9304,9305
9129,9305,9303
9130,9306,9307
9131,9307,9299
9132,9308,9306
9133,9309,9310
9134,9311,9308
9135,9312,9311
9136,9310,9312
9137,9313,9308
9138,9314,9315
9139,9315,9302
9140,9316,9314
9141,9317,9316
9142,9318,9319
9143,9319,9320
9144,9321,9318
9145,9320,9302
9146,9322,9321
9147,9323,9324
9148,9325,9323
9149,9326,9327
9150,9328,9329
9151,9329,9301
9152,9330,9328
9153,9331,9330
9154,9332,9333
9155,9334,9335
9156,9336,9337
9157,9338,9339
9158,9339,9336
9159,9340,9338
9160,9341,9338
9161,9342,9343
9162,9344,9345
9163,9346,9342
9164,9345,9346
9165,9347,9344
9166,9348,9347
9167,9349,9348
9168,9350,9351
9169,9351,9342
9170,9352,9350
9171,9353,9352
9172,9354,9353
9173,9355,9356
9174,9357,9355
9175,9358,9359
9176,9359,9360
9177,9361,9358
9178,9362,9363
9179,9364,8464
9180,9365,9364
9181,9366,8466
9182,9367,9366
9183,9368,9367
9184,9369,9368
9185,9370,9369
9186,9371,9372
9187,9373,9371
9188,9374,9375
9189,9375,9373
9190,9376,9377
9191,9377,9378
9192,9378,9379
9193,9380,9381
9194,9382,9380
9195,9381,9383
9196,9384,9382
9197,9385,9386
9198,9387,9385
9199,9388,9389
9200,9390,9391
9201,9392,9390
9202,9393,9394
9203,9395,9393
9204,9396,9397
9205,9398,9399
9206,9400,9398
9207,9401,9402
9208,9403,9404
9209,9405,9403
9210,9406,9403
9211,9407,9406
9212,9408,9404
9213,9409,9410
9214,9410,9411
9215,9412,9409
9216,9413,9412
9217,9414,9415
9218,9416,9414
9219,9417,9416
9220,9418,9417
9221,9419,9420
9222,9421,9419
9223,9422,9421
9224,9423,9424
9225,9425,9422
9226,9424,9425
9227,9426,9423
9228,9427,9428
9229,9429,9430
9230,9428,9429
9231,9431,9427
9232,9432,9431
9233,9433,9419
9234,9434,9433
9235,9435,9436
9236,9437,9438
9237,9439,9437
9238,9440,9439
9239,9441,9437
9240,9442,9443
9241,9443,9441
9242,9444,9385
9243,9445,9446
9244,9446,9384
9245,9447,9448
9246,9448,8414
9247,9449,9450
9248,9451,9449
9249,9450,9447
9250,9452,9451
9251,9453,9452
9252,9454,9455
9253,9455,8416
9254,9456,9454
9255,9457,9454
9256,9458,8425
9257,9459,8664
9258,9460,8665
9259,9461,9460
9260,9462,8427
9261,9463,9462
9262,9464,8429
9263,9465,9464
9264,9466,8652
9265,9467,8659
9266,9468,9467
9267,9469,8661
9268,9470,9469
9269,9471,8660
9270,9472,8658
9271,9473,8655
9272,9474,9473
9273,9475,9476
9274,9477,9475
9275,9478,9477
9276,9479,9480
9277,9480,9478
9278,9481,9479
9279,9482,9483
9280,9483,9478
9281,9484,9482
9282,9485,9484
9283,9486,9485
9284,9487,9485
9285,9488,9487
9286,9489,8435
9287,9490,9491
9288,9492,9493
9289,9494,9489
9290,9491,9494
9291,9493,9490
9292,9495,8436
9293,9496,9495
9294,9497,8446
9295,9498,9497
9296,9499,8447
9297,9500,9499
9298,9501,9500
9299,9502,9501
9300,9503,9502
9301,9504,9503
9302,9505,9504
9303,9506,9505
9304,9507,9506
9305,9508,9507
9306,9509,9507
9307,9510,9509
9308,9511,9512
9309,9512,9513
9310,9513,9510
9311,9514,9509
9312,9515,9506
9313,9516,9515
9314,9517,9518
9315,9519,9518
9316,9520,9501
9317,9521,9500
9318,9522,9499
9319,9523,8451
9320,9524,8452
9321,9525,8449
9322,9526,8448
9323,9527,9526
9324,9528,9527
9325,9529,9527
9326,9530,9526
9327,9531,8443
9328,9532,9533
9329,9533,8439
9330,9534,8431
9331,9535,8428
9332,9536,9535
9333,9537,8424
9334,9538,9537
9335,9539,9538
9336,9540,9541
9337,9542,9540
9338,9541,9537
9339,9543,8456
9340,9544,9545
9341,9546,8457
9342,9547,9546
9343,9548,9547
9344,9549,8418
9345,9550,9549
9346,9551,9552
9347,9552,9553
9348,9554,9555
9349,9556,9557
9350,9558,9559
9351,9559,9560
9352,9560,8406
9353,9561,8410
9354,9562,9561
9355,9563,8408
9356,9564,9565
9357,9566,9565
9358,9567,9568
9359,9569,9567
9360,9570,9571
9361,9572,9573
9362,9574,9572
9363,9575,9576
9364,9577,9578
9365,9578,9579
9366,9579,9575
9367,9580,9581
9368,9581,9575
9369,9582,8388
9370,9583,9584
9371,9585,9586
9372,9587,9585
9373,9584,8389
9374,9586,9583
9375,9588,8400
9376,9589,9590
9377,9590,9588
9378,9591,8394
9379,9592,9591
9380,9593,8392
9381,9594,9595
9382,9596,8390
9383,9597,9596
9384,9598,9596
9385,9599,9600
9386,9601,9599
9387,9602,9601
9388,9603,9602
9389,9604,9603
9390,9605,9604
9391,9606,9605
9392,9607,9608
9393,9609,9607
9394,9610,9603
9395,9611,9607
9396,9612,9613
9397,9614,9602
9398,9615,9600
9399,9616,8384
9400,9617,9616
9401,9618,9617
9402,9619,9618
9403,9620,9619
9404,9621,9619
9405,9622,9618
9406,9623,9617
9407,9624,9625
9408,9626,9627
9409,9628,9626
9410,9629,9630
9411,9631,9629
9412,9632,9633
9413,9633,9627
9414,9634,9635
9415,9635,9636
9416,9637,9423
9417,9638,9637
9418,9639,9640
9419,9641,9639
9420,9642,9641
9421,9643,9639
9422,9644,9643
9423,9645,9646
9424,9646,9643
9425,9647,9645
9426,9648,9647
9427,9649,9648
9428,9650,9651
9429,9652,9650
9430,9653,9652
9431,9654,9653
9432,9655,9650
9433,9656,9655
9434,9657,9655
9435,9658,9653
9436,9659,9658
9437,9660,9658
9438,9661,9652
9439,9662,9661
9440,9663,9664
9441,9665,9666
9442,9666,9663
9443,9667,9665
9444,9668,9669
9445,9670,9671
9446,9672,9673
9447,9674,9122
9448,9675,9122
9449,9676,9677
9450,9402,9400
9451,9677,8676
9452,9678,9679
9453,9680,9678
9454,8883,8888
9455,8838,8883
9456,9679,8785
9457,9681,9682
9458,9683,9420
9459,9673,8872
9460,9684,9685
9461,9685,8627
9462,9686,9687
9463,9688,9689
9464,9690,9691
9465,9692,9693
9466,9691,9692
9467,9693,9688
9468,9694,9690
9469,9695,9696
9470,9697,9698
9471,9696,9697
9472,9699,8627
9473,9700,9699
9474,9701,9673
9475,9702,9703
9476,9704,9702
9477,9705,9706
9478,9707,8497
9479,9028,9707
9480,8500,9708
9481,8505,9705
9482,9703,9686
9483,9709,9710
9484,9711,9712
9485,9710,9711
9486,9713,9138
9487,9714,9715
9488,9716,9717
9489,9717,9028
9490,8390,8686
9491,9718,9669
9492,9719,9720
9493,9518,9520
9494,9276,9280
9495,9280,9284
9496,9721,9722
9497,8690,9721
9498,9722,9723
9499,9724,9725
9500,9726,8697
9501,9727,8716
9502,8810,9728
9503,9729,9678
9504,8692,8810
9505,9730,9699
9506,9731,9698
9507,8700,9732
9508,9327,9322
9509,9733,9327
9510,9324,9733
9511,8686,8388
9512,9734,8414
9513,8417,9734
9514,8432,8430
9515,9735,9288
9516,9736,9735
9517,8470,9737
9518,9737,9736
9519,9288,8467
9520,9738,9739
9521,9740,9738
9522,8632,9740
9523,9741,9742
9524,8486,9743
9525,9708,9716
9526,9744,8634
9527,8639,9744
9528,9669,9720
9529,9720,9745
9530,9298,9681
9531,9732,8697
9532,9746,8716
9533,8794,8792
9534,8805,9747
9535,9747,8794
9536,9728,8800
9537,9748,8692
9538,9749,9750
9539,9750,9751
9540,9752,9749
9541,9751,8792
9542,8888,9753
9543,9698,9754
9544,9755,8624
9545,9756,9755
9546,9754,9756
9547,9757,9009
9548,9420,9138
9549,9725,9240
9550,9723,9758
9551,9284,9759
9552,9759,8467
9553,9274,9714
9554,9682,9760
9555,9760,9306
9556,9761,9762
9557,9763,9324
9558,9762,9763
9559,9764,9765
9560,9766,9767
9561,9767,9447
9562,9765,9766
9563,9768,9769
9564,9769,8433
9565,9770,9771
9566,9771,9768
9567,9476,9772
9568,9772,9770
9569,9600,8386
9570,9630,9773
9571,9774,9630
9572,9627,9774
9573,9775,9728
9574,8843,8838
9575,9776,8843
9576,8827,9776
9577,9777,8689
9578,9778,8689
9579,9386,9764
9580,9779,9276
9581,9715,9779
9582,9780,8910
9583,8913,9780
9584,8915,9781
9585,9781,8913
9586,9782,8740
9587,9111,9783
9588,9783,9128
9589,9784,9108
9590,9128,9784
9591,9568,8404
9592,9785,9568
9593,9565,9785
9594,9786,8391
9595,9595,9786
9596,8393,9786
9597,9787,8458
9598,9545,9787
9599,8460,9787
9600,9789,8484
9601,9742,9789
9602,8498,9789
9603,8509,9790
9604,9790,8507
9605,9216,9790
9606,9107,9791
9607,8582,9791
9608,9791,8580
9609,9792,8589
9610,8591,9792
9611,9078,9792
9612,9793,8594
9613,8596,9793
9614,9089,9793
9615,8608,9794
9616,9794,8606
9617,9190,9794
9618,9020,9795
9619,9795,8613
9620,8615,9795
9621,8962,9796
9622,9796,8618
9623,9797,9796
9624,8966,9798
9625,9798,9797
9626,8987,9797
9627,8621,9798
9628,8971,9799
9629,9799,8620
9630,8623,9799
9631,8645,9800
9632,9262,9800
9633,9800,8641
9634,9801,8796
9635,8818,9801
9636,9802,9801
9637,8812,9802
9638,8798,9802
9639,8920,9803
9640,9803,8907
9641,8909,9803
9642,9001,9804
9643,9804,8999
9644,9805,9806
9645,9806,9804
9646,9712,9806
9647,9058,9807
9648,9054,9807
9649,9807,9052
9650,9808,9112
9651,9124,9808
9652,9116,9808
9653,9809,9163
9654,9167,9809
9655,9810,9809
9656,9811,9810
9657,9687,9811
9658,9689,9811
9659,9253,9812
9660,9812,9251
9661,9813,9606
9662,9613,9813
9663,9608,9813
9664,9814,9815
9665,9430,9814
9666,9436,9815
9667,9815,9426
9668,9636,9816
9669,9438,9816
9670,9816,9435
9671,9817,9741
9672,9743,9817
9673,9230,9817
9674,9706,9818
9675,9040,9818
9676,9819,8503
9677,9818,9819
9678,9032,9819
9679,9820,9821
9680,9821,9822
9681,8682,9820
9682,9651,9822
9683,9822,9823
9684,9823,9824
9685,9824,9825
9686,9825,8683
9687,9671,9826
9688,9826,9827
9689,8706,9132
9690,9640,8640
9691,8702,9814
9692,9828,8514
9693,9829,9828
9694,9404,9828
9695,9805,9830
9696,9830,9831
9697,9832,9833
9698,9834,9832
9699,9835,9836
9700,9836,9837
9701,9838,9839
9702,9840,9835
9703,9839,9840
9704,9841,9842
9705,9843,9841
9706,9844,9843
9707,9845,9846
9708,9847,9848
9709,9846,9849
9710,9848,9845
9711,9849,9844
9712,9850,9847
9713,9851,9850
9714,9852,9851
9715,9853,9854
9716,9855,9853
9717,9854,9856
9718,9857,9855
9719,9858,9857
9720,9859,9858
9721,9860,9859
9722,9861,9860
9723,9862,9861
9724,9863,9864
9725,9865,9866
9726,9866,9867
9727,9868,9865
9728,9869,9868
9729,9870,9871
9730,9871,9869
9731,9872,9873
9732,9874,9875
9733,9873,9876
9734,9876,9874
9735,9875,9877
9736,9878,9872
9737,9879,9878
9738,9880,9879
9739,9881,9882
9740,9883,9881
9741,9884,9885
9742,9886,9884
9743,9887,9888
9744,9888,9886
9745,9889,9887
9746,9890,9891
9747,9892,9889
9748,9893,9890
9749,9891,9892
9750,9894,9893
9751,9895,9896
9752,9897,9895
9753,9898,9897
9754,9899,9898
9755,9900,9901
9756,9902,9900
9757,9903,9902
9758,9904,9903
9759,9905,9906
9760,9907,9905
9761,9908,9909
9762,9910,9908
9763,9911,9912
9764,9913,9914
9765,9914,9915
9766,9915,9911
9767,9916,9913
9768,9917,9918
9769,9918,9919
9770,9920,9917
9771,9921,9920
9772,9922,9921
9773,9923,9922
9774,9924,9923
9775,9925,9924
9776,9926,9925
9777,9927,9926
9778,9928,9927
9779,9929,9930
9780,9931,9932
9781,9933,9931
9782,9934,9933
9783,9935,9934
9784,1329,9936
9785,9937,9935
9786,9938,9937
9787,9936,9938
9788,9939,9940
9789,9941,9939
9790,9942,9941
9791,9943,9942
9792,9944,9943
9793,9945,9944
9794,1321,9945
9795,1324,9946
9796,9946,1321
9797,9947,9948
9798,9948,1324
9799,9949,9947
9800,9950,9949
9801,9951,9950
9802,9952,9953
9803,9954,9952
9804,9955,9954
9805,9956,9957
9806,9958,9956
9807,9959,9958
9808,9960,9961
9809,9962,9960
9810,1315,9962
9811,9963,9964
9812,9964,9965
9813,9965,9966
9814,9967,9963
9815,1313,9967
9816,9968,1313
9817,1299,9969
9818,9970,1299
9819,9971,9970
9820,9972,9973
9821,9974,9975
9822,1301,9976
9823,9976,9977
9824,9973,9974
9825,9975,9971
9826,9977,9972
9827,9978,9971
9828,9979,9980
9829,1277,9979
9830,9981,9982
9831,9982,1277
9832,9983,9981
9833,9984,9983
9834,9985,9984
9835,9986,9987
9836,9987,9985
9837,9988,9989
9838,9990,9991
9839,9992,9993
9840,9989,9992
9841,9993,9990
9842,9994,9995
9843,9996,9994
9844,9997,9996
9845,9998,9997
9846,9999,9998
9847,10000,9999
9848,10001,10000
9849,10002,10001
9850,10003,10002
9851,10004,10003
9852,10005,10006
9853,10007,10008
9854,10008,10009
9855,10010,10007
9856,10011,10010
9857,10012,10013
9858,10014,10015
9859,10016,10017
9860,10018,10019
9861,10017,9880
9862,10015,10016
9863,10019,10014
9864,10020,10021
9865,10021,10022
9866,10023,10024
9867,10025,10026
9868,10027,10028
9869,10029,10030
9870,10031,10032
9871,10033,10034
9872,10035,10036
9873,10037,10038
9874,10039,10040
9875,10041,10042
9876,10043,10044
9877,10045,10046
9878,10047,10045
9879,10046,10043
9880,10048,10049
9881,10050,10048
9882,10051,10052
9883,10052,10050
9884,10053,10054
9885,10055,10056
9886,10057,10058
9887,10059,10060
9888,10061,10059
9889,10062,10063
9890,10063,10064
9891,10065,10066
9892,10067,10065
9893,10068,10066
9894,10069,10068
9895,10070,10010
9896,10071,10011
9897,10072,10007
9898,10073,10072
9899,10074,10073
9900,10075,10073
9901,10076,10072
9902,10077,10078
9903,10078,10079
9904,10079,10076
9905,10080,10076
9906,10081,10082
9907,10083,10081
9908,10084,10083
9909,10085,10086
9910,10086,10084
9911,10087,10081
9912,10088,10084
9913,10089,10083
9914,10090,10082
9915,10091,10092
9916,10092,10093
9917,10094,10095
9918,10095,9981
9919,10096,10094
9920,10097,10094
9921,10098,10099
9922,10099,10100
9923,10100,9983
9924,10101,10098
9925,10102,10098
9926,10103,10104
9927,10104,9984
9928,10105,10103
9929,10106,10103
9930,10107,10106
9931,10108,10106
9932,10109,10110
9933,10111,10109
9934,10112,10111
9935,10113,10112
9936,10114,10109
9937,10115,10112
9938,10116,10111
9939,10117,10116
9940,10118,10117
9941,10119,10120
9942,10121,10119
9943,10122,10121
9944,10123,10124
9945,10125,10000
9946,10126,10125
9947,10127,10126
9948,10128,10127
9949,10129,10125
9950,10130,10126
9951,10131,10127
9952,10132,10133
9953,10134,10003
9954,10135,10134
9955,10136,9999
9956,10137,10138
9957,10139,10140
9958,10141,10142
9959,10143,10144
9960,10144,9985
9961,10145,10143
9962,10146,10143
9963,10147,9982
9964,10148,10147
9965,1334,1335
9966,10149,1330
9967,10150,10151
9968,10152,10150
9969,10153,10152
9970,10154,10155
9971,10156,10154
9972,10157,10158
9973,10159,10157
9974,10160,10161
9975,10162,10160
9976,10163,10164
9977,10165,10163
9978,10166,10167
9979,10168,10166
9980,10169,10170
9981,10171,10169
9982,10172,10171
9983,10173,10174
9984,10175,10173
9985,10176,10177
9986,10178,10176
9987,10179,10180
9988,10181,10179
9989,10182,10183
9990,10184,10182
9991,10185,10184
9992,10186,10185
9993,10187,10188
9994,10189,10187
9995,10190,10189
9996,10191,10190
9997,10192,10193
9998,10194,10192
9999,10195,10194
10000,10196,10195
10001,10197,10198
10002,10199,10197
10003,10200,10201
10004,10202,10200
10005,10203,10202
10006,10204,10205
10007,10206,10204
10008,10207,10208
10009,10209,10207
10010,10210,10211
10011,10212,10210
10012,10213,10212
10013,10214,10213
10014,10215,10216
10015,10217,10215
10016,10218,10219
10017,10220,10218
10018,10221,10222
10019,10222,10223
10020,10224,10225
10021,10225,10221
10022,10226,10224
10023,10227,10226
10024,10228,10229
10025,10229,10221
10026,10230,10228
10027,10231,10230
10028,10232,10233
10029,10234,10235
10030,10236,10234
10031,10237,10238
10032,10239,10237
10033,10240,10239
10034,10241,10240
10035,10242,10243
10036,10244,10242
10037,10245,10246
10038,10246,10247
10039,10248,10245
10040,10249,10250
10041,10251,10249
10042,10252,10253
10043,10253,10254
10044,10255,10256
10045,10257,10255
10046,10258,10257
10047,10259,10260
10048,10261,10259
10049,10262,10261
10050,10263,10262
10051,10264,10265
10052,10266,10267
10053,10268,10266
10054,10269,10270
10055,10271,10269
10056,10272,10271
10057,10273,10274
10058,10275,10273
10059,10276,10275
10060,10277,10278
10061,10279,10280
10062,10281,10279
10063,10282,10281
10064,10283,10282
10065,10284,10285
10066,10286,10284
10067,10287,10288
10068,10288,10289
10069,10289,10290
10070,10291,10287
10071,10292,10291
10072,10293,10292
10073,10294,10295
10074,10296,10294
10075,10297,10295
10076,10298,10297
10077,10299,9886
10078,10300,10299
10079,10301,10300
10080,10302,10301
10081,10303,10304
10082,10305,10303
10083,10304,9884
10084,10306,10307
10085,10307,10305
10086,10308,10309
10087,10310,10311
10088,10311,10308
10089,10312,10308
10090,10313,10312
10091,10314,10303
10092,10315,10314
10093,10316,10315
10094,10317,10318
10095,10319,10320
10096,10320,10321
10097,10306,10322
10098,10323,10324
10099,10325,10323
10100,10326,10325
10101,10327,10326
10102,10328,10329
10103,10329,10325
10104,10330,10331
10105,10331,10332
10106,10333,9878
10107,10334,10335
10108,10336,10337
10109,10338,10339
10110,10339,10340
10111,10340,10336
10112,10341,10342
10113,10342,9883
10114,10343,9881
10115,10344,9872
10116,10345,10346
10117,10346,9871
10118,10347,10348
10119,10349,10347
10120,10348,10350
10121,10351,10349
10122,10350,9869
10123,10352,10353
10124,10353,10354
10125,10354,9868
10126,10355,10356
10127,10357,10355
10128,10358,10359
10129,10360,10358
10130,10361,10362
10131,10363,10361
10132,10364,10365
10133,10365,10360
10134,10366,10364
10135,10367,10368
10136,10368,10366
10137,10369,10367
10138,10370,10371
10139,10371,10364
10140,10372,9837
10141,10373,10372
10142,10374,10375
10143,10375,10373
10144,10376,9841
10145,10377,10376
10146,10378,10377
10147,10379,10380
10148,10381,10379
10149,10382,10383
10150,10383,10378
10151,10384,10385
10152,10380,10384
10153,10385,10382
10154,10386,10381
10155,10387,10376
10156,10388,10377
10157,10389,10388
10158,10390,10388
10159,10391,10378
10160,10392,9844
10161,10393,10392
10162,10394,10392
10163,10395,9850
10164,10396,9860
10165,10397,10396
10166,10398,10396
10167,10399,9864
10168,10400,10399
10169,10401,10400
10170,10402,10403
10171,10403,10404
10172,10405,10406
10173,10407,9862
10174,10408,10407
10175,10406,10409
10176,10409,10408
10177,10410,9861
10178,10411,9859
10179,10412,10411
10180,10413,10412
10181,10414,10413
10182,10415,10414
10183,10416,10415
10184,10416,10417
10185,10417,10415
10186,10418,10414
10187,10419,10420
10188,10420,10412
10189,10421,10411
10190,10422,9858
10191,10423,10422
10192,10424,9851
10193,10425,10424
10194,10426,10425
10195,10427,10426
10196,10428,10427
10197,10429,10428
10198,10430,10429
10199,10431,10430
10200,10432,10424
10201,10433,10425
10202,10434,9847
10203,10435,9843
10204,10436,10435
10205,10437,10438
10206,10439,10437
10207,10440,10439
10208,10441,10442
10209,10442,10443
10210,10444,10445
10211,10443,10440
10212,10446,10447
10213,10448,10446
10214,10447,10441
10215,10445,10448
10216,10028,10444
10217,10449,10435
10218,10450,10440
10219,10451,10439
10220,10452,10437
10221,10438,10436
10222,10453,10436
10223,10454,10453
10224,10455,10456
10225,10457,10455
10226,10458,10459
10227,10460,9842
10228,10461,9835
10229,10462,10461
10230,10463,10462
10231,10464,10465
10232,10466,10467
10233,10468,10469
10234,10465,10466
10235,10469,10464
10236,10470,10471
10237,10472,10470
10238,10473,10472
10239,10474,10472
10240,10475,10476
10241,10476,9836
10242,10477,10478
10243,10479,10480
10244,10480,10477
10245,10481,10479
10246,10482,10481
10247,10483,10484
10248,10484,10482
10249,10485,10486
10250,10487,10485
10251,10488,10489
10252,10478,10488
10253,10490,10487
10254,10489,10491
10255,10491,10490
10256,10492,10493
10257,10494,10492
10258,10495,10496
10259,10496,10493
10260,10497,10495
10261,10498,10495
10262,10499,10500
10263,10493,10499
10264,10500,10483
10265,10501,10494
10266,10502,10503
10267,10503,9832
10268,10504,10505
10269,10506,10507
10270,10508,10509
10271,10510,10511
10272,10512,10510
10273,10513,10514
10274,10514,10515
10275,10516,10517
10276,10518,10519
10277,10520,10518
10278,10521,10522
10279,10523,10521
10280,10524,10525
10281,10526,10524
10282,10527,10528
10283,10528,10529
10284,10530,10531
10285,10532,10533
10286,10534,10532
10287,10535,10536
10288,10537,10535
10289,10538,10539
10290,10539,10540
10291,10540,10541
10292,10541,10542
10293,10542,10543
10294,10544,10542
10295,10545,10544
10296,10546,10545
10297,10547,10548
10298,10549,10547
10299,10550,10549
10300,10551,10550
10301,10552,10551
10302,10553,10554
10303,10555,10554
10304,10556,10557
10305,10558,10556
10306,10557,10559
10307,10560,10561
10308,10562,10551
10309,10563,10550
10310,10564,10563
10311,10565,10566
10312,10566,10564
10313,10567,10568
10314,10569,10567
10315,10570,10539
10316,10571,10572
10317,10573,10571
10318,10574,10573
10319,10575,10576
10320,10577,10575
10321,10578,10543
10322,10579,10578
10323,10580,10579
10324,10581,10582
10325,10583,10584
10326,10585,10581
10327,10582,10586
10328,10587,10588
10329,10586,10583
10330,10588,10585
10331,10589,10590
10332,10591,10592
10333,10593,10594
10334,10590,10593
10335,10592,10589
10336,10595,10596
10337,10597,10595
10338,10598,10599
10339,10600,10598
10340,10601,10602
10341,10603,10601
10342,10604,10605
10343,10605,10606
10344,10607,10604
10345,10608,10609
10346,10610,10608
10347,10611,10037
10348,10611,10037
10349,10612,10613
10350,10614,10613
10351,10615,10614
10352,10616,10615
10353,10617,10618
10354,10619,10618
10355,10620,10621
10356,10618,10616
10357,10622,10616
10358,10623,10030
10359,10624,10625
10360,10030,10626
10361,10627,10172
10362,10628,10629
10363,10066,10628
10364,10009,10629
10365,10042,10630
10366,10533,10530
10367,10631,10632
10368,10633,10631
10369,10525,10634
10370,10635,10636
10371,10637,10638
10372,10639,10560
10373,10640,9834
10374,10641,10640
10375,10642,10641
10376,10643,10642
10377,10644,9838
10378,10645,10646
10379,10332,9870
10380,10321,10647
10381,10647,10648
10382,10322,10649
10383,10650,10305
10384,10651,10650
10385,10652,10653
10386,10654,10655
10387,10032,10654
10388,10655,10656
10389,1319,10020
10390,9837,10657
10391,10657,10643
10392,10658,10659
10393,10659,10660
10394,10661,9883
10395,10662,10663
10396,10664,10665
10397,10665,10662
10398,10093,10666
10399,10666,9979
10400,10629,10093
10401,10024,1319
10402,10667,10668
10403,10669,10667
10404,10670,10009
10405,10082,10670
10406,10671,10020
10407,10672,10671
10408,10673,10231
10409,10278,10674
10410,10675,10676
10411,10677,10675
10412,10678,10032
10413,10676,10678
10414,10679,9887
10415,10295,10679
10416,10309,10680
10417,10680,10651
10418,10681,10322
10419,10682,10683
10420,10324,10682
10421,10683,10681
10422,10648,10684
10423,10684,10324
10424,10646,10685
10425,10685,10321
10426,10686,10330
10427,9877,10686
10428,10687,10688
10429,10689,10690
10430,10688,10689
10431,10335,10687
10432,10613,10422
10433,10653,10434
10434,10691,10454
10435,10692,10691
10436,10693,10640
10437,10486,10693
10438,10625,10553
10439,10694,10560
10440,10695,10694
10441,10696,10697
10442,10697,10639
10443,10698,10696
10444,10626,10580
10445,10699,10604
10446,10660,10700
10447,10700,9879
10448,10701,10404
10449,9864,10701
10450,10702,9862
10451,10404,10702
10452,10356,10352
10453,10359,10356
10454,10362,10703
10455,10703,9865
10456,9856,10704
10457,10621,10704
10458,10704,9852
10459,1333,10705
10460,9932,10705
10461,10705,9929
10462,10022,10706
10463,10706,9955
10464,9957,10706
10465,9991,10707
10466,10110,10707
10467,10708,9986
10468,10142,10708
10469,10138,10709
10470,9995,10710
10471,10124,10710
10472,10140,10709
10473,10710,10711
10474,10709,10711
10475,10711,10712
10476,10120,10712
10477,10712,9988
10478,10006,10713
10479,10133,10713
10480,10713,10004
10481,10060,10714
10482,10056,10714
10483,10714,10715
10484,10715,10053
10485,10064,10716
10486,10058,10716
10487,10716,10717
10488,10717,10055
10489,1284,10718
10490,1293,10718
10491,1289,10719
10492,1286,10719
10493,10718,10720
10494,10719,10720
10495,10720,1281
10496,1309,10721
10497,10721,10722
10498,10722,9968
10499,1306,10721
10500,10205,10723
10501,10208,10723
10502,10723,10203
10503,10456,10724
10504,10724,10692
10505,10459,10724
10506,10467,10725
10507,10725,10463
10508,10471,10725
10509,10568,10726
10510,10548,10726
10511,10726,10546
10512,10602,10727
10513,10727,10039
10514,10632,10727
10515,10638,10728
10516,10668,10728
10517,10728,10635
10518,10729,10028
10519,10730,10027
10520,10731,10732
10521,10732,10730
10522,10026,10729
10523,10733,10734
10524,10735,10736
10525,10737,10735
10526,10738,10737
10527,10739,10738
10528,10740,10739
10529,10741,10736
10530,10742,10741
10531,10743,10742
10532,10744,10743
10533,10745,10744
10534,10746,10745
10535,10736,10747
10536,10554,10748
10537,10748,10749
10538,10750,10639
10539,10034,10750
10540,10749,10034
10541,10751,10644
10542,9842,10751
10543,10752,10751
10544,10584,10752
10545,10561,10559
10546,10559,10753
10547,10754,10753
10548,10755,10756
10549,10757,10755
10550,10758,10757
10551,10756,10754
10552,10543,10756
10553,10753,10759
10554,10760,10011
10555,10761,10584
10556,10519,10762
10557,10763,10764
10558,10765,10766
10559,10767,10768
10560,10769,8736
10561,10770,10769
10562,10771,10772
10563,10768,10771
10564,10773,10774
10565,10774,9782
10566,10775,10776
10567,10777,10778
10568,10779,8740
10569,10778,10775
10570,10780,10781
10571,10776,10780
10572,10781,10779
10573,10782,10777
10574,10783,10784
10575,10785,10777
10576,10784,10785
10577,10786,10783
10578,10787,10786
10579,10788,10787
10580,10789,10788
10581,10790,10789
10582,10791,10783
10583,10792,10793
10584,10794,10795
10585,10796,10797
10586,10798,10788
10587,10797,10798
10588,10799,10781
10589,10800,10799
10590,10801,10802
10591,10803,10804
10592,10805,10803
10593,10772,8736
10594,10806,10807
10595,10807,9782
10596,10793,10808
10597,10808,10791
10598,10795,10808
10599,10809,10810
10600,10811,10809
10601,10812,10813
10602,10814,10812
10603,10813,10815
10604,10816,10817
10605,10818,10819
10606,10820,10818
10607,10821,10820
10608,10822,10821
10609,10823,10824
10610,10825,10823
10611,10826,10825
10612,10827,10826
10613,10828,10827
10614,10817,10829
10615,10830,10831
10616,10832,10833
10617,10834,10832
10618,10835,10834
10619,10836,10835
10620,10837,10836
10621,10838,10839
10622,1355,10840
10623,10840,10838
10624,10841,1355
10625,1349,10841
10626,10842,1349
10627,10843,10844
10628,10845,10843
10629,10846,10847
10630,1343,10846
10631,1341,1343
10632,10848,1341
10633,10849,10848
10634,10850,10851
10635,10852,10850
10636,10851,10849
10637,10853,10852
10638,10854,10855
10639,10856,10854
10640,1358,10857
10641,10857,10856
10642,1361,1358
10643,10858,10859
10644,10860,10858
10645,10861,10862
10646,10863,10861
10647,10864,10863
10648,10865,10866
10649,10867,10865
10650,10868,10867
10651,1363,10868
10652,1365,10869
10653,1377,1371
10654,10870,1377
10655,1391,10870
10656,10871,10872
10657,10873,10871
10658,10874,10873
10659,10875,10874
10660,10876,10875
10661,10877,10876
10662,10878,10879
10663,10879,10880
10664,10881,10877
10665,10880,10882
10666,10882,10881
10667,10883,10884
10668,10884,10878
10669,10885,10886
10670,10887,10885
10671,10888,10889
10672,10890,10888
10673,10891,10892
10674,10893,10894
10675,10895,10896
10676,10897,10895
10677,10898,10897
10678,10899,10898
10679,10900,10901
10680,10902,10900
10681,10903,10902
10682,10904,10903
10683,10905,10904
10684,10906,10907
10685,10908,10905
10686,10907,10908
10687,10909,10910
10688,10911,10912
10689,10913,10911
10690,10914,10913
10691,10915,10914
10692,10916,10917
10693,10918,10919
10694,10920,10921
10695,10921,10918
10696,10922,10920
10697,10923,10924
10698,10925,10923
10699,10926,10925
10700,10927,10926
10701,10928,10929
10702,10930,10928
10703,10931,10930
10704,10932,10931
10705,10933,10932
10706,10934,10935
10707,10935,10933
10708,10936,10934
10709,10937,10936
10710,10938,10863
10711,10939,10938
10712,10940,10939
10713,10941,10940
10714,10942,10941
10715,10943,10944
10716,10944,10942
10717,10945,10943
10718,10946,10947
10719,10948,10949
10720,10949,10950
10721,10951,10952
10722,10952,10953
10723,10954,10955
10724,10956,10957
10725,10958,10959
10726,10960,10958
10727,10961,10960
10728,10962,10961
10729,10963,10962
10730,10964,10963
10731,10965,10964
10732,10966,10961
10733,10967,10959
10734,10968,10967
10735,10969,10967
10736,10970,10969
10737,10971,10972
10738,10973,10971
10739,10974,10975
10740,10976,10973
10741,10972,10977
10742,10977,10974
10743,10978,10979
10744,10980,10978
10745,10981,10980
10746,10982,10981
10747,10983,10982
10748,10984,10983
10749,10985,10986
10750,10987,10988
10751,10986,10987
10752,10988,10989
10753,10990,10991
10754,10992,10990
10755,10993,10994
10756,10995,10981
10757,10994,10995
10758,10996,10997
10759,10998,10996
10760,10999,11000
10761,11001,11002
10762,11003,11001
10763,11004,11003
10764,11005,11004
10765,11006,11005
10766,11007,11006
10767,11008,11007
10768,11009,11008
10769,11010,11009
10770,11011,11010
10771,11012,11013
10772,11014,11006
10773,11015,11016
10774,11017,10820
10775,11018,10821
10776,11019,11020
10777,11021,11019
10778,11022,11023
10779,11020,11022
10780,11023,10827
10781,11024,11025
10782,11026,11024
10783,11027,11028
10784,11029,11027
10785,11030,11029
10786,11031,11030
10787,11032,11031
10788,11033,11032
10789,11034,11033
10790,11035,11034
10791,11036,11035
10792,11037,11038
10793,11039,11040
10794,11041,11042
10795,11043,11041
10796,11038,11039
10797,11040,11043
10798,11044,11037
10799,11045,11044
10800,11046,11037
10801,11047,11046
10802,11048,11049
10803,11050,11046
10804,11051,11052
10805,11053,11051
10806,11054,11031
10807,11055,11054
10808,11056,11030
10809,11057,11056
10810,11058,11057
10811,11059,11058
10812,11060,11056
10813,11061,11062
10814,11062,11057
10815,11063,11064
10816,11064,11058
10817,11065,11066
10818,11067,11068
10819,11069,11065
10820,11070,11071
10821,11071,11069
10822,11068,11070
10823,11072,11067
10824,11073,11072
10825,11074,11072
10826,11075,11067
10827,11076,11077
10828,11077,11078
10829,11079,11080
10830,11081,10818
10831,11082,10830
10832,11083,11082
10833,11084,11083
10834,11085,10833
10835,11086,11085
10836,11087,11086
10837,11088,11087
10838,11089,10834
10839,11090,11091
10840,11092,11093
10841,11094,11095
10842,11095,11090
10843,11091,11092
10844,11096,11094
10845,11097,11096
10846,11098,11097
10847,11099,11094
10848,11100,11101
10849,11102,11100
10850,11103,10839
10851,11104,11103
10852,11105,11104
10853,11106,11107
10854,11108,10846
10855,11109,11108
10856,11110,11111
10857,11112,11110
10858,11113,11112
10859,11111,10848
10860,1337,10849
10861,11114,1337
10862,11115,11114
10863,11116,10871
10864,11117,11116
10865,11118,11117
10866,11119,11118
10867,11120,11116
10868,11121,10878
10869,11122,11121
10870,11123,11124
10871,11125,11123
10872,10869,10868
10873,11126,11127
10874,11127,11128
10875,11129,10899
10876,11130,11129
10877,10924,11131
10878,11132,10925
10879,11133,11134
10880,11135,11136
10881,11134,11137
10882,11137,11135
10883,11138,11133
10884,11139,11140
10885,11141,11142
10886,11143,11141
10887,11144,11139
10888,11145,11143
10889,11142,11146
10890,11146,11144
10891,11147,10931
10892,11148,11147
10893,11149,11148
10894,11150,11149
10895,11151,11150
10896,11152,11151
10897,11153,11152
10898,11154,11150
10899,11155,11154
10900,11156,11155
10901,11157,11156
10902,11158,11157
10903,11159,11160
10904,11161,11162
10905,11163,11164
10906,11162,11163
10907,11164,11159
10908,11165,11161
10909,11166,11167
10910,11167,11165
10911,11168,11166
10912,11169,11170
10913,11170,11171
10914,11171,11168
10915,11172,11173
10916,11174,11172
10917,11175,11174
10918,11176,11175
10919,11177,11176
10920,11178,11177
10921,11179,11178
10922,11180,11181
10923,11181,11175
10924,11182,11183
10925,11184,11185
10926,11185,11186
10927,11187,11188
10928,11189,11184
10929,11186,11168
10930,11188,11189
10931,11190,11187
10932,11191,11165
10933,11192,11191
10934,11193,11194
10935,11195,11196
10936,11197,11195
10937,11198,11197
10938,11199,11198
10939,11200,11201
10940,11202,11200
10941,11203,11204
10942,11204,11202
10943,11205,11206
10944,11207,11208
10945,11208,11205
10946,11209,11205
10947,11210,11209
10948,11211,11212
10949,11213,11147
10950,11214,11215
10951,11215,11213
10952,11216,11213
10953,11217,11218
10954,11219,11217
10955,11218,10933
10956,11220,10937
10957,11221,11222
10958,11223,11224
10959,11225,11220
10960,11226,11227
10961,11227,11221
10962,11222,11225
10963,11224,11226
10964,11228,11223
10965,11229,11228
10966,11230,11229
10967,11231,11230
10968,11232,11233
10969,11234,11232
10970,11233,11231
10971,11235,10928
10972,11236,11235
10973,10929,10927
10974,11237,11238
10975,11239,11237
10976,11240,11239
10977,11241,11242
10978,11243,11244
10979,11245,11243
10980,11246,11247
10981,11247,11245
10982,11242,11246
10983,11248,11241
10984,11249,10911
10985,11250,11251
10986,11252,11253
10987,11251,11254
10988,11254,11249
10989,11253,11250
10990,11255,11256
10991,11256,11252
10992,11257,11255
10993,11258,11257
10994,11259,11258
10995,11260,11252
10996,11261,11262
10997,11262,11263
10998,11264,11265
10999,11266,10920
11000,11267,11268
11001,11269,11270
11002,11270,11267
11003,11271,11269
11004,11272,11271
11005,11273,11272
11006,11274,11273
11007,11275,11276
11008,11277,11275
11009,11278,11279
11010,11280,11281
11011,11282,11283
11012,11283,10900
11013,10901,10898
11014,11284,10897
11015,11285,11284
11016,11286,11287
11017,11288,11289
11018,11290,11288
11019,11289,11286
11020,10894,10891
11021,10892,10890
11022,11291,10888
11023,11292,11291
11024,11293,11292
11025,11294,11293
11026,11295,11294
11027,11296,11295
11028,11297,11298
11029,11299,11300
11030,11301,11299
11031,11302,11301
11032,11303,11302
11033,11304,11305
11034,11306,11304
11035,11307,11306
11036,11308,11309
11037,11310,11307
11038,11309,11310
11039,11311,11308
11040,11312,11311
11041,11313,11312
11042,11314,11313
11043,11315,11314
11044,11316,11317
11045,11317,11318
11046,11319,11320
11047,11320,11316
11048,11321,11322
11049,11323,11324
11050,11324,11319
11051,11325,11323
11052,11326,11325
11053,11322,11326
11054,11327,11321
11055,11328,11329
11056,11330,11328
11057,11331,11330
11058,11332,11328
11059,11333,11334
11060,11334,11307
11061,11335,11312
11062,11336,11335
11063,11337,11336
11064,11338,11337
11065,11339,11338
11066,11340,11335
11067,11341,11342
11068,11343,11344
11069,11345,11319
11070,11346,11311
11071,11347,11348
11072,11349,11347
11073,11350,11351
11074,11352,11350
11075,11353,11308
11076,11354,11306
11077,11355,11354
11078,11356,11357
11079,11358,11355
11080,11357,11358
11081,11359,11356
11082,11360,11361
11083,11362,11354
11084,11361,11363
11085,11363,11362
11086,11364,11365
11087,11365,11355
11088,11366,11367
11089,11368,11304
11090,11367,11368
11091,11369,11370
11092,11370,11302
11093,11371,11372
11094,11373,11371
11095,11374,11373
11096,11375,11376
11097,11377,11378
11098,11376,11377
11099,11379,11375
11100,11380,11379
11101,11381,11380
11102,11382,11383
11103,11383,11384
11104,11385,11386
11105,11387,11388
11106,11388,11389
11107,11386,11387
11108,11390,11385
11109,11391,11390
11110,11392,11391
11111,11393,11394
11112,11395,11393
11113,11396,11397
11114,11397,11395
11115,11398,11399
11116,11400,11398
11117,11401,11293
11118,11402,11403
11119,11404,11402
11120,11403,11401
11121,11405,11406
11122,11407,11408
11123,11408,11405
11124,11409,11410
11125,11410,11411
11126,11412,11413
11127,11413,11409
11128,11414,11412
11129,11415,11412
11130,10889,10885
11131,10886,10865
11132,10866,10864
11133,11416,10938
11134,11417,10943
11135,11418,11417
11136,11419,11418
11137,11420,11419
11138,11421,11420
11139,11422,11421
11140,11423,11424
11141,11425,11426
11142,11424,11427
11143,11427,11428
11144,11426,10942
11145,11428,11425
11146,11429,10861
11147,11430,11431
11148,11432,11430
11149,11433,11434
11150,11435,11436
11151,11436,11430
11152,11437,11438
11153,11438,10858
11154,11439,11440
11155,11441,11442
11156,11443,11441
11157,11444,11443
11158,11445,11446
11159,11447,11445
11160,11448,11447
11161,11449,11448
11162,11450,11449
11163,11451,11450
11164,11452,11451
11165,11453,11454
11166,11454,11455
11167,11455,11452
11168,11456,11457
11169,11458,11456
11170,11459,11458
11171,11460,11459
11172,11461,11462
11173,11463,11461
11174,11464,11463
11175,11465,11464
11176,11466,11467
11177,11468,11469
11178,11470,11468
11179,11471,11470
11180,11472,11473
11181,11474,11475
11182,11476,11468
11183,11477,11478
11184,11478,11476
11185,11479,11477
11186,11480,11477
11187,11481,11470
11188,11482,11483
11189,11484,11485
11190,11485,11445
11191,11486,11487
11192,11487,11447
11193,11488,11450
11194,11489,11488
11195,11490,11489
11196,11491,11490
11197,11492,11491
11198,11493,11494
11199,11495,11492
11200,11496,11493
11201,11494,11495
11202,11497,11496
11203,11498,11497
11204,11499,11500
11205,11501,11499
11206,11502,11501
11207,11503,11502
11208,11504,11488
11209,11505,11504
11210,11506,11492
11211,11507,11506
11212,11508,11509
11213,11509,11507
11214,11510,11508
11215,11511,11510
11216,11512,11506
11217,11513,11514
11218,11514,11508
11219,11515,11510
11220,11516,11515
11221,11517,11507
11222,11518,11519
11223,11520,11518
11224,11521,11522
11225,11523,11519
11226,11524,11525
11227,11526,11524
11228,11527,11528
11229,11528,11526
11230,11529,11527
11231,11530,11529
11232,11531,11518
11233,11532,11533
11234,11533,11531
11235,11534,11531
11236,11535,11534
11237,11536,11517
11238,11537,11496
11239,11538,11539
11240,11540,11501
11241,11541,11499
11242,11542,11543
11243,11544,11497
11244,11545,11544
11245,11546,11545
11246,11547,11546
11247,11548,11489
11248,11549,11550
11249,11550,11451
11250,11551,11549
11251,11552,11553
11252,11554,11551
11253,11553,11554
11254,11555,11552
11255,11556,11557
11256,11557,11555
11257,11558,11556
11258,11559,11560
11259,11561,11559
11260,11562,11552
11261,11563,11562
11262,11564,11563
11263,11565,11564
11264,11566,11556
11265,11567,11566
11266,11568,11566
11267,11569,11568
11268,11570,11571
11269,11572,11570
11270,11573,11559
11271,11574,11575
11272,11576,11551
11273,11577,11578
11274,11578,11576
11275,11579,11577
11276,11580,11579
11277,11581,11580
11278,11582,11577
11279,11583,11582
11280,11584,11585
11281,11586,11587
11282,11588,11589
11283,11587,11590
11284,11591,11588
11285,11589,11592
11286,11592,11586
11287,10859,11593
11288,11594,10832
11289,11595,11596
11290,11596,11594
11291,11597,10828
11292,11598,11599
11293,11599,11472
11294,11600,11014
11295,11601,11600
11296,11602,11472
11297,11603,11604
11298,11605,11603
11299,11604,11606
11300,11607,11604
11301,11608,11609
11302,11610,11611
11303,11611,11612
11304,11613,11614
11305,11615,11616
11306,11616,11612
11307,11617,11618
11308,11618,11619
11309,11620,11621
11310,10896,11622
11311,10959,11623
11312,11519,11624
11313,10953,10954
11314,10831,11626
11315,11627,11628
11316,10839,11627
11317,11628,11629
11318,11630,11631
11319,11632,11547
11320,10829,11631
11321,11633,11630
11322,11626,11633
11323,11634,11635
11324,11636,11634
11325,11635,11626
11326,11637,11638
11327,11624,11639
11328,11244,11640
11329,11640,10926
11330,11641,11611
11331,11614,11642
11332,11612,11614
11333,10833,11637
11334,11643,11644
11335,11645,10838
11336,10855,11646
11337,11644,11645
11338,11646,11643
11339,1371,11647
11340,11648,1365
11341,11647,11124
11342,11124,11648
11343,10872,11649
11344,11649,1391
11345,11621,10906
11346,11650,11651
11347,11651,11035
11348,11042,11650
11349,11652,10930
11350,11619,11652
11351,11653,11654
11352,11655,11653
11353,11140,11656
11354,11656,11655
11355,11654,11619
11356,11238,11244
11357,11639,11657
11358,11657,11658
11359,11658,11517
11360,11593,10854
11361,11638,10831
11362,11136,11617
11363,11128,10887
11364,10819,11659
11365,11016,11659
11366,11659,10816
11367,10824,11660
11368,11660,10822
11369,11080,11660
11370,11629,11661
11371,11101,11661
11372,11662,10837
11373,11093,11662
11374,11661,11662
11375,1345,11663
11376,10844,11663
11377,11663,10842
11378,10862,11664
11379,11664,10860
11380,11665,10893
11381,11622,11665
11382,11287,11665
11383,11281,11666
11384,10912,11666
11385,11666,10909
11386,11276,11667
11387,11668,11667
11388,10917,11668
11389,11667,11669
11390,11265,11669
11391,11669,11670
11392,11279,11671
11393,11670,11671
11394,11671,10915
11395,11263,11670
11396,11268,11672
11397,10919,11672
11398,11672,10916
11399,10979,11673
11400,10991,11673
11401,11673,10976
11402,10989,11674
11403,11000,11674
11404,11674,11675
11405,10997,11675
11406,11675,10984
11407,11013,11676
11408,7095,11676
11409,11676,11011
11410,11049,11677
11411,11052,11677
11412,11677,11047
11413,11678,11158
11414,11212,11678
11415,11160,11678
11416,11679,11169
11417,11173,11679
11418,11183,11679
11419,11194,11680
11420,11680,11192
11421,11681,11680
11422,11201,11681
11423,11196,11681
11424,11682,11203
11425,11206,11682
11426,11399,11683
11427,11298,11683
11428,11683,11296
11429,11684,11297
11430,11372,11684
11431,11300,11684
11432,11685,11303
11433,11305,11685
11434,11329,11685
11435,11318,11686
11436,11344,11686
11437,11686,11687
11438,11687,11315
11439,11342,11687
11440,11688,11346
11441,11348,11689
11442,11351,11688
11443,11642,11689
11444,11689,11688
11445,11378,11690
11446,11394,11690
11447,11690,11691
11448,11389,11691
11449,11691,11692
11450,11692,11374
11451,11384,11692
11452,11693,11404
11453,11406,11693
11454,11411,11693
11455,11694,11429
11456,11431,11694
11457,11434,11694
11458,11440,11695
11459,11695,11437
11460,11590,11695
11461,11696,11439
11462,11442,11696
11463,11457,11696
11464,11585,11697
11465,11698,11444
11466,11699,11698
11467,11697,11699
11468,11462,11698
11469,11483,11699
11470,11446,11697
11471,11700,11465
11472,11467,11700
11473,11473,11700
11474,11701,11466
11475,11475,11701
11476,11469,11701
11477,11543,11702
11478,11702,11498
11479,11703,11702
11480,11500,11703
11481,11539,11703
11482,11522,11704
11483,11525,11704
11484,11704,11520
11485,11705,11558
11486,11575,11705
11487,11706,11705
11488,11560,11706
11489,11571,11706
11490,10910,11707
11491,11707,11708
11492,11131,11708
11493,11708,11709
11494,11709,11620
11495,11066,11710
11496,11025,11711
11497,11710,11712
11498,11711,11712
11499,11712,11713
11500,11078,11714
11501,11713,11714
11502,11714,11597
11503,11028,11713
11504,11715,11716
11505,11717,11718
11506,11718,11719
11507,11720,11721
11508,11721,11719
11509,11719,11149
11510,11606,11715
11511,11609,11715
11512,11722,11717
11513,11723,11722
11514,11716,11723
11515,11724,11725
11516,11726,11727
11517,11728,11193
11518,11729,10956
11519,10947,11726
11520,11730,11724
11521,10957,11725
11522,11725,11728
11523,10950,11729
11524,11727,11729
11525,10955,11668
11526,11731,11151
11527,10975,11731
11528,11623,10853
11529,10847,10845
11530,11107,10845
11531,11732,11730
11532,11733,11734
11533,11002,11733
11534,11735,11730
11535,11734,11736
11536,11736,11735
11537,11737,11738
11538,11739,11740
11539,11741,11742
11540,11742,11737
11541,11738,11739
11542,11743,11741
11543,11744,11743
11544,11745,11744
11545,11746,11745
11546,11747,11746
11547,11748,11749
11548,11750,11748
11549,11751,11744
11550,11752,11751
11551,11753,11752
11552,11754,11753
11553,11755,11756
11554,11756,11754
11555,11757,11755
11556,11758,11759
11557,11759,11760
11558,11761,11758
11559,11762,11761
11560,11763,11762
11561,11764,11763
11562,11765,11764
11563,11766,11765
11564,11767,11766
11565,11768,11767
11566,11769,11768
11567,11770,11769
11568,11771,11772
11569,11773,11774
11570,11774,11775
11571,11775,11776
11572,11776,11771
11573,11772,11770
11574,11777,11773
11575,11778,11777
11576,11779,11773
11577,11780,11779
11578,11781,11780
11579,11782,11781
11580,11783,11782
11581,11784,11783
11582,11785,11784
11583,11786,11785
11584,11787,11788
11585,11789,11787
11586,11790,11789
11587,11791,11792
11588,11793,11791
11589,11794,11795
11590,11796,11797
11591,11798,11799
11592,11800,11801
11593,11799,11800
11594,11802,11803
11595,11804,11805
11596,11806,11804
11597,11807,11806
11598,11808,11807
11599,11809,11810
11600,11811,11812
11601,11813,11814
11602,11814,11811
11603,11815,11816
11604,11817,11815
11605,11818,11819
11606,11820,11821
11607,11822,11823
11608,11823,11820
11609,11824,11825
11610,11826,11824
11611,11827,11828
11612,11829,11830
11613,11831,11832
11614,11833,11834
11615,11835,11836
11616,11837,11836
11617,11838,11839
11618,11839,11840
11619,11841,11838
11620,11842,11838
11621,11843,11842
11622,11844,11843
11623,11845,11844
11624,11846,11845
11625,11847,11846
11626,11848,11844
11627,11849,11848
11628,11850,11849
11629,11851,11852
11630,11853,11854
11631,11855,11853
11632,11856,11857
11633,11857,11858
11634,11858,11855
11635,11859,11856
11636,11860,11861
11637,11861,11859
11638,11862,11860
11639,11863,11862
11640,11864,11863
11641,11865,11864
11642,11866,11865
11643,11867,11868
11644,11869,11867
11645,11870,11869
11646,11871,11870
11647,11872,11871
11648,11873,11872
11649,11874,11873
11650,11875,11874
11651,11876,11875
11652,11877,11876
11653,11878,11877
11654,11879,11878
11655,11880,11879
11656,11881,11880
11657,11882,11881
11658,11883,11882
11659,11884,11883
11660,11885,11884
11661,11886,11885
11662,11887,11886
11663,11888,11887
11664,11889,11888
11665,11890,11889
11666,11891,11892
11667,11892,11893
11668,11894,11891
11669,11893,11888
11670,11895,11894
11671,11896,11895
11672,11897,11896
11673,11898,11869
11674,11899,11900
11675,11900,11898
11676,11901,11899
11677,11902,11901
11678,11903,11902
11679,11904,11903
11680,11905,11906
11681,11907,11904
11682,11908,11909
11683,11910,11908
11684,11906,11907
11685,11909,11905
11686,11911,11910
11687,11631,11912
11688,11912,11913
11689,11914,11915
11690,11916,11917
11691,11917,11914
11692,11918,11916
11693,11919,11920
11694,11921,11922
11695,11920,11921
11696,11922,11918
11697,11923,11919
11698,11924,11923
11699,11925,11926
11700,11927,11925
11701,11928,11929
11702,11929,11930
11703,11931,11928
11704,11932,11931
11705,11933,11932
11706,11934,11933
11707,11935,11934
11708,11936,11935
11709,11937,11938
11710,11939,11937
11711,11940,11939
11712,11941,11940
11713,11942,11941
11714,11943,11942
11715,11944,11943
11716,11945,11928
11717,11946,11945
11718,11947,11946
11719,11948,11947
11720,11949,11948
11721,11950,11949
11722,11951,1392
11723,11952,11953
11724,11953,11755
11725,11954,11952
11726,11955,11954
11727,11956,11955
11728,11957,11956
11729,11958,11957
11730,11959,11958
11731,11960,11959
11732,11961,11960
11733,11962,11961
11734,11963,11964
11735,11964,11962
11736,11965,11963
11737,11966,11965
11738,11967,11968
11739,11968,11969
11740,11969,11966
11741,11970,11971
11742,11971,11761
11743,11972,11970
11744,11973,11974
11745,11975,11972
11746,11974,11975
11747,11976,11973
11748,11977,11976
11749,11978,11979
11750,11980,11978
11751,11981,11785
11752,11982,11983
11753,11984,11982
11754,11985,11984
11755,11986,11985
11756,11987,11779
11757,11988,11987
11758,11989,11988
11759,11990,11991
11760,11992,11993
11761,11994,11995
11762,11996,11997
11763,11998,11999
11764,12000,12001
11765,12002,12003
11766,12004,12002
11767,12005,12006
11768,12007,12008
11769,12006,12007
11770,12009,12010
11771,12011,12009
11772,12012,12002
11773,12013,12014
11774,12015,12016
11775,12017,12018
11776,12019,12015
11777,12018,12020
11778,12020,12021
11779,12016,12017
11780,12022,12023
11781,12024,12022
11782,12025,12026
11783,12027,12025
11784,12028,12027
11785,12029,12027
11786,12030,12025
11787,12031,12022
11788,12032,12033
11789,12034,12035
11790,12036,12034
11791,12037,12036
11792,12038,12037
11793,12039,12040
11794,12040,12041
11795,12041,12042
11796,12043,12044
11797,12045,12046
11798,12047,12045
11799,12048,12049
11800,12050,12051
11801,12051,12052
11802,12053,11851
11803,11852,11850
11804,12054,12053
11805,12055,12054
11806,12056,11848
11807,12057,12056
11808,12058,12056
11809,12059,12053
11810,12060,12061
11811,12062,12061
11812,12063,12064
11813,12065,12062
11814,12066,12065
11815,12067,12068
11816,12069,12067
11817,12068,12066
11818,12070,12069
11819,12071,12069
11820,12072,12064
11821,12073,12074
11822,12075,12073
11823,12076,12075
11824,12077,12078
11825,12079,12077
11826,12080,12079
11827,12081,12080
11828,12082,12081
11829,12083,12084
11830,12085,12082
11831,12084,12085
11832,12086,12083
11833,12087,12086
11834,12088,12087
11835,12089,12090
11836,12091,12089
11837,12092,12093
11838,12094,12095
11839,12096,12097
11840,12098,12099
11841,12097,12100
11842,12100,12098
11843,12099,12094
11844,12101,12096
11845,12102,12103
11846,12104,12102
11847,12105,12102
11848,12106,12107
11849,12107,12105
11850,12108,12106
11851,12109,12087
11852,12110,12111
11853,12112,12113
11854,12114,12115
11855,12116,12114
11856,12117,12118
11857,12119,12116
11858,12118,12119
11859,12120,12121
11860,12121,12117
11861,12122,12123
11862,12123,12124
11863,12125,12122
11864,12126,12127
11865,11812,12126
11866,12128,12114
11867,12129,12130
11868,12131,12129
11869,12132,12133
11870,12134,12135
11871,12136,12134
11872,12137,12136
11873,12138,12137
11874,12139,12140
11875,12141,12142
11876,12143,12144
11877,12145,12143
11878,12146,12145
11879,12147,12146
11880,12148,12147
11881,12149,12150
11882,12150,12145
11883,12151,12143
11884,12152,12116
11885,12153,12152
11886,12154,12155
11887,12156,12154
11888,12157,12158
11889,12158,12156
11890,12159,12094
11891,12160,12159
11892,12161,12162
11893,12163,12161
11894,12164,12161
11895,12165,12166
11896,12167,12168
11897,12169,12170
11898,12170,12171
11899,12171,12167
11900,12172,12173
11901,12174,12172
11902,12175,12172
11903,12176,12177
11904,12177,12086
11905,12178,12083
11906,12179,12180
11907,12181,12179
11908,12182,12183
11909,12183,12181
11910,12184,12182
11911,12185,12181
11912,12186,12185
11913,12187,12186
11914,12188,12187
11915,12189,12188
11916,12190,12189
11917,12191,12190
11918,12192,12193
11919,12193,12191
11920,12194,12192
11921,12195,12196
11922,12196,12194
11923,12197,12198
11924,12199,12197
11925,12200,12199
11926,12198,12195
11927,12201,12202
11928,12203,12186
11929,12202,12204
11930,12204,12203
11931,12205,12201
11932,12206,12201
11933,12207,12189
11934,12208,11931
11935,12209,12208
11936,12210,11942
11937,12211,12210
11938,12212,11943
11939,12213,11939
11940,12214,12215
11941,12215,12213
11942,12216,12214
11943,12217,12216
11944,12218,12217
11945,12219,11938
11946,12220,12219
11947,12221,12222
11948,12223,12221
11949,12224,12225
11950,12226,12224
11951,12227,12226
11952,12228,12229
11953,12230,12231
11954,12231,12221
11955,12232,12233
11956,12234,11936
11957,12233,12235
11958,12235,12234
11959,12236,12232
11960,12237,11948
11961,12238,12239
11962,12239,12237
11963,12240,12237
11964,12241,12240
11965,12242,12240
11966,12243,12242
11967,12244,12242
11968,12245,11949
11969,12246,11951
11970,12247,12248
11971,12248,12246
11972,12249,12246
11973,12250,11951
11974,12251,12250
11975,12252,12251
11976,12253,12252
11977,12254,12250
11978,12255,12254
11979,12052,12255
11980,12256,12257
11981,12257,12052
11982,12258,12256
11983,12259,12258
11984,12049,12260
11985,12261,12049
11986,12262,12263
11987,12264,12265
11988,12266,12254
11989,12267,12266
11990,12268,12267
11991,12269,12270
11992,12271,12272
11993,12272,12269
11994,12273,12271
11995,12274,12275
11996,12276,12277
11997,12278,12276
11998,12279,12276
11999,12280,12281
12000,12282,12280
12001,12283,12284
12002,12285,12286
12003,12287,12288
12004,12286,12287
12005,12288,12283
12006,12289,12290
12007,12291,12283
12008,12292,12293
12009,12294,12295
12010,12296,12297
12011,12298,12299
12012,12300,12298
12013,12301,12302
12014,12303,12301
12015,12304,12303
12016,12305,12304
12017,12306,12305
12018,12307,12306
12019,12308,12309
12020,12310,12308
12021,12311,12310
12022,12312,12311
12023,12313,12314
12024,12315,12312
12025,12314,12315
12026,12316,12313
12027,12317,12310
12028,12318,12311
12029,12319,12313
12030,12320,12308
12031,12321,12320
12032,12322,12320
12033,12323,12324
12034,12325,12298
12035,12326,12325
12036,12327,12326
12037,12328,12329
12038,12329,12327
12039,12330,12328
12040,12331,12325
12041,12332,12333
12042,12333,12327
12043,12334,12335
12044,12336,12334
12045,12337,12301
12046,12338,12303
12047,12339,12338
12048,12340,12339
12049,12341,12339
12050,12342,12341
12051,12343,12342
12052,12344,12342
12053,12345,12344
12054,12346,12345
12055,12347,12341
12056,12348,12338
12057,11993,12304
12058,12349,11990
12059,11991,11993
12060,12350,12351
12061,12352,12350
12062,12353,1437
12063,12354,12353
12064,12355,12353
12065,12356,1439
12066,12357,12356
12067,12358,1440
12068,12359,1442
12069,12360,12359
12070,12361,12360
12071,12362,12363
12072,12363,12359
12073,12364,12360
12074,12365,1443
12075,12366,12367
12076,12367,12365
12077,12368,12366
12078,12369,12368
12079,12370,12371
12080,12371,12369
12081,12372,12373
12082,12373,12366
12083,12374,1441
12084,12375,12376
12085,12377,12375
12086,12378,12375
12087,12379,12378
12088,12380,12379
12089,12381,12379
12090,12382,12378
12091,12383,12384
12092,12385,12386
12093,12386,12387
12094,12387,12383
12095,12388,12389
12096,12390,12388
12097,12391,12390
12098,12392,12391
12099,12393,12392
12100,12394,12393
12101,12395,1415
12102,12396,12395
12103,12397,12396
12104,12398,12397
12105,12399,12395
12106,12400,12397
12107,12401,12400
12108,12402,12400
12109,12403,12396
12110,12404,12403
12111,12405,12403
12112,12406,12405
12113,12407,12408
12114,12409,12410
12115,12411,12412
12116,12413,12411
12117,12414,12415
12118,12415,12416
12119,12416,12413
12120,12417,12414
12121,12418,1408
12122,12419,12418
12123,12420,12419
12124,12421,12420
12125,12422,12419
12126,12423,12418
12127,12424,12423
12128,12425,12426
12129,12427,1399
12130,12426,12427
12131,1403,12428
12132,12429,11946
12133,12430,12431
12134,12431,12432
12135,12432,12433
12136,12434,12435
12137,12436,12434
12138,12433,12436
12139,12435,12437
12140,12438,12429
12141,12437,12438
12142,12439,11916
12143,12440,11918
12144,12441,12440
12145,12442,12443
12146,12443,12444
12147,12444,12445
12148,12445,11923
12149,12446,12442
12150,12447,12448
12151,12449,12447
12152,12450,11925
12153,12451,12450
12154,12452,12450
12155,12453,12454
12156,12454,11913
12157,12455,12453
12158,12456,12455
12159,12457,12456
12160,12458,12457
12161,12459,12460
12162,12461,12459
12163,12462,12461
12164,12463,12462
12165,12464,12463
12166,12465,12464
12167,12466,12459
12168,12467,12462
12169,12468,12467
12170,12469,12468
12171,12470,12471
12172,12472,12470
12173,12473,12474
12174,12475,12473
12175,12476,12475
12176,12477,12474
12177,12478,12479
12178,12479,12480
12179,12480,12481
12180,12482,12478
12181,12483,12484
12182,12484,12485
12183,12485,12486
12184,12487,12483
12185,12488,12487
12186,12489,12478
12187,12490,12483
12188,12491,12490
12189,12492,12493
12190,12494,12491
12191,12493,12494
12192,12495,12496
12193,12496,12487
12194,12497,12498
12195,12499,12497
12196,12500,12501
12197,12502,12500
12198,12503,12504
12199,12504,12472
12200,12505,12473
12201,12506,12470
12202,12507,12508
12203,12509,12507
12204,12510,12511
12205,12512,12510
12206,12513,12512
12207,12514,12515
12208,12516,12517
12209,12518,12514
12210,12519,12516
12211,12515,12519
12212,12520,12521
12213,12521,12518
12214,12522,12520
12215,12523,12522
12216,12524,12507
12217,12525,12522
12218,12526,12520
12219,12527,12528
12220,12528,12526
12221,12529,12527
12222,12530,12529
12223,12531,12532
12224,12533,12531
12225,12534,12533
12226,11801,12534
12227,12535,11798
12228,12536,12537
12229,12537,12535
12230,12538,12536
12231,12539,12538
12232,12540,12541
12233,12542,12543
12234,12543,12527
12235,12544,12542
12236,12541,12544
12237,12545,12529
12238,12546,12547
12239,12548,12546
12240,12549,12550
12241,12551,12552
12242,12553,12551
12243,12554,12536
12244,12550,12554
12245,12552,12549
12246,12555,12553
12247,12556,12557
12248,12557,12533
12249,12558,12559
12250,12560,12558
12251,12559,12531
12252,12561,12562
12253,12562,12563
12254,12564,12565
12255,12566,12567
12256,12568,12569
12257,12569,12566
12258,12570,12566
12259,12571,12572
12260,12573,12574
12261,12575,12576
12262,12577,12578
12263,12579,12571
12264,12578,12579
12265,12574,12575
12266,12572,12580
12267,12580,12573
12268,12576,12581
12269,12582,12583
12270,12584,12582
12271,12585,12586
12272,12586,12587
12273,12588,12585
12274,12589,12588
12275,12590,12591
12276,12591,12592
12277,12592,11899
12278,12593,12590
12279,12594,12595
12280,12595,11901
12281,12596,11904
12282,12597,11910
12283,12598,12597
12284,12599,12597
12285,12600,12601
12286,12601,12602
12287,12602,11902
12288,12603,11900
12289,12604,12603
12290,12605,11877
12291,12606,12605
12292,12607,12606
12293,12608,12605
12294,12609,11878
12295,12610,11884
12296,12611,12610
12297,12612,12613
12298,12613,12610
12299,12614,11889
12300,12615,12614
12301,12616,12615
12302,12617,12615
12303,12618,11896
12304,12619,11895
12305,12620,11894
12306,12621,11887
12307,12622,11886
12308,12623,11885
12309,12624,11883
12310,12625,11882
12311,12626,11881
12312,12627,12626
12313,12628,11874
12314,12629,12628
12315,12630,12628
12316,12631,12632
12317,12633,12631
12318,12632,12634
12319,12634,11870
12320,12635,12636
12321,12637,11867
12322,12636,12637
12323,12638,12639
12324,12640,12641
12325,12639,12642
12326,12641,12638
12327,12643,12640
12328,12644,12643
12329,12645,12644
12330,12646,12645
12331,12647,12646
12332,12648,12646
12333,12649,12650
12334,12651,12652
12335,12653,12651
12336,12654,11863
12337,12655,11862
12338,12656,12655
12339,12657,12655
12340,12658,12659
12341,12660,12661
12342,12662,12658
12343,12661,12663
12344,12659,12660
12345,12664,12662
12346,12665,12664
12347,12666,12665
12348,12667,12666
12349,12668,12669
12350,12669,12667
12351,12670,12668
12352,12671,12670
12353,12672,12671
12354,12673,12672
12355,12674,12675
12356,12675,11738
12357,12676,12677
12358,12677,11737
12359,12678,11741
12360,12679,12678
12361,12680,12679
12362,12681,12680
12363,12682,11751
12364,12683,12682
12365,12684,12683
12366,12685,12684
12367,12686,11752
12368,12687,12688
12369,12688,12689
12370,12689,12686
12371,12690,12687
12372,12691,12690
12373,12692,12693
12374,12694,12695
12375,12695,11753
12376,12693,12694
12377,12696,12692
12378,12697,12692
12379,12698,12697
12380,12699,12698
12381,12700,12697
12382,12701,12702
12383,12703,12701
12384,12702,12698
12385,12704,12703
12386,12705,12704
12387,12706,12707
12388,12707,12708
12389,12708,12705
12390,12709,12710
12391,12711,12704
12392,12712,12713
12393,12714,12705
12394,12715,12703
12395,12716,11957
12396,12717,12716
12397,12718,11961
12398,12719,12718
12399,12720,11965
12400,12721,12720
12401,12722,12723
12402,12724,12725
12403,12723,12724
12404,12725,12726
12405,12727,12722
12406,12728,12729
12407,12729,12727
12408,12730,12728
12409,12731,12730
12410,12732,12731
12411,12733,12734
12412,12735,12733
12413,12736,12735
12414,12737,12738
12415,12739,12737
12416,12740,12741
12417,12741,12742
12418,12742,12743
12419,12744,12737
12420,12743,12744
12421,12745,12746
12422,12747,12748
12423,12748,12749
12424,12750,11966
12425,12751,12750
12426,12752,12751
12427,12753,12752
12428,12754,12755
12429,12756,12754
12430,12757,12756
12431,12758,12757
12432,12759,12758
12433,12760,12759
12434,12761,12762
12435,12763,12761
12436,12764,12765
12437,12765,12766
12438,12766,12763
12439,12767,12768
12440,12769,12767
12441,12768,12770
12442,12771,12764
12443,12770,12771
12444,12772,12773
12445,12774,12772
12446,12775,12774
12447,12773,12776
12448,12777,12775
12449,12778,12779
12450,12780,12781
12451,12779,12782
12452,12782,12780
12453,12783,12778
12454,12784,12783
12455,12785,12786
12456,12787,12759
12457,12788,12787
12458,12789,12788
12459,12790,12788
12460,12791,12790
12461,12792,12791
12462,12793,12792
12463,12794,12790
12464,12795,12796
12465,12797,12523
12466,12798,12797
12467,12799,12798
12468,12800,12799
12469,12801,12802
12470,12803,12800
12471,12802,12803
12472,12804,12797
12473,12805,12523
12474,12806,12763
12475,12807,12806
12476,12808,12809
12477,12810,12808
12478,12811,12810
12479,12812,12813
12480,12814,12812
12481,12815,12814
12482,12816,12817
12483,12818,12819
12484,12820,12821
12485,12819,12822
12486,12822,12823
12487,12823,12824
12488,12824,12820
12489,12825,12818
12490,12826,12827
12491,12828,12829
12492,12830,12831
12493,12832,12833
12494,12834,12812
12495,12831,12834
12496,12835,12828
12497,12833,12830
12498,12829,12832
12499,12836,12837
12500,12837,12777
12501,12838,12775
12502,12839,12764
12503,12840,12758
12504,12841,12757
12505,12842,12841
12506,12843,12844
12507,12845,12843
12508,12844,12842
12509,12846,12845
12510,12847,12846
12511,12848,12849
12512,12850,12851
12513,12851,12852
12514,12852,12752
12515,12853,12850
12516,12854,11963
12517,12855,12854
12518,12856,12855
12519,12857,11958
12520,12858,12857
12521,12859,12857
12522,12860,12861
12523,12861,11956
12524,12862,11955
12525,12863,12864
12526,12864,11767
12527,12865,12863
12528,12866,12865
12529,12867,12866
12530,12868,12867
12531,12869,12865
12532,12870,12866
12533,12871,11768
12534,12872,12873
12535,12873,12874
12536,12874,12871
12537,12875,11770
12538,12876,12875
12539,12877,12875
12540,12878,12879
12541,12880,12881
12542,12882,11777
12543,12883,12882
12544,12884,12883
12545,12885,12882
12546,12886,12885
12547,12887,12888
12548,12888,12889
12549,12889,12890
12550,12891,12892
12551,12892,12887
12552,12890,12893
12553,12894,11792
12554,12895,11987
12555,12896,11783
12556,12897,11786
12557,12898,12897
12558,12899,11784
12559,12900,12899
12560,12901,12899
12561,12902,12903
12562,12904,11782
12563,12903,12904
12564,12905,12902
12565,12906,12905
12566,12907,12906
12567,12908,12907
12568,12909,12910
12569,12911,12909
12570,12910,12908
12571,12912,12913
12572,12914,12912
12573,12913,12915
12574,12916,12914
12575,12917,12916
12576,12918,12919
12577,12920,12921
12578,12919,12922
12579,12923,12920
12580,12921,12905
12581,12922,12924
12582,12924,12923
12583,12925,12926
12584,12926,12918
12585,12927,12918
12586,12928,12927
12587,12929,12930
12588,12931,12928
12589,12932,12931
12590,12930,12932
12591,12933,12928
12592,12934,12933
12593,12935,12933
12594,12936,12935
12595,12937,12938
12596,12938,12936
12597,12939,12936
12598,12940,12934
12599,12941,12908
12600,12942,12943
12601,12944,12916
12602,12945,12914
12603,12946,12907
12604,12947,12906
12605,12948,12947
12606,12949,12947
12607,12950,12949
12608,12951,12950
12609,12952,12951
12610,12953,12954
12611,12955,12952
12612,12954,12955
12613,12956,12953
12614,12957,12949
12615,12958,12951
12616,12959,12958
12617,12960,12959
12618,12961,12958
12619,12962,12953
12620,12963,12962
12621,12964,12963
12622,12965,12966
12623,12967,12968
12624,12966,12967
12625,12968,12952
12626,12969,12965
12627,12970,12969
12628,12971,12970
12629,12972,12973
12630,12974,12975
12631,12973,12971
12632,12976,12972
12633,12975,12976
12634,12977,12974
12635,12978,12979
12636,12979,12965
12637,12980,12902
12638,12981,11983
12639,12982,12981
12640,12983,12981
12641,12984,12983
12642,12985,11982
12643,12986,12985
12644,12987,12986
12645,12988,12989
12646,12990,12988
12647,12991,12988
12648,12992,12991
12649,12993,12994
12650,12995,12993
12651,12996,12993
12652,12997,12998
12653,12998,11986
12654,12999,12997
12655,13000,12999
12656,13001,13000
12657,13002,13001
12658,13003,13002
12659,13004,13003
12660,13005,12999
12661,13006,13007
12662,13008,12344
12663,13009,12505
12664,13010,12505
12665,13011,13012
12666,13013,11813
12667,13014,13011
12668,12222,11936
12669,13015,11747
12670,11821,13016
12671,12064,12060
12672,13017,11795
12673,13018,13019
12674,13020,11981
12675,13021,11796
12676,13022,13023
12677,13024,11808
12678,11792,12895
12679,13025,12895
12680,11913,11915
12681,11915,11930
12682,11930,12581
12683,12581,12583
12684,12583,12587
12685,12587,13026
12686,13027,11981
12687,11749,13028
12688,13028,13015
12689,11760,11757
12690,13029,13030
12691,11938,13029
12692,13030,12222
12693,13031,13032
12694,13033,13034
12695,13034,13035
12696,13036,13031
12697,13032,11780
12698,13035,13036
12699,13037,13033
12700,13038,13037
12701,11983,13038
12702,13039,11986
12703,13040,13041
12704,13041,13039
12705,13042,13043
12706,13044,13045
12707,13046,13044
12708,13047,13048
12709,13048,13049
12710,13050,13046
12711,13049,13050
12712,13051,13047
12713,13052,13053
12714,13054,13052
12715,13055,13054
12716,13056,13055
12717,13057,13056
12718,13058,13057
12719,13059,13058
12720,13060,13059
12721,13061,13060
12722,13062,13061
12723,13063,13062
12724,13064,13063
12725,13065,13064
12726,13066,13067
12727,13068,13066
12728,13069,13068
12729,13070,13069
12730,13071,13070
12731,13072,13071
12732,13073,13072
12733,13074,13073
12734,13075,13074
12735,13076,13077
12736,13078,13076
12737,13079,13078
12738,13080,13079
12739,13081,13080
12740,13082,13081
12741,13083,13067
12742,13084,13083
12743,13085,13084
12744,13086,13087
12745,13087,13085
12746,13088,13086
12747,13089,13088
12748,13090,13091
12749,13092,13090
12750,13093,13094
12751,13095,13093
12752,13096,13093
12753,13097,13096
12754,13098,13099
12755,13100,13098
12756,13101,13102
12757,13103,13101
12758,13104,13103
12759,13105,13106
12760,13107,13105
12761,13108,13107
12762,13109,13108
12763,13110,13107
12764,13111,13110
12765,13112,13111
12766,13113,13112
12767,13114,13110
12768,13115,13114
12769,13116,13114
12770,13117,13111
12771,13118,13117
12772,13119,13117
12773,13120,13105
12774,13121,13120
12775,13122,13120
12776,13123,13124
12777,13125,13123
12778,13126,13127
12779,13128,13129
12780,13127,13130
12781,13130,13128
12782,13131,13126
12783,13132,13131
12784,13133,13132
12785,13134,13135
12786,13136,13132
12787,13137,13138
12788,13138,13139
12789,13135,13137
12790,13139,13136
12791,13140,13141
12792,13142,13140
12793,13143,13140
12794,13144,13145
12795,13146,13144
12796,13147,13144
12797,13148,13147
12798,13149,13147
12799,13150,13151
12800,13094,13150
12801,13152,13150
12802,13153,13152
12803,13154,13152
12804,13124,13155
12805,13106,13155
12806,13155,13104
12807,13156,13134
12808,13157,13156
12809,13158,13156
12810,13159,13160
12811,13160,13161
12812,13162,13160
12813,13163,13164
12814,13165,13164
12815,13164,13166
12816,13166,13167
12817,13168,13166
12818,13169,13170
12819,13171,13170
12820,13170,13172
12821,13173,13174
12822,13175,13174
12823,13174,13176
12824,13177,13178
12825,13179,13177
12826,13180,13181
12827,13182,13180
12828,13183,13184
12829,13185,13186
12830,13187,13185
12831,13188,13187
12832,13189,13188
12833,13190,13191
12834,13192,13191
12835,13193,13194
12836,13195,13193
12837,13196,13197
12838,13198,13196
12839,13199,13198
12840,13200,13199
12841,13201,13202
12842,13202,13200
12843,13203,13198
12844,13204,13203
12845,13205,13200
12846,13206,13199
12847,13207,13196
12848,13208,13209
12849,13209,13210
12850,13211,13212
12851,13213,13214
12852,13215,13216
12853,13217,13218
12854,13219,13217
12855,13220,13221
12856,13222,13223
12857,13224,13225
12858,13226,13227
12859,13228,13226
12860,13229,13230
12861,13221,13231
12862,13232,13222
12863,13233,13225
12864,13234,13227
12865,13235,13219
12866,13236,13237
12867,13238,13215
12868,13223,13239
12869,13240,13232
12870,13241,13242
12871,13243,13224
12872,13244,13233
12873,13245,13246
12874,13246,13247
12875,13230,13248
12876,13249,13250
12877,13251,13252
12878,13253,13254
12879,13255,13256
12880,13007,13251
12881,13254,13255
12882,13256,13006
12883,13252,13249
12884,13250,13001
12885,13257,13253
12886,13258,13257
12887,13259,13258
12888,13260,13002
12889,13261,13260
12890,13262,13263
12891,13263,13264
12892,13264,13000
12893,13265,13262
12894,13266,13267
12895,13267,13265
12896,13268,13266
12897,13269,13270
12898,13271,13272
12899,13272,13273
12900,13270,13274
12901,13274,13268
12902,13275,13269
12903,13273,13275
12904,13276,13271
12905,13277,13276
12906,13278,13277
12907,13279,13278
12908,13280,13279
12909,13281,13280
12910,13282,13283
12911,13283,13284
12912,13284,13281
12913,13285,13280
12914,13286,13287
12915,13288,13271
12916,13289,13288
12917,13290,13289
12918,13291,13290
12919,13292,13288
12920,13293,13294
12921,13294,13268
12922,13295,13293
12923,13296,13295
12924,13297,13296
12925,13298,13297
12926,13299,11984
12927,13300,13299
12928,13301,11769
12929,13302,11764
12930,13303,13302
12931,13304,13302
12932,13305,13304
12933,13306,13304
12934,13307,11763
12935,13308,13307
12936,13309,13308
12937,13310,13309
12938,13311,13312
12939,13313,13314
12940,13315,13316
12941,13317,13313
12942,13314,13318
12943,13318,13319
12944,13316,13317
12945,13319,13307
12946,13320,13315
12947,13321,13320
12948,13322,13323
12949,13324,13322
12950,13325,11762
12951,13326,13327
12952,13328,13326
12953,13329,13328
12954,13330,13331
12955,13332,13330
12956,13333,13330
12957,11840,13333
12958,13334,13333
12959,11803,13335
12960,13336,11758
12961,13337,13336
12962,13338,11760
12963,13339,13338
12964,13340,13339
12965,13341,13340
12966,13342,13343
12967,13344,13343
12968,13345,13346
12969,13347,11756
12970,13346,13347
12971,13348,13349
12972,13349,11754
12973,13350,13351
12974,13352,13350
12975,13353,13352
12976,13351,11746
12977,13354,13355
12978,13356,13354
12979,13355,11747
12980,13357,13358
12981,13359,11750
12982,13360,13357
12983,13358,13359
12984,13361,13362
12985,13363,13361
12986,13364,13363
12987,13365,13366
12988,13367,13361
12989,13368,13367
12990,13369,13370
12991,13371,13369
12992,13372,13369
12993,13373,13363
12994,13374,13373
12995,13375,13374
12996,13376,13377
12997,13378,13376
12998,13379,13374
12999,13377,13379
13000,13380,13373
13001,13381,11750
13002,13382,13383
13003,13384,13015
13004,13385,13382
13005,13383,13384
13006,13386,13385
13007,13387,13388
13008,13389,13390
13009,13388,13391
13010,13392,13393
13011,13393,13389
13012,13390,13385
13013,13391,13392
13014,13394,11743
13015,13395,13396
13016,13396,13397
13017,13398,13395
13018,13397,13394
13019,13399,11742
13020,13400,13399
13021,13401,13402
13022,13403,13401
13023,13404,13403
13024,13405,13403
13025,13406,13407
13026,13408,13409
13027,13410,13408
13028,13411,13410
13029,13412,13411
13030,13413,13414
13031,13415,13413
13032,13416,13417
13033,13418,13416
13034,11832,13419
13035,13420,13421
13036,13422,13386
13037,12786,13423
13038,12180,13424
13039,13424,13425
13040,13016,11833
13041,13421,11827
13042,13423,12784
13043,13426,13427
13044,13428,13426
13045,13429,13426
13046,13430,13431
13047,13432,13415
13048,13433,13040
13049,12893,13025
13050,11795,13020
13051,13019,13020
13052,13434,11796
13053,13435,11821
13054,13419,13023
13055,11836,11808
13056,13436,13437
13057,13437,11840
13058,9831,12054
13059,13438,13439
13060,12061,13440
13061,13440,13438
13062,13439,13019
13063,13441,13424
13064,13442,13441
13065,1395,11947
13066,13443,12777
13067,12781,13443
13068,13444,12884
13069,13343,13445
13070,13445,11757
13071,13446,13411
13072,13431,13447
13073,12652,13448
13074,11854,13448
13075,13448,11790
13076,11926,13449
13077,13449,11924
13078,12448,13449
13079,13327,13450
13080,13450,11977
13081,11979,13450
13082,12078,13451
13083,13451,12076
13084,12103,13451
13085,12090,13452
13086,12111,13452
13087,12168,13453
13088,13452,13453
13089,12173,13454
13090,13453,13454
13091,13454,12088
13092,12166,13455
13093,12162,13456
13094,13457,13455
13095,13456,13457
13096,12093,13456
13097,13455,12091
13098,12095,13458
13099,12155,13458
13100,13458,13459
13101,12113,13459
13102,13459,12092
13103,13460,12112
13104,12115,13460
13105,12127,13460
13106,12142,13461
13107,12124,13461
13108,12144,13462
13109,13463,13462
13110,13461,13463
13111,13464,12120
13112,13462,13464
13113,12140,13463
13114,12135,13464
13115,12130,13465
13116,13465,12128
13117,12133,13465
13118,13466,12223
13119,12225,13466
13120,12229,13466
13121,12260,13467
13122,12270,13468
13123,13468,12259
13124,12275,13467
13125,13467,13468
13126,11995,13469
13127,12263,13470
13128,13470,13471
13129,13471,13469
13130,11999,13472
13131,12284,13470
13132,11997,13473
13133,13473,13472
13134,12281,13471
13135,13469,13474
13136,13474,13473
13137,12277,13474
13138,12046,13475
13139,13472,13475
13140,13475,12261
13141,12265,13476
13142,12295,13476
13143,13476,12262
13144,13477,12285
13145,12290,13477
13146,12293,13477
13147,12297,13478
13148,13478,12294
13149,12309,13478
13150,12299,13479
13151,12324,13479
13152,13479,12296
13153,12302,13480
13154,12335,13480
13155,13480,12300
13156,12001,13481
13157,13481,13482
13158,12008,13482
13159,12042,13483
13160,13482,13483
13161,12044,13484
13162,13483,13484
13163,13484,11998
13164,12014,13485
13165,13486,13485
13166,12003,13486
13167,12035,13487
13168,13485,13487
13169,13487,12000
13170,12010,13486
13171,12021,13488
13172,13488,12013
13173,12026,13488
13174,12033,13489
13175,12023,13489
13176,13489,12019
13177,13490,1398
13178,1400,13490
13179,12428,13490
13180,13491,1407
13181,1411,13491
13182,1425,13491
13183,13492,1412
13184,12412,13493
13185,1414,13493
13186,13493,13492
13187,13494,13492
13188,1433,13494
13189,1436,13494
13190,12408,13495
13191,1416,13495
13192,12410,13496
13193,13497,13496
13194,13495,13497
13195,13496,1413
13196,12389,13497
13197,13498,1435
13198,1438,13498
13199,12351,13498
13200,12376,13499
13201,13499,12374
13202,12384,13499
13203,12567,13500
13204,12460,13500
13205,13500,12458
13206,12471,13501
13207,13501,12469
13208,12508,13501
13209,12481,13502
13210,12501,13502
13211,13502,12477
13212,12498,13503
13213,12486,13503
13214,13503,12482
13215,12511,13504
13216,13504,12509
13217,12565,13504
13218,12517,13505
13219,12563,13505
13220,13505,12513
13221,13506,12530
13222,12532,13506
13223,12547,13506
13224,12710,13507
13225,12713,13507
13226,13507,12706
13227,12746,13508
13228,12738,13508
13229,13508,13509
13230,13510,11967
13231,12749,13510
13232,13509,13511
13233,13511,13510
13234,12734,13511
13235,12726,13509
13236,12849,13512
13237,12755,13512
13238,13512,12753
13239,12762,13513
13240,13513,12760
13241,12796,13513
13242,12776,13514
13243,12809,13514
13244,13514,12769
13245,12813,13515
13246,13515,12811
13247,12817,13515
13248,12821,13516
13249,13516,12816
13250,12827,13516
13251,13517,11778
13252,12881,13517
13253,12879,13517
13254,13427,13518
13255,13447,13518
13256,13518,12878
13257,13519,13520
13258,13520,12880
13259,12915,13521
13260,12943,13521
13261,13521,12911
13262,12994,13522
13263,12989,13522
13264,13522,12987
13265,13312,13523
13266,13323,13523
13267,13523,13310
13268,13335,13524
13269,13331,13524
13270,13524,13329
13271,13366,13525
13272,13362,13525
13273,13525,13360
13274,13526,13368
13275,13370,13526
13276,13409,13527
13277,13414,13527
13278,13527,13406
13279,13528,11831
13280,11828,13528
13281,11830,13528
13282,13529,12380
13283,13012,13529
13284,13287,13530
13285,13530,13531
13286,13532,12193
13287,13531,13533
13288,13533,13532
13289,13534,11802
13290,13425,13534
13291,13535,12732
13292,11834,13536
13293,13536,12977
13294,12074,11917
13295,11825,12956
13296,11805,13039
13297,11810,11776
13298,11819,13519
13299,13537,11819
13300,13538,13535
13301,13539,13538
13302,13023,13535
13303,13540,13541
13304,13541,13542
13305,13543,13544
13306,13545,13546
13307,13547,13548
13308,13549,13550
13309,13551,13552
13310,13553,13554
13311,13555,13556
13312,13557,13555
13313,13558,13557
13314,13559,13560
13315,13561,13562
13316,13563,13564
13317,13565,13566
13318,13564,13565
13319,13567,13549
13320,13546,13543
13321,13568,13553
13322,13554,13558
13323,13566,13569
13324,13570,13562
13325,13562,13571
13326,13572,13573
13327,13556,13574
13328,13571,13573
13329,13573,13563
13330,13575,13576
13331,13560,13575
13332,13576,13572
13333,13577,13574
13334,13578,13577
13335,13548,13579
13336,13550,13580
13337,13580,13579
13338,13579,13578
13339,13544,13580
13340,13569,10760
13341,13552,13569
13342,13581,13582
13343,13583,11636
13344,13582,13583
13345,13584,13585
13346,13586,13587
13347,13588,13584
13348,13589,13586
13349,13587,13588
13350,13590,13591
13351,13592,13584
13352,13593,13592
13353,13594,13592
13354,13595,13594
13355,13596,13590
13356,13585,13597
13357,13591,13597
13358,13597,13581
13359,13067,13598
13360,13599,13045
13361,13600,13599
13362,13601,13600
13363,13602,13601
13364,13603,13602
13365,13604,13603
13366,13605,13604
13367,13606,13607
13368,13608,13606
13369,13609,13610
13370,13610,13608
13371,13611,13609
13372,13612,13165
13373,13613,13612
13374,13614,13613
13375,13615,13614
13376,13616,13617
13377,13618,13619
13378,13620,13618
13379,13621,13622
13380,13623,13621
13381,13043,13623
13382,13624,13089
13383,13625,13624
13384,13626,13625
13385,13627,13626
13386,13628,13627
13387,13629,13628
13388,13045,13629
13389,13630,13078
13390,13631,13630
13391,13632,13631
13392,13633,13632
13393,13634,13635
13394,13636,13634
13395,13635,13633
13396,13637,13636
13397,13638,13639
13398,13639,13081
13399,13640,13638
13400,13641,13640
13401,13642,13641
13402,13643,13642
13403,13644,13643
13404,13645,13625
13405,13646,13645
13406,13647,13646
13407,13648,13647
13408,13649,13650
13409,13651,13652
13410,13650,13648
13411,13652,13649
13412,13653,13651
13413,13654,13653
13414,13655,13069
13415,13656,13655
13416,13657,13656
13417,13658,13657
13418,13659,13658
13419,13660,13604
13420,13661,13662
13421,13663,13661
13422,13664,13663
13423,13665,13664
13424,13666,13667
13425,13668,13669
13426,13670,13668
13427,13671,13672
13428,13672,13670
13429,13673,13674
13430,13675,13673
13431,13676,13675
13432,13677,13678
13433,13679,13677
13434,13680,13681
13435,13681,13679
13436,13682,13680
13437,13683,13682
13438,13684,13683
13439,13685,13169
13440,13686,13685
13441,13687,13686
13442,13688,13689
13443,13689,13690
13444,13691,13692
13445,13693,13694
13446,13695,13696
13447,13697,13063
13448,13698,13656
13449,13699,13698
13450,13700,13657
13451,13701,13700
13452,13702,13700
13453,13703,13659
13454,13704,13703
13455,13705,13706
13456,13707,13705
13457,13708,13709
13458,13709,13707
13459,13710,13711
13460,13712,13713
13461,13714,13715
13462,13716,13714
13463,13717,13718
13464,13719,13717
13465,13720,13719
13466,13721,13720
13467,13722,13721
13468,13723,13658
13469,13724,13723
13470,13725,13724
13471,13726,13655
13472,13727,13070
13473,13728,13077
13474,13729,13728
13475,13730,13731
13476,13731,13728
13477,13732,13632
13478,13733,13633
13479,13734,13636
13480,13735,13734
13481,13736,13735
13482,13737,13736
13483,13738,13734
13484,13739,13738
13485,13740,13739
13486,13741,13643
13487,13742,13741
13488,13743,13744
13489,13745,13746
13490,13746,13747
13491,13744,13638
13492,13747,13748
13493,13749,13745
13494,13748,13743
13495,13750,13749
13496,13751,13752
13497,13753,13751
13498,13754,13753
13499,13755,13756
13500,13757,13755
13501,13758,13757
13502,13759,13758
13503,13760,13761
13504,13761,13757
13505,13762,13760
13506,13763,13764
13507,13765,13766
13508,13767,13768
13509,13769,13767
13510,13770,13769
13511,13771,13772
13512,13772,13770
13513,13773,13774
13514,13775,13773
13515,13776,13777
13516,13777,13778
13517,13779,13780
13518,13781,13782
13519,13783,13784
13520,13784,13785
13521,13785,13786
13522,13787,13788
13523,13789,13790
13524,13791,13769
13525,13792,13791
13526,13793,13792
13527,13794,13793
13528,13795,13792
13529,13796,13793
13530,13797,13796
13531,13798,13791
13532,13799,13800
13533,13801,13799
13534,13802,13803
13535,13804,13802
13536,13805,13804
13537,13806,13807
13538,13808,13806
13539,13809,13808
13540,13810,13809
13541,13811,13082
13542,13812,13080
13543,13813,13079
13544,13814,13076
13545,13815,13814
13546,13816,13817
13547,13818,13816
13548,13817,13073
13549,13819,13088
13550,13820,13819
13551,13821,13629
13552,13822,13821
13553,13823,13821
13554,13824,13663
13555,13825,13826
13556,13827,13828
13557,13829,13827
13558,13828,13824
13559,13830,13825
13560,13826,13829
13561,13831,13832
13562,13832,13833
13563,13833,13824
13564,13834,13831
13565,13835,13836
13566,13837,13831
13567,13836,13837
13568,13838,13839
13569,13840,13838
13570,13841,13842
13571,13843,13670
13572,13842,13844
13573,13844,13843
13574,13845,13841
13575,13846,13847
13576,13848,13849
13577,13850,13846
13578,13849,13850
13579,13851,13848
13580,13852,13853
13581,13854,13855
13582,13855,13852
13583,13856,13857
13584,13857,13854
13585,13858,13856
13586,13859,13860
13587,13860,13846
13588,13861,13862
13589,13862,13863
13590,13863,13854
13591,13864,13865
13592,13866,13867
13593,13868,13869
13594,13870,13866
13595,13865,13870
13596,13869,13864
13597,13871,13868
13598,13872,13871
13599,13873,13868
13600,13874,13873
13601,13875,13874
13602,13876,13877
13603,13877,13875
13604,13878,13876
13605,13879,13848
13606,13880,13879
13607,13881,13880
13608,13882,13879
13609,13883,13882
13610,13884,13885
13611,13885,13883
13612,13886,13884
13613,13887,13886
13614,13888,13889
13615,13890,13891
13616,13892,13893
13617,13893,13887
13618,13894,13892
13619,13889,13890
13620,13891,13894
13621,13895,13896
13622,13897,13887
13623,13896,13898
13624,13898,13897
13625,13899,13900
13626,13901,13902
13627,13903,13904
13628,13905,13906
13629,13907,13908
13630,13906,13907
13631,13908,13903
13632,13909,13910
13633,13910,13905
13634,13911,13909
13635,13912,13911
13636,13913,13912
13637,13914,13913
13638,13915,13916
13639,13917,13918
13640,13919,13920
13641,13921,13922
13642,13918,13923
13643,13923,13921
13644,13922,13919
13645,13924,13925
13646,13926,13924
13647,13927,13928
13648,13929,13930
13649,13928,13929
13650,13931,13903
13651,13932,13933
13652,13933,13931
13653,13934,13932
13654,13935,13936
13655,13937,13934
13656,13936,13937
13657,13938,13902
13658,13939,13940
13659,13941,13939
13660,13942,13939
13661,13943,13942
13662,13944,13882
13663,13945,13944
13664,13946,13944
13665,13947,13946
13666,13948,13947
13667,13949,13950
13668,13951,13952
13669,13953,13954
13670,13952,13953
13671,13950,13951
13672,13955,13956
13673,13957,13955
13674,13958,13959
13675,13960,13961
13676,13962,13960
13677,13963,13962
13678,13964,13963
13679,13965,13966
13680,13967,13965
13681,13968,13955
13682,13969,13968
13683,13970,13971
13684,13971,13841
13685,13972,13973
13686,13974,13679
13687,13973,13974
13688,13975,13972
13689,13976,13975
13690,13977,13976
13691,13978,13171
13692,13979,13978
13693,13980,13981
13694,13981,13685
13695,13982,13686
13696,13983,13984
13697,13985,13983
13698,13986,13987
13699,13988,13989
13700,13990,13988
13701,13991,13990
13702,13992,13991
13703,13993,13994
13704,13994,13992
13705,13995,13996
13706,13996,13983
13707,13997,13998
13708,13999,13997
13709,14000,13683
13710,14001,14002
13711,14002,14000
13712,14003,14004
13713,14005,14003
13714,14006,14005
13715,14007,14008
13716,14009,14010
13717,14011,14009
13718,14012,14013
13719,14014,14015
13720,14016,14017
13721,14018,14016
13722,14019,13668
13723,14020,14021
13724,14022,14023
13725,14024,14022
13726,14023,14020
13727,14021,14019
13728,14025,14026
13729,14027,14025
13730,14028,14027
13731,14029,14025
13732,14030,14029
13733,14031,14032
13734,14032,14027
13735,14033,14034
13736,14034,14035
13737,14036,13661
13738,14037,14036
13739,14038,14039
13740,14040,14038
13741,14041,14040
13742,14042,14038
13743,14043,14042
13744,14044,14043
13745,14045,14044
13746,14046,14045
13747,14047,14048
13748,14049,14050
13749,14051,13608
13750,14052,14051
13751,14053,14052
13752,14054,14053
13753,14055,13609
13754,14056,13168
13755,14057,14058
13756,14058,13612
13757,14059,13613
13758,14060,14059
13759,14061,14062
13760,14063,13619
13761,14064,14063
13762,14065,14064
13763,14066,14065
13764,14067,14068
13765,14069,14066
13766,14070,14067
13767,14068,14069
13768,14071,14065
13769,14072,14071
13770,14073,14066
13771,14074,14073
13772,14075,14074
13773,14076,14073
13774,14077,14076
13775,14078,14063
13776,14079,14080
13777,14081,14079
13778,14082,14081
13779,14083,14082
13780,14084,14083
13781,14085,13622
13782,14086,14085
13783,14087,14086
13784,14088,14087
13785,14089,14088
13786,14090,14089
13787,14091,14090
13788,14092,14091
13789,14093,14085
13790,14094,14093
13791,14095,14087
13792,14096,13623
13793,14097,14096
13794,14098,14096
13795,14099,13621
13796,14100,14101
13797,14102,14100
13798,14103,14102
13799,14104,14103
13800,14105,14106
13801,14107,14105
13802,14108,14107
13803,14109,14108
13804,14110,14111
13805,14112,14100
13806,14113,14114
13807,14115,14113
13808,14116,14115
13809,14117,14116
13810,14118,14117
13811,13129,14118
13812,14119,13129
13813,14120,14119
13814,14121,14120
13815,14122,14121
13816,14123,14122
13817,14124,14125
13818,14126,14117
13819,14125,14126
13820,14127,14128
13821,14129,14124
13822,14128,14129
13823,14130,14131
13824,14132,14133
13825,14134,14132
13826,14135,14132
13827,14136,14124
13828,14137,14136
13829,14138,14137
13830,14139,14119
13831,14140,14141
13832,14142,14140
13833,14143,14142
13834,14144,14140
13835,14145,14146
13836,14147,14122
13837,14148,14149
13838,14149,14147
13839,14150,14151
13840,14152,14150
13841,14153,14150
13842,14154,14153
13843,13141,14154
13844,14155,13143
13845,14156,14153
13846,14157,14154
13847,14158,14157
13848,14159,14158
13849,14160,14159
13850,14161,14160
13851,13145,14161
13852,14162,14158
13853,14163,14160
13854,14164,14163
13855,14165,14164
13856,14166,14165
13857,14167,14165
13858,14168,14167
13859,14169,14167
13860,14170,14161
13861,14171,14172
13862,14172,14170
13863,14173,13149
13864,14174,14173
13865,14175,14173
13866,14176,13148
13867,14177,13146
13868,14178,14159
13869,14179,14178
13870,14180,14179
13871,14181,14182
13872,14182,14183
13873,14183,14180
13874,14184,14181
13875,14185,14184
13876,14186,14181
13877,14187,14186
13878,14188,14179
13879,14189,14178
13880,14190,14157
13881,14191,14190
13882,14192,14190
13883,13099,13142
13884,13151,13099
13885,14193,13173
13886,14194,14195
13887,14196,14193
13888,14195,14197
13889,14197,14196
13890,14198,14194
13891,14199,14198
13892,14200,13153
13893,14201,14194
13894,14202,14201
13895,14203,14201
13896,14204,14193
13897,13091,14204
13898,14205,13158
13899,14206,14207
13900,14208,14206
13901,14207,14205
13902,14209,14210
13903,14211,14209
13904,14212,14118
13905,14210,14212
13906,14213,14116
13907,14214,14213
13908,14215,14216
13909,14217,14115
13910,14216,14217
13911,14218,14215
13912,14219,14220
13913,14220,14113
13914,14221,13618
13915,14222,14221
13916,14223,14222
13917,14224,14223
13918,14225,14224
13919,14226,14225
13920,14227,14226
13921,14228,14227
13922,14229,14228
13923,14230,14226
13924,14231,14221
13925,14232,14233
13926,14233,13616
13927,14234,14232
13928,14235,14236
13929,14237,14235
13930,14238,13614
13931,14239,14238
13932,14240,14241
13933,14242,13163
13934,14241,14242
13935,14243,14240
13936,14244,14240
13937,14245,14246
13938,14247,14244
13939,14246,14247
13940,14248,13606
13941,14249,14248
13942,14250,14249
13943,14251,14252
13944,14252,14253
13945,14253,13602
13946,14254,14255
13947,14255,14251
13948,14256,14257
13949,14257,14251
13950,14258,14259
13951,14259,14256
13952,14260,14256
13953,14261,14260
13954,14262,14263
13955,14264,14262
13956,14263,13044
13957,14265,13047
13958,14266,14265
13959,14267,14268
13960,14269,14267
13961,14270,14269
13962,14271,14269
13963,14272,14271
13964,14273,14272
13965,14274,14267
13966,14275,14274
13967,14276,13052
13968,14277,14278
13969,14279,14277
13970,14278,14276
13971,14280,13055
13972,14281,14280
13973,14282,13056
13974,14283,14282
13975,14284,14282
13976,14285,14284
13977,14286,13059
13978,14287,13060
13979,14288,13064
13980,14289,14288
13981,14290,14291
13982,14291,14292
13983,14293,13061
13984,14294,14293
13985,14292,14294
13986,14295,13057
13987,14296,13054
13988,14297,13046
13989,14298,14297
13990,14299,14298
13991,14300,14297
13992,14301,14300
13993,14302,14298
13994,14303,14304
13995,14304,14302
13996,14305,14303
13997,14306,13628
13998,14307,14308
13999,14308,14306
14000,14309,14310
14001,14310,13627
14002,14311,14309
14003,14312,14311
14004,14313,14311
14005,14314,14313
14006,14315,14313
14007,14316,14315
14008,14317,13626
14009,14318,13646
14010,14319,14318
14011,14320,14319
14012,14321,14320
14013,14322,14321
14014,14323,14318
14015,14324,14319
14016,14325,13648
14017,14326,14325
14018,14327,14328
14019,14329,14325
14020,14330,14327
14021,14328,14329
14022,14331,13647
14023,14332,13645
14024,14333,14332
14025,14334,14332
14026,14335,13086
14027,14336,14092
14028,13696,13159
14029,13167,14337
14030,14337,13611
14031,13161,13175
14032,14338,13162
14033,14339,13157
14034,14340,14341
14035,14341,14339
14036,14342,14340
14037,13694,14152
14038,14343,14344
14039,14345,14123
14040,14344,14098
14041,14346,14347
14042,13692,14012
14043,14348,14123
14044,13619,14349
14045,14350,13075
14046,14351,14350
14047,14349,13616
14048,13077,14352
14049,14352,14351
14050,13778,14353
14051,14353,13082
14052,13172,14354
14053,14355,13692
14054,14356,14357
14055,14358,14098
14056,14357,14358
14057,14359,13696
14058,14360,13778
14059,14361,14360
14060,14035,13664
14061,14362,14035
14062,14062,14363
14063,14363,14364
14064,14364,14349
14065,13622,14347
14066,14365,14348
14067,14366,14348
14068,13176,13154
14069,14367,14368
14070,14369,13651
14071,14370,14371
14072,14368,14370
14073,14371,14369
14074,14372,13695
14075,14373,14359
14076,14374,13697
14077,13607,14375
14078,14050,14375
14079,14375,14376
14080,14048,14376
14081,14376,13605
14082,13617,14377
14083,14236,14377
14084,14377,13615
14085,14347,14378
14086,14080,14378
14087,14378,13620
14088,13053,14379
14089,14268,14379
14090,14379,13051
14091,13662,14380
14092,14039,14380
14093,14380,13660
14094,13667,14381
14095,14381,14382
14096,13839,14382
14097,14382,13665
14098,13669,14383
14099,14026,14383
14100,14383,13666
14101,14017,14384
14102,13674,14384
14103,14384,13671
14104,14015,14385
14105,13678,14385
14106,14385,13676
14107,14386,14387
14108,13998,14387
14109,14387,13684
14110,14354,14386
14111,14388,13687
14112,13690,14388
14113,13984,14388
14114,13711,14389
14115,13706,14389
14116,13718,14390
14117,14389,14390
14118,14390,13704
14119,13715,14391
14120,13713,14391
14121,14391,13710
14122,13752,14392
14123,14392,14393
14124,14393,13750
14125,13756,14393
14126,13780,14394
14127,14394,14361
14128,13764,14394
14129,13766,14395
14130,13782,14395
14131,14395,14396
14132,13807,14396
14133,14396,13763
14134,13768,14397
14135,13790,14398
14136,14398,14397
14137,13788,14399
14138,13786,14399
14139,14397,14400
14140,14400,13765
14141,13803,14400
14142,13800,14401
14143,13774,14401
14144,14401,13771
14145,13954,14402
14146,13847,14402
14147,14402,13845
14148,13853,14403
14149,13867,14403
14150,14403,13851
14151,14404,13895
14152,13916,14404
14153,13900,14404
14154,14405,13899
14155,13940,14405
14156,13902,14405
14157,13904,14406
14158,13920,14406
14159,14406,13901
14160,14407,13917
14161,13930,14407
14162,13925,14407
14163,13959,14408
14164,14408,13949
14165,13956,14408
14166,13961,14409
14167,13966,14409
14168,14409,13958
14169,13987,14410
14170,13989,14410
14171,14410,13985
14172,14411,14001
14173,14013,14411
14174,14004,14411
14175,14008,14412
14176,14010,14412
14177,14412,14006
14178,14413,14099
14179,14114,14413
14180,14101,14413
14181,14414,14104
14182,14111,14414
14183,14106,14414
14184,14131,14415
14185,14133,14415
14186,14415,14127
14187,14146,14416
14188,14141,14416
14189,14416,14139
14190,13102,14417
14191,14417,14366
14192,14151,14417
14193,14418,14419
14194,14420,14418
14195,14419,13177
14196,14421,14420
14197,14422,14423
14198,14424,14425
14199,14423,14426
14200,14427,13181
14201,14426,14424
14202,14425,14427
14203,14428,13180
14204,14429,14430
14205,14431,14429
14206,14432,14429
14207,14433,14432
14208,14434,14432
14209,14435,14434
14210,14436,14435
14211,14437,14434
14212,14438,14437
14213,14439,14440
14214,14440,14441
14215,14442,14433
14216,14443,14442
14217,14444,14443
14218,14445,14444
14219,14446,14447
14220,14447,14445
14221,14448,14449
14222,14450,14448
14223,14451,14452
14224,14452,14453
14225,14454,14455
14226,14455,14451
14227,14456,14457
14228,14457,14458
14229,14459,14460
14230,14461,14459
14231,14462,14463
14232,14463,13179
14233,14464,14465
14234,14466,13184
14235,14467,14468
14236,14469,13189
14237,14470,14471
14238,14472,14470
14239,14473,14472
14240,14474,14475
14241,14476,14474
14242,14477,14476
14243,14478,14477
14244,14479,14478
14245,14480,14479
14246,14481,14482
14247,14483,14481
14248,14484,14483
14249,14485,14486
14250,14487,14485
14251,14488,14489
14252,14490,14488
14253,14491,14490
14254,14492,14491
14255,14493,14494
14256,14495,14492
14257,14494,14496
14258,14496,14497
14259,14497,14495
14260,14498,14493
14261,14499,14500
14262,14501,14502
14263,14502,14503
14264,14503,14498
14265,14500,14501
14266,14504,14499
14267,14505,14504
14268,14506,14507
14269,14507,14505
14270,14508,14509
14271,14510,14508
14272,14511,14510
14273,14512,14513
14274,14514,14512
14275,14513,14492
14276,14515,14514
14277,14516,14515
14278,14517,14516
14279,14518,14517
14280,14519,14520
14281,14521,14518
14282,14522,14519
14283,14520,14521
14284,14523,14522
14285,14524,14523
14286,14525,14526
14287,14527,14525
14288,14528,14527
14289,14529,14516
14290,14530,14531
14291,14532,14529
14292,14531,14533
14293,14533,14532
14294,14534,14529
14295,14535,14534
14296,14536,14535
14297,14537,14538
14298,14539,14536
14299,14538,14539
14300,14540,14474
14301,14541,14490
14302,14542,14541
14303,14543,14542
14304,14544,14543
14305,14545,14546
14306,14546,14547
14307,14547,14544
14308,14548,14549
14309,14549,14545
14310,14550,14548
14311,14551,14550
14312,14430,13182
14313,14552,14553
14314,14554,14430
14315,14553,14555
14316,14555,14554
14317,14556,14552
14318,14557,14556
14319,14558,14557
14320,14559,14558
14321,14560,14561
14322,14562,14563
14323,14561,14564
14324,14565,14560
14325,14563,14565
14326,14564,14559
14327,14566,14562
14328,14567,14568
14329,14568,14566
14330,14460,13179
14331,14569,14460
14332,14570,14569
14333,14571,14570
14334,14572,14573
14335,14574,14575
14336,14573,14576
14337,14575,14577
14338,14578,14574
14339,14577,14571
14340,14576,14578
14341,14579,14580
14342,14580,14581
14343,14582,14499
14344,14583,14582
14345,14584,14583
14346,14585,14586
14347,14587,14588
14348,14589,14541
14349,14590,14591
14350,14592,14593
14351,14591,14589
14352,14593,14590
14353,14594,14595
14354,14596,14597
14355,14598,14599
14356,14600,14598
14357,14601,14600
14358,14602,14601
14359,14603,14600
14360,14604,14603
14361,14605,14601
14362,14606,14605
14363,14607,14598
14364,14608,14583
14365,14609,14610
14366,14611,14609
14367,14612,14613
14368,14614,14609
14369,14615,14616
14370,14613,14615
14371,14617,14614
14372,14616,14617
14373,14618,14527
14374,14619,14525
14375,14620,14523
14376,14621,14622
14377,14622,14522
14378,14623,14536
14379,14624,14623
14380,14625,14626
14381,14626,14530
14382,14627,14628
14383,14628,14629
14384,14629,14491
14385,14630,14627
14386,14631,14488
14387,14632,14483
14388,14633,14632
14389,14634,14635
14390,14636,14633
14391,14635,14636
14392,14637,14481
14393,14638,14637
14394,14639,14638
14395,14640,14641
14396,14641,14642
14397,14642,14639
14398,14643,14644
14399,14644,14638
14400,14645,14637
14401,14646,14476
14402,14647,14477
14403,14648,14647
14404,14649,14478
14405,14650,14649
14406,14651,14649
14407,14652,14651
14408,13181,14462
14409,13184,13182
14410,14653,14654
14411,13186,14653
14412,14655,14656
14413,14657,14655
14414,14509,14657
14415,14468,14530
14416,14658,14545
14417,14465,14659
14418,14659,14660
14419,14660,14648
14420,14661,14433
14421,14449,14466
14422,14441,14661
14423,14595,14658
14424,14586,14587
14425,14588,14428
14426,14475,14662
14427,14482,14662
14428,14663,14664
14429,14662,14665
14430,14664,14666
14431,14667,14663
14432,13178,14665
14433,14665,14667
14434,14654,14668
14435,14453,14668
14436,14668,13183
14437,14471,14669
14438,14669,14469
14439,14458,14669
14440,14670,14484
14441,14581,14670
14442,14486,14670
14443,14610,14671
14444,14526,14671
14445,14671,14524
14446,14656,14672
14447,14672,14506
14448,14673,14672
14449,14674,14673
14450,14597,14674
14451,14599,14674
14452,14675,14676
14453,14677,14675
14454,14678,14677
14455,14679,14678
14456,14680,14679
14457,14681,14680
14458,14682,14681
14459,14683,14682
14460,14684,13229
14461,14685,14686
14462,14687,14685
14463,14688,14689
14464,14690,14688
14465,14689,14687
14466,14691,14690
14467,14692,14691
14468,14693,14692
14469,14694,14693
14470,14695,14694
14471,14696,14695
14472,14697,14696
14473,14698,14697
14474,14699,14698
14475,14700,14699
14476,14701,14700
14477,14702,14701
14478,14703,14702
14479,14704,14703
14480,14705,14704
14481,14706,14705
14482,14707,14706
14483,14708,14707
14484,14709,14708
14485,14710,14709
14486,14711,14710
14487,14712,14713
14488,14714,14711
14489,14713,14714
14490,14715,14716
14491,14716,14717
14492,14718,14712
14493,14717,14718
14494,14719,14715
14495,14720,14707
14496,14721,14720
14497,14722,14721
14498,14723,14722
14499,14724,14723
14500,14725,14726
14501,14727,14725
14502,14728,14727
14503,14729,14728
14504,14730,14729
14505,14731,14730
14506,14732,14731
14507,14733,14732
14508,14734,14728
14509,14735,14734
14510,14736,14735
14511,14737,14736
14512,14738,14737
14513,14739,14738
14514,14740,14739
14515,14741,14742
14516,14743,14741
14517,14744,14743
14518,14745,14746
14519,14747,14748
14520,14746,14747
14521,14749,14735
14522,14750,14749
14523,14751,14752
14524,14753,14751
14525,14752,14750
14526,14754,14755
14527,14755,14756
14528,14757,14749
14529,14756,14757
14530,14758,14754
14531,14759,14758
14532,14760,14759
14533,14761,14760
14534,14762,14699
14535,13212,14762
14536,14763,14750
14537,13210,14764
14538,14765,14706
14539,14766,14765
14540,14767,14768
14541,14769,14767
14542,14770,14771
14543,14771,14769
14544,14772,14773
14545,13247,14772
14546,14774,14704
14547,14775,14774
14548,14776,14775
14549,14777,14778
14550,14779,14780
14551,14780,14776
14552,14781,14777
14553,14778,14779
14554,14782,14781
14555,14783,14782
14556,14784,14783
14557,14785,14784
14558,14786,14785
14559,14787,14727
14560,14788,14725
14561,14789,14788
14562,14790,13222
14563,14791,13243
14564,14792,14791
14565,14793,14675
14566,14794,14678
14567,14795,14794
14568,14796,14681
14569,14797,14796
14570,14798,14797
14571,14799,14798
14572,14800,14799
14573,14801,14800
14574,14802,14801
14575,14803,14802
14576,14804,14805
14577,14805,14803
14578,14806,14804
14579,14807,14806
14580,14808,14807
14581,14809,14802
14582,14810,14807
14583,14811,14806
14584,14812,14811
14585,14813,14812
14586,14814,14815
14587,14815,14816
14588,14816,14813
14589,14817,14811
14590,14818,14803
14591,14819,14818
14592,14820,14819
14593,14821,14822
14594,14823,14820
14595,14824,14821
14596,14822,14823
14597,14825,14818
14598,14826,13228
14599,14827,14826
14600,14828,14827
14601,14829,14827
14602,14830,14829
14603,14831,14826
14604,13227,14797
14605,14832,14796
14606,14833,14684
14607,14834,14833
14608,14835,14836
14609,14836,14834
14610,14837,14838
14611,14838,14835
14612,14839,14837
14613,14840,14833
14614,14841,14842
14615,14843,14842
14616,14844,14845
14617,14845,14846
14618,14846,14843
14619,14847,14844
14620,14848,14837
14621,14849,14848
14622,14850,14851
14623,14852,14848
14624,14853,14852
14625,14854,14855
14626,14856,14857
14627,14855,14858
14628,14857,14854
14629,14859,14856
14630,14860,14685
14631,14861,14860
14632,14862,14861
14633,14863,14862
14634,14864,14863
14635,14865,14864
14636,14866,14865
14637,14867,14866
14638,14868,14867
14639,14869,14868
14640,14870,14869
14641,14871,14860
14642,14872,14871
14643,14873,14871
14644,14874,14873
14645,14875,14876
14646,14876,14877
14647,14877,14861
14648,14878,14864
14649,14879,14880
14650,14881,14878
14651,14882,14881
14652,14880,14882
14653,14883,14879
14654,14884,14885
14655,14886,14884
14656,14885,14878
14657,14887,14886
14658,14888,14887
14659,14889,14865
14660,14890,14889
14661,14891,14892
14662,14892,14866
14663,14893,14863
14664,14894,14862
14665,14895,14896
14666,14897,14898
14667,14899,14897
14668,14900,14690
14669,14901,14900
14670,14902,14901
14671,14903,14902
14672,14904,14903
14673,14905,14904
14674,14906,14907
14675,14907,14905
14676,14908,14903
14677,14909,14900
14678,14910,14698
14679,14911,14910
14680,14912,14911
14681,14913,14914
14682,14914,14915
14683,14916,14910
14684,14915,14916
14685,14917,14918
14686,14919,14917
14687,14920,14774
14688,14918,14920
14689,14921,14919
14690,14922,14923
14691,14923,14924
14692,14924,14781
14693,14925,14922
14694,14926,14765
14695,14927,14709
14696,14928,14927
14697,14929,14710
14698,14930,14929
14699,14931,14712
14700,14932,14931
14701,14933,14932
14702,14934,14933
14703,14935,14711
14704,14936,14937
14705,14937,14935
14706,14938,14708
14707,14939,14720
14708,14940,14939
14709,14941,14942
14710,14943,14941
14711,14944,14945
14712,14946,14944
14713,14947,14948
14714,14948,14949
14715,14945,14947
14716,14950,14939
14717,14951,14950
14718,14952,14951
14719,14953,14950
14720,14954,14953
14721,14955,14722
14722,14956,14955
14723,14957,14723
14724,14958,14957
14725,14959,14958
14726,14960,14957
14727,14961,14960
14728,13237,14961
14729,14962,14787
14730,14963,14962
14731,14964,14787
14732,14965,14964
14733,14966,14729
14734,14967,14966
14735,14968,14730
14736,14969,14736
14737,14970,14969
14738,14971,14737
14739,14972,14973
14740,14973,14974
14741,14974,14971
14742,14975,14739
14743,14976,14977
14744,14978,14979
14745,14979,14976
14746,14980,14981
14747,14982,14743
14748,14983,14982
14749,14984,14985
14750,14985,14986
14751,14987,14988
14752,14989,14987
14753,14988,14984
14754,14990,14741
14755,14986,14990
14756,14991,14992
14757,14993,14991
14758,14994,14993
14759,14995,14994
14760,14996,14995
14761,14997,14996
14762,14998,14997
14763,14999,14998
14764,15000,14995
14765,15001,15000
14766,15002,15000
14767,15003,15002
14768,15004,15002
14769,15005,15004
14770,15006,14996
14771,15007,15008
14772,15009,14993
14773,15010,15009
14774,15011,14991
14775,15012,15011
14776,15013,14738
14777,15014,15015
14778,15016,13210
14779,15017,15018
14780,15019,15017
14781,15020,15019
14782,15021,15017
14783,15022,15023
14784,15024,15025
14785,15026,15024
14786,15027,15028
14787,15029,15030
14788,15030,15027
14789,15031,14754
14790,15032,15031
14791,15033,14758
14792,15034,15033
14793,15035,15034
14794,15036,15037
14795,15037,15033
14796,15038,14760
14797,15039,15040
14798,15040,15041
14799,15042,15043
14800,15044,14759
14801,15045,15044
14802,15046,14734
14803,15047,15046
14804,15048,15047
14805,15049,15048
14806,15050,15049
14807,15051,14788
14808,15052,15051
14809,15053,15054
14810,15055,15053
14811,15056,14721
14812,15057,15056
14813,15058,15059
14814,15060,15061
14815,15061,15058
14816,15059,14705
14817,15062,14703
14818,15063,15062
14819,15064,15063
14820,15065,15066
14821,15067,15065
14822,15066,15068
14823,15068,15064
14824,15069,15067
14825,15070,15069
14826,15071,15070
14827,15072,15067
14828,15073,15062
14829,15074,15073
14830,15075,14702
14831,15076,15075
14832,15077,13212
14833,15078,15077
14834,15079,15080
14835,15081,15079
14836,15082,13247
14837,15083,15082
14838,15084,15085
14839,15086,14772
14840,15085,15087
14841,15088,15086
14842,15087,15088
14843,15089,15090
14844,15091,15089
14845,15090,14769
14846,15092,15093
14847,15094,15092
14848,15095,15094
14849,15096,15097
14850,15097,15098
14851,15098,15092
14852,15099,15096
14853,15100,15099
14854,15101,15100
14855,15102,15101
14856,15103,15094
14857,15104,14762
14858,15105,15104
14859,15106,14697
14860,15107,15106
14861,15108,14694
14862,15109,15108
14863,15110,15109
14864,15111,15112
14865,15112,15110
14866,15113,15108
14867,15114,15115
14868,15116,15113
14869,15115,15116
14870,15117,15114
14871,15118,15117
14872,15119,15113
14873,15120,15121
14874,15121,15119
14875,15122,15123
14876,15124,15122
14877,15123,15119
14878,15125,15124
14879,15126,15125
14880,15127,15128
14881,15128,15110
14882,15129,15109
14883,15130,15129
14884,15131,14691
14885,15132,15131
14886,15133,15132
14887,15134,15133
14888,15135,15136
14889,15136,15134
14890,15137,15135
14891,15138,15131
14892,15139,15138
14893,15140,15139
14894,15141,15140
14895,15142,15143
14896,15143,15141
14897,15144,15141
14898,15145,15144
14899,15146,15145
14900,15147,15146
14901,15148,15146
14902,15149,15140
14903,15150,15149
14904,15151,15150
14905,15152,15151
14906,15153,15154
14907,15155,15153
14908,15154,15152
14909,15156,15155
14910,15157,15149
14911,15158,15157
14912,15159,15152
14913,15160,15159
14914,15161,15133
14915,15162,15161
14916,15163,15164
14917,15164,15161
14918,13214,15165
14919,15166,13214
14920,15167,15166
14921,15165,15132
14922,15168,14687
14923,14686,13229
14924,15169,14682
14925,15170,14680
14926,15171,14679
14927,15172,14677
14928,15173,15174
14929,15175,15173
14930,15176,15172
14931,15174,15176
14932,15177,15172
14933,13194,15177
14934,15178,13194
14935,15179,15178
14936,15180,15177
14937,15181,15180
14938,15182,15180
14939,15183,15182
14940,15184,15183
14941,15185,15184
14942,15186,15187
14943,15188,15186
14944,15189,15187
14945,15190,15189
14946,15191,15190
14947,15192,15189
14948,15193,15183
14949,15194,15193
14950,13218,15194
14951,15195,13235
14952,15196,15195
14953,15197,15196
14954,15198,13218
14955,15199,15194
14956,15200,15199
14957,15201,15200
14958,15202,15201
14959,15203,15199
14960,15204,15205
14961,15206,15203
14962,15205,15206
14963,15207,15203
14964,13191,15200
14965,15208,13190
14966,15209,15208
14967,15210,13248
14968,13248,14683
14969,15054,15211
14970,14726,15211
14971,15211,14724
14972,14977,15212
14973,14742,15213
14974,15213,15212
14975,14992,15213
14976,15212,14740
14977,15214,14744
14978,14748,15214
14979,14981,15214
14980,15215,13211
14981,15093,15215
14982,14768,15215
14983,15216,15217
14984,15080,15216
14985,14773,15216
14986,15217,14770
14987,14858,15218
14988,14851,15218
14989,15218,14849
14990,14898,15219
14991,14896,15219
14992,15219,14894
14993,14949,15220
14994,14942,15220
14995,15220,14940
14996,15221,14753
14997,15023,15221
14998,15018,15221
14999,15028,15222
15000,15025,15222
15001,15222,15022
15002,15223,15038
15003,15043,15223
15004,15041,15223
15005,14764,15224
15006,15015,15225
15007,15224,15226
15008,15225,15226
15009,15226,14763
15010,15008,15227
15011,15227,15006
15012,13216,15227
15013,15228,15229
15014,14842,15228
15015,15230,15231
15016,15229,14834
15017,15231,15229
15018,15232,15210
15019,15233,15234
15020,15234,15210
15021,13239,14994
15022,13242,15230
15023,13225,15230
15024,15187,15235
15025,15236,15235
15026,15235,15184
15027,135,25
15028,1752,1750
15029,2981,2211
15030,2355,2353
15031,2458,2455
15032,1149,1147
15033,5942,5940
15034,6088,6086
15035,7459,7457
15036,7853,7851
15037,8435,8433
15038,10707,10708
15039,12474,12472
15040,13574,13572
15041,14399,14398
15042,15237,15238
15043,15239,15237
15044,15240,15239
15045,15241,15240
15046,15242,15241
15047,15243,15242
15048,15244,15243
15049,15245,15244
15050,15246,15245
15051,15247,15246
15052,15248,15247
15053,15249,15248
15054,15250,15249
15055,15251,15250
15056,15252,15251
15057,15253,15252
15058,15254,15253
15059,15255,15254
15060,15256,15255
15061,15257,15256
15062,15258,15257
15063,15259,15258
15064,15260,15259
15065,15261,15260
15066,15262,15261
15067,15263,15253
15068,15264,15263
15069,15265,15264
15070,15266,15265
15071,15267,15266
15072,15268,15267
15073,15269,15268
15074,15270,15269
15075,15271,15270
15076,15272,15271
15077,15273,15272
15078,15274,15273
15079,15275,15274
15080,15276,15271
15081,15277,15276
15082,15278,15277
15083,15279,15278
15084,15280,15279
15085,15281,15280
15086,15282,15281
15087,15283,15282
15088,15284,15283
15089,15285,15284
15090,15286,15285
15091,15287,15288
15092,15289,15287
15093,15290,15289
15094,15291,15290
15095,15292,15293
15096,15293,15291
15097,15294,15278
15098,15295,15294
15099,15296,15295
15100,15297,15296
15101,15298,15245
15102,15299,15298
15103,15300,15299
15104,15301,15300
15105,15302,15301
15106,15303,15302
15107,15304,15305
15108,15306,15304
15109,15307,15306
15110,15308,15307
15111,15309,15310
15112,15311,15308
15113,15310,15311
15114,15312,15309
15115,15313,15312
15116,15314,15313
15117,15315,15305
15118,15316,15315
15119,15305,15303
15120,15317,15316
15121,15318,15303
15122,15319,15318
15123,15320,15299
15124,15321,15322
15125,15322,15320
15126,15323,15242
15127,15324,15325
15128,15325,15323
15129,15326,15324
15130,15327,15326
15131,15328,15324
15132,15329,15328
15133,15330,15329
15134,15331,15332
15135,15333,15331
15136,15334,15333
15137,15335,15334
15138,15336,15335
15139,15337,15336
15140,15338,15337
15141,15339,15338
15142,15340,15339
15143,15341,15340
15144,15342,15341
15145,15343,15342
15146,15344,15343
15147,15345,15340
15148,15346,15345
15149,15347,15346
15150,15348,15347
15151,15349,15348
15152,15350,15349
15153,15351,15339
15154,15352,15351
15155,15353,15352
15156,15354,15353
15157,15355,15354
15158,15356,15355
15159,15357,15356
15160,15358,15357
15161,15359,15355
15162,15360,15361
15163,15362,15359
15164,15361,15363
15165,15363,15362
15166,15364,15360
15167,15365,15359
15168,15366,15337
15169,15367,15366
15170,15368,15335
15171,15369,15368
15172,15370,15369
15173,15371,15281
15174,15372,15371
15175,15373,15269
15176,15374,15373
15177,15375,15374
15178,15376,15272
15179,15377,15277
15180,15378,15377
15181,15379,15378
15182,15380,15379
15183,15381,15279
15184,15382,15248
15185,15383,15328
15186,15384,15323
15187,15385,15254
15188,15386,15385
15189,15387,15386
15190,15388,15389
15191,15389,15237
15192,15390,15388
15193,15391,15390
15194,15392,15391
15195,15393,15333
15196,15394,15368
15197,15395,15336
15198,15396,15268
15199,15397,15398
15200,15398,15356
15201,15399,15400
15202,15401,15316
15203,15400,15401
15204,15402,15399
15205,15403,15341
15206,15404,15403
15207,15405,15306
15208,15406,15354
15209,15407,15406
15210,15408,15409
15211,15410,15302
15212,15409,15410
15213,15411,15408
15214,15412,15411
15215,15413,15412
15216,15414,15296
15217,15415,15352
15218,15416,15334
15219,15417,15338
15220,15418,15345
15221,15419,15420
15222,15421,15347
15223,15422,15421
15224,15420,15422
15225,15423,15346
15226,15424,15423
15227,15425,15351
15228,15426,15406
15229,15427,15426
15230,15428,15429
15231,15429,15430
15232,15430,15360
15233,15431,15353
15234,15432,15431
15235,15433,15366
15236,15434,15369
15237,15435,15331
15238,15436,15437
15239,15437,15239
15240,15438,15439
15241,15439,15440
15242,15440,15240
15243,15441,15243
15244,15442,15249
15245,15443,15250
15246,15444,15385
15247,15445,15444
15248,15446,15257
15249,15447,15258
15250,15448,15447
15251,15449,15261
15252,15450,15260
15253,15451,15450
15254,15452,15450
15255,15453,15452
15256,15454,15452
15257,15455,15259
15258,15456,15256
15259,15457,15255
15260,15458,15266
15261,15459,15373
15262,15460,15374
15263,15461,15273
15264,15462,15461
15265,15463,15462
15266,15464,15462
15267,15465,15461
15268,15466,15274
15269,15467,15276
15270,15468,15467
15271,15469,15280
15272,15470,15469
15273,15471,15283
15274,15472,15471
15275,15473,15474
15276,15475,15473
15277,15476,15477
15278,15477,15478
15279,15479,15282
15280,15480,15479
15281,15481,15480
15282,15482,15483
15283,15483,15479
15284,15484,15295
15285,15485,15484
15286,15486,15294
15287,15487,15486
15288,15488,15486
15289,15489,15270
15290,15490,15489
15291,15491,15267
15292,15492,15265
15293,15493,15264
15294,15494,15251
15295,15495,15301
15296,15496,15497
15297,15498,15495
15298,15497,15498
15299,15499,15307
15300,15500,15304
15301,15501,15315
15302,15502,15501
15303,15503,15502
15304,15504,15502
15305,15505,15501
15306,15506,15318
15307,15507,15412
15308,15508,15300
15309,15509,15320
15310,15510,15326
15311,15511,15391
15312,15512,15317
15313,15513,15286
15314,15478,15513
15315,15514,15513
15316,15474,15514
15317,15288,15514
15318,15515,15516
15319,15517,15515
15320,15518,15517
15321,15519,15518
15322,15520,15519
15323,15521,15520
15324,15522,15521
15325,15523,15522
15326,15524,15523
15327,15525,15524
15328,15526,15525
15329,15527,15526
15330,15528,15527
15331,15529,15528
15332,15530,15529
15333,15531,15532
15334,15532,15533
15335,15534,15531
15336,15535,15534
15337,15536,15535
15338,15537,15536
15339,15538,15537
15340,15539,15538
15341,15540,15539
15342,15541,15540
15343,15542,15541
15344,15543,15542
15345,15544,15543
15346,15545,15544
15347,15546,15545
15348,15547,15546
15349,15548,15547
15350,15549,15548
15351,15550,15549
15352,15551,15550
15353,15552,15551
15354,15553,15552
15355,15554,15553
15356,15555,15536
15357,15556,15555
15358,15557,15556
15359,15558,15557
15360,15559,15558
15361,15560,15559
15362,15561,15560
15363,15562,15561
15364,15563,15562
15365,15564,15531
15366,15565,15564
15367,15566,15565
15368,15567,15566
15369,15568,15567
15370,15569,15568
15371,15570,15569
15372,15571,15570
15373,15572,15571
15374,15573,15568
15375,15574,15573
15376,15575,15574
15377,15576,15575
15378,15577,15576
15379,15578,15579
15380,15580,15577
15381,15579,15580
15382,15581,15578
15383,15582,15573
15384,15583,15582
15385,15584,15583
15386,15585,15584
15387,15586,15585
15388,15587,15586
15389,15588,15589
15390,15589,15587
15391,15590,15588
15392,15591,15592
15393,15592,15590
15394,15593,15591
15395,15594,15593
15396,15595,15594
15397,15596,15595
15398,15597,15596
15399,15598,15597
15400,15599,15598
15401,15600,15599
15402,15601,15600
15403,15602,15601
15404,15603,15602
15405,15604,15603
15406,15605,15604
15407,15606,15607
15408,15607,15599
15409,15608,15606
15410,15609,15608
15411,15610,15609
15412,15611,15610
15413,15612,15611
15414,15613,15609
15415,15614,15613
15416,15615,15614
15417,15616,15615
15418,15617,15591
15419,15618,15617
15420,15619,15618
15421,15620,15619
15422,15621,15620
15423,15622,15621
15424,15623,15565
15425,15624,15623
15426,15625,15624
15427,15626,15625
15428,15627,15626
15429,15628,15627
15430,15629,15630
15431,15630,15628
15432,15631,15632
15433,15633,15631
15434,15634,15519
15435,15635,15634
15436,15636,15635
15437,15637,15636
15438,15638,15639
15439,15639,15611
15440,15640,15577
15441,15641,15585
15442,15642,15641
15443,15643,15596
15444,15644,15643
15445,15645,15644
15446,15646,15556
15447,15647,15646
15448,15648,15518
15449,15649,15648
15450,15650,15569
15451,15651,15650
15452,15652,15653
15453,15654,15651
15454,15655,15654
15455,15656,15655
15456,15653,15656
15457,15657,15601
15458,15658,15659
15459,15660,15538
15460,15661,15660
15461,15659,15661
15462,15662,15542
15463,15663,15543
15464,15664,15663
15465,15665,15547
15466,15666,15665
15467,15667,15549
15468,15668,15669
15469,15669,15667
15470,15670,15668
15471,15671,15551
15472,15672,15671
15473,15673,15552
15474,15674,15673
15475,15675,15553
15476,15676,15675
15477,15677,15675
15478,15678,15550
15479,15679,15548
15480,15680,15679
15481,15681,15546
15482,15682,15545
15483,15683,15682
15484,15684,15544
15485,15685,15541
15486,15686,15540
15487,15687,15686
15488,15688,15687
15489,15689,15539
15490,15690,15537
15491,15691,15690
15492,15692,15691
15493,15693,15690
15494,15694,15693
15495,15695,15694
15496,15696,15646
15497,15697,15696
15498,15698,15558
15499,15699,15560
15500,15700,15701
15501,15702,15561
15502,15701,15702
15503,15703,15562
15504,15704,15559
15505,15705,15555
15506,15706,15705
15507,15707,15535
15508,15708,15707
15509,15709,15708
15510,15710,15707
15511,15711,15708
15512,15712,15711
15513,15713,15534
15514,15714,15713
15515,15715,15714
15516,15716,15715
15517,15717,15715
15518,15718,15717
15519,15719,15720
15520,15721,15722
15521,15723,15718
15522,15724,15725
15523,15725,15719
15524,15720,15721
15525,15722,15723
15526,15726,15724
15527,15727,15728
15528,15729,15717
15529,15728,15730
15530,15730,15729
15531,15731,15727
15532,15732,15718
15533,15733,15714
15534,15734,15733
15535,15735,15734
15536,15736,15735
15537,15737,15735
15538,15738,15713
15539,15739,15738
15540,15740,15564
15541,15741,15742
15542,15743,15740
15543,15742,15743
15544,15744,15741
15545,15745,15741
15546,15746,15747
15547,15747,15745
15548,15748,15651
15549,15749,15748
15550,15750,15749
15551,15751,15748
15552,15752,15650
15553,15753,15754
15554,15754,15571
15555,15755,15570
15556,15756,15578
15557,15757,15576
15558,15758,15757
15559,15759,15575
15560,15760,15759
15561,15761,15574
15562,15762,15583
15563,15763,15762
15564,15764,15762
15565,15765,15764
15566,15766,15643
15567,15767,15766
15568,15768,15644
15569,15769,15768
15570,15770,15771
15571,15772,15773
15572,15774,15603
15573,15771,15774
15574,15775,15770
15575,15773,15775
15576,15776,15604
15577,15777,15600
15578,15778,15777
15579,15779,15610
15580,15780,15779
15581,15781,15780
15582,15782,15779
15583,15783,15782
15584,15784,15785
15585,15785,15780
15586,15786,15613
15587,15787,15786
15588,15788,15787
15589,15789,15608
15590,15790,15789
15591,15791,15790
15592,15792,15791
15593,15793,15792
15594,15794,15789
15595,15795,15794
15596,15796,15606
15597,15797,15796
15598,15798,15593
15599,15799,15619
15600,15800,15586
15601,15801,15800
15602,15802,15584
15603,15803,15802
15604,15804,15803
15605,15805,15582
15606,15806,15631
15607,15807,15806
15608,15808,15809
15609,15810,15811
15610,15812,15810
15611,15813,15627
15612,15811,15813
15613,15814,15648
15614,15815,15814
15615,15816,15817
15616,15818,15634
15617,15817,15818
15618,15819,15816
15619,15820,15819
15620,15821,15816
15621,15822,15637
15622,15823,15822
15623,15824,15822
15624,15825,15824
15625,15826,15637
15626,15827,15826
15627,15828,15826
15628,15829,15828
15629,15830,15635
15630,15831,15830
15631,15832,15525
15632,15833,15528
15633,15834,15833
15634,15835,15529
15635,15836,15524
15636,15837,15521
15637,15838,15520
15638,15839,15838
15639,15840,15517
15640,15841,15840
15641,15842,15841
15642,15843,15842
15643,15844,15843
15644,15845,15844
15645,15846,15845
15646,15847,15515
15647,15848,15849
15648,15849,15850
15649,15850,15851
15650,15852,15849
15651,15853,15852
15652,15854,15853
15653,15855,15854
15654,15856,15852
15655,15857,15856
15656,15858,15853
15657,15859,15860
15658,15860,15861
15659,15861,15854
15660,15862,15863
15661,15863,15864
15662,15864,15814
15663,15865,15863
15664,15866,15629
15665,15632,15866
15666,15809,15866
15667,15851,15557
