"pointid","xcoord","ycoord"
1,2009331.97370995,2484770.53975959
2,2009318.68780158,2486114.04750543
3,2009239.42045168,2483914.40622059
4,2009950.95959964,2483268.18901375
5,2009989.77472408,2481163.977389
6,2012770.86917498,2487311.3161592
7,2014424.54271609,2485186.72602161
8,2015047.20330811,2484704.28161788
9,2015273.96675087,2484127.85475498
10,2014495.66916087,2481783.78167921
11,2016175.40631839,2483350.33526547
12,2016272.60077958,2481010.44449234
13,2016528.64994079,2480828.32167768
14,2014335.80096022,2479427.15319554
15,2015815.14619158,2480873.316306
16,2016601.8886869,2485524.96813456
17,2017642.30924192,2482871.49696401
18,2016558.10005933,2483541.31768571
19,2017505.71775592,2482892.74827739
20,2018470.88816357,2481560.72063878
21,2018512.50288977,2481619.62187586
22,2019490.11030524,2481917.45926337
23,2016651.04291784,2480811.19396689
24,2016918.59688628,2480857.16599584
25,2021072.98810178,2480501.96747221
26,2021819.0872715,2480443.1778352
27,2021015.08506533,2476338.9751513
28,2021197.68488029,2477259.2744307
29,2018878.68842031,2475493.21391883
30,2020464.32371858,2474352.81210087
31,2020351.21534737,2478965.0401046
32,2020372.78386095,2478953.65559744
33,2019489.5681049,2477837.09009448
34,2020515.37355072,2478962.50470301
35,2018293.43315184,2478939.91848879
36,2019739.22986208,2479911.05340019
37,2019815.38141003,2480138.50084338
38,2019646.0158034,2480632.23775423
39,2019605.37677781,2480530.49969018
40,2019286.50807706,2481167.50339122
41,2020588.30269663,2483192.72226624
42,2020019.01733823,2483120.65572087
43,2020126.49230589,2482104.78828131
44,2020095.3763863,2481776.50077463
45,2021888.19861501,2483639.90224777
46,2021470.48055203,2484535.23681145
47,2021329.42326323,2485703.94894724
48,2021236.68520484,2485766.17648642
49,2021010.39046237,2485906.06817449
50,2019179.8381099,2485939.81539574
51,2001988.96038698,2484444.42215428
52,2004864.23299718,2484566.10163089
53,1996404.97847145,2481549.30653159
54,1995499.94460167,2481803.91239188
55,1993544.59317063,2480396.54010584
56,1993824.5816469,2479371.44026046
57,1991390.77151464,2477544.79271045
58,1991014.46097772,2477319.60416868
59,1990555.30578865,2476379.29447669
60,1989426.29987786,2476708.63858403
61,1983814.32064471,2477839.10119574
62,1986684.46445167,2476996.81376546
63,1996603.22769626,2483678.34917198
64,1994120.3392331,2482560.68166833
65,1993596.88710355,2483274.52591774
66,1993595.86780291,2483327.12735086
67,1993553.21567606,2483564.27370016
68,1989532.57934477,2479979.39714322
69,1989090.45376642,2481608.84656907
70,1989041.06223532,2481939.36787716
71,1989041.9777359,2482706.51276014
72,1990277.886514,2484162.07127652
73,1988495.88159209,2483133.89972921
74,1988104.90834595,2484393.86742245
75,1988555.00332931,2483701.71438669
76,1987589.92452173,2484422.41384042
77,1987440.65492775,2484530.48070846
78,1987158.70155024,2484840.95270392
79,1984246.49411679,2482919.42819418
80,1983723.51038753,2483769.05292908
81,1983709.52307873,2483466.78543879
82,1982997.19833026,2485011.30591117
83,1984003.61176388,2481984.90600583
84,1984191.62988225,2482536.06325283
85,1986950.60571923,2482986.57243646
86,1987493.24966086,2481392.0768326
87,1987109.61621933,2481476.93098602
88,1987295.7161365,2481397.26843587
89,1985453.69617681,2480191.86657698
90,1985991.63421549,2479960.64273141
91,1988983.11829884,2481580.05605095
92,1988798.70848274,2481009.64529183
93,1983099.07869441,2480606.33943792
94,1984421.87782721,2479302.83381727
95,1984620.03915196,2479294.57941207
96,1984611.69584671,2479288.79580843
97,1988159.39938025,2478751.68837028
98,1988500.55949504,2477957.25177013
99,1986436.19859537,2476372.20387222
100,1986311.39091679,2475735.75957153
101,1985635.74859143,2474397.72672914
102,1984305.42895389,2476410.20959615
103,1985750.2198635,2475907.86317989
104,1985869.95973888,2473445.03462935
105,1991097.45052997,2475244.62616233
106,1991534.86660536,2474510.30260002
107,1994908.21492913,2477913.82344279
108,1998155.19407334,2479516.57705184
109,2007908.52831378,2483127.66162528
110,2006250.30416981,2482805.33022235
111,2006465.40080523,2482233.70316247
112,2006860.08625371,2481086.12783998
113,2006199.32943772,2480086.54721067
114,2004643.43835817,2482823.01413348
115,2005351.15250373,2482758.09409261
116,2005685.24371406,2482215.46355098
117,2005599.8463603,2482057.34815144
118,2008953.56857171,2481134.65987054
119,2009019.56611326,2481943.91108002
120,2010742.50849798,2481505.54620404
121,2021754.38183077,2477261.4968321
122,2012625.60998353,2480398.50440708
123,2016066.07214956,2485880.07745813
124,2012292.54737385,2478913.39937209
125,2009241.29395286,2479696.0036648
126,2018413.53252746,2481492.25189567
127,2018341.09638185,2481440.87246332
128,2018307.85706093,2481418.64514933
129,2017081.84408906,2480988.73577867
130,1989736.04827287,2484952.69487427
131,1989378.77494794,2485163.66350709
132,2017008.89724313,2479354.39514973
133,2019339.4691104,2480575.69381863
134,2019970.10110743,2480134.0736406
135,2021047.38088566,2480502.50087255
136,2020694.55206353,2479476.30122648
137,2020690.38986091,2479697.49886574
138,1992605.20997922,2474263.03034434
139,1987160.8676516,2476526.91026962
140,1986897.1898856,2477090.89112469
141,2016336.69821994,2481604.79786653
142,2015870.78872661,2474744.85184768
143,2018486.5071734,2482933.34770295
144,2017126.47241716,2477480.44866994
145,2017276.13111138,2477671.85899045
146,2015757.69725541,2476524.78256828
147,2018313.85926471,2477685.51879905
148,2019510.45161805,2478832.69702129
149,2020270.21619638,2479613.33281275
150,2017931.88342422,2477685.30269892
151,2020837.37185344,2480981.83897433
152,1991817.74178345,2484573.55053557
153,1990604.87791986,2484249.46573154
154,1990421.86270464,2484200.54010074
155,1983899.19369814,2483046.72507432
156,1983864.72627644,2482871.13706378
157,1982956.66020475,2484276.64494865
158,1983288.59681372,2483191.46296545
159,1983246.04158693,2483095.64440512
160,1983588.33380243,2482789.98861269
161,1981885.29283024,2485509.34652473
162,1983254.62879234,2482227.66125866
163,1983276.21340593,2482292.75369965
164,1983602.85371157,2482764.77779682
165,2016353.33563041,2483465.14243775
166,1983835.37045796,2482882.50657094
167,1983639.37343456,2482784.49490923
168,1933023.80966834,2454747.66725798
169,1932844.11685521,2457157.46577513
170,1932494.76543526,2452736.89279205
171,1932578.78658816,2452262.65219348
172,1932658.60013841,2450739.75163471
173,1932027.79394127,2449884.60949633
174,1931633.54309306,2449856.08857838
175,1930602.09684369,2447669.86350198
176,1934824.92340227,2446855.94718957
177,1932418.45978722,2447716.78263152
178,1935116.758086,2446475.20004986
179,1936536.65457993,2445094.23038043
180,1940280.7314371,2445620.06381148
182,1929519.39266205,2455998.46654546
183,1928539.73354528,2457801.95438088
184,1928646.13761227,2456990.59297007
185,1928594.41197971,2457842.53890643
186,1928621.55859679,2457878.61672915
187,1928652.43481623,2457910.38044914
188,1928670.3262275,2457951.96957533
189,1928688.23743878,2458043.69633308
190,1927507.14799519,2459662.86825247
191,1927354.71799923,2459347.00945361
192,1927604.77175665,2459284.5669143
193,1925224.38525802,2459594.35020933
194,1926520.08667376,2459491.56824462
195,1922356.99115279,2459208.41106635
196,1920924.87885117,2461012.10870191
197,1922208.15665909,2459809.55484482
198,1927330.72378412,2449947.47323591
199,1928265.17697243,2448061.96464884
200,1928853.71414296,2447535.27851725
201,1931628.33928978,2443693.14119835
202,1931464.58388669,2443827.81178313
203,1931592.59656728,2443831.64728555
204,1931538.46823321,2443854.67120004
205,1925479.85941887,2444961.24799671
206,1926793.24454574,2444493.95100251
207,1924952.23788669,2444965.6693995
208,1924449.31067006,2445503.79003828
209,1928763.67968627,2445244.5880751
210,1928909.77567825,2445213.50515553
211,1930699.61430508,2441730.42946267
212,1930609.41174829,2441746.85367301
213,1930371.27309837,2441933.65529062
214,1929986.70505625,2443016.36657227
215,1926953.40574657,2449447.30632102
216,1926987.23346787,2449711.73208749
217,1927054.76541038,2449834.50986479
218,1924136.90107337,2450886.96092739
219,1924780.32907846,2451436.93387363
220,1921775.83958691,2450906.18793949
221,1923865.54480254,2450806.81517693
222,1926366.49557707,2445771.46860681
223,1925923.96799846,2446111.30582076
224,1918495.24712154,2464224.5802244
225,1919602.4442186,2463261.65051816
226,1920461.88415968,2465846.92074578
227,1920668.80828995,2465741.41757936
228,1922030.81124743,2463794.69155375
229,1921710.74914593,2464026.30859957
230,1922276.84820233,2463760.24143206
231,1921429.10436862,2462013.96633266
232,1926388.08869066,2459945.41173035
233,1926493.453357,2459524.28146521
234,1924974.53960073,2462053.05485726
235,1925456.92610443,2461259.37025758
236,1926030.08416527,2460386.13100781
237,1926220.02338485,2460885.59302226
238,1926069.13498986,2460406.67792075
239,1926271.72851741,2461995.459921
240,1925762.72879695,2462394.81357243
241,1925521.8482453,2462541.31486466
242,1931129.23477556,2450482.4303727
243,1930054.53039896,2449791.67063782
244,1929599.03091219,2450848.13570294
245,1929106.20380192,2453732.83471907
246,1939117.03440447,2447782.77067307
247,1933053.64528712,2450182.65678397
248,1937565.11102742,2448195.35273282
249,1934870.95493125,2451330.04180634
250,1935395.76366166,2451408.24875557
251,1935035.70553497,2451388.64774323
252,1937211.09620454,2452784.60382209
253,1937484.97787697,2450222.26080891
254,1918892.04567135,2461091.81205209
255,1919503.37665623,2459327.75804149
256,1929346.80195339,2447340.05919435
257,1928932.44709252,2445074.30336789
258,1931573.45295523,2443905.83073225
259,1931767.42927735,2444751.33786456
260,1932709.18417026,2446953.83335119
261,1931380.70773388,2444652.71540247
262,1931064.38503474,2444534.67872816
263,1930735.61242775,2443886.10251983
264,1925109.68688582,2453841.53588751
265,1925049.61514799,2453792.46805662
266,1925134.50170144,2453876.88600976
267,1926528.12067882,2459523.01566442
268,1920752.87184288,2465630.75180969
269,1920600.83884716,2465354.04993548
270,1921354.87162188,2464370.75141642
271,1930559.26361672,2444053.3050251
272,1924968.16729672,2455650.40382632
273,1924980.52110449,2455650.62462646
274,1923549.09270331,2455491.65532638
275,1924137.5752738,2452961.30153334
276,1924308.77888158,2452868.91927517
277,1923278.40403289,2453041.21368365
278,1923547.4965023,2454325.36489211
279,1924990.44351074,2453829.4489799
280,1925001.56901775,2453350.65167846
281,1926394.24979454,2452620.5336188
282,1925275.55289024,2451590.94057059
283,1926798.418849,2452416.10419009
284,1927338.22338884,2454046.57261659
285,1926763.93092728,2455478.22581792
286,1923421.07782271,2457316.38667518
287,1927036.05949861,2457068.70791925
288,1927521.76170439,2456832.9069708
289,1926935.87293553,2456367.01677748
290,1928359.03973152,2456646.47875343
291,1927001.55027688,2455301.69510679
292,1925069.26546036,2451197.5123229
293,1925466.66231056,2449589.01751023
294,1928926.853589,2456680.83107505
295,1935112.90598358,2443280.05353828
296,1933972.57946566,2444443.78577093
297,1936599.60151956,2443420.77392687
298,1922394.0219761,2448750.6222824
299,1925137.42530328,2445909.83319392
300,1923139.02364514,2449570.83229879
301,1926565.97450265,2445249.3604781
302,1929980.55205238,2447235.24592836
303,1926118.77492111,2460345.66958234
304,1920567.66712628,2465180.88532646
305,1920578.15273288,2465232.12305872
306,1920390.24401458,2465424.85398006
307,1919696.98487812,2463889.53051346
308,1920364.32459826,2458720.51535918
309,1919515.27226372,2462583.34649112
310,1919577.17080269,2462221.72506345
311,1921960.25670302,2459329.23554242
312,1922035.32085027,2459375.59827161
313,1922255.50018889,2459429.05800526
314,1920051.07310104,2463166.75075842
315,1918111.42147989,2463962.71305953
316,1919925.27532184,2466456.14802933
317,1920053.64930267,2465741.85927964
318,1925046.66984614,2453690.90969268
319,1975558.78264724,2453215.89519362
320,1975646.87220269,2453268.74162689
321,1972355.00623022,2452425.34849591
322,1971428.58734697,2450779.73405988
323,1972356.03263087,2452439.87320506
324,1971373.15681208,2450582.96063599
325,1971525.80740818,2450448.64515143
326,1969412.88597794,2443182.82597706
327,1969640.08182098,2443490.73687092
328,1968758.87226619,2445680.74884969
329,1969102.74478268,2440763.72625406
330,1969019.75573044,2440612.51815887
331,1966217.05736593,2442193.93235448
332,1964778.13596002,2442466.21922591
333,1964213.88020478,2443055.14519668
334,1962818.57542634,2443021.8265757
335,1962410.2985693,2442867.13297831
336,1961652.83509242,2443595.48923687
337,1960526.82668351,2443878.429215
338,1959738.43168716,2442894.92519581
339,1958573.87615399,2442257.74569466
340,1958688.04282586,2442233.56527944
341,1958457.55578075,2442157.21143137
342,1955598.82178097,2442061.76947128
343,1968205.13961758,2439997.31567155
344,1968286.70946893,2439567.00880064
345,1967527.35709086,2434871.66794458
346,1968019.09040044,2435185.58674221
347,1966856.27646837,2435142.07191482
348,1967907.08392993,2433185.42818297
349,1968326.02859369,2430862.18902032
350,1968356.15681265,2430727.43643548
351,1968689.85692274,2430231.09202299
352,1968105.21635467,2429863.75459173
353,1965142.95888971,2432711.26728445
354,1967172.37406737,2430147.43227032
355,1967240.57691031,2430175.88668824
356,1964618.91375978,2432769.27082096
357,1964370.63710347,2432949.81513463
358,1963216.48657685,2434295.42478179
359,1964264.70473678,2433114.86603854
360,1962221.41035038,2435233.62387246
361,1961032.57490192,2436263.60632091
362,1960989.28447466,2436249.59581209
363,1957628.99795911,2436574.79011682
364,1960502.6681683,2435966.01163355
365,1957652.62487399,2436802.89006042
366,1957782.5622558,2437262.29964966
367,1957298.2764509,2437954.03368516
368,1956485.10873895,2438258.2855767
369,1955741.25427064,2437801.47598911
370,1954586.71504378,2437527.39471655
371,1955554.79975326,2437815.9220982
372,1953947.54884137,2437111.48775471
373,1953306.60643785,2436807.96946362
374,1953318.97344564,2436850.76419057
375,1954018.55158607,2437692.11462026
376,1953239.22199543,2438585.31648259
377,1953537.06918294,2438472.53861159
378,1950100.04941909,2441658.61881746
379,1948794.32529704,2441876.67125474
380,1947526.39929878,2443255.19952263
381,1967853.26789604,2429113.41331933
382,1968504.57420609,2427794.17118877
383,1968463.95438052,2427680.4874172
384,1968528.4078211,2427205.97001846
385,1967486.35976505,2425896.96949434
386,1967145.39005039,2424909.22987249
387,1968119.26506351,2422340.28645515
388,1969004.52392085,2420726.69593928
389,1969051.75705059,2420090.36023866
390,1969031.64703792,2418745.3928919
391,1968950.23398667,2418449.21690544
392,1967912.2751332,2416261.04502782
393,1967560.59321178,2415016.62824437
394,1967599.23523612,2414929.00708921
395,1967105.42802523,2414146.69789668
396,1966434.99950314,2414504.50802195
397,1966008.07703436,2414839.01553255
398,1965794.9754002,2415501.83444984
399,1965472.67429729,2416093.68352245
400,1965644.89650571,2416918.42244169
401,1964481.01077296,2418340.97673729
402,1963614.30302731,2418840.08275151
403,1963578.86520499,2418875.71237395
404,1962590.97648305,2418037.65374633
405,1963564.62819603,2418761.00010173
406,1961267.60424989,2418517.22264825
407,1961115.04115384,2419215.8701881
408,1961282.78815944,2418706.86966765
409,1960502.40916814,2420188.57050049
410,1959588.60209283,2421145.60710301
411,1957780.20995431,2423492.04148027
412,1956247.98138966,2424142.75238994
413,1951612.37717121,2426163.55646218
414,1950320.78865806,2424379.19213879
415,1949341.08004126,2424919.57847901
416,1949405.34288172,2424872.89964962
417,1949745.59959593,2424847.67203373
418,1949742.50929399,2424842.6959306
419,1948774.95598484,2424880.91055466
420,1948294.31608225,2425587.72129965
421,1946999.02136676,2427223.45412946
422,1946116.56331119,2428031.81083838
423,1945123.34928589,2429085.92820203
424,1944105.63004516,2429159.60504841
425,1944601.79475753,2429206.97277823
426,1942851.6738557,2431740.23257311
427,1944604.30315911,2429207.2382784
428,1942596.63729514,2432632.17463465
429,1941851.61822609,2432950.80083525
430,1962265.48807813,2417389.37433819
431,1962300.98180047,2417433.04056568
432,1962427.19397993,2417637.94579468
433,1962057.40444712,2416880.25841766
434,1962139.806199,2416317.93146363
435,1961219.78171978,2414704.94794814
436,1961071.51872643,2413630.16727149
437,1961164.51248498,2413802.56688003
438,1960450.43603542,2411752.68628948
439,1967003.80636125,2413768.56855862
440,1967156.42015733,2409847.41558997
441,1966456.52481669,2412875.94959665
442,1966973.66834227,2409281.48603367
443,1966744.3439979,2409091.81471426
444,1966932.52591637,2425014.5635388
445,1966300.22951829,2424938.51259093
446,1965884.25895641,2424644.44970579
447,1966174.01803884,2424812.94121187
448,1965641.94630386,2424752.61567389
449,1964879.02222354,2424856.28373916
450,1964352.64519215,2425500.22544456
451,1963637.29094178,2425531.81136445
452,1961151.65367689,2426443.58383848
453,1961816.5722955,2426803.02836478
454,1961917.05325876,2426718.43251152
455,1962054.46434527,2426453.3071446
456,1961853.46921873,2426809.00286854
457,1961086.87523611,2426600.95023755
458,1960534.82378855,2426944.82455405
459,1959510.14124343,2427101.24105252
460,1957441.92434134,2429205.4892773
461,1959265.61708949,2419274.76452518
462,1958534.32362908,2418312.48681935
463,1958725.9108497,2417504.81911087
464,1958615.48918018,2418010.12222899
465,1958485.76539851,2416993.68348907
466,1956921.57131374,2417245.22434743
467,1956488.33114098,2417006.05979686
468,1956024.550449,2417336.04150461
469,1955028.94202219,2417646.33199996
470,1962824.46283004,2441726.41436015
471,1963493.95355154,2439244.71139773
472,1963663.32615817,2438549.50476005
473,1968946.30078419,2427452.97647396
474,1969908.64819006,2427583.84295635
475,1970277.93062255,2427379.51022771
476,1970349.1773674,2427366.48661951
477,1971650.2025865,2427419.69715301
478,1971505.0286951,2427376.34102572
479,1971200.0552031,2426181.42367343
480,1972923.7603883,2423219.79800887
481,1971547.52052185,2421078.20886058
482,1971530.49331113,2421390.73335734
483,1971517.35170286,2419035.67077465
484,1971431.3326487,2417504.28581053
485,1970754.61332266,2441957.73940578
486,1972869.03255384,2439617.02583213
487,1972504.13622411,2437038.15350854
488,1963535.39507763,2448157.1984088
489,1961792.40918029,2445211.67335437
490,1962497.43852416,2446413.61631108
491,1962639.0346133,2446749.25132239
492,1961357.12820625,2448609.18529336
493,1961010.32188791,2449035.87616199
494,1943292.46583321,2418753.70589713
495,1943270.03241909,2418940.59251479
496,1958057.60362896,2404731.19296893
497,1958240.89444435,2404868.53235539
498,1957781.25595497,2404590.84238057
499,1957891.04302409,2404730.22726832
500,1957675.9921887,2404534.47904508
501,1967690.71829371,2414789.17930117
502,1968350.11240885,2414890.89836521
503,1962330.00311875,2412811.13635585
504,1965939.43219114,2412538.80118439
505,1963880.70129502,2410948.34418308
506,1964352.74199221,2410004.66658897
507,1963206.0772703,2411550.78066236
508,1962954.61641198,2409915.08213257
509,1963837.1479676,2408629.90462345
510,1969382.27625867,2452044.5987562
511,1971670.39139921,2450267.45533736
512,1971506.31409591,2450256.13603023
513,1971434.88745094,2450239.23321959
514,1972000.73140718,2450638.0910707
515,1973765.67161834,2451714.2123482
516,1969896.55968245,2446920.54733024
517,1969850.87025369,2447164.74858398
518,1972331.1481152,2446573.79131193
519,1965995.65412654,2444161.85919344
520,1965699.64184018,2442892.90989454
521,1961326.0832867,2447117.81595443
522,1959770.1111071,2444723.14914681
523,1958649.41850154,2445313.82591869
524,1958658.8716075,2445337.43993355
525,1957386.40600638,2447757.69655728
526,1957794.9689636,2445924.19070296
527,1956661.95325029,2448280.70338655
528,1956073.74277997,2450194.32339132
529,1959743.38899028,2445043.6615486
530,1959518.33224859,2445901.14038844
531,1959860.56096405,2449349.66215954
532,1960515.03927609,2446339.71266456
533,1958870.30004061,2448368.85244205
534,1956274.13470613,2445672.8145447
535,1957766.2083455,2445626.08411528
536,1955753.81487855,2445974.65143473
537,1954878.68892759,2445689.40125514
538,1953782.5652375,2445737.07178515
539,1956153.80343037,2444510.75211309
540,1952949.22561285,2445394.02516918
541,1955019.18801605,2443911.72193596
542,1957411.9987225,2449301.52232924
543,1959239.55197308,2448941.12690234
544,1959255.61868319,2451367.21072974
545,1960523.6229815,2451229.71424317
546,1954416.3281365,2450184.57928518
547,1955142.52099369,2448521.14863793
548,1954436.35974912,2448795.38171058
549,1951743.86815399,2448542.96415167
550,1951923.5322671,2448534.64724643
551,1951235.4401339,2449803.95374555
552,1952500.84763057,2451456.58568601
553,1954187.88169268,2447414.90524147
554,1958322.72389587,2444351.1334126
555,1958224.83303424,2443918.68334034
556,1958489.47070085,2442363.68386135
557,1958134.57087741,2444143.27018173
558,1957817.05207751,2443941.06645443
559,1959768.65320618,2442163.27003518
560,1959888.97998194,2442400.87338477
561,1959614.82240934,2441745.15457194
562,1960328.05975837,2440181.05738723
563,1959170.76012977,2440891.62373458
564,1959154.32471942,2440715.61782378
565,1961563.24653601,2441490.52811164
566,1960702.29779398,2441370.21493589
567,1964566.22872661,2441951.00160154
568,1965456.43838707,2439115.10271613
569,1965535.50953685,2439112.07251422
570,1963609.61722435,2441538.86684207
571,1964237.77071983,2437931.53957099
572,1964243.11142319,2437224.97692616
573,1966209.67436128,2438929.67729939
574,1970003.28194964,2437071.79432972
575,1968484.4117934,2437201.75681154
576,1970250.37860521,2435443.24840443
577,1968271.63915944,2435516.00095023
578,1966747.02709959,2435240.22627661
579,1966577.31099274,2435240.61407686
580,1965719.89085293,2435345.88724313
581,1963636.6809414,2437258.69914739
582,1966455.12861582,2437377.39282212
583,1965942.17589287,2436666.93597483
584,1964593.43954374,2436048.90528574
585,1966709.79817615,2432815.88575031
586,1963735.9676039,2431977.53222251
587,1964218.97040799,2432931.15512288
588,1963700.33538147,2431814.96222016
589,1962030.27253004,2432660.62165256
590,1963953.13314062,2433307.85636004
591,1963134.75612539,2435621.24431649
592,1963223.60898133,2435451.72160977
593,1960439.33112843,2438046.83384358
594,1958752.61256651,2434809.2779053
595,1960213.99848656,2435594.40129959
596,1959615.00890946,2433561.58841979
597,1958060.95553106,2434094.09995504
598,1957858.72710375,2433930.06965177
599,1957973.23237584,2433135.90695179
600,1959701.49946391,2437089.75784103
601,1959674.53544693,2436247.92971104
602,1959505.52034052,2437548.14372962
603,1955569.82836271,2440899.83393975
604,1955405.8787595,2440251.90543183
605,1954148.82966809,2437762.8584648
606,1953312.64894165,2440372.76010792
607,1952001.65711629,2442088.69878823
608,1951726.28634292,2444989.04641421
609,1955154.01940094,2441976.65541769
610,1949281.96220404,2445453.44870659
611,1952575.57587761,2439957.19484629
612,1949100.11898956,2442808.5044414
613,1949057.32076261,2444209.38112336
614,1947948.32456442,2443377.89339987
615,1947260.54343141,2441898.24456833
616,1947052.17730023,2441696.36564123
617,1953555.59569461,2437466.43547818
618,1953328.17565143,2437267.55625297
619,1951766.42176819,2438010.53272072
620,1947210.59439996,2441146.29429492
621,1951477.31728618,2439466.38443729
622,1952092.61907356,2437517.13171009
623,1950834.77798165,2436586.34322409
624,1952366.41184593,2436203.18348286
625,1949599.37890388,2436875.49230613
626,1946738.54450277,2436967.09776381
627,1949335.94523803,2438332.71842356
628,1946652.71074873,2438684.17494483
629,1954294.35905971,2435955.605627
630,1954371.18110808,2435307.72811911
631,1954164.20577777,2434567.76715325
632,1955812.71961563,2430856.40791668
633,1952956.05301715,2435566.19418183
634,1950140.15964434,2433143.66065667
635,1949894.92138994,2432953.33383685
636,1949758.79050424,2432704.20258
637,1949579.7190915,2432409.60859453
638,1955841.02253345,2434956.26829784
639,1956043.75116109,2436679.00408243
640,1956398.76608459,2434730.23815554
641,1956305.25022572,2434589.46496691
642,1960406.41930771,2436223.4161956
643,1961670.66250364,2434935.88528501
644,1961446.33926241,2432330.38594465
645,1959783.39861547,2433357.45889127
646,1963681.52876963,2429947.51924446
647,1963564.84589617,2430093.91263663
648,1963346.18555851,2430131.64566039
649,1960486.82525833,2430657.2628913
650,1960202.64777942,2430735.90904081
651,1958830.92971582,2431707.3320524
652,1957863.33890665,2431347.65022595
653,1957451.82724757,2431503.81232427
654,1957195.16088598,2432173.46924586
655,1956043.40836087,2432803.61444259
656,1955865.50944887,2433699.99490692
657,1956232.44697988,2429801.15315231
658,1957728.81362196,2430617.5613663
659,1957018.75677492,2429614.84443502
660,1958352.9606149,2429114.43171997
661,1960049.40058294,2430574.17103899
662,1963419.5559047,2428330.64312652
663,1966210.72136194,2428193.76134034
664,1966605.0524102,2426431.97123117
665,1965093.67055868,2426862.41570216
666,1964993.55979565,2427512.48621143
667,1961459.77867087,2424175.72641069
668,1962374.23234659,2425443.43000881
669,1960887.47541057,2423851.15550635
670,1959760.21950088,2423275.24634378
671,1960518.3897782,2422951.11073971
672,1961160.28998232,2422115.57651368
673,1959705.6165665,2429826.11856803
674,1959927.59420625,2428383.79595998
675,1959612.87650811,2428708.05496413
676,1960422.02971753,2424809.58470976
677,1959891.53278355,2424852.65543687
678,1958167.54079817,2425874.3496801
679,1957960.56766786,2426831.87408294
680,1964159.93777082,2423798.37727313
681,1965457.07868747,2422384.3637829
682,1963909.74141331,2422007.46264561
683,1963193.02146208,2422094.17480021
684,1966354.15395224,2424852.26023662
685,1966235.61817762,2419567.87470971
686,1966392.32267627,2420043.4112091
687,1968735.44485144,2420023.18439636
688,1968077.86643745,2419586.36322135
689,1967029.68877754,2417675.62881841
690,1967689.69449307,2416443.10314244
691,1967535.74229614,2416791.13386155
692,1966451.55551356,2417502.74250956
693,1965345.00911691,2419769.45493662
694,1964785.72916481,2419623.15304451
695,1964898.4892358,2419652.64946309
696,1964467.16996425,2418532.89705812
697,1963901.68650823,2420795.23958243
698,1964472.34536751,2418721.85657708
699,1963776.60282949,2421013.41321979
700,1963768.88712463,2421122.36178838
701,1963471.62243748,2421261.02237567
702,1962554.20125989,2420452.22826648
703,1963496.98545345,2419286.04513228
704,1961306.2240742,2420386.31122498
705,1961775.2720695,2420060.24221969
706,1957242.75981595,2425393.33627727
707,1955075.06565123,2426845.34679142
708,1953678.08867173,2427969.19399896
709,1953317.7946449,2430061.43701618
710,1955246.77595933,2427037.71501253
711,1954963.3672809,2428793.58351798
712,1955208.11363499,2428191.84113914
713,1953705.67498909,2431199.44003264
714,1956676.95975974,2425795.70773059
715,1952225.6386573,2428442.40889689
716,1951882.53524129,2428759.90699678
717,1952032.54023573,2428714.34756809
718,1950736.59151984,2432643.81104198
719,1951589.58185686,2428823.80983701
720,1950846.11978879,2429327.7998543
721,1950446.9661375,2430866.10362278
722,1950642.5011606,2429037.38287147
723,1950561.74580976,2428976.83513335
724,1950582.95052311,2428995.53924512
725,1949863.63827025,2428542.29325977
726,1949658.46494108,2428850.69245393
727,1950379.68799514,2429246.37500304
728,1949829.27574861,2430312.52117426
729,1949955.5366281,2430046.99740709
730,1949648.08953455,2430508.35169755
731,1948524.77572734,2430858.27551785
732,1947907.98153902,2431888.68416657
733,1946199.35626331,2434021.40950928
734,1947412.45232705,2432712.97078552
735,1945962.61691427,2433165.4709704
736,1947288.50424901,2432005.06563984
737,1947751.25524035,2432814.09054918
738,1948059.1671342,2433817.83148111
739,1945973.99962144,2435411.99778476
740,1948139.65638487,2433849.28380091
741,1948653.09340812,2434051.152728
742,1948945.02119191,2434905.57266592
743,1949663.20974407,2434680.17672402
744,1949896.88529118,2433357.69889142
745,1947957.96027048,2435021.57743896
746,1946646.63554491,2435723.83378108
747,1947227.1759104,2436209.71678698
748,1946208.99116938,2431291.98629091
749,1950071.66000121,2431679.39983481
750,1950037.42727966,2430062.97961715
751,1950567.50011338,2427658.47820334
752,1949483.38973086,2427234.6309365
753,1949624.57711974,2427363.66841774
754,1948672.18822014,2428130.17370031
755,1947229.64901196,2428645.38662468
756,1946307.72273154,2430560.0577301
757,1944420.78654357,2432023.54635148
758,1947447.62264919,2424620.93439099
759,1949936.42681608,2423007.06507494
760,1950024.62897161,2423058.99110763
761,1949546.07427032,2422763.22112142
762,1948053.9249309,2422304.74503277
763,1948684.48702789,2422125.19701974
764,1946962.30174365,2422934.84652947
765,1945870.17615607,2423195.19289338
766,1945360.38983512,2423622.52636242
767,1944720.67393237,2424158.65899995
768,1944012.62998661,2424877.65235261
769,1942433.17569223,2426552.99000736
770,1942806.8789275,2426188.06907761
771,1940979.23517686,2426228.28740293
772,1939702.8660733,2426525.09128979
773,1940837.88008787,2426371.08889284
774,1938759.19947919,2425892.00869122
775,1938685.38193271,2425814.7736426
776,1938643.29110621,2425494.98994127
777,1938765.66218325,2423919.2055492
778,1946749.66260977,2420469.44067731
779,1948695.26733467,2422093.67249989
780,1946419.636802,2420254.43684196
781,1946266.03070529,2420243.60553513
782,1943518.64477561,2419559.51920445
783,1945240.09395939,2421635.17251123
784,1947700.56570844,2423796.95407223
785,1945543.3296503,2425288.19031107
786,1941324.46609421,2429738.87471311
787,1943742.57521659,2427444.6135687
788,1943336.05146065,2425987.56805138
789,1945315.01750656,2426408.89461664
790,1944004.86058172,2425118.49070423
791,1945733.46687,2426092.49271744
792,1944370.66751202,2423769.50495495
793,1943006.6927533,2421913.37228638
794,1940245.19471473,2423482.43977422
795,1958078.42894207,2421095.7112716
796,1958106.78205992,2420976.34209645
797,1956817.87184845,2420679.0763093
798,1956834.98345922,2420676.28900754
799,1957194.64248566,2420723.97883757
800,1956443.95541304,2420703.5400247
801,1957193.89068518,2420723.04343698
802,1955531.05503831,2422444.13642053
803,1955169.92021095,2422630.30333774
804,1954342.24978986,2422956.8144433
805,1952719.75106838,2421392.84225866
806,1952797.86841756,2419705.03819607
807,1952118.48988985,2418264.22228897
808,1951890.46664629,2417917.30467056
809,1953604.11362515,2423480.76427316
810,1953563.9964999,2423766.02845276
811,1955787.70569989,2420620.4707724
812,1955064.81474477,2421829.5383336
813,1955447.30378558,2420244.41353564
814,1955577.56816759,2420365.32291177
815,1955361.91563182,2419588.6636228
816,1954706.10381894,2418639.7574254
817,1954070.15941856,2418187.03834037
818,1955597.4317801,2419354.0617751
819,1955861.73064649,2419119.00342712
820,1956836.71776032,2420013.3907902
821,1956536.67877142,2419954.05955284
822,1956399.53878508,2417970.1097038
823,1959871.03437064,2417566.52764972
824,1960793.85865163,2415343.51975017
825,1960342.06786719,2414788.89710099
826,1958761.74057226,2415317.39523372
827,1958677.9467195,2415770.91631925
828,1960230.95659724,2415013.39314233
829,1960313.4896492,2414858.02034451
830,1959440.30239946,2416248.57991997
831,1960140.3524402,2415259.12099704
832,1957348.28528238,2415410.05939206
833,1956863.92107744,2416121.34213987
834,1963046.37006975,2414444.67348428
835,1962649.71272003,2416671.11358599
836,1962961.53491634,2415254.75129429
837,1963333.55235055,2415238.80418424
838,1965534.66393631,2415459.92562346
839,1964602.29184932,2415096.2616945
840,1965509.51102048,2414214.00653906
841,1964986.19209101,2412818.79206067
842,1963873.94759077,2414770.27348927
843,1965154.15129675,2400650.96650013
844,1965357.71462491,2402041.68607569
845,1963833.26326516,2401023.07153439
846,1966328.0305358,2403890.00763934
847,1964558.25242159,2404133.70929277
848,1966584.46089724,2403568.82633713
849,1966929.31311435,2403854.90561724
850,1960919.60433079,2399877.99291348
851,1960807.90336047,2400258.34835294
852,1961087.0320362,2403090.33713589
853,1959257.28678424,2405190.32665799
854,1959242.48687493,2405096.70009904
855,1957858.95970389,2408490.00573538
856,1958880.95684731,2407012.41450513
857,1957039.8414882,2408773.8882141
858,1956028.3620514,2407629.47729361
859,1959071.82576748,2402620.36724001
860,1959069.50266602,2402619.76253963
861,1959031.88324234,2402734.11911162
862,1958944.83858753,2403099.71254179
863,1958952.44379232,2403102.20054336
864,1958998.98132162,2403232.60102545
865,1959199.79054805,2401295.38640583
866,1959035.52904463,2404427.73177788
867,1958322.81089592,2400956.32439237
868,1956279.39760944,2402012.014057
869,1955932.63629113,2403659.59639428
870,1954274.89964746,2405296.98202514
871,1954308.67186873,2405799.53604153
872,1953807.29225307,2407520.41572495
873,1951774.90617353,2408170.52513424
874,1950838.36358391,2408796.11192809
875,1954475.08447349,2408211.2708599
876,1954370.19110746,2408123.31990452
877,1953592.77031801,2407382.87923836
878,1953887.7150037,2405413.01229819
879,1954047.32470419,2405380.50427772
880,1952825.69843508,2405578.34250227
881,1951965.96819382,2406440.43574502
882,1956264.57940011,2401818.04513489
883,1954673.25539826,2402466.64324323
884,1953402.53729825,2401658.86763467
885,1953874.76219555,2399919.73683976
886,1954338.04828722,2399379.80389984
887,1951998.84651452,2403301.41586878
888,1950439.74793295,2405793.37963765
889,1950973.517269,2405303.49162923
890,1949936.25161596,2409309.15075109
891,1951719.13913842,2403035.25760121
892,1951772.82587222,2403016.22238923
893,1951699.87262629,2402973.75486249
894,1952172.70592398,2402440.81312697
895,1951905.19805556,2402688.24998275
896,1951904.48615512,2402689.95198382
897,1951844.4227173,2402754.33742435
898,1952129.96199707,2401822.3552376
899,1951858.50132616,2401532.72305526
900,1951650.62669529,2400998.16571871
901,1950946.55695203,2401039.86294496
902,1949476.44592648,2400930.18747592
903,1950043.49648348,2400723.55224582
904,1951103.78425101,2400644.95559634
905,1951219.28112373,2400410.86574896
906,1951016.05599578,2401776.15470851
907,1951619.04297541,2402907.07632051
908,1951638.75638782,2402907.71432091
909,1949164.12372985,2401641.2816236
910,1948677.91522375,2402098.63321154
911,1949094.11768578,2402975.10006334
912,1949814.49173931,2402649.85285857
913,1947532.66620273,2402163.03275208
914,1947655.34047996,2402955.36085091
915,1951479.00608724,2403958.65588256
916,1948952.67369673,2405357.127763
917,1950199.44648166,2405915.83771475
918,1948632.68849527,2407463.01038881
919,1947207.59319807,2409749.21022814
920,1946668.24635851,2411203.92524399
921,1948440.92617455,2410209.41551787
922,1948419.83766127,2410079.8435363
923,1947421.32043263,2411626.55511007
924,1947516.55309259,2410687.5542189
925,1949953.68582694,2405627.59493328
926,1949974.34713995,2405387.37528204
927,1952695.88015335,2400133.98377465
928,1951436.80726067,2399281.67193805
929,1952501.13373075,2399729.58722005
930,1950480.01845831,2399614.24394743
931,1952524.64064554,2398795.58533203
932,1952585.8813841,2399252.48311968
933,1953094.18810412,2397213.71093612
934,1951165.35448978,2398841.49676093
935,1950682.91788604,2395137.99972931
936,1950013.78056477,2397053.17483505
937,1951211.9322191,2397366.85223253
938,1950639.39075864,2397675.07582658
939,1951312.36348233,2396909.6567447
940,1951466.20347918,2396086.04842617
941,1949368.53715855,2396537.07051012
942,1949263.71359255,2398165.61883542
943,1947957.55727023,2399944.32745524
944,1949257.69698877,2398309.28992587
945,1948521.99052558,2400510.74131184
946,1950070.27680034,2399014.06346958
947,1952161.68441704,2400053.41622392
948,1952257.02847707,2400017.44160127
949,1951954.47588659,2400480.23409264
950,1956273.09770548,2401363.40584866
951,1957076.78971146,2400164.44479382
952,1956094.84729325,2401317.15351954
953,1955960.43350863,2400730.36195011
954,1955637.85630554,2399291.95774453
955,1956850.53286901,2409342.64427218
956,1956219.67027184,2410015.95349607
957,1957594.11923715,2409591.02752855
958,1957984.67858304,2410526.76991767
959,1958027.9731103,2406492.70417793
960,1960170.88395942,2406480.94217052
961,1959349.21904212,2406312.67526459
962,1960646.75855902,2408172.90763574
963,1961446.22066234,2408718.2853791
964,1960976.88186685,2408377.36346446
965,1962500.72062622,2408305.4668192
966,1962096.15097152,2405821.13475513
967,1960144.02184251,2408734.3247892
968,1960175.25706217,2408734.4940893
969,1959826.60254267,2408852.64876369
970,1959383.30426358,2410591.28435829
971,1960007.39405649,2411722.2236703
972,1958788.94638939,2412570.55000438
973,1958456.13697986,2412848.57487942
974,1963000.87774111,2407075.81624504
975,1963363.79746959,2407134.11518175
976,1969119.25519308,2412606.12882678
977,1968247.62404432,2415529.90136751
978,1967660.96517498,2415021.83224764
979,1969214.20155285,2416528.74809636
980,1970906.04671799,2416314.75136163
981,1970125.43482654,2417420.56665782
982,1969621.86740951,2425344.79964671
983,1969816.41753199,2425150.11412414
984,1969870.80036623,2424524.98873058
985,1973556.98448696,2421959.05941514
986,1971543.36521924,2427738.87355396
987,1971546.173121,2427736.25975231
988,1971365.22590708,2427979.05370517
989,1971368.84820936,2427855.82752759
990,1971619.5492672,2427675.85701429
991,1971606.99095929,2427679.54491661
992,1971376.12891395,2428454.8221047
993,1971411.83103642,2428527.58935051
994,1971648.79188561,2428748.24398943
995,1971123.08725464,2427141.43927783
996,1971025.63389328,2427144.93618003
997,1968810.5117987,2430149.1433714
998,1970208.85007906,2433522.33839508
999,1968468.80378357,2429800.60625197
1000,1968659.53390365,2429998.58447661
1001,1968896.34415274,2433960.07897067
1002,1966854.66026735,2437923.37106585
1003,1968063.3347283,2438359.3005403
1004,1970037.44497115,2438911.44488792
1005,1970594.75622201,2438587.38318389
1006,1969492.01902776,2438324.58451844
1007,1969291.80410171,2438570.58377332
1008,1973870.46898432,2437718.69473699
1009,1970979.14886402,2442962.29083822
1010,1967565.52601489,2444882.73774728
1011,1968725.5311452,2445644.01152656
1012,1966287.31981017,2445606.63730303
1013,1964955.80627188,2446881.72370579
1014,1968132.62537192,2447118.22235469
1015,1968585.69365716,2446206.92698096
1016,1968604.87786924,2446198.75397581
1017,1967935.6353479,2448247.21696547
1018,1968055.18732317,2448796.28531115
1019,1968096.62544926,2449412.43499906
1020,1965620.32959025,2449758.90821719
1021,1965725.11205621,2448306.50160279
1022,1968341.71600356,2451225.12394028
1023,1970394.03849565,2449362.20536744
1024,1970522.87007676,2449376.7534766
1025,1956162.08703559,2410579.27995073
1026,1956160.43073454,2410615.81637373
1027,1955997.2368318,2410742.44335345
1028,1956756.49980981,2412447.15052669
1029,1956843.8406648,2412261.22710964
1030,1955547.55434869,2414493.90821528
1031,1954997.89750264,2415185.58705074
1032,1954771.61346018,2415464.81232653
1033,1957548.16930823,2413183.30699016
1034,1957376.1051999,2412871.98039415
1035,1955814.00301644,2410906.1242565
1036,1955683.93523455,2412974.13585847
1037,1956099.02309588,2411756.3798918
1038,1955150.77819889,2411312.2733122
1039,1954310.15376966,2412622.86713732
1040,1954118.16844879,2412800.11334891
1041,1953638.37014672,2414457.80519255
1042,1953757.86792195,2414298.71849239
1043,1953627.84064009,2414518.43713072
1044,1953493.04765523,2415188.41565252
1045,1953481.90454821,2415351.85315542
1046,1953906.20561534,2416489.04107136
1047,1954038.78009881,2416209.26159522
1048,1954484.39377936,2415667.50355414
1049,1955191.52512455,2412922.91482622
1050,1955311.71070021,2412449.80322836
1051,1955332.1748131,2414118.53087895
1052,1952661.55443174,2416242.54301617
1053,1951503.97630296,2416935.25705229
1054,1952334.78312602,2416376.06100023
1055,1952044.16774305,2417505.73091144
1056,1952688.86374894,2416468.17935823
1057,1952650.21712461,2413765.66315679
1058,1951977.57320113,2414750.1489766
1059,1952314.44191321,2414085.10825791
1060,1951635.85758599,2414951.85540359
1061,1998494.23538679,2465859.51395371
1062,1999866.26305059,2465695.49885045
1063,1998458.28096415,2465222.99065297
1064,1997674.77267088,2465102.9623774
1065,2000727.24419264,2464706.77102797
1066,2007695.63087975,2463764.08983449
1067,2008469.97056725,2463410.65131197
1068,2008630.87796856,2463488.75156114
1069,2007664.8910604,2464083.86673581
1070,2007508.01976163,2465089.36936885
1071,2005864.76432708,2468355.10592487
1072,2005935.1565714,2468424.21086838
1073,2003967.96453291,2469463.2022225
1074,2006660.03402776,2469261.08389525
1075,2004354.59187632,2468371.190835
1076,2006317.82041232,2464447.910965
1077,2004949.12215062,2464316.75998243
1078,2003554.8127728,2465813.42242469
1079,2004062.40659237,2466943.95293644
1080,2002688.44062736,2464724.32393902
1081,2006524.17904224,2478124.72317556
1082,2005877.85503532,2477150.26396207
1083,1999083.54255781,2478882.03185234
1084,2000722.26998951,2478572.66475758
1085,2002623.59338653,2475067.3212507
1086,2002753.8025685,2476347.90085692
1087,2003459.0390125,2472397.66616996
1088,2002384.20223581,2473286.71632968
1089,2002343.87371042,2473437.25072445
1090,2002213.35552825,2473465.7584424
1091,2001005.25966767,2473924.97863152
1092,2001472.1450616,2474631.91377658
1093,2000313.91743242,2473977.77686475
1094,1997957.84524909,2474515.47390327
1095,1995280.82026371,2475977.30562361
1096,1995856.24842599,2475644.89241433
1097,1996134.05730089,2475671.76813125
1098,1995862.38572985,2475638.90221056
1099,1995030.50170612,2474043.03340584
1100,1994022.41237145,2473521.55497753
1101,1999675.77093066,2475578.81437273
1102,2001474.84976331,2474807.18758693
1103,1941207.15672036,2438978.08722987
1104,1941662.59640709,2440558.49082485
1105,1941722.00674449,2440972.43218546
1106,1940138.34774746,2444018.19430299
1107,1995844.38961852,2437712.8350333
1108,1999525.63813614,2436709.72170177
1109,1967022.04637273,2450644.09107448
1110,1966828.71475102,2451441.19687632
1111,1940342.16807578,2440571.9053333
1112,2008092.28222947,2457933.95726399
1113,2008296.29585791,2458157.92100499
1114,2006403.38306618,2455857.08175644
1115,2007658.97515667,2457151.19487118
1116,1977261.68511934,2480694.10439318
1117,1977292.42973869,2480686.60898846
1118,1975536.18623301,2442189.42775165
1119,1975136.23808121,2442249.85948969
1120,1890385.59772444,2380959.04690261
1121,1892575.32720304,2380422.77136499
1122,1887957.30519565,2383056.51072312
1123,1887789.55859004,2383786.74168285
1124,1885766.12821614,2386157.10697517
1125,1885680.01716193,2386396.43542585
1126,1884885.69586185,2386679.34150396
1127,1884041.06523009,2386685.98920814
1128,1882640.52114835,2387798.63860864
1129,1882329.74125269,2387992.85513091
1130,1881870.5607636,2388345.18035273
1131,1881074.65226252,2389069.68450886
1132,1880334.90739679,2389945.04675996
1133,1878093.79938585,2390856.25403363
1134,1877513.53442053,2392042.43098042
1135,1877364.26902656,2392392.57770086
1136,1894560.60685292,2376566.29353705
1137,1895614.21241624,2377083.88836291
1138,1893806.1006779,2375986.68047214
1139,1892941.8645338,2375440.14442806
1140,1892247.52229666,2374828.13964275
1141,1891306.37080413,2373935.32768066
1142,1892214.84697609,2374440.30689858
1143,1892228.64208477,2374509.66404225
1144,1892218.37757831,2374443.72740074
1145,1890766.62186432,2373557.22934262
1146,1890163.35158452,2373867.06603769
1147,1886996.91829102,2375070.42219529
1148,1886873.27751318,2376278.09555561
1149,1886988.48768571,2375094.32211034
1150,1885263.0121994,2376566.31723706
1151,1882785.99483993,2378220.0309782
1152,1882481.74094838,2378587.13280932
1153,1880379.11792463,2381445.29270874
1154,1890397.33553183,2369451.3946577
1155,1890117.38535558,2369178.09638564
1156,1889741.49411893,2368271.67611498
1157,1889197.99987676,2367618.44980372
1158,1888745.50939189,2364541.2591664
1159,1887889.09115271,2364582.37359229
1160,1886828.48168498,2365064.97329612
1161,1885916.20061063,2366825.29610438
1162,1884542.74724594,2369092.96703204
1163,1884562.44645834,2369013.53618203
1164,1883795.77497566,2370630.26999989
1165,1882989.08086779,2372498.28687594
1166,1881368.11954727,2373761.11297098
1167,1879469.30605183,2376625.23297416
1168,1874642.12201276,2418275.399996
1169,1876096.58782846,2417713.24134208
1170,1874320.88001052,2418448.50570499
1171,1873013.97558773,2418977.42113798
1172,1872814.07976188,2419112.1546228
1173,1872001.88355054,2419408.30050925
1174,1869330.79036889,2419438.20222807
1175,1867825.0288209,2422005.50504438
1176,1877228.02144078,2411062.27865481
1177,1877703.43564009,2411998.55994427
1178,1877727.05535496,2411999.22974469
1179,1875691.74857358,2410586.49905528
1180,1872207.89138024,2409467.08395052
1181,1872511.73347153,2409510.8883781
1182,1875327.75014442,2410586.49635527
1183,1873787.74547487,2410222.50202611
1184,1871817.74663461,2409341.32877135
1185,1871282.16169742,2409424.36432363
1186,1871431.68419155,2409398.2709072
1187,1870135.75407567,2408929.24191191
1188,1871029.23293819,2409322.10275925
1189,1867779.35209214,2409400.43130856
1190,1869331.14026911,2409058.74419344
1191,1869843.42589163,2408996.2592541
1192,1869657.74627473,2408962.50063285
1193,1867036.35312437,2409218.65749412
1194,1866390.81481796,2409000.48955677
1195,1866556.82012247,2409033.80787774
1196,1866922.48875269,2409132.45933985
1197,1866753.30924617,2409054.85059099
1198,1866147.51466478,2409048.07728673
1199,1864825.76593265,2409143.95724709
1200,1865306.76773547,2409134.32454102
1201,1865985.75536294,2409050.06288798
1202,1864659.75512813,2409130.49703862
1203,1864300.46550193,2409300.59804571
1204,1864570.20397175,2409188.47897512
1205,1862307.74974737,2409690.49929118
1206,1861939.17441532,2410157.45638516
1207,1862041.20347956,2409914.180332
1208,1861118.17539844,2411085.93916971
1209,1861234.02457138,2411048.88134638
1210,1860857.79303451,2412061.43988386
1211,1861521.19305217,2413769.20565902
1212,1861607.63780659,2414238.31415436
1213,1876672.82209124,2373117.46606576
1214,1876632.85046607,2372456.7606498
1215,1861505.041042,2393354.64780656
1216,1862683.21728375,2392744.90932268
1217,1861010.60843072,2393692.66611936
1218,1862351.39497485,2386801.5482809
1219,1863949.90758123,2384416.70067946
1220,1886075.37681084,2354543.8419723
1221,1886659.25687844,2355972.01857144
1222,1878343.7306432,2386316.69237565
1223,1878502.60594322,2385162.85174922
1224,1872319.59405056,2352778.92736115
1225,1873763.84745983,2351777.71113081
1226,1880279.65596201,2382108.16332607
1227,1878182.81924189,2383767.00927043
1228,1877928.01858148,2383769.07897173
1229,1874801.36131302,2386928.68006094
1230,1876003.4130698,2385751.84852003
1231,1861591.22289626,2393375.98381999
1232,1861766.33680651,2395131.56742526
1233,1869752.41423433,2389094.73632463
1234,1872625.49534315,2385637.98214835
1235,1869750.4606331,2373914.86616778
1236,1872501.65366518,2372666.79188203
1237,1895835.00015524,2365983.72287454
1238,1895827.86785075,2365784.18484892
1239,1895833.10945405,2365701.13949664
1240,1895888.19038873,2365409.11571278
1241,1895867.59147576,2365356.48817965
1242,1895862.24727239,2365315.60155391
1243,1895909.52070216,2365282.64643316
1244,1895465.07512235,2367944.71460913
1245,1896110.46772867,2364958.69782921
1246,1896088.06771456,2365047.98878543
1247,1895941.65882239,2365300.91334466
1248,1873832.37140297,2372752.16643578
1249,1875887.75159698,2370070.49904747
1250,1875712.22318647,2370070.36184738
1251,1876016.84487825,2369900.95844073
1252,1888919.10910118,2355620.89435038
1253,1888977.74783809,2355552.49990732
1254,1889339.32386573,2355487.96406669
1255,1888798.104325,2355459.11874853
1256,1882661.35966146,2352444.90835086
1257,1883363.75270367,2351366.49667192
1258,1883484.23487952,2351276.13291503
1259,1882835.8152713,2351281.23191824
1260,1891841.9209413,2348155.67605047
1261,1891735.75107446,2345612.49594935
1262,1891880.73966574,2345569.44012225
1263,1891587.51558114,2345557.30321461
1264,1875750.47471055,2357040.9327444
1265,1875789.74853528,2356728.4995477
1266,1873783.96777249,2357612.06000396
1267,1877455.75238415,2355160.50576053
1268,1877751.67527046,2356581.12765492
1269,1877931.75048383,2355104.50152527
1270,1875459.04822708,2355042.20848605
1271,1875600.75101629,2354901.49969747
1272,1876251.74822614,2354880.49948424
1273,2045168.2208715,2325703.68851529
1274,2045012.59437353,2325622.26806403
1275,2045406.15982131,2325740.89833872
1276,2043091.33896396,2326631.75249958
1277,2041621.3758385,2326155.7448999
1278,2043651.38351654,2326589.74467313
1279,2043708.82515271,2328190.69958105
1280,2043934.61259486,2326626.75339643
1281,2045567.28722275,2326396.19665128
1282,2045664.16888374,2326024.64791736
1283,2047073.22747084,2327843.52406248
1284,2046978.52031122,2327849.96316653
1285,2045450.4728492,2327085.70158537
1286,2045522.83839476,2327078.58548089
1287,2045260.16452939,2327114.23750334
1288,2044270.83540653,2328333.2602708
1289,2045577.97242947,2327135.74121688
1290,2043569.28376485,2329968.50560031
1291,2044278.2500112,2328480.98386381
1292,2047131.14030731,2327628.48522709
1293,2046964.79180258,2327530.94896569
1294,2043727.94106474,2330233.57736719
1295,2045910.03303853,2330378.06505816
1296,2046299.49718373,2330716.39617116
1297,2043132.63288995,2332543.78982164
1298,2045771.59885138,2330534.4291566
1299,2046073.37914137,2330789.75191735
1300,2044485.82664189,2347045.65185163
1301,2044211.39256911,2346284.54757246
1302,2047389.0767697,2341168.68645165
1303,2047827.51834573,2337582.94809416
1304,2047203.17845266,2341372.88808021
1305,2048358.45307999,2353877.65325288
1306,2048338.6112675,2353729.11105936
1307,2048082.01840596,2354184.5632461
1308,2048094.87231405,2353625.96919443
1309,2048193.00477583,2353591.56187276
1310,2047315.28972324,2355140.23184777
1311,2044943.40962997,2357947.19811496
1312,2048766.50473689,2352747.33644126
1313,2048940.49894643,2352635.37617077
1314,2051281.09482001,2358043.32687548
1315,2050396.30566297,2357056.16455399
1316,2051337.17985532,2358000.19674832
1317,2051560.97029621,2358013.04305641
1318,2053290.08378481,2359992.31640251
1319,2053606.9447843,2360086.02556151
1320,2058701.78419188,2369636.30557411
1321,2057010.69942722,2365617.56314402
1322,2058338.28396303,2370056.79703884
1323,2053212.73003612,2369369.42810609
1324,2053255.37646297,2369331.74718237
1325,2053714.32465191,2370682.2253326
1326,2054468.29982659,2370647.71341087
1327,2055034.91738332,2375455.97013802
1328,2062837.79779581,2370115.74707596
1329,2062389.46411354,2369183.83258925
1330,2064177.23593908,2366921.77316511
1331,2063695.13823557,2364460.28961543
1332,2063576.46396085,2363881.22945087
1333,2062323.73647217,2362010.06407283
1334,2063647.02080527,2364139.33551336
1335,2063644.71820382,2364109.5273946
1336,1986880.358075,2377639.56101275
1337,1988283.94715866,2378282.55391756
1338,1986000.65282116,2377136.56999608
1339,1986266.43098849,2376053.54581424
1340,1988526.49821137,2377029.51692868
1341,1989715.43285989,2376283.67845912
1342,1988645.48078628,2375810.15786101
1343,1989765.3179913,2376013.86098925
1344,1991856.92760812,2374929.43290653
1345,1991561.55152216,2373230.02893663
1346,1992116.92917181,2375601.72072978
1347,1991676.05669425,2376998.254609
1348,1991872.12991769,2371677.43465915
1349,1991920.31894803,2371980.91615022
1350,1991719.77132177,2371671.86705565
1351,1991845.1472007,2371680.94226136
1352,1991425.89633675,2371341.00334734
1353,1991650.98157846,2371645.91803931
1354,1992330.01290596,2370099.96036602
1355,1992369.06113054,2370149.86209743
1356,1992146.92309069,2370102.21086743
1357,1987076.65859859,2374335.96003289
1358,1988129.79046161,2372377.93830017
1359,1985403.97354551,2373804.78189847
1360,1985889.0453509,2372879.69621607
1361,1986322.47112377,2372797.70816445
1362,1984768.68994555,2373791.52559013
1363,1982758.97018028,2374028.52033933
1364,1983594.39920625,2375823.38866934
1365,1982370.73183586,2375399.31650235
1366,1983980.69364945,2375742.27281827
1367,1983914.51310778,2375746.06832066
1368,1985320.46119293,2374401.55297419
1369,1984923.9531433,2377742.52227757
1370,1981446.85225421,2380650.7315085
1371,1981318.4886734,2380553.60754736
1372,1982442.25078088,2380494.13840992
1373,1983172.12214039,2380365.69492905
1374,1981703.96851608,2382225.08919968
1375,1982003.47650465,2382464.91085066
1376,1980410.88890199,2384579.71628209
1377,1980566.60920003,2382167.27906328
1378,1980195.6763665,2386006.28128022
1379,1980259.3752066,2386173.74548565
1380,1980298.7641314,2386488.0058835
1381,1980316.08094231,2386352.44869816
1382,1980314.18154111,2387184.6634221
1383,1980018.97935526,2388140.81922407
1384,1979951.76031294,2388297.6509228
1385,1981733.89573492,2384754.9362924
1386,1982237.40815192,2387517.37373156
1387,1980353.719166,2386209.00640785
1388,1978668.90010528,2383715.54693803
1389,1978579.71804914,2384115.11528959
1390,1979121.32849012,2382438.436134
1391,1978539.92162408,2384239.94946818
1392,2000068.29197778,2338676.94378291
1393,2000298.87152294,2338523.14938609
1394,2000477.62273548,2338398.09120736
1395,2000985.87035546,2338377.97889469
1396,1999980.39252244,2337114.37649916
1397,2000197.28335899,2336446.48267867
1398,2000221.65917433,2334744.01780685
1399,2000147.85142786,2334280.25221487
1400,2000148.52162829,2334357.14196328
1401,1998908.30324748,2334992.10146303
1402,1999144.50089618,2334628.15833391
1403,1999643.30781022,2334177.03104989
1404,1998153.79617246,2335354.9920915
1405,1998072.45132125,2335108.81053651
1406,1998132.91715932,2334669.68026005
1407,1997885.93830382,2334448.83432101
1408,1996313.21221368,2334245.25509284
1409,1997440.62212346,2334030.46705761
1410,1997693.10408242,2334250.1173959
1411,1997743.01661384,2334268.49960747
1412,1994338.79027063,2334221.93637816
1413,1991366.07779909,2334576.72170152
1414,1991591.46154099,2334442.76431718
1415,1988647.28038741,2335056.16280336
1416,1989652.64222036,2335505.19548607
1417,1988749.05055148,2333268.28977777
1418,1988831.49770339,2334691.87317402
1419,1988810.73939032,2334890.10499882
1420,1997386.29758926,2336214.42273257
1421,1997463.61203794,2336078.62704708
1422,1997512.23616855,2335694.59720531
1423,1997619.34153598,2336587.67996757
1424,1998135.60476101,2334043.4639658
1425,1998087.19613053,2334128.64181942
1426,1997973.77405912,2333249.7519661
1427,1997890.70630683,2333198.86713406
1428,1997739.65091173,2333029.6130275
1429,1997745.61151548,2333033.11692971
1430,1997711.19059381,2331588.38712014
1431,1997877.59559857,2331510.34977102
1432,1994414.25321814,2332831.80260297
1433,1994323.07596074,2332792.01377792
1434,1994427.48142647,2333009.85951507
1435,1993980.399845,2331575.20981185
1436,1993919.67220677,2331707.42049509
1437,1993240.54297921,2330283.28169848
1438,1993302.87661845,2330611.7896053
1439,1993319.51212892,2329714.08984014
1440,1993607.50011023,2329162.71729301
1441,1994519.78748459,2328277.76853587
1442,1994393.07740481,2325691.70310775
1443,1994656.16337044,2325125.82195148
1444,1996403.25087036,2324266.68421059
1445,1949243.91628009,2418181.07193662
1446,1950515.14778042,2416858.2503038
1447,1952296.04860163,2413422.88594099
1448,1952414.11817596,2413791.50627306
1449,1952408.50797243,2412778.79713549
1450,1952363.69814422,2412991.60186947
1451,1950635.93785647,2413813.04368662
1452,1955531.98713889,2410215.07662144
1453,1953475.29974405,2410536.79332398
1454,1953241.18429666,2410755.90476193
1455,1951498.52719953,2412056.7410809
1456,1951098.6739478,2412663.20146271
1457,1951203.26291364,2411808.49452461
1458,1949814.17623911,2410954.09788671
1459,1950238.24870609,2411439.13399207
1460,1949928.73251123,2412832.08276904
1461,1949767.4539097,2413664.14579288
1462,1949543.41586865,2414266.03757182
1463,1948345.56581451,2413598.5776516
1464,1948070.47484132,2414115.91877731
1465,1953177.16205636,2410681.19321489
1466,1952991.79343965,2410511.61450813
1467,1953319.7070461,2410236.12113469
1468,1953361.39767235,2410389.87083148
1469,1952212.98554934,2409374.7637924
1470,1952343.87393174,2409428.63642632
1471,1953362.29857291,2410409.76494401
1472,1952348.07883439,2409446.79253775
1473,1952031.80563527,2410233.39013297
1474,1952018.23402673,2409833.8114814
1475,1953312.91764183,2410238.5233362
1476,1955039.11632859,2409131.31863913
1477,1954924.65985654,2408256.65278847
1478,1950519.235083,2421996.71393885
1479,1950470.3235522,2421471.89180843
1480,1950634.77335574,2421601.67929014
1481,1950272.76192782,2419068.42579527
1482,1950453.0070413,2420553.98523054
1483,1950273.90152854,2418662.15413949
1484,1950421.8823217,2418061.67266145
1485,1950414.30131693,2418080.8168735
1486,1950339.14676962,2418169.56732938
1487,1948023.92581201,2419517.12217776
1488,1950231.73580199,2421446.94489273
1489,1948331.4222056,2416935.80175263
1490,1948373.11303185,2417136.70907911
1491,1948480.7250996,2416018.85377534
1492,1948510.34321825,2415382.33417461
1493,1947859.41700844,2416454.26464947
1494,1948097.58545839,2417234.16144047
1495,1947987.61958916,2415247.05608944
1496,1946064.90107866,2418668.15684327
1497,1947655.32217995,2418476.36872253
1498,1945406.92546442,2418632.01402052
1499,1972589.2603777,2428783.51811164
1500,1972512.78892956,2428776.67500733
1501,1972585.81377553,2429065.29858904
1502,1972479.9736089,2429309.6833429
1503,1972476.45440668,2429512.18387039
1504,1958028.94391091,2404721.10836258
1505,1955877.53975644,2395245.02249669
1506,1956446.24511449,2396528.17160452
1507,1956989.71905664,2397366.37373223
1508,1947487.039974,2414756.49378059
1509,1947223.19080789,2415049.25166491
1510,1947512.2910899,2415722.64768886
1511,1953129.77002652,2397156.93260037
1512,1970990.83617138,2414748.85287578
1513,1964484.64077525,2409492.27156638
1514,1951039.38301047,2415663.00695131
1515,1950973.05826871,2415677.47726042
1516,1971488.6744848,2450301.57395884
1517,1963693.74007732,2407825.88351727
1518,1960519.70507903,2403927.40006288
1519,1960501.54176759,2403727.446637
1520,1950892.3583179,2415817.57464862
1521,1950359.14798221,2415862.05557663
1522,1950779.28394672,2415971.36454545
1523,1949793.12342586,2414890.60656503
1524,1950012.46096395,2415290.80241698
1525,1949829.40044869,2415724.23218986
1526,1956542.00267477,2451722.20785324
1527,1968352.87281058,2438372.74454876
1528,1968380.87332821,2437350.74730534
1529,1968114.87816075,2436706.7516999
1530,1967820.87007565,2436244.74630903
1531,1967918.87733735,2436314.7467531
1532,1968226.88463126,2435586.75759478
1533,1967889.74321901,2436175.88656568
1534,1964278.8734457,2433052.75529944
1535,1964250.87282807,2433024.7424818
1536,1960680.8790805,2436104.74362089
1537,1960561.87420558,2435957.74972835
1538,1962542.87055276,2425674.75445444
1539,1970900.87771474,2427256.74605042
1540,1958398.87534381,2445694.7486585
1541,1950026.87587302,2430000.75067798
1542,1947720.12602075,2432575.74399913
1543,1947619.17585719,2432179.50544966
1544,1948693.12213332,2422115.75121379
1545,1943236.87849822,2425828.7521514
1546,1943943.87424332,2425051.74716222
1547,1965230.87704506,2407068.74584059
1548,1963746.6159106,2407404.539952
1549,1963774.8750284,2404926.74949205
1550,1960501.24706741,2403724.25023498
1551,1961408.87683883,2403680.7448076
1552,1962934.87079955,2403386.7504225
1553,1959210.87445502,2406256.74792938
1554,1951818.87260121,2403876.74513099
1555,1951930.87887173,2403372.75121369
1556,1951774.87317351,2403015.49808877
1557,1952630.87061243,2399816.74517492
1558,1952602.8706948,2399788.7530573
1559,1950509.8762771,2398507.74385081
1560,1949368.87005876,2398178.74734368
1561,1950432.87292862,2397884.74595859
1562,1950068.87289946,2397772.75118808
1563,1960694.87698931,2408272.7558986
1564,1952490.87152429,2413844.74370658
1565,1950811.57916705,2415979.75785073
1566,1950810.8727666,2415958.75393751
1567,1950334.87336693,2421320.74571327
1568,1947828.87578922,2419038.74567659
1569,1948024.87751262,2417484.74439823
1570,1959280.8772991,2404506.74892762
1571,1959021.35633571,2404559.82056104
1572,1990611.16522382,2442343.46564863
1573,1990584.84380725,2442413.16859251
1574,1990644.61604488,2442286.2443126
1575,1990189.14965813,2442979.80724925
1576,1990715.25878935,2442275.89080608
1577,1990896.01940316,2441988.04102486
1578,1990701.64858079,2441814.90491586
1579,1991216.36030483,2441528.31163543
1580,1991415.86923044,2441218.99364069
1581,1994434.87543113,2433248.75092283
1582,1994574.87611927,2433570.74632555
1583,1994252.87471654,2435180.74483917
1584,1992963.43490475,2437894.30754755
1585,1991648.87637714,2440626.74706782
1586,1993112.16709838,2425000.71813009
1587,1993368.79455995,2427160.27058969
1588,1992902.87046662,2425130.33301169
1589,1993370.87526126,2427172.75299754
1590,1993692.87616398,2429594.74222236
1591,1992724.56885436,2425024.8765453
1592,1991961.83517417,2423637.87697208
1593,1991582.65583544,2422960.82274582
1594,1991284.79004791,2422400.51819307
1595,1989903.99827861,2422930.82532694
1596,1990676.15336473,2423021.90068428
1597,1988634.26837922,2421181.86142584
1598,1987589.5708215,2420061.13782026
1599,1987426.80431903,2420192.48450295
1600,1986841.03525024,2419280.74662895
1601,1986049.44755188,2418298.51521056
1602,1985186.84860881,2417810.48800331
1603,1983509.10245255,2416114.41913551
1604,1983163.69243509,2415546.71287809
1605,1983217.26256881,2415600.60741203
1606,1980790.70034111,2413249.80023202
1607,1980953.22004343,2413953.07047478
1608,1980605.48922451,2411916.89849286
1609,1980758.13332061,2412160.40864617
1610,1980436.54341815,2411994.1596415
1611,1976881.27047984,2410004.708789
1612,1978102.06654842,2411466.53220932
1613,1976510.75264657,2410044.94311433
1614,1974387.83991004,2406115.92844072
1615,1976013.88173375,2409174.66136642
1616,1973707.3192816,2405538.34067709
1617,1974261.96513079,2404507.77362827
1618,1974179.50567888,2403280.98795592
1619,1992715.66564876,2417969.39830335
1620,1992214.53763326,2418717.19127415
1621,1991680.07009677,2415790.56823162
1622,1992034.50911992,2413853.37281201
1623,1992837.62352554,2411119.95859113
1624,1993432.19879987,2410846.49211896
1625,1991874.74111933,2407367.97702898
1626,1993385.36227038,2409339.67157031
1627,1992125.72107735,2406421.48183309
1628,1991798.50607134,2406464.31786006
1629,1990879.38919269,2405038.23806224
1630,1989900.94207668,2404210.04364083
1631,1990529.77087257,2404643.98531402
1632,1990946.51113494,2404981.97972682
1633,1990041.46186515,2402006.89675378
1634,1989594.32648364,2402009.99275573
1635,1981079.05362265,2416083.1119158
1636,1983005.56533553,2415375.16097009
1637,1979769.67919831,2415312.85703087
1638,1980438.79581956,2415845.06866593
1639,1980709.0383897,2415878.94038726
1640,1979058.94725085,2414780.30119558
1641,1977054.35268881,2416157.21976245
1642,1976951.13632382,2416355.32888718
1643,1976749.01549657,2416724.55041963
1644,1976805.20153195,2416609.81074739
1645,1976728.68288377,2417826.43531335
1646,1975205.19802463,2419178.77926475
1647,1975767.38157856,2419104.27421784
1648,1976021.59573861,2418851.22115853
1649,1975828.9144173,2418959.22322652
1650,1975832.7296197,2418865.09516726
1651,1975196.260019,2419371.95878637
1652,1975015.67090531,2421760.87459037
1653,1975053.25182896,2421577.83077513
1654,1975182.36021025,2421503.36792825
1655,1975363.23082412,2420356.45750618
1656,1975107.35086302,2422028.01765855
1657,1975179.75200861,2421486.89121788
1658,1988209.26161164,2421032.10613156
1659,1987608.91673368,2421208.71084274
1660,1987243.6123037,2421857.57215125
1661,1986142.42451042,2421028.60242935
1662,1985189.73401063,2419974.54556574
1663,1982409.41336021,2419964.07725915
1664,1983458.41812064,2419631.53214979
1665,1983687.28946473,2419644.67125806
1666,1981995.96369991,2421689.64794553
1667,1981142.80306279,2421854.62614939
1668,1980826.87356389,2422804.75074757
1669,1980880.2724975,2422755.47481654
1670,1980967.81015262,2422405.83799642
1671,1981037.52549651,2422202.19696821
1672,1980770.47622838,2423080.67522128
1673,1981037.74699665,2423893.77553319
1674,1989574.12097092,2423160.67207164
1675,1988297.85326742,2425971.67914138
1676,1988334.9879908,2425823.10974784
1677,1989354.58173271,2423279.62764654
1678,1989053.81604335,2424768.0398836
1679,1989295.94729579,2423766.53195308
1680,1989050.44034123,2424928.4589846
1681,1988342.20259534,2426602.19203833
1682,1989901.28137689,2428038.84164281
1683,1989499.87572418,2429513.68317133
1684,1973390.56138218,2404836.81353543
1685,1972970.80391791,2405104.61730403
1686,1972257.47866882,2406053.87710166
1687,1972660.11222231,2405284.73711743
1688,1972818.97862233,2405225.98868044
1689,1971778.65096736,2406298.2353555
1690,1971167.77758278,2406817.14148219
1691,1970790.72364539,2407220.33423603
1692,1970678.2748746,2407370.53503059
1693,1969615.23720533,2411153.37891217
1694,1969596.83779375,2411322.96531893
1695,1970179.46506056,2412939.84783688
1696,1987475.46474966,2431634.38480647
1697,1987529.79398387,2431646.13521387
1698,1987877.00450246,2431656.23442023
1699,1971380.3399166,2410739.20275141
1700,1971066.46381899,2410424.28245315
1701,1972535.81174405,2412220.9707843
1702,1984711.1073093,2405502.20245434
1703,1984557.0323123,2404852.9766456
1704,1990664.58775745,2397228.70954556
1705,1990805.69024629,2397569.83746033
1706,1991374.0262041,2398979.70744795
1707,1985958.70689476,2394367.15824401
1708,1986538.34555968,2394135.8808984
1709,1985792.67659023,2394831.14523612
1710,1989904.08537866,2439750.16821595
1711,1992123.594276,2436647.5031626
1712,1988810.68249028,2436821.68647226
1713,1986412.91278071,2435543.48866754
1714,1984359.67718805,2435546.33976933
1715,1985988.33291341,2436937.97644547
1716,1989103.55467467,2435638.14332713
1717,1990067.47588153,2435272.30329681
1718,1986723.4296762,2432973.86114977
1719,1987738.46231524,2432090.15719341
1720,1986267.80378935,2432890.07559702
1721,1985455.20997776,2432685.17406802
1722,1983850.56646752,2431223.17804758
1723,1988099.09184228,2434433.21856854
1724,1988632.78807829,2433355.80709023
1725,1988698.66161976,2436062.24199413
1726,1987846.95168354,2434773.57008282
1727,1987898.9860163,2434705.38773989
1728,1993655.59724052,2439123.73592157
1729,1991669.49749012,2440646.41148021
1730,1994598.93623441,2433554.23781516
1731,1994598.93023441,2433554.76831549
1732,1995687.63001983,2434244.6062498
1733,1993745.74499727,2429581.32941392
1734,1993746.70009787,2429577.41911146
1735,1994535.94829476,2430057.8071139
1736,1995710.12463399,2431696.33764547
1737,1996606.4645983,2432491.73724624
1738,1996133.79350072,2430166.52238234
1739,1995183.23650227,2429428.12331747
1740,1994859.69769858,2429575.08240999
1741,1992887.62085702,2425197.68195409
1742,1992868.92614524,2425465.11882246
1743,1991506.9848878,2425077.50477843
1744,1991676.85619475,2425067.02497183
1745,1991022.33378268,2425044.17855745
1746,1990845.69837147,2425375.50266604
1747,1990021.99235289,2413518.00470087
1748,1992246.96675368,2410492.53509612
1749,1990968.22944862,2408217.32506371
1750,1990180.93175295,2409879.12500993
1751,1989481.55211264,2409285.69503632
1752,1990155.52233696,2409874.41340696
1753,1989334.36381998,2408836.69375364
1754,1987795.48125114,2405820.55265476
1755,1988653.1479911,2411139.58270348
1756,1988337.79799257,2411275.45378902
1757,1987103.63211557,2412119.74842057
1758,1986202.99944855,2412237.86359493
1759,1985218.85192896,2410289.3506682
1760,1985658.28220562,2411437.43869101
1761,1985194.39981357,2410145.34157753
1762,1985544.47973397,2409386.55709982
1763,1986953.71582118,2407665.64711638
1764,1985842.97562189,2408881.23298169
1765,1986430.16179157,2413477.7054755
1766,1985471.91788828,2413350.44529538
1767,1983308.14672603,2410869.4306334
1768,1984241.09841339,2409350.21067694
1769,1984101.40982545,2408577.86079069
1770,1983606.74721402,2408248.24498317
1771,1985010.89109803,2408406.56008284
1772,1985471.07368775,2408816.95594122
1773,1984474.09346008,2407822.4482151
1774,1984340.15147575,2407530.3419312
1775,1984051.54259405,2407221.00853645
1776,1985613.91387768,2412264.07491143
1777,1986111.45019092,2412218.87738298
1778,1986288.77200256,2409168.78646272
1779,1988607.03356207,2411008.32772085
1780,1988550.88102672,2410855.89782488
1781,1988207.42021048,2409857.60039638
1782,1988003.74538226,2408076.423875
1783,1992271.79616931,2410261.06955039
1784,1992449.26358104,2409385.04379887
1785,1993737.54709211,2411112.57738648
1786,1993477.88812863,2410861.24422825
1787,1994774.86244517,2411236.85596472
1788,1996570.86177589,2410379.94352523
1789,1996017.56462755,2413766.87765756
1790,1994006.43026139,2413455.83846174
1791,1991484.54277368,2407264.49286383
1792,1991593.42104222,2407237.82264704
1793,1988441.07825759,2405148.02333136
1794,1988111.25384994,2403439.10625547
1795,1987630.7128474,2404975.38982267
1796,1986583.26708796,2405440.77721567
1797,1986692.63555682,2405067.76468083
1798,1985301.65208109,2406444.44214755
1799,1989496.8930223,2402013.23165777
1800,1989654.85162175,2398386.2201743
1801,1989917.99798742,2399929.74244606
1802,1989911.70068346,2399936.05885004
1803,1989539.36554904,2398054.03376517
1804,1988316.24057899,2398483.50983555
1805,1987650.79266005,2398187.97264949
1806,1986823.8070394,2397989.7561247
1807,1986225.14146249,2397973.79011465
1808,1979444.5255936,2396442.07925032
1809,1978997.05331188,2396388.18751639
1810,1977908.2469264,2396055.06530667
1811,1978629.89218073,2396286.61615245
1812,1976999.10885403,2393676.6800093
1813,1977693.31109108,2394062.38815213
1814,1985718.48854352,2399952.90156064
1815,1985742.80945883,2399821.81097811
1816,1978048.32991459,2393534.38061971
1817,1978738.341649,2396241.03772375
1818,1977944.11364898,2393335.21689432
1819,1978003.84258658,2393395.82393248
1820,1978189.45560344,2392728.18271215
1821,1977698.72439449,2391338.53873727
1822,1977888.82031417,2392065.1210947
1823,1975723.89935119,2396727.08532975
1824,1981360.79160003,2393433.37865612
1825,1979760.90609278,2392136.04423936
1826,1978628.5905799,2392267.16652191
1827,1979391.59596027,2391684.93415535
1828,1984098.01542331,2394680.08564102
1829,1983864.35597621,2395411.80270169
1830,1984202.52828911,2394570.04037173
1831,1983027.04104906,2394428.23728246
1832,1982901.43616998,2394598.81778985
1833,1983990.66945573,2393528.493016
1834,1985273.22456319,2391969.56963455
1835,1983220.8914711,2392575.87081626
1836,1982516.16632742,2392528.47098642
1837,1989511.04403121,2396795.6147729
1838,1989044.89433774,2395021.16675575
1839,1988611.50786489,2393231.57092907
1840,1988405.94773547,2392835.74397987
1841,1988173.82728934,2401953.27582003
1842,1988226.88802274,2401930.31950557
1843,1987050.22518194,2402361.47257701
1844,1987006.93915469,2402455.7974364
1845,1985094.97335097,2402697.13138834
1846,1985496.26920361,2402266.64411731
1847,1981280.62434956,2406218.99620561
1848,1982066.79694451,2405727.40899612
1849,1979253.06657306,2407167.33630266
1850,1983498.41764582,2401829.04634181
1851,1983496.05014433,2401907.71929134
1852,1983454.50121817,2401496.99513276
1853,1983462.43262317,2401501.22823543
1854,1983240.9144837,2400632.66978861
1855,1983249.62478919,2400633.49968913
1856,1981472.62287043,2401319.09332076
1857,1981551.5106201,2401326.56172546
1858,1981206.27100275,2401399.90587164
1859,1981256.18373417,2401378.63165824
1860,1980071.89298857,2401160.61932099
1861,1979532.18094878,2401677.20434622
1862,1980906.19301382,2401987.25534142
1863,1980275.66151686,2402432.46562171
1864,1981251.08853096,2399249.64481789
1865,1981657.53548685,2401111.20868988
1866,1981260.06573661,2399096.05362119
1867,1981245.68062756,2399200.65188705
1868,1981160.64397402,2399236.50820962
1869,1981130.72885519,2399062.15449985
1870,1977268.17182342,2401379.48425878
1871,1977247.72271055,2399428.86833072
1872,1976859.17726593,2399239.73771165
1873,1981344.67298988,2404174.31631834
1874,1981366.67640373,2404219.73984693
1875,1981027.36499011,2404011.82291603
1876,1981008.82787844,2404022.82232296
1877,1979541.63745474,2403421.39754432
1878,1980245.2351977,2403553.02212718
1879,1980161.38144491,2404767.94399207
1880,1979757.64789073,2405322.79734139
1881,1980799.52424667,2407924.34827926
1882,1990634.08953825,2401632.39201801
1883,1991532.42860382,2400862.80043349
1884,1993233.73017492,2405569.97659701
1885,1993469.52582337,2405783.26553129
1886,1994465.36965032,2405820.92285499
1887,1994501.72857321,2405728.13689658
1888,1994648.82826583,2405691.10967327
1889,1994503.24987417,2405724.25229413
1890,1994713.25380639,2405689.82067246
1891,1994650.13586665,2405691.61057358
1892,1996291.28869988,2409081.21210759
1893,1996267.37448482,2408728.37558545
1894,1993402.36598109,2404638.65841067
1895,1994050.64918923,2405471.8067352
1896,1994111.85782776,2403951.24567789
1897,1994711.50650528,2405578.25520222
1898,1994976.62257219,2404577.49817217
1899,1994974.98177116,2404574.41777023
1900,1995232.34573319,2402058.11608603
1901,1995642.99019172,2402671.3433721
1902,1993931.82041442,2398644.8076371
1903,1991364.55849814,2415474.16053242
1904,1987915.47612669,2416027.2033806
1905,1988343.59679622,2416844.264695
1906,1990674.87646393,2424552.73534805
1907,1990690.2383736,2423520.15699797
1908,1990781.5712311,2423303.7214617
1909,1990782.69373181,2423297.44955776
1910,1990726.11409619,2423109.19753924
1911,1990783.74893247,2423354.55789371
1912,1989915.17018564,2424946.23869579
1913,1988066.50452177,2428282.24909605
1914,1987341.33896522,2427875.82714018
1915,1987087.38700534,2422318.58724149
1916,1986026.79643762,2423196.11709396
1917,1986357.16584561,2422778.08013077
1918,1985341.5427062,2424647.98880802
1919,1986026.4510374,2423198.06099518
1920,1985439.63576796,2424927.86828422
1921,1985448.61817361,2425059.96836739
1922,1986151.39011606,2426780.27055045
1923,1986182.25463549,2426910.08093217
1924,1985752.86306516,2427869.78943638
1925,1986062.9834604,2427290.96347197
1926,1984100.29672475,2428597.66339463
1927,1983175.48774251,2428865.37366317
1928,1982591.56237489,2430437.14055272
1929,1987028.60386833,2425079.69647981
1930,1985063.55833119,2431050.39563881
1931,1984000.09286166,2429901.10001524
1932,1983896.32319633,2429878.87310125
1933,1984460.98905183,2430890.5985382
1934,1980790.28944086,2429549.54299391
1935,1986116.20439391,2426903.15612781
1936,1985358.34461678,2425036.10665237
1937,1985156.05948943,2425128.10011028
1938,1983958.56383552,2425794.21472965
1939,1982669.34982386,2425595.1015043
1940,1984675.33298678,2426970.59827027
1941,1983286.11471216,2422357.28386585
1942,1985246.22194619,2421169.00151774
1943,1984502.17237776,2420342.1932972
1944,1984088.92201759,2422234.45278852
1945,1984233.31380849,2422280.70511764
1946,1982648.03421044,2424319.51420122
1947,1979890.7085745,2423590.51024226
1948,1980641.09244692,2422594.13671497
1949,1978578.96774866,2424805.38630711
1950,1980875.28159436,2421632.87650978
1951,1980018.66985506,2421574.77977321
1952,1979041.69313999,2420943.39827571
1953,1979546.65345789,2423353.50529305
1954,1981463.84656491,2420900.53594872
1955,1981853.68531034,2419618.25374143
1956,1981529.94850652,2421045.00573968
1957,1979620.65870449,2417940.11448492
1958,1979945.62600908,2418212.95715669
1959,1979588.32688413,2418690.04585706
1960,1979681.78424297,2419636.76235308
1961,1979537.27645199,2419929.17463718
1962,1977835.15178038,2420381.22582178
1963,1983348.51625144,2417634.7920927
1964,1984938.91785272,2414237.84635407
1965,1983664.8527506,2415822.51455173
1966,1983584.11759977,2415927.74871799
1967,1983577.6444957,2415934.82012244
1968,1985046.45172042,2414147.3649971
1969,1985837.31661833,2414354.54482754
1970,1985858.3944316,2414304.59819609
1971,1985992.91601629,2414141.93409368
1972,1985846.68352423,2414732.58506554
1973,1985831.29951454,2414524.86313477
1974,1981215.38880849,2413022.89058916
1975,1981130.61145511,2412998.02297351
1976,1981820.97438975,2412782.6332379
1977,1976885.94458278,2412791.32164337
1978,1973732.90099771,2412032.94706592
1979,1976664.65984347,2411039.33874037
1980,1976861.06646712,2410340.31720029
1981,1976716.9808764,2410770.28177098
1982,1976736.61998877,2410725.22564261
1983,1972630.8794039,2409283.49873494
1984,1975068.65263866,2409775.0370444
1985,1972320.55980854,2406638.6276698
1986,1971700.79991835,2408473.92692525
1987,1972294.79889232,2406975.43078184
1988,1970658.266262,2409484.73156163
1989,1969530.58195204,2405869.56308562
1990,1970630.67454463,2406359.0758938
1991,1970702.24388969,2406155.85726586
1992,1970695.17038523,2405178.82105074
1993,1970561.88980132,2404662.8525259
1994,1972840.81383608,2405073.14358421
1995,1972749.50077859,2403740.98934552
1996,1973808.69034543,2404346.57232678
1997,1974016.17357605,2404480.29391097
1998,1974139.31825358,2403265.15924595
1999,1973587.42530612,2402187.42496744
2000,1973663.86225424,2402611.85053465
2001,1974166.68987081,2399144.0408514
2002,1973107.07800371,2401284.40429892
2003,1973699.67757679,2397544.07054411
2004,1974371.76139992,2396562.71772627
2005,1974884.56452277,2395293.73132735
2006,1973102.95060111,2394271.32108367
2007,1973227.85997975,2394272.37378433
2008,1973008.20434146,2401303.39351088
2009,1972900.5785737,2401375.56765632
2010,1972837.14203376,2401358.94194585
2011,1968796.74429004,2401429.93659054
2012,1968233.1413352,2402524.18257945
2013,1968781.78618062,2402570.37960854
2014,1969645.60292445,2404795.05620914
2015,1969903.41828677,2403713.07192795
2016,1968654.6912006,2400639.43679287
2017,1968675.31901359,2400644.85419628
2018,1968775.66207676,2400824.46670936
2019,1967023.41447359,2401170.68712733
2020,1972707.23135198,2397529.51113494
2021,1972419.05697055,2397554.35515058
2022,1971791.14677523,2397820.42201809
2023,1972074.63465371,2397614.63198853
2024,1970308.84244201,2398261.40339572
2025,1971524.10660711,2398072.81397699
2026,1970151.29504282,2398106.40369814
2027,1969326.71012369,2397382.56774243
2028,1969306.75821112,2397697.14794048
2029,1972801.09031107,2397768.22478523
2030,1972719.00225938,2397603.96258181
2031,1971409.54173498,2395497.48945563
2032,1972153.01470305,2396948.01166884
2033,1969725.63547484,2398734.74809373
2034,1968838.32971622,2399522.10078942
2035,1968704.95383225,2396442.3605505
2036,1973867.09568219,2395901.69921011
2037,1973506.10295492,2395339.17455596
2038,1975259.62155889,2393458.06757167
2039,1975063.93463569,2394629.78160935
2040,1975424.84986291,2392639.71315645
2041,1974021.63287949,2393344.03639987
2042,1973774.79952409,2393847.57161689
2043,1975093.34225421,2392819.68296976
2044,1974844.21519736,2398668.9424523
2045,1974833.98979092,2398489.17973912
2046,1973348.30455558,2401746.75289
2047,1973047.05316592,2402328.45365623
2048,1973720.45508987,2403012.55558692
2049,1974981.80308399,2401564.74737542
2050,1974731.8146266,2400946.79928637
2051,1975933.24378299,2409999.18008552
2052,1976097.23758623,2409841.35718615
2053,1976223.83716594,2409895.69332036
2054,1980397.14779334,2411965.32722335
2055,1980042.78307024,2409168.87876278
2056,1978472.75008179,2407908.99516959
2057,1978462.02697504,2407927.56328128
2058,1976837.46155226,2406671.24859034
2059,1977835.48778059,2407569.92495612
2060,1977869.57170205,2407583.69736479
2061,1977993.72278021,2407722.41765212
2062,1978024.34339949,2407764.80017881
2063,1980892.4921052,2416559.88741596
2064,1980815.81205692,2416671.77858641
2065,1976918.03310299,2416348.72188302
2066,1976076.24367302,2416445.02654365
2067,1975551.24494249,2416407.73942018
2068,1974834.29519112,2416764.02984449
2069,1973230.76958158,2418312.00391905
2070,1972027.49822403,2416653.93497517
2071,1974989.59638889,2419135.42303745
2072,1974240.12811704,2417268.78326227
2073,1974288.63474758,2421419.53107547
2074,1987456.44413769,2419824.81817148
2075,1987639.86975317,2419172.6622609
2076,1987653.24216159,2419073.06509819
2077,1987871.22829883,2418900.80328974
2078,1987833.25857492,2418935.69491171
2079,1987829.23817239,2418389.83076805
2080,1986085.67077469,2417128.61947402
2081,1992013.13620646,2423611.81155567
2082,1992107.71796601,2423491.4603799
2083,1992078.66554772,2423541.92971167
2084,1992087.70305341,2423543.68071278
2085,1992256.72705982,2423234.7796183
2086,1993238.4714779,2430657.96239174
2087,1993562.78528208,2430646.06908425
2088,1993618.95871745,2430653.608889
2089,1992823.18331645,2430688.04691068
2090,1992500.56541334,2430348.70179704
2091,1990461.54092962,2429096.96240898
2092,1992107.55986591,2430688.76841114
2093,1992505.93451672,2433303.63945739
2094,1992435.12897214,2431383.74274867
2095,1991585.6064373,2431869.86865472
2096,1994292.91584175,2433211.36569929
2097,1994398.83000843,2433227.98610976
2098,1993401.89838079,2433184.13818215
2099,1994405.24931248,2433229.0001104
2100,1992974.92931198,2433070.98191091
2101,1991475.42926794,2434521.7774243
2102,1992850.24973349,2434024.19261103
2103,1994222.32959731,2435162.51412769
2104,1993005.15613101,2436405.22741007
2105,1992924.90288049,2437880.44753883
2106,1991376.8911059,2433760.61924509
2107,1990164.49964261,2433537.08320436
2108,1988090.87953711,2392783.88664722
2109,1988315.52507855,2392684.76818482
2110,1987630.99474758,2394526.89074457
2111,1991294.72435417,2422392.58178807
2112,1979287.2869946,2412934.86263374
2113,1978850.88601986,2412619.56823524
2114,1984985.50038205,2396932.65185917
2115,1983929.153817,2395502.79245897
2116,1980365.11517318,2411978.07003137
2117,1980229.68808791,2412066.76268721
2118,1968641.48279228,2407150.52249208
2119,1969256.78047966,2408205.2413561
2120,1983979.76534886,2404943.15040237
2121,1990488.07624632,2420442.94396063
2122,1991328.1270752,2422371.75557496
2123,1968660.54740429,2404066.13325023
2124,1986144.50781173,2402814.23566206
2125,1989861.41055179,2399986.42928175
2126,1983823.10975024,2395718.17529457
2127,1983547.16127651,2401546.41236388
2128,1983169.66673885,2400625.90388435
2129,1982637.12230357,2400934.50007863
2130,1982634.74220207,2400936.13967966
2131,1982539.12564187,2401001.93902109
2132,1982274.12267504,2401058.91825696
2133,1982181.26041657,2401044.19454769
2134,1994939.48734882,2404507.61212817
2135,1994937.14854734,2404320.45451034
2136,1994906.02442775,2404217.27224538
2137,1995621.57927825,2402790.60134718
2138,1990454.38012511,2420432.23005389
2139,1989360.73623658,2418669.11394388
2140,1978670.9892066,2410252.09804475
2141,1978350.24020466,2408121.15570316
2142,1993909.33470026,2422358.64006671
2143,1994291.0884406,2421677.06843761
2144,1994122.47093444,2421436.64608624
2145,1987743.59181847,2432041.28066264
2146,1989772.41269576,2432249.932594
2147,1989914.91178548,2432602.8690162
2148,1989914.74438537,2432627.42053166
2149,1990135.87272459,2433526.86079792
2150,1989767.45289264,2432247.28229233
2151,1983542.87477381,2415972.74964632
2152,1983052.87656532,2415300.74642324
2153,1980966.87265203,2413046.75520419
2154,1976353.87584781,2409987.74487832
2155,1993476.86712799,2410820.77200277
2156,1990140.94962778,2433550.92351307
2157,1986174.87503085,2412206.74787534
2158,1985712.87503998,2409084.75230982
2159,1978824.47660323,2396372.35550643
2160,1986209.87935289,2402749.74692146
2161,1983066.87167413,2404296.74979541
2162,1983948.87592942,2403484.7515842
2163,1983276.87810634,2402543.65789171
2164,1973882.87349213,2403064.74731978
2165,1974855.8717047,2394909.7401856
2166,1973700.86957754,2394608.7446961
2167,1972328.87321377,2397436.75207654
2168,1989317.8726096,2401993.7440455
2169,1981750.87584561,2401160.74152107
2170,1990350.71585985,2443316.08806096
2171,1978241.34273611,2479965.87953471
2172,1970522.72857667,2478908.6516691
2173,1970396.84889742,2479835.33605252
2174,1970942.97804125,2478645.74830359
2175,1972886.42466479,2479533.60026255
2176,1973693.40377284,2479684.53695758
2177,1972724.01786254,2479691.45136193
2178,1971412.85273707,2481285.79316569
2179,1970754.30402246,2481364.80231543
2180,1971018.76998896,2482190.57403531
2181,1971309.40967194,2480581.97952259
2182,1977212.19558818,2480680.9590849
2183,1977058.75169158,2480640.16595922
2184,1977012.52796248,2480451.21494026
2185,1971242.67302993,2483425.65571289
2186,1973550.21028269,2480399.30130758
2187,1973113.38550768,2481514.72780982
2188,1973980.25745344,2481004.75318875
2189,1974361.75499362,2481507.50180527
2190,1974665.98018515,2481316.01218471
2191,1972006.77241099,2483707.52299035
2192,1974326.38547135,2482045.03384369
2193,1973973.00304887,2483378.07128293
2194,1972366.37453738,2484016.8688851
2195,1976346.43574312,2481867.13053168
2196,1976556.3868753,2480897.6185213
2197,1975850.06993062,2482666.68483506
2198,1975889.35265535,2482546.54175942
2199,1977160.92855591,2481702.53152806
2200,1977097.72611611,2481852.24712231
2201,1977255.32471533,2482401.29646798
2202,1977492.32886454,2482453.55200088
2203,1977675.38037979,2483902.37551302
2204,1978694.34712131,2484455.11186101
2205,1979788.5701102,2484319.71337577
2206,1980054.63897771,2484173.55958375
2207,1981623.20706524,2484161.15747594
2208,1978458.56397286,2481351.5657071
2209,1978289.20256624,2482315.97691427
2210,1979487.60662072,2481285.75416566
2211,1980707.80638893,2481048.76981647
2212,1980405.46389858,2481529.70751925
2213,1980564.20859852,2481885.75884341
2214,1980715.27179363,2482203.21514327
2215,1980835.08886906,2481643.91219115
2216,1980807.0450514,2481208.9379173
2217,1981294.01835799,2481765.88576794
2218,1981040.24839822,2481305.11177785
2219,1981346.83559124,2482235.79696379
2220,1982152.44799843,2482420.18357987
2221,1981784.6848669,2481896.30445005
2222,1980065.06948427,2482921.33059538
2223,1981206.66170299,2482922.60189618
2224,1979706.07805827,2484818.33988969
2225,1977265.81892194,2485960.30520864
2226,1977487.94546179,2484185.59489133
2227,1977505.80547303,2485173.17521308
2228,1976684.30945584,2486527.42656568
2229,1976010.17113142,2485994.7144303
2230,1976730.21298474,2484658.49608905
2231,2017184.87165393,2471860.75083193
2232,2018780.87755873,2471048.75252072
2233,2014594.87362333,2472196.74134346
2234,2021342.8787717,2470712.74490918
2235,2013866.870065,2470054.75339492
2236,2011752.87123408,2469228.75027489
2237,2012403.87364393,2469221.75227049
2238,2010450.88071438,2469256.74759252
2239,2011458.87444899,2469354.74775422
2240,2009490.28820962,2467389.34361685
2241,2009229.23454526,2468358.63442709
2242,2009648.12810899,2466803.25984787
2243,2005187.04240041,2471051.37782237
2244,2008830.52019424,2469839.05965913
2245,2010332.92054012,2469340.22894508
2246,2014621.75484025,2472709.79696647
2247,2014472.89234653,2472235.33906776
2248,2013851.03665503,2473787.51794497
2249,2012850.34772502,2473984.98616929
2250,2010800.69723462,2475060.27684627
2251,2009173.73561032,2473290.64453215
2252,2008110.02314064,2474773.26646557
2253,2008428.4383411,2474544.55942159
2254,2007100.383505,2476263.13710356
2255,2015071.57552345,2468005.80020496
2256,2015066.38852018,2468073.2228474
2257,2012973.4120025,2467908.67434381
2258,2014444.62122874,2466620.85613303
2259,2013958.66812279,2469777.13572014
2260,2014719.57650184,2469112.30710158
2261,2012119.67326501,2467650.92928154
2262,2012244.0343433,2468891.75786273
2263,2011761.72063965,2467262.75873716
2264,2012108.97665827,2466096.71110304
2265,2010294.89141617,2468215.45343695
2266,2011637.52906146,2469092.76868928
2267,2010875.53498173,2471152.30468591
2268,2011381.39810021,2469526.34886225
2269,2015730.37243821,2474248.88883544
2270,2013743.78648751,2474309.05807332
2271,2013936.6022089,2474737.16314285
2272,2014064.45208939,2475356.78913295
2273,2014076.93969725,2475677.80093504
2274,2014332.19675796,2476744.86410684
2275,2009254.76686134,2478622.39768889
2276,2015296.43656502,2474904.30244807
2277,2011657.69287416,2476581.53250401
2278,2008204.9474004,2473157.83754854
2279,2008214.18720622,2473210.63178178
2280,2009539.42804056,2472810.03802958
2281,2009601.11577939,2472765.86370177
2282,2008254.67083171,2472221.01385874
2283,2008183.36438681,2472241.98657195
2284,2005097.32504392,2472323.36452318
2285,2004930.16203868,2473542.85399094
2286,2007521.60807019,2474699.10681888
2287,2017528.93127054,2473626.83224381
2288,2017435.97061201,2472124.57719803
2289,2018762.22174698,2471700.46023102
2290,2018760.30044577,2471707.55733548
2291,2020299.3192147,2472391.62146615
2292,2021768.20963947,2472146.03171154
2293,2022749.88205751,2471629.74238649
2294,2021473.49815393,2472857.74525961
2295,2021796.23435712,2474120.43975457
2296,2022466.349179,2473123.87722716
2297,2022973.87409853,2471867.75443634
2298,2015750.50585089,2466918.98222072
2299,2015662.24739532,2467138.62645901
2300,2014012.16475647,2464459.96207259
2301,2015036.80010156,2466153.84713901
2302,2024906.65551536,2469067.03907308
2303,2024002.88104636,2469662.75234813
2304,2024922.64202542,2469036.95805415
2305,2007748.87211327,2460744.75073359
2306,2006096.87707322,2461304.75128615
2307,2003940.87311585,2461388.75263904
2308,2003566.23307999,2461867.20294026
2309,2003868.32427018,2461418.88205801
2310,2003869.25037076,2461417.50295714
2311,2000329.52114224,2465986.27553352
2312,2000365.48396488,2466310.65653774
2313,2000920.07221404,2467763.26485226
2314,2001019.42497658,2469519.73355809
2315,2001707.63760987,2470190.77308056
2316,2001444.70984433,2470879.43111412
2317,2001721.94721888,2472381.96816008
2318,2000454.88092116,2460730.74262477
2319,2000608.87441811,2459316.75533456
2320,2002358.87501987,2457174.75058601
2321,2001686.87729679,2453324.74846215
2322,2002036.87831715,2456376.74698361
2323,2000993.8748605,2452967.74973739
2324,1998394.35522391,2453379.76179679
2325,2000920.79061449,2453033.1999786
2326,1998080.80412651,2453242.80531056
2327,1995996.42471424,2454601.94226624
2328,1995926.43087017,2454980.00390426
2329,1995350.17260737,2455481.56322003
2330,1995222.1842268,2455568.93657503
2331,1994797.78595961,2455923.37589818
2332,1993110.61899741,2457806.20838356
2333,1992959.14170204,2460331.51167343
2334,1998886.87593399,2450972.74188139
2335,1995596.87916269,2451014.74370783
2336,1995316.87278641,2449334.74705015
2337,1993608.8767111,2445330.74752934
2338,1993118.87770261,2445330.74502934
2339,1990388.87048387,2443384.74560419
2340,1988276.36665389,2444579.81945658
2341,1988785.43747439,2444265.33155858
2342,1988890.87004077,2444000.74759201
2343,1988204.63200873,2444870.11543934
2344,1987114.04722213,2444895.58405537
2345,1987913.2804253,2445102.17818544
2346,1988203.19870783,2444869.7346391
2347,1985763.67007196,2445565.91457739
2348,1985732.52025235,2445703.05996374
2349,1985742.89685889,2445708.82766737
2350,1985375.08372732,2447760.17495884
2351,1985690.40202584,2446088.43920636
2352,1986291.67110438,2449208.67267078
2353,1986696.46925923,2451419.44176262
2354,1986609.58380453,2452708.34107408
2355,1986699.10866089,2451444.73667855
2356,1984859.08270246,2453968.28596731
2357,1984806.97406965,2454440.83596481
2358,1983225.96057429,2455517.85724287
2359,1982989.31782531,2456065.70958779
2360,1982815.82251608,2456395.04529513
2361,1981455.11525941,2457271.33144682
2362,1981506.06999149,2462340.96683853
2363,1981487.17417959,2462698.04816333
2364,1981228.50461674,2464186.15290021
2365,1980952.533743,2463650.48906297
2366,1981130.26075489,2463216.5971898
2367,1981833.89659788,2467214.11290653
2368,1981398.63092385,2468235.11564933
2369,1981416.331935,2468385.1691438
2370,1981316.88017238,2468612.49068691
2371,1980007.455348,2469708.27547679
2372,1980011.41025049,2470491.54686992
2373,1980550.17748969,2472677.1208459
2374,1980494.41325458,2472749.54649149
2375,1980927.68092735,2474505.43389695
2376,1987686.87698276,2442418.74819602
2377,1988081.59633127,2442976.45524714
2378,1984977.87297725,2441011.74651021
2379,1984732.873423,2441200.7497292
2380,1984186.87587925,2441900.7498699
2381,1981246.87722831,2443412.74592182
2382,1982394.87345106,2442446.75131365
2383,1983500.87874737,2441788.75079939
2384,1980168.87774963,2444140.75528015
2385,1980434.8763171,2443650.74527165
2386,1979720.87426758,2445904.74619071
2387,1979230.87585909,2445932.75190835
2388,1977480.87025733,2448914.74468573
2389,1977746.8729248,2448144.74950096
2390,1976752.870599,2450986.74999021
2391,1977606.87303666,2449460.75032948
2392,1976570.87578442,2451378.745137
2393,1976507.87604476,2452113.75569974
2394,1976290.87320814,2452498.75534213
2395,1975506.87671456,2453408.74581503
2396,1973826.87395687,2456012.74345444
2397,1972958.8748104,2456474.74864531
2398,1973616.87132466,2456124.74912496
2399,1972132.87469037,2457860.7489179
2400,1970984.87256762,2459666.74755491
2401,1970522.87697676,2460324.74746917
2402,1970270.87631811,2461906.75286516
2403,1970473.86964591,2461535.74823158
2404,1969787.87511402,2462697.75196315
2405,1970634.88084728,2465574.74257443
2406,1971152.87517339,2467898.75073756
2407,1971110.88004695,2467324.74527618
2408,1970970.87625881,2468878.74195454
2409,1970620.87033845,2469900.75389797
2410,1970249.87480489,2470901.75162817
2411,1970577.19151096,2471012.51919791
2412,1970290.58873052,2470960.26266501
2413,1970697.25678655,2472135.74760506
2414,1970578.87261201,2472042.75494651
2415,1970592.87832083,2471916.75586719
2416,1971015.24438674,2472542.48416113
2417,1971037.62250083,2472595.98629482
2418,1972444.92888683,2473328.72195613
2419,1972342.83902256,2474215.9453147
2420,1973350.86255719,2475035.61013074
2421,1973357.2359612,2475129.78879003
2422,1974066.31780762,2475539.83634819
2423,1970025.87466386,2471321.74399259
2424,1969458.87690689,2472238.75066991
2425,1969745.77578752,2462693.92536074
2426,1966687.57816216,2461077.92674335
2427,1969005.57922151,2462017.30983476
2428,1965537.77883828,2460604.79544548
2429,1964492.54498022,2459762.94131547
2430,1963642.97404535,2457876.42482777
2431,1961400.90073381,2456950.36854475
2432,1959926.47520555,2456302.15933665
2433,1959800.62952632,2456274.42121919
2434,1959696.01816045,2456305.0920385
2435,1957590.688335,2456579.33271115
2436,1959577.83158605,2456427.25181541
2437,1955612.46508956,2456707.25149169
2438,1955274.5249768,2457239.15412656
2439,1954794.32387448,2457049.75960732
2440,1954021.71158806,2456910.37711957
2441,1953977.52676025,2456830.11116904
2442,1953857.15508446,2456761.56132588
2443,1953719.62279788,2456784.74794048
2444,1951050.88111771,2455370.04744982
2445,1953671.19686739,2456823.64996497
2446,1950418.99951989,2455629.34351306
2447,1949065.7160679,2452501.37844378
2448,1949075.25827391,2452152.87362437
2449,1948325.40580182,2450971.4839806
2450,1948052.89773025,2449367.61347084
2451,1946553.37008619,2447426.98084907
2452,1946266.50400559,2445536.95395916
2453,1945805.19301516,2444319.44329265
2454,1945208.74123965,2443141.87315128
2455,1945114.39588025,2441221.89984252
2456,1945206.20393805,2441956.20200481
2457,1945129.29408963,2440323.646177
2458,1945118.97828314,2441197.20722697
2459,1945284.32938724,2438611.38639901
2460,1945228.60845216,2439489.03055155
2461,1944396.6956284,2435501.39884104
2462,1943987.38007071,2435249.98778276
2463,1944237.26232803,2435462.65571665
2464,1981267.029141,2439881.70359877
2465,1982403.74445664,2441021.28981622
2466,2001718.80101689,2449275.91201311
2467,2001718.00411639,2453228.37770148
2468,2001722.03571893,2453232.14910385
2469,2002252.97325319,2447302.44277067
2470,2002328.46310072,2448941.90780283
2471,2002359.14712004,2446457.77213888
2472,2002152.62679002,2445092.69987947
2473,2002308.24868799,2444785.16088585
2474,2002375.29943021,2443842.65819248
2475,2002515.67231858,2443406.65161798
2476,2001319.53816553,2442535.67676964
2477,2000991.90145926,2441349.75492301
2478,2000690.69346962,2440932.98146062
2479,2000281.29811188,2440100.85933674
2480,1999942.03829829,2438977.94852978
2481,1999694.98094275,2437871.79013338
2482,1998851.09741146,2433221.10520543
2483,1998999.0383046,2433946.16656191
2484,1999099.91606811,2431893.23406943
2485,1999158.33270489,2431821.55502431
2486,1998787.91957169,2430883.37393365
2487,1998513.36589884,2429414.00840858
2488,1998281.82795307,2428466.15581184
2489,1998495.94288787,2427866.58883437
2490,1975795.92489653,2451172.33190705
2491,1975981.04081308,2451419.70416279
2492,1976241.01087675,2451598.91917562
2493,1976522.3872539,2451407.38675503
2494,1974391.8987126,2449927.41662328
2495,1974715.63171641,2450666.25878844
2496,1974845.61789824,2450983.59578822
2497,1975360.01522209,2451112.17946918
2498,1975988.95651806,2451424.04616552
2499,1974390.51291172,2448013.20391814
2500,1973937.76992669,2446618.89954033
2501,1974481.94666929,2443593.67153572
2502,1974039.42209069,2443529.09249507
2503,1974521.78159437,2442419.89139674
2504,1974514.40838972,2443274.47893477
2505,1974555.17211539,2442402.31348567
2506,1974659.16268086,2441665.89562204
2507,1974690.73860074,2440936.68226295
2508,1974798.35246849,2440452.35915804
2509,1975293.51488023,2438281.03429103
2510,1975215.08583085,2438458.50660276
2511,1975172.02250374,2437790.49478219
2512,1975076.45144357,2437746.94825478
2513,1974888.69472536,2434691.37173107
2514,1974873.33081569,2437556.32383477
2515,1975048.10902573,2437715.73353513
2516,1974693.76610265,2433802.79287164
2517,1974857.96600602,2434271.19216654
2518,1974067.62300844,2433503.90388347
2519,1973023.24445093,2434043.75102334
2520,1971425.57544508,2434544.14933838
2521,1971340.88169176,2434936.71258553
2522,1984899.07982764,2440937.49996347
2523,1984608.95844499,2440130.87175564
2524,1984160.69866278,2439113.10121487
2525,1983896.5917965,2438720.51786771
2526,1983474.38403069,2438579.4569789
2527,1983273.87800446,2438016.02082418
2528,1982375.38903879,2435958.70812895
2529,1983025.77044825,2437405.56353985
2530,1981325.59457787,2435151.47352074
2531,1977611.82143977,2432072.24118213
2532,1978708.25333006,2432939.54172816
2533,1978747.37045469,2433087.39462125
2534,1978552.63073208,2433260.46023021
2535,2000433.70370783,2461850.66662985
2536,2000424.61850211,2460811.29207548
2537,1998866.42272111,2463036.37797634
2538,1997899.80971256,2463785.16764776
2539,1996612.8145023,2465241.58666468
2540,1993583.55959516,2450674.33039352
2541,1995481.46589003,2451082.78965067
2542,1992858.62433876,2450190.75078907
2543,1990031.39765881,2451141.20598745
2544,2005259.13404579,2477566.40852406
2545,2002748.09406491,2477745.43833677
2546,2002799.3815972,2477661.32618382
2547,2002504.97241185,2476974.1578512
2548,2001553.22681265,2477237.57291704
2549,1999685.51383679,2476859.25367886
2550,1999945.72660061,2477079.30431739
2551,1999679.11493276,2476854.46727584
2552,1998991.85400008,2476979.75945472
2553,2001059.11060157,2477393.47611519
2554,1997680.9961748,2477675.77359292
2555,1959645.07792839,2459782.85842801
2556,1958057.27732875,2460203.39899277
2557,1957839.53869167,2460386.57590809
2558,1955429.16987416,2463891.98551501
2559,1953870.96599316,2464805.96149042
2560,1952188.26643378,2465338.63402578
2561,1986636.28802134,2454163.99799052
2562,1987325.54525528,2455404.31037139
2563,1987053.09708375,2455969.13902699
2564,1986149.97301517,2455917.47229446
2565,1986296.70510755,2455974.8724306
2566,1986167.0182259,2458760.73988451
2567,1986108.61828914,2458843.07273634
2568,1985002.39119268,2462731.1879842
2569,1971682.08030657,2469950.00552898
2570,1970695.21728526,2469947.16702719
2571,1970694.65488491,2469941.03252333
2572,1973845.88986884,2470204.26448905
2573,1974054.19339998,2469921.25231087
2574,1974987.57588762,2469317.90753102
2575,1977577.76241833,2468427.15847023
2576,1979151.51760913,2447325.56868523
2577,1979727.00947144,2445963.46372768
2578,1979382.71155468,2447458.27536877
2579,1980012.57835123,2447535.48371738
2580,1980225.25078512,2447856.24511933
2581,1980697.20648225,2449030.92275887
2582,1981215.40410849,2449726.14939657
2583,1981103.35173795,2449577.47350297
2584,1981566.90112979,2450350.70918977
2585,1981738.44353779,2450747.79023977
2586,1981608.63625607,2451207.68952931
2587,1981858.42881333,2453069.84530167
2588,1981619.72706304,2451490.82680756
2589,1974582.26413244,2462029.97954274
2590,1971020.06748978,2459760.9282142
2591,1971027.26309431,2459751.05490799
2592,1975130.57047765,2462296.98091083
2593,1977056.60329022,2463368.07578517
2594,1972676.38363255,2455358.31064243
2595,1972887.2407653,2456434.47741996
2596,1972899.64297311,2456437.77492203
2597,1972319.00370755,2455326.94382268
2598,1972272.87377851,2455372.84065158
2599,1969069.87376199,2455536.03825432
2600,1969246.95637348,2455537.56055528
2601,1968178.23770064,2455402.66447035
2602,1966449.19001208,2454471.320084
2603,1966369.90026216,2454057.02272317
2604,1964837.77089757,2451051.2165308
2605,1965860.93434172,2453131.26544034
2606,1964415.27903158,2450253.75342873
2607,1947065.74480877,2460613.70975109
2608,1945737.76857271,2461248.1237505
2609,1941460.69197997,2443163.24746474
2610,1942107.06148691,2440945.73326865
2611,1999608.62298838,2448196.97623384
2612,2002109.75856303,2429488.29215535
2613,2001656.0733774,2428960.12152283
2614,2001991.6925887,2430609.55506126
2615,2007758.79501951,2460551.09661167
2616,2007754.82721702,2460550.39251123
2617,2007847.13037513,2460201.77929175
2618,2008437.45094678,2459211.60776836
2619,2009477.97520187,2458254.91056605
2620,2008260.2215352,2458653.55261703
2621,2009952.99700093,2460781.51875674
2622,2005696.97652145,2459117.56360915
2623,2005962.1491884,2460964.09157168
2624,2005975.28459666,2460970.08067545
2625,2004463.59364494,2454824.04930607
2626,2004822.58937096,2456235.09849443
2627,2003952.30312305,2456761.14622562
2628,2002417.49515677,2457074.68542301
2629,2004622.66704509,2450543.65491125
2630,2004991.93317757,2451896.66606307
2631,2006868.30845889,2452658.74464285
2632,2006244.33516605,2453690.03399213
2633,2002951.80769316,2455090.87977406
2634,2002079.78394416,2456296.33273298
2635,2002083.27704636,2456304.87373836
2636,2001672.84818796,2446638.94705295
2637,2001312.54886113,2446822.83426872
2638,2000377.79547263,2443426.28933034
2639,2000042.37166146,2442756.89780891
2640,1998559.97422818,2441862.05054554
2641,1997848.54518028,2441737.45086709
2642,1995794.58938717,2439943.10153742
2643,1998001.59367664,2443164.97726583
2644,1997193.08056762,2443577.93162581
2645,1996070.29266074,2443954.21356271
2646,1994829.93347985,2444788.42518791
2647,1999995.18573175,2444024.89890721
2648,1997220.16678467,2440269.79074309
2649,1997245.81790082,2439842.72127422
2650,1997073.46609231,2438740.72618044
2651,1996737.73318094,2437936.26297397
2652,1996243.9985701,2438266.94448216
2653,1996008.13782161,2438641.94171824
2654,1995714.98393705,2438910.64288741
2655,1997812.27415745,2434435.07406971
2656,1995998.96341584,2434636.4565965
2657,1998612.38586118,2431791.62550546
2658,1998505.24699372,2431294.50819249
2659,1997431.6199178,2431959.40421109
2660,1998512.57929834,2431696.0676453
2661,1997750.0896183,2428324.83372286
2662,1997515.0114703,2428747.58308902
2663,1997356.71527064,2428940.99611078
2664,1996029.61103513,2431032.65772764
2665,1996650.34962593,2429478.3716491
2666,1996365.08244633,2429609.05303137
2667,1997120.79212211,2428157.55251755
2668,1997288.61882777,2427781.92448106
2669,2000351.72245622,2429018.5340596
2670,1999184.94912165,2428758.91789615
2671,1999043.16893239,2428771.19230388
2672,2000958.64873832,2428754.56059341
2673,1999650.84801497,2431826.57292747
2674,2000701.23397626,2431817.05412147
2675,2000842.65376529,2430743.5100456
2676,2001347.97018343,2440265.07534013
2677,2001792.14686307,2438939.3706055
2678,2002627.26098884,2441761.64228232
2679,2004095.88771344,2447018.4886919
2680,2003506.39834232,2449530.13327316
2681,1998854.76541377,2449283.3609178
2682,1998969.26058586,2450806.24227657
2683,1998975.81298998,2450811.44127984
2684,1998604.7943564,2446803.38715648
2685,1995378.90512546,2449301.18682902
2686,1995378.41452515,2449303.8474307
2687,1999397.11135522,2446528.96998371
2688,1999526.41133662,2446436.63312558
2689,1998583.91534325,2446403.56780476
2690,1998411.47493469,2445116.4210944
2691,1993601.51520646,2445229.86936583
2692,1993609.32471138,2445232.38156741
2693,1994187.66737549,2442466.47742607
2694,1994869.36480467,2442269.05470178
2695,1994165.47136152,2441860.45124453
2696,1983921.97381248,2439599.71642123
2697,1983752.28460565,2440456.25766049
2698,1977173.74766397,2433920.48284574
2699,1976232.32007128,2430333.10498722
2700,1977069.95779863,2430915.79895407
2701,1973505.18915435,2424444.9695802
2702,1975450.8829793,2429333.00175758
2703,1979094.90397348,2429808.42425689
2704,1978568.18704188,2431646.45771407
2705,1977124.60893304,2426770.38774423
2706,1977511.67317672,2427204.7619177
2707,1976991.69214936,2426172.78206799
2708,1976788.70902156,2425633.42202842
2709,1976293.29890967,2422895.72770484
2710,1977116.41792788,2420227.06122472
2711,1976113.83219668,2422596.05961618
2712,1975178.80200801,2423634.01466965
2713,1975759.94757389,2422502.99755759
2714,1975770.05508025,2422455.5264277
2715,1975425.19886313,2427540.25962892
2716,1977511.86667684,2427233.87603603
2717,1978712.78883291,2427774.18727619
2718,1978871.96783313,2436348.70017448
2719,1981309.46976772,2435163.06522803
2720,1978405.22483928,2436375.59189141
2721,1978108.57775252,2436381.48229512
2722,1976742.26829233,2433893.2562286
2723,1976803.8556311,2436574.65381673
2724,1982579.22406712,2433614.67655321
2725,1982055.5102374,2438031.2962338
2726,1983003.6027343,2437627.0583793
2727,1981160.21197375,2437645.76439108
2728,1979912.76168839,2438676.45663997
2729,1979964.11602072,2438433.62218709
2730,1984983.40278073,2437192.35310562
2731,1985258.83265413,2438211.92434752
2732,1985197.77701569,2439702.71978608
2733,1980685.97967518,2441570.29226186
2734,1980173.4284525,2443443.56244122
2735,1980386.63688673,2443624.36345504
2736,1980407.41939981,2442305.38602465
2737,1980138.36673042,2443201.59618888
2738,1979870.78956196,2443796.83336363
2739,1980086.57909782,2444184.5179077
2740,1979649.23702248,2441924.48898485
2741,1979422.17347952,2442908.50830436
2742,1979132.11139691,2440674.28649775
2743,1978398.96113534,2440051.49630566
2744,1976838.52215293,2439967.96365307
2745,1977148.09724783,2442630.34772924
2746,1977417.85041765,2440983.52039244
2747,1979791.97041234,2438895.57947793
2748,1976256.30618638,2444495.43290345
2749,1979378.66945213,2442944.54272705
2750,1979195.11673658,2445891.10178212
2751,1978991.13570815,2445744.4626898
2752,1978654.48779621,2445221.60866063
2753,1978316.70878355,2444516.02411641
2754,1978005.9421879,2444663.57740931
2755,1977154.4034518,2444900.27745833
2756,1975874.95474629,2446395.41659963
2757,1977681.4328836,2445719.50217409
2758,1976567.6610824,2446914.95422671
2759,1977691.45338991,2448133.08049361
2760,1975823.53881392,2449207.68047015
2761,1977427.38012366,2448951.2271087
2762,1973433.11960897,2449662.39925643
2763,1972946.60550268,2449694.52977666
2764,1973128.99971751,2447963.9036871
2765,1973294.78772188,2449475.00243845
2766,1972171.15271447,2448119.29578494
2767,1972981.96802494,2445714.2862708
2768,1972189.69762615,2442635.22553231
2769,1972662.44232377,2441459.52809212
2770,1974007.44957056,2436668.87827605
2771,1972897.79827195,2433606.66544817
2772,1972196.21923025,2432719.95848992
2773,1972761.21408596,2433391.19241251
2774,1972770.803792,2433392.37561326
2775,1974450.63634958,2434819.57161178
2776,1974763.36134646,2434502.64441225
2777,1974200.87529233,2434976.00201026
2778,1973496.73084902,2435671.10384788
2779,1973983.23055531,2434900.4450627
2780,1972894.58236992,2435449.81180856
2781,1974319.38136694,2436066.44299678
2782,1973720.99349021,2438955.45881562
2783,1974795.20576651,2440031.16509286
2784,1974616.60025406,2442417.31319512
2785,1974618.37435518,2442417.74259539
2786,1975871.50414412,2441860.7135447
2787,1977282.86263267,2441600.704681
2788,1975768.96947956,2440947.85776999
2789,1975528.04862789,2441452.32308759
2790,1976915.07840112,2438547.40895873
2791,1975563.35735011,2444134.42477617
2792,1975593.00426878,2447005.28728359
2793,1969660.08563357,2453802.43226289
2794,1971048.88430792,2454984.70390722
2795,1965668.27992044,2454483.11459143
2796,1963766.87612336,2454039.98391245
2797,1963520.35916816,2454094.18744657
2798,1962770.25299592,2452764.47650942
2799,1962809.68282074,2452663.89384609
2800,1961642.29258578,2451591.81547114
2801,1965768.24028337,2455166.94242195
2802,1965113.23127099,2455504.89063471
2803,1965791.36819793,2457636.98467702
2804,1962279.87138718,2454405.31184245
2805,1961878.00813418,2454265.58005447
2806,1960868.20829844,2453657.38837157
2807,1961039.2176061,2455284.16529575
2808,1962631.02800826,2450498.90938308
2809,1962676.80423708,2450254.73932935
2810,1962774.16039838,2450002.96217084
2811,1960924.55093391,2451303.18788943
2812,1962831.90283473,2452738.38479299
2813,1963971.77835236,2452820.76574486
2814,1965143.76099021,2450391.94441574
2815,1965125.38187864,2450133.58895308
2816,1968254.37914858,2456386.56178979
2817,1969421.57578341,2456016.45945678
2818,1970443.67002689,2460387.66260878
2819,1961897.51364646,2460590.23723631
2820,1962691.61644641,2458149.81459989
2821,1957709.54960983,2462663.06134131
2822,1957987.85018504,2461244.11304798
2823,1955104.82466996,2465655.24742511
2824,1952741.04608179,2464744.39445166
2825,1956382.30287423,2461274.38976704
2826,1954705.42671851,2462989.09164657
2827,1954198.13779914,2462634.1488231
2828,1955299.7709927,2461758.74287197
2829,1959664.6314407,2461290.55767721
2830,1958147.25288539,2458626.73450014
2831,1955253.43776352,2457299.63966464
2832,1955824.93402332,2457787.62897186
2833,1956561.68238716,2459705.35397921
2834,1955036.09912669,2459460.83022527
2835,1953400.29679684,2462113.1584951
2836,1953342.77736062,2462362.11785184
2837,1954529.96520805,2459668.66115611
2838,1953849.25447949,2460680.94239342
2839,1952818.45503052,2461147.13938692
2840,1954388.97101928,2458604.42078609
2841,1953679.59637268,2457517.73890195
2842,1953395.48069381,2459077.78568411
2843,1953207.87287569,2459126.24751462
2844,1951858.74642632,2459910.26920822
2845,1952695.315753,2458672.20352877
2846,1951485.59889139,2461351.80511578
2847,1950626.98135083,2462415.01268514
2848,1950112.9290272,2461469.40628981
2849,1951903.64975459,2462752.7851978
2850,1952129.29829665,2463683.39998369
2851,1952457.62430336,2464123.41426071
2852,1949074.96477372,2459924.12271694
2853,1946328.80214481,2462448.90820648
2854,1945730.47346812,2463900.47842035
2855,1946128.86211893,2462515.77534858
2856,1949365.81775684,2461938.67498525
2857,1945403.38996219,2463512.23377592
2858,1946018.40294939,2462368.38645579
2859,1950228.10649971,2457858.19171629
2860,1948939.24928828,2456136.43413232
2861,1948382.86493799,2456079.21449629
2862,1947117.37324127,2457518.87300266
2863,1943812.80936081,2458975.62071979
2864,1941496.98800283,2460823.228683
2865,1943111.09571902,2462735.42308686
2866,1948960.33560155,2458779.67709643
2867,1947058.41800416,2459495.72194723
2868,1940378.12589842,2461284.80657359
2869,1938728.92626013,2460081.05021574
2870,1938671.00612366,2460897.12322952
2871,1942276.78909377,2458210.30073797
2872,1948346.9734154,2455312.59731365
2873,1947966.83827607,2454746.94795753
2874,1947776.14015602,2454386.12163037
2875,1944770.25146359,2455144.73400797
2876,1943855.2030875,2456691.04958149
2877,1943902.15781706,2456922.24642704
2878,1942282.83669757,2455895.18848043
2879,1939440.98420842,2456453.23863177
2880,1941156.16918826,2457191.26459641
2881,1945714.64935815,2452700.87816938
2882,1939426.57869935,2452961.21383328
2883,1944096.22443924,2450444.41334877
2884,1942264.07098576,2449765.84912156
2885,1941659.94180542,2451078.87864821
2886,1942244.36337335,2451932.4502856
2887,1940400.61461258,2450303.48366004
2888,1946656.44515108,2450638.86677119
2889,1946489.10394573,2449323.52524309
2890,1946682.28976735,2449202.10246664
2891,1946883.82449424,2449259.66070288
2892,1946181.14945185,2449354.46776257
2893,1944701.54792033,2448603.83448999
2894,1942751.20879245,2448029.20352822
2895,1943992.16877373,2448905.35187982
2896,1943912.30502345,2446448.9072333
2897,1944400.20083061,2448277.6013846
2898,1943399.85000082,2445891.07888211
2899,1941175.72160057,2444532.82832699
2900,1943037.73687284,2444683.48112184
2901,1943215.90178501,2444589.83696288
2902,1946643.89654319,2442184.23204838
2903,1945475.27600745,2442516.94455784
2904,1943566.22070556,2441583.24037001
2905,1942521.59564789,2440966.27718158
2906,1942750.07709174,2442727.88619065
2907,1942111.0154894,2437154.11598155
2908,1943839.39507755,2434815.64080931
2909,1944135.73176411,2434517.77782178
2910,1944225.04262034,2434374.66283168
2911,1944207.77880947,2433918.85004471
2912,1944115.55765141,2433791.96526483
2913,1944090.32463552,2432563.3164913
2914,1942929.05890442,2434866.99804164
2915,1942112.61179041,2438825.21653363
2916,1945055.24994301,2440006.19097714
2917,1946578.74680217,2441681.708632
2918,1951120.69516166,2452359.30995434
2919,1953721.33999896,2456831.53256993
2920,1952681.16504409,2457015.38558568
2921,1951437.6432612,2458680.08243373
2922,1951676.25041142,2457900.32624282
2923,1953627.86004011,2455576.39967973
2924,1952965.99602341,2453493.33806829
2925,1952559.91266775,2451609.41968223
2926,1952332.46792456,2455101.71258088
2927,1951410.94334439,2453053.47639137
2928,1958278.51816804,2454723.67874288
2929,1957434.59923673,2454557.7246384
2930,1956984.42785331,2454711.61193528
2931,1956347.26635217,2454444.08416686
2932,1955866.57304954,2454376.04502402
2933,1954796.92537612,2452096.17858868
2934,1954022.53428858,2452381.51616832
2935,1953908.69821691,2453690.59009248
2936,1955946.28079972,2451217.27373534
2937,1957606.29144482,2453097.44921905
2938,1957809.79347294,2453008.22236288
2939,1957954.30846392,2452845.43996039
2940,1956933.33342114,2452379.48206704
2941,1959045.38635084,2451969.65560902
2942,1959545.3504656,2452959.12413196
2943,1960089.75920834,2454226.99313018
2944,1958934.1477808,2454900.9704545
2945,1965819.38751557,2458814.22811818
2946,1966601.58920802,2458499.07171977
2947,1970683.60127795,2465874.39516308
2948,1970589.84721892,2465656.59372596
2949,1970067.81849027,2466688.80637581
2950,1969030.59423726,2466767.7247255
2951,1970895.00071104,2468869.13464849
2952,1970465.94054092,2468615.23708864
2953,1968586.10065742,2469831.48365436
2954,1969874.48296855,2468431.8796732
2955,1969928.90900281,2471280.08336636
2956,1975074.5846424,2471600.41366803
2957,1974362.92529435,2473988.12237127
2958,1975355.58911931,2474520.93410671
2959,1975467.50078977,2475044.7599365
2960,1977891.60171592,2473726.8876068
2961,1977945.58664991,2474705.70722304
2962,1976912.95279979,2476757.23951463
2963,1977894.907818,2472187.15753743
2964,1979873.67946378,2476411.33459686
2965,1980296.27592983,2477419.15983136
2966,1980425.45281116,2477976.60398231
2967,1982308.63669677,2477072.70031324
2968,1979916.23809057,2474319.20877971
2969,1980027.06616035,2478444.38367681
2970,1981443.95565239,2478767.16218003
2971,1979765.30609555,2478406.68855308
2972,1979635.89271408,2478628.68309284
2973,1979546.73995795,2480029.27607462
2974,1978821.77860153,2478772.18898319
2975,1974273.16103784,2475597.3500844
2976,1974269.83713575,2475649.31591711
2977,1974799.75246937,2478651.23970704
2978,1974316.86846536,2477880.75352197
2979,1974802.32977099,2478791.80939554
2980,1982298.90939064,2481160.51908682
2981,1980727.95160161,2481063.78492592
2982,1978570.23604317,2479001.44502752
2983,1977245.24500899,2479120.42990243
2984,1972105.82447334,2477966.01837565
2985,1971198.40140205,2475584.98417661
2986,1972657.97162096,2469334.19694128
2987,1975192.75251679,2469834.77845643
2988,1976670.70304727,2469433.95680409
2989,1977171.11876232,2469891.71169228
2990,1976514.15674871,2471295.13307583
2991,1972763.83258761,2468442.64977998
2992,1971199.64840284,2467966.90078047
2993,1971169.13548363,2467352.5690937
2994,1973624.81552966,2466940.072234
2995,1971172.59278581,2467359.83059827
2996,1974804.5596724,2465939.5528041
2997,1974918.05514385,2467235.51742001
2998,1970906.34441818,2466255.89140326
2999,1970858.8752883,2466190.75186225
3000,1972828.86592855,2466562.43879625
3001,1972468.28320154,2464445.07816322
3002,1970759.931926,2465566.93876951
3003,1970676.87787372,2465616.74780087
3004,1970320.23494918,2461965.70820227
3005,1970585.13021595,2463882.05390875
3006,1970317.27724732,2461976.85350929
3007,1970715.56779807,2463026.02906982
3008,1970528.99948062,2461602.25207345
3009,1970530.74588172,2461596.78087001
3010,1976325.42802989,2465209.15694426
3011,1976514.58574899,2463993.40807886
3012,1973646.38434324,2462712.02957214
3013,1974667.19708592,2458547.94445054
3014,1972186.15862392,2457905.67924619
3015,1978392.76393143,2461560.47924715
3016,1974697.06010472,2459134.68541994
3017,1974805.16557278,2458904.34187492
3018,1976645.9748317,2457912.46195045
3019,1976872.29677419,2457650.01958523
3020,1972858.28284707,2457449.66075909
3021,1973588.9813071,2456181.87486092
3022,1975374.86923145,2456470.54104266
3023,1973861.79117886,2456069.21448999
3024,1976619.02251473,2455423.45118344
3025,1975530.86342966,2453498.73027169
3026,1976310.11472026,2452577.29479158
3027,1977246.32650967,2454032.96930803
3028,1976299.51721358,2452589.78979944
3029,1979743.12898159,2455403.38867081
3030,1977595.41022944,2454371.34762106
3031,1978394.54553256,2457947.9590728
3032,1977363.61778351,2454486.97449386
3033,1976555.89747499,2452144.99111941
3034,1976556.67437548,2452139.88711619
3035,1978831.7377078,2452230.40617318
3036,1979964.12582072,2453791.48005599
3037,1979440.81999126,2452740.81029452
3038,1981197.11089698,2454845.23991941
3039,1980602.12502239,2455237.29666624
3040,1980264.78001001,2451990.52832216
3041,1979336.26602544,2451886.95725696
3042,1980902.83421171,2452056.68446381
3043,1981489.45038103,2451834.2839238
3044,1981214.40440787,2453390.76310371
3045,1978039.97120932,2451466.40859219
3046,1976791.17422312,2451063.69553865
3047,1976795.16922563,2451055.33463339
3048,1978272.02985542,2450512.90699189
3049,1977673.76047877,2449450.11482278
3050,1977670.33627661,2449447.54482117
3051,1981874.92192371,2446924.4685327
3052,1980052.77627654,2450268.9409383
3053,1980735.27720622,2449241.92599171
3054,1983014.81734136,2449608.61922257
3055,1978929.02916905,2450724.21232492
3056,1981231.49121862,2444742.00905869
3057,1981218.61641052,2443490.79717096
3058,1981797.90917522,2444693.98702845
3059,1983248.57558853,2444502.42440785
3060,1983529.11196515,2444222.55153165
3061,1983653.33064335,2443803.42056778
3062,1981521.9707015,2446709.2442972
3063,1984501.57317738,2443972.85807445
3064,1984121.27023795,2443171.43586989
3065,1983738.36289688,2443059.3029993
3066,1984155.72495965,2442017.31764329
3067,1984121.6634382,2443169.95216896
3068,1984164.28396503,2442011.74643978
3069,1985484.40069614,2443152.19405778
3070,1987597.13962627,2442403.72738656
3071,1988539.0969193,2446819.91686688
3072,1988596.03655515,2447146.96397278
3073,1988370.4198131,2447800.9232845
3074,1987741.61141722,2446941.60374349
3075,1986935.99381003,2448906.32458043
3076,1989946.8771056,2448721.11236382
3077,1987654.0486621,2447981.11419794
3078,1988794.1930799,2452793.20432751
3079,1989757.88618662,2452054.71906257
3080,1988718.50493225,2455046.50004612
3081,1986589.46989186,2459187.21755301
3082,1987948.66694758,2461096.22945487
3083,1988896.52564433,2461590.53126607
3084,1983356.75135663,2458404.48156022
3085,1984763.23814212,2457611.65426107
3086,1986889.29208063,2456488.73885412
3087,1986875.48117193,2456471.84604348
3088,1987364.73577995,2457079.9074263
3089,1984044.59678968,2457051.14640819
3090,1984064.92930248,2458206.28563544
3091,1981955.10457419,2464460.69617305
3092,1982120.49147831,2467266.30003939
3093,1982661.76321908,2468466.87339523
3094,1982619.03909219,2469110.95120073
3095,1981858.31021325,2470640.27336355
3096,1983098.78479422,2466029.78846091
3097,1985819.44550708,2469110.87380068
3098,1982898.99056844,2470104.82532645
3099,1983294.85831767,2470878.35241344
3100,1983310.52732753,2470967.0767693
3101,1985137.01337744,2471202.74661767
3102,1984049.26379262,2471620.0576804
3103,1985401.49134395,2470017.56127151
3104,1981776.66966185,2472613.80770604
3105,1982907.97477409,2471539.5311297
3106,1981359.6388993,2474117.87335296
3107,1984076.62080984,2472108.26478776
3108,1984527.25189355,2472980.84973712
3109,1981564.48352827,2476154.06193489
3110,1982754.66587757,2475153.59240502
3111,1986726.36037805,2470262.94572599
3112,1984945.22565669,2473059.90988689
3113,1983461.39282251,2473078.88769884
3114,1982613.21268852,2473538.48468819
3115,1982562.45525656,2474114.32305072
3116,1979767.16999672,2470870.75360866
3117,1979354.53863695,2471165.67869433
3118,1978322.41458714,2468978.71581748
3119,1979483.16171792,2465980.42062983
3120,1979412.26107328,2466040.8989679
3121,1979202.29674109,2466241.59549426
3122,1979789.44771075,2466608.68372537
3123,1981311.53576902,2462463.83941588
3124,1980048.69107397,2462911.34529762
3125,1977456.31444187,2465860.53195435
3126,1978287.83116537,2462291.18130718
3127,1979911.27398745,2461252.15075304
3128,1979871.61146248,2457115.83964892
3129,1979301.95710384,2457422.06864172
3130,1982766.82178523,2455052.53664992
3131,1982191.89152326,2453644.61136353
3132,1981619.95846319,2454521.20081541
3133,1983239.82668302,2454263.36215308
3134,1984347.27988024,2452364.87645784
3135,1984485.96626756,2452245.70188281
3136,1988223.94262089,2451476.2728984
3137,1984966.39347002,2448080.07516024
3138,1983906.03970245,2451142.91428853
3139,1983446.73841329,2451446.70227978
3140,1982847.467636,2453164.58166132
3141,1984100.78872506,2448744.04687826
3142,1984116.18553475,2448991.33433395
3143,1984100.47022486,2446036.93847394
3144,1983449.68661514,2446609.84473463
3145,1992623.32759062,2446575.37201292
3146,1993060.80406605,2445387.96106536
3147,1990905.73020927,2449636.15723991
3148,1993496.71084048,2447507.3996997
3149,1993433.13710046,2447569.86723903
3150,1992450.89148206,2448467.46920414
3151,1992057.46843437,2451321.33680086
3152,1991892.72053065,2451893.61636115
3153,1991028.70168669,2453261.26782219
3154,1991734.97333134,2449739.63590506
3155,1996033.6942377,2454979.66220404
3156,1996032.83933716,2455177.84942882
3157,1995805.26759389,2457076.23012399
3158,1996549.35276235,2457606.31705771
3159,1994299.15784568,2457926.41535924
3160,1994320.19855893,2462373.44175897
3161,1993796.00682891,2463314.79145162
3162,1993294.66801328,2463809.94496335
3163,1993781.78111995,2463601.9431324
3164,1990759.06181693,2465447.24189415
3165,1990900.11670573,2465350.16353304
3166,1989134.50029415,2466201.87726925
3167,1989256.0876707,2466128.68592317
3168,1988786.16907485,2466769.71562675
3169,1991030.00928751,2465353.24203498
3170,1991448.76875115,2466034.20606369
3171,1991444.3928484,2466023.80965715
3172,1991534.48600512,2466787.21003776
3173,1991461.92845944,2465614.52439947
3174,1991366.89519961,2465335.12822357
3175,1991353.72539132,2467968.66228157
3176,1992501.25031377,2471373.48932516
3177,1991899.11613468,2471005.75309365
3178,1993871.17727624,2472134.80970447
3179,1988711.53052786,2469407.86918766
3180,1990532.73157444,2468944.04139565
3181,1987340.00546438,2467957.20937436
3182,1987521.4262786,2468288.06558266
3183,1986093.85007984,2468065.70044267
3184,1985600.4484692,2467187.03988948
3185,1986169.26942732,2469999.04805985
3186,1986914.51429651,2469168.50253696
3187,1987767.40703346,2469045.64845962
3188,1989141.85049878,2471684.09642071
3189,1990410.88399773,2469778.90342125
3190,1988407.53713647,2473330.59935731
3191,1987576.50531328,2473660.46406498
3192,1989345.77152716,2467520.19089923
3193,1992275.77987182,2464938.69817399
3194,1992275.44587161,2464861.90132564
3195,1992288.54187985,2465505.51223084
3196,1995444.16156655,2463007.99445847
3197,1993940.30291976,2463644.43575916
3198,1996275.34408984,2463476.7806536
3199,1996456.62310397,2463609.99723747
3200,1995960.29619149,2465257.14947448
3201,1997056.18428143,2462543.32376592
3202,1993835.42065373,2465332.98592222
3203,1993939.81661945,2465948.18010953
3204,1994683.36898757,2466197.74776665
3205,1992611.8530834,2466396.27979164
3206,1993343.467044,2461609.02947772
3207,1992637.35329945,2463072.96469937
3208,1993153.0091241,2461568.55375223
3209,1992713.93734767,2462046.01565283
3210,1990424.51720631,2462794.45002403
3211,1990394.42618737,2462828.7076456
3212,1990532.5196743,2463659.26336849
3213,1989381.39314959,2462866.06456911
3214,1989173.67131881,2463995.08597992
3215,1987515.8680751,2464346.07790089
3216,1986033.13364161,2464894.04384588
3217,1986063.27116058,2465834.98633827
3218,1986244.73147483,2466126.20742161
3219,1987735.94361366,2466206.85007238
3220,1984880.95421623,2464155.27798077
3221,1987441.74472843,2464270.93175358
3222,1987105.39901668,2464041.74660929
3223,1985525.73222217,2463683.91938401
3224,1987982.01336857,2463306.69474652
3225,1993632.13952575,2458805.73701284
3226,1991718.84022118,2458015.05961505
3227,1990765.77322116,2458791.17950367
3228,1987855.10008867,2458787.80940155
3229,1994703.30040012,2455339.8360308
3230,1993003.59503003,2453801.9708626
3231,1990962.35614492,2454969.82279785
3232,1990807.4618474,2454381.58562751
3233,1993576.75409088,2456545.01168955
3234,1992553.25194651,2453424.570125
3235,1992524.82552861,2453004.23416036
3236,1994595.23953209,2453617.7160466
3237,1995783.56988023,2453806.75176561
3238,1995911.09096051,2454052.59472038
3239,2000553.14908303,2459287.64701624
3240,2000454.43912088,2457844.79060785
3241,1999700.27634608,2457050.0431075
3242,1998946.1408713,2456596.55072199
3243,1999036.86342842,2458936.92539543
3244,1997057.45768223,2459104.84820115
3245,1996669.59483805,2460659.49037991
3246,1998291.4194591,2460255.56312561
3247,1996468.31791133,2459703.49787804
3248,1997670.0391679,2458311.40480162
3249,1997614.29663281,2462089.79538039
3250,2003337.76833615,2467355.57739559
3251,2003435.78539786,2471166.83669506
3252,2000654.5938469,2470969.27697068
3253,2000554.54488391,2472767.44220276
3254,2000825.32255438,2472839.98384843
3255,1997903.44241485,2471713.25653907
3256,1995442.55066553,2472095.81727992
3257,1999598.18588181,2467242.44722437
3258,1999582.68627205,2467846.66270477
3259,1998096.98773669,2469088.45838657
3260,1999711.82765336,2469238.14978081
3261,1996819.98803273,2467902.4727399
3262,1998723.07133086,2466508.04946201
3263,1998897.29044054,2466501.82575809
3264,1997025.46056209,2466550.40218868
3265,1977263.40472042,2429435.62092219
3266,1975641.64669941,2429401.51720072
3267,1998211.13010856,2427040.07671401
3268,1998313.21287283,2425157.81612899
3269,1997601.66312485,2424424.41936726
3270,1998232.09482175,2424744.90466904
3271,1994929.10114228,2424332.10840915
3272,1999736.17756869,2423453.69145612
3273,1999702.49994748,2423738.33123532
3274,1994570.24871635,2423469.45336604
3275,1994281.91473483,2424025.65211621
3276,1996292.73510079,2421591.55378377
3277,1993950.10972593,2423691.73480599
3278,1977344.35977139,2480716.07550701
3279,1977936.34484408,2481123.3269634
3280,2024082.11109624,2472265.84798697
3281,2022644.8793914,2471510.74591158
3282,2017697.24937651,2466077.52369096
3283,1970781.87143982,2465833.74393749
3284,1945536.06474572,2461945.0990893
3285,1944687.34961139,2461144.46618524
3286,1966031.18894891,2453268.34402664
3287,2001147.44935719,2445781.09031286
3288,1978197.73580865,2427195.96531216
3289,1987264.01851654,2439375.48388006
3290,1987311.13344621,2441640.51330606
3291,1985832.1779151,2439260.2203075
3292,1987479.83645242,2437862.21522735
3293,1978676.13900984,2433523.27529567
3294,1978799.9751878,2433981.79678434
3295,1978899.31615035,2434119.19397084
3296,1978967.3844932,2434364.63752536
3297,1980802.70034867,2434917.59697349
3298,1979788.69461028,2432105.08410281
3299,1978962.75209029,2434136.02068143
3300,1993687.87436083,2470321.55626289
3301,1993812.40713924,2469066.86257297
3302,1995863.06153027,2469248.86678756
3303,1994839.39978581,2469995.45245759
3304,1994768.04074088,2470008.05916552
3305,1994570.81171671,2469748.88810236
3306,1994404.62601208,2469627.63982602
3307,1993914.61170358,2469075.73637856
3308,1993881.31848262,2466585.81681097
3309,1995473.61228509,2466224.41268344
3310,1993999.31495691,2466945.43653738
3311,1993861.80237034,2468892.30806308
3312,1993782.84802063,2466855.65858086
3313,1982710.01944946,2440920.09335251
3314,1983127.55391233,2440940.94666564
3315,1984604.62774226,2441171.38271071
3316,1982310.67909805,2439658.83735845
3317,1982809.22781193,2440851.22940915
3318,2015322.79218161,2478053.40043066
3319,1995805.07819377,2478138.34358414
3320,1995127.61336726,2476256.24899922
3321,1994689.67029154,2476329.2855452
3322,1994486.21296345,2476073.75408433
3323,1994286.33003761,2475824.45402737
3324,1994120.79003339,2476012.83454597
3325,1979100.60987708,2485978.91052035
3326,1981494.61518428,2485109.93507327
3327,1983259.19679521,2474787.88237478
3328,1984807.06106971,2473512.17547162
3329,1983549.93257825,2477190.32568729
3330,1982818.17341756,2475387.10915203
3331,1976796.20612628,2480570.38131529
3332,1974456.8746535,2480246.74931153
3333,1975607.65947801,2480254.4724164
3334,1974526.86919757,2480148.75644984
3335,1974526.87099757,2480106.74382339
3336,1974620.65205661,2479992.12745123
3337,1976836.87005189,2480190.75017628
3338,1976360.87415221,2479588.75109728
3339,1974648.5953742,2479957.98402974
3340,2008749.87794347,2473379.75178825
3341,2015097.43613973,2467534.93100851
3342,2014681.5577779,2466591.36711447
3343,2014999.93397835,2466212.68587606
3344,1945392.87215557,2442600.7430106
3345,1945147.87220133,2440059.75311086
3346,1974848.87070029,2440052.75270645
3347,1974876.87601792,2434564.74435135
3348,1983038.8743565,2437588.75035518
3349,1981313.44937022,2435149.6729196
3350,2001399.87651611,2477649.75287653
3351,1986720.87037459,2456208.74787784
3352,1980805.87725067,2449117.75161354
3353,1969493.87272893,2455991.75464123
3354,1971222.87951747,2455284.74739612
3355,1965986.87342101,2453366.7508886
3356,2005018.87179453,2453744.74902657
3357,1977620.87224547,2431946.74810313
3358,1975604.86967625,2429496.74396067
3359,1977539.29309411,2427225.59173081
3360,1979405.87266926,2442957.74713536
3361,1946190.87445797,2462452.7423089
3362,1944650.87498843,2448606.74829182
3363,1977382.87359564,2454374.7416232
3364,1978880.87263874,2452204.75385703
3365,1983136.8745182,2471340.74750455
3366,1993874.87047856,2463530.75438758
3367,1991368.86990085,2465280.74568933
3368,1992334.87110902,2464510.75340457
3369,1991634.87546832,2470586.74182985
3370,1990836.88086592,2469396.74268066
3371,1991102.86943338,2468696.74883996
3372,1991130.86155101,2468668.74772233
3373,1987882.87000616,2469046.74486031
3374,2001658.87407916,2474758.74565643
3375,2002540.87903445,2474744.74244762
3376,1978936.87387399,2434158.75259575
3377,1993874.87117856,2468976.75291624
3378,1993874.87847857,2466764.74552362
3379,1982856.87404192,2440892.75153529
3380,1984718.87391419,2473260.75131333
3381,1982821.87191989,2475185.74352526
3382,2002941.43358663,2427460.1756785
3383,2003215.65415927,2427197.57171317
3384,2002975.88740832,2427146.53288104
3385,2003044.82705173,2426977.10147437
3386,2002392.52854105,2426905.39192922
3387,2002701.0693353,2426212.67789311
3388,2001858.75780501,2427892.34615058
3389,2002470.68599026,2427900.29325558
3390,2002866.85263968,2429599.75912552
3391,1882042.68397196,2443680.77619056
3392,1882324.50824939,2443190.53378192
3393,1883677.74070135,2442674.14395681
3394,1883872.09082371,2442480.62193497
3395,1881081.43166678,2444263.88605767
3396,1881317.89751565,2444120.43136736
3397,1880924.3772679,2444858.25513187
3398,1882478.36914626,2442926.24881553
3399,1882527.37357711,2442891.24419349
3400,1879713.36980549,2445719.24607393
3401,1880840.37121502,2444998.24762001
3402,1881671.71373841,2444002.84859333
3403,1885469.61842947,2441553.02565099
3404,1885600.37611179,2441596.2550782
3405,1879521.8394849,2445913.52399624
3406,1879566.1519128,2445861.43496345
3407,1879372.46469086,2446207.85888155
3408,1879216.3787926,2447812.24209162
3409,1878767.81421019,2448544.75675279
3410,1878901.64389445,2448312.37140649
3411,1878439.37190341,2449233.24818625
3412,1876598.37464437,2448694.24904691
3413,1877769.3713816,2449195.50016249
3414,1878047.37725662,2449569.25379779
3415,1875886.53789622,2450220.71210793
3416,1875981.76205616,2449986.54466051
3417,1875702.37068027,2450402.24792222
3418,1875440.31771529,2451957.32220126
3419,1875349.28515797,2451521.0580266
3420,1876332.3687769,2452656.25644129
3421,1875952.15593753,2453881.64671276
3422,1876129.94134945,2452996.74345565
3423,1875186.49315549,2454476.2344871
3424,1875293.92662312,2454368.40521921
3425,1874043.45743586,2455771.80280275
3426,1873610.44356325,2456345.07556367
3427,1873070.22262314,2456556.99969709
3428,1872723.12060461,2456933.27143398
3429,1872738.62721437,2457224.18471713
3430,1872470.90534582,2457346.54769417
3431,1872215.47038501,2457461.44746651
3432,1870745.10795931,2458732.66266683
3433,1870511.65121233,2458531.8377404
3434,1870343.49760646,2458070.94905023
3435,1870026.86500712,2457983.5340952
3436,1869989.96318389,2458016.39601589
3437,1869129.81254236,2458703.52354849
3438,1868817.35814565,2458817.2731201
3439,1867670.56152365,2460780.51935611
3440,1868820.80784782,2459726.55049256
3441,1867339.31851511,2461342.42230987
3442,1866861.13511406,2461504.04571162
3443,1865912.08561656,2460315.13616312
3444,1865228.88588644,2460546.3738087
3445,1862067.11369587,2462871.33607243
3446,1862026.1858701,2465365.87424293
3447,1861119.86139951,2465514.6607366
3448,1860333.00380412,2464866.96112883
3449,1859302.88075558,2464906.09395346
3450,1858613.82332177,2468313.16929847
3451,1857452.43279059,2471147.77888306
3452,1854833.05114149,2473552.18259681
3453,1855484.27185149,2475660.33672405
3454,1856922.28735682,2478018.74060884
3455,1856128.87125731,2479572.69718717
3456,1855575.43870888,2479977.23684186
3457,1855237.41829607,2481087.51834086
3458,1855252.94010584,2482777.36540474
3459,1855595.17852131,2483822.2868626
3460,1854930.54160287,2485608.95368744
3461,1855442.67142529,2486745.92830325
3462,1854969.24882724,2487751.48973632
3463,1853503.81450464,2491558.9600334
3464,1857514.21472948,2468548.1471464
3465,1853418.51435094,2470470.57625671
3466,1851956.95733078,2471670.58491221
3467,1849322.84577242,2472832.07994345
3468,1855474.17494513,2466718.68459462
3469,1844978.08753707,2469409.45778866
3470,1853184.6356037,2465758.50599012
3471,1851487.87483546,2465063.7277527
3472,1845917.39052843,2464556.8788336
3473,1845793.96125072,2461342.43020987
3474,1845123.22872845,2456820.81766319
3475,1861951.89892333,2462800.66232794
3476,1858965.91424344,2460410.15672294
3477,1858044.54826337,2460986.6717859
3478,1856361.00160345,2460837.28889185
3479,1855313.28774384,2460664.08728281
3480,1851812.52283985,2462476.34562376
3481,1851682.63185807,2462349.38064382
3482,1850573.33705969,2462434.4782974
3483,1863882.98073909,2458835.6947317
3484,1862320.39425533,2455472.04311403
3485,1861441.84220222,2454733.04204878
3486,1859544.25590754,2453464.79695032
3487,1859018.06587627,2453665.77457685
3488,1857747.38487628,2453426.70472634
3489,1856209.83360828,2452710.81507564
3490,1853359.67101389,2453297.95414528
3491,1876120.3226434,2448428.08677934
3492,1876563.28572228,2448655.13812229
3493,1874138.48039569,2447962.25268607
3494,1873614.05396552,2447551.45882744
3495,1871815.80793339,2446323.07305408
3496,1871635.15851966,2446109.17081941
3497,1871605.97730129,2443373.33619701
3498,1871835.38214571,2441671.57862562
3499,1871254.59958007,2441765.4101847
3500,1870478.90149171,2441204.49513156
3501,1868075.27537845,2437798.01788693
3502,1872461.06153962,2448233.77815701
3503,1871619.69560992,2448846.82904297
3504,1870093.79114925,2450091.2067264
3505,1868448.34961333,2450307.44276254
3506,1867797.56250361,2449912.27971375
3507,1864947.32870918,2451531.29333304
3508,1853156.01918568,2475169.57261508
3509,1850081.02614975,2476198.00896255
3510,1849039.91119429,2476871.49888657
3511,1848790.27023712,2476901.59430551
3512,1845252.49080982,2477201.6170944
3513,1848628.89063552,2477006.20767137
3514,1871824.77143903,2461112.82046532
3515,1872148.5922429,2461596.96997012
3516,1872519.1561762,2462040.18384916
3517,1872955.8003511,2462873.84257401
3518,1873101.40944277,2462957.78652686
3519,1873460.54516887,2466881.23459696
3520,1874997.26143635,2450360.94009622
3521,1875665.32185694,2450375.87890562
3522,1874436.05208303,2451320.82350053
3523,1874382.72504945,2452010.54373476
3524,1872909.55692199,2453771.44734338
3525,1873160.15157975,2453834.19238289
3526,1872818.29556453,2453847.33089116
3527,1871394.93566842,2454506.31500603
3528,1878678.64785405,2444666.92581142
3529,1879689.33589036,2445692.1972569
3530,1877739.80896299,2444454.99137799
3531,1877214.03543197,2444765.48077346
3532,1874599.39048586,2444746.4822615
3533,1873632.11057689,2444263.97405773
3534,1867746.37987139,2461349.86411455
3535,1867394.03914956,2461809.02940363
3536,1867638.06010319,2462828.73434561
3537,1867943.92579576,2463540.07489345
3538,1867494.1691126,2467800.20737552
3539,1874583.03947557,2454190.41690715
3540,1874715.35135887,2454223.55442802
3541,1874361.23093592,2453943.23585154
3542,1880248.08974213,2443693.95339886
3543,1882438.92392142,2442900.56929936
3544,1876783.18356072,2446461.33464113
3545,1874976.96282357,2443729.86742147
3546,1876342.88458352,2443298.46244987
3547,1871193.00714129,2451075.56864613
3548,1871248.86967646,2450199.50679458
3549,1869869.06020777,2450706.30781365
3550,1870136.13707592,2451779.31738919
3551,1870724.08974607,2451926.94168213
3552,1868772.79071759,2451618.72718809
3553,1868236.95518024,2452601.61430689
3554,1865724.69359859,2453153.65415443
3555,1866308.77916631,2452119.30830324
3556,1867933.47218917,2448282.01618738
3557,1869685.54639224,2448232.16035599
3558,1870217.45152711,2447939.08927148
3559,1869592.32933355,2446736.57671441
3560,1867868.066048,2446018.67846244
3561,1867319.11460239,2446469.41574622
3562,1860888.34745375,2449250.90209736
3563,1868625.94992514,2448500.70072506
3564,1866826.92949253,2447226.34732276
3565,1862885.52601112,2450935.77345812
3566,1863569.02104143,2449355.29396309
3567,1867046.39103069,2444064.78133232
3568,1866893.22463426,2443968.89647195
3569,1864696.59815132,2443666.20918139
3570,1864343.23782886,2444744.44296022
3571,1865922.66812323,2442762.29531231
3572,1868621.93352261,2443755.45023757
3573,1869986.15268149,2441030.68912214
3574,1866613.18755796,2440922.77375419
3575,1867372.55133604,2439560.9026968
3576,1870655.59260295,2438385.77765697
3577,1873026.6404957,2442070.80167696
3578,1873579.37794369,2445614.96100827
3579,1875943.23433191,2446695.59338861
3580,1874178.76412104,2454089.20194343
3581,1871701.6191615,2453188.78817656
3582,1871993.97764556,2453030.43517686
3583,1872395.35449826,2453642.70886233
3584,1870552.97493834,2454084.18474027
3585,1871474.07081824,2453412.05421712
3586,1869013.72746927,2453576.41452059
3587,1867099.84756435,2454736.19135076
3588,1866030.02489081,2455583.93278448
3589,1871836.35554633,2453502.76037422
3590,1870117.42166413,2455673.26124071
3591,1865751.5643155,2454052.38822025
3592,1866659.85188734,2453211.51619086
3593,1871298.61700778,2451370.68473192
3594,1872549.92609557,2451489.92250699
3595,1871562.17827371,2451036.56662157
3596,1876017.43517863,2453974.39127115
3597,1875934.64792651,2454335.43679846
3598,1874828.72693025,2456627.26314133
3599,1875990.12826143,2454542.70272894
3600,1875884.09299468,2454516.15121223
3601,1876182.99508286,2454590.99755935
3602,1875543.51628026,2454430.89085855
3603,1873658.84329372,2458579.55937044
3604,1873095.19143886,2459341.18934994
3605,1874824.32722748,2461499.882909
3606,1874654.97292085,2465775.17450061
3607,1872311.28684533,2464673.49640702
3608,1869348.74148019,2466088.58959793
3609,1870423.67195694,2462211.7848572
3610,1869802.42616582,2461926.76567776
3611,1867214.69863665,2459691.78347067
3612,1868481.26603405,2459025.13255096
3613,1869701.79470246,2463499.68676803
3614,1869268.57292972,2464301.86197305
3615,1866860.43841362,2464608.10156585
3616,1865918.8102208,2462694.44516107
3617,1865234.95049025,2460563.6994196
3618,1865390.0437879,2462767.00810675
3619,1865543.43828447,2465817.5659273
3620,1865054.36787657,2466447.71172402
3621,1864614.71059977,2467150.81856668
3622,1863088.23343874,2467762.60325184
3623,1865903.45911113,2466821.54785938
3624,1865661.44655877,2467463.71766367
3625,1865789.68993951,2470760.42403919
3626,1866731.94803273,2468522.35873017
3627,1864469.36350826,2468891.40326251
3628,1864046.85254226,2468903.76877029
3629,1863957.40838595,2469228.82127494
3630,1863909.66725589,2470248.83751711
3631,1864145.90220462,2470376.60109755
3632,1862389.36179875,2472589.09769048
3633,1865909.36451485,2471435.44866417
3634,1862876.04750515,2471065.96803156
3635,1863557.65753428,2466972.20805423
3636,1864526.26874409,2465127.66459296
3637,1864216.14554884,2462037.68034758
3638,1861607.55410654,2472579.65528453
3639,1858932.98732271,2476031.63995781
3640,1859437.61984041,2478605.62837833
3641,1857645.13901191,2481216.69142218
3642,1856566.25093267,2485722.7805591
3643,1856766.19895855,2488118.32906727
3644,1855237.37759605,2491310.46107696
3645,1852729.13921693,2487963.69476992
3646,1849309.28306387,2489476.83072255
3647,1848958.87414327,2487688.27839652
3648,1853127.04746744,2483977.91296058
3649,1852774.50644549,2484758.40705196
3650,1851739.19729368,2484743.46134255
3651,1853027.56300481,2482206.77614552
3652,1853879.0850409,2480863.57119987
3653,1854884.49127388,2476745.24360708
3654,1851039.89245342,2478496.50400963
3655,1850356.55622321,2479518.47895304
3656,1850184.61021496,2479801.97353152
3657,1848182.09785423,2483305.64213733
3658,1848689.80917387,2483526.34577628
3659,1850185.74661567,2486459.42832287
3660,1850391.12954498,2486618.22182285
3661,1852011.03706483,2481644.13509129
3662,1851086.5558828,2481969.68629625
3663,1850598.41527548,2484670.76789678
3664,1847520.0137374,2487441.61854124
3665,1845077.38749959,2482332.29062454
3666,1846025.09969624,2479742.55349411
3667,1845192.45767203,2478638.7839992
3668,1846572.15834066,2474766.87206155
3669,1849470.29046524,2475123.12108583
3670,1849195.63669233,2474970.79718993
3671,1850889.35155864,2473370.78648261
3672,1849560.1220218,2471204.65331887
3673,1849269.85653905,2467454.62695795
3674,1849255.51363003,2465477.8043134
3675,1845253.34811037,2467304.61416351
3676,1847616.73079829,2458929.5661908
3677,1855965.13955423,2464488.4105905
3678,1857476.06950547,2462711.10707156
3679,1855299.27513502,2462860.27796547
3680,1851568.88028646,2458476.83340577
3681,1853871.71293626,2454485.616693
3682,1850715.05014891,2454912.32636165
3683,1850902.64376701,2456211.52687959
3684,1861990.16724743,2459908.03870682
3685,1859072.85181076,2456276.62172057
3686,1857817.63892051,2455807.22102505
3687,1854258.67697988,2450515.81959372
3688,1856942.91116981,2450890.12952938
3689,1859599.03754203,2452520.49505582
3690,1858110.66520499,2450030.23498801
3691,1858352.34175715,2450138.42855613
3692,1861198.84304923,2452114.91280047
3693,1862271.14062432,2452031.02104766
3694,1868358.04975648,2458012.03421314
3695,1867949.21309908,2457990.96169988
3696,1865252.32210119,2456736.19860991
3697,1866978.38098788,2458257.92806795
3698,1865608.96372572,2458711.76775368
3699,1866138.77775928,2457006.90608034
3700,1868143.25242124,2456731.00420664
3701,1868793.14833041,2457212.85931
3702,1869374.98829671,2456358.37777204
3703,1869001.16716137,2455150.61941167
3704,1868157.97563051,2456226.48318901
3705,1870863.24143368,2456416.17480843
3706,1871096.21078035,2455395.06656557
3707,1876362.72429601,2452691.75556364
3708,1877202.33672461,2454679.85461529
3709,1877133.44708124,2454829.88650975
3710,1877219.85723564,2454851.64282344
3711,1877254.00795714,2455877.42206925
3712,1877548.71064268,2457473.33767399
3713,1877267.2964655,2458179.45891855
3714,1877739.42996275,2459193.19195677
3715,1877709.24204374,2460818.03527973
3716,1877806.15940476,2462569.50998241
3717,1877803.95230337,2464280.25695945
3718,1878059.29606413,2455062.9826565
3719,1878565.58988288,2458371.04443917
3720,1876417.68913062,2463961.31145865
3721,1876973.32088042,2461955.02199554
3722,1875655.91095102,2462119.340199
3723,1875356.10496227,2461248.97425104
3724,1876857.56400755,2456346.66376467
3725,1874694.87994598,2458747.51387618
3726,1875223.66237888,2458477.41740614
3727,1876925.10765007,2451208.1584296
3728,1877766.39737973,2449204.61346822
3729,1877454.15598315,2450490.35417769
3730,1877994.7672235,2449622.70623144
3731,1877510.01771832,2451865.78914363
3732,1878812.37903825,2450515.16319331
3733,1878453.89991256,2449266.5310072
3734,1879147.94554951,2451668.48121941
3735,1878136.55441277,2452544.39507086
3736,1879548.57110174,2448058.61744673
3737,1879235.47000461,2447853.64601769
3738,1880457.97147427,2449861.55678182
3739,1879916.60403344,2450078.59381846
3740,1879728.18221481,2451203.13882644
3741,1876756.75564408,2446826.02687073
3742,1880869.37503328,2447028.54079822
3743,1880891.09664695,2445043.06794822
3744,1881868.55296233,2446117.87692489
3745,1881663.82783344,2444049.22912253
3746,1883307.66316836,2444896.19685576
3747,1882547.35538969,2442914.6103082
3748,1873106.61004604,2441824.87692214
3749,1874494.18571963,2453786.99055317
3750,1875019.84755057,2454299.78507601
3751,1887763.37067356,2436717.25120651
3752,1889492.37166209,2434540.25013593
3753,1885894.37629689,2439972.25045577
3754,1885383.37577517,2443381.24570198
3755,1885362.37926196,2442786.24492739
3756,1886468.37155826,2447042.25020686
3757,1886412.37752301,2448344.24112656
3758,1886006.3744674,2449450.24462287
3759,1885292.37421788,2450780.2514602
3760,1885194.36935618,2451774.249786
3761,1889372.9374869,2435269.36999496
3762,1889534.74878877,2435091.35638289
3763,1888851.67315872,2437595.96835973
3764,1889507.37797154,2435034.44024706
3765,1888884.91007965,2438760.5311929
3766,1888805.63082974,2439169.94815066
3767,1887601.64397174,2436716.09780578
3768,1887408.07744987,2436522.67828401
3769,1887580.22825826,2436708.09810075
3770,1886362.21579143,2435617.58721419
3771,1885180.88254769,2435574.01358676
3772,1884469.4607998,2433720.26401968
3773,1884336.86691632,2433615.87485396
3774,1883735.7944379,2433594.06574023
3775,1881904.550685,2433806.11217373
3776,1877093.74125624,2436127.98023552
3777,1878429.84679741,2436105.19622117
3778,1882795.75004607,2451804.14360482
3779,1885220.02537233,2450692.69890508
3780,1879308.29935047,2455295.09430263
3781,1883121.82995136,2448781.30410172
3782,1885932.08302063,2449483.54464383
3783,1880663.2403035,2452001.2240289
3784,1878528.31145941,2453058.71249466
3785,1885829.42165599,2439940.33853568
3786,1882463.57523695,2439285.40372335
3787,1882149.10093896,2439646.31655057
3788,1881123.080793,2440518.7012998
3789,1880717.28973753,2440337.77018589
3790,1874268.85757777,2440120.25534895
3791,1872894.95081279,2440230.92591863
3792,1873154.0318759,2440111.61034351
3793,1872355.04477288,2440213.85990788
3794,1872223.92079033,2439709.45829032
3795,1879276.61083052,2455369.46274945
3796,1887821.98101046,2434250.72985365
3797,1890018.41909327,2433682.38289584
3798,1890416.37374382,2433952.24656573
3799,1882464.89703778,2436904.71422453
3800,1879466.97535037,2434566.52175247
3801,1884230.93164963,2431445.12908732
3802,1884237.20695358,2432560.9335898
3803,1884297.4538915,2431024.56222254
3804,1884304.46159592,2430955.20007887
3805,1884257.00716604,2429879.06010136
3806,1882169.05205152,2432057.61417292
3807,1882732.90350651,2429583.41231523
3808,1885347.97025288,2431132.81249069
3809,1885287.01361451,2433201.08789282
3810,1886737.74522785,2431963.63781376
3811,1880518.40871232,2442149.99412682
3812,1880696.85002466,2442466.0483258
3813,1874489.15971646,2438071.07555884
3814,1880620.48167658,2438340.83082867
3815,1875999.49086733,2436701.3622965
3816,1876782.10686004,2437192.88130595
3817,1880483.25109018,2437995.58251131
3818,1879734.11111855,2436561.68610857
3819,1878885.89198453,2437233.76563169
3820,1882110.44991463,2438980.80093158
3821,1885307.41652735,2442830.18965505
3822,1881937.97590604,2446422.34951658
3823,1882928.18522945,2445443.57400037
3824,1879909.14552874,2453647.40266529
3825,1880455.8016729,2452962.9876344
3826,1878728.68638556,2453785.72135237
3827,1880567.12964299,2452851.35946412
3828,1881252.96897478,2449152.49943541
3829,1880907.22875711,2453239.48460847
3830,1886611.19654818,2446983.68816999
3831,1888534.33565893,2442067.37917481
3832,1885430.32190473,2443429.8715326
3833,1889133.90213641,2441483.01410691
3834,1888704.90626632,2442010.09943875
3835,1887372.14662725,2441262.30776796
3836,1890535.40571875,2440798.71537609
3837,1890492.05279146,2441154.0556998
3838,1889860.53729388,2434809.61120551
3839,1889884.37860889,2434260.25095965
3840,1891305.37370351,2439900.5000106
3841,1877842.45032761,2441836.54962949
3842,1879876.22300801,2440932.70506045
3843,1876140.95775639,2441530.56263684
3844,1873301.82456895,2441742.20617009
3845,1876445.90114838,2443116.24693515
3846,1875237.76528776,2443479.28726371
3847,1875261.69260283,2442969.0927425
3848,1878112.50089762,2433781.30745812
3849,1879426.30932476,2434624.79918916
3850,1878073.93967335,2435075.4946729
3851,1891452.37579606,2431880.24606126
3852,1891690.3777459,2431348.24642633
3853,1883501.76389056,2428739.04048364
3854,1883828.81649647,2429510.79826952
3855,1874099.45787112,2436777.51774445
3856,1875686.47507026,2437149.57237869
3857,1879183.53947192,2455346.02153469
3858,1868590.37390274,2458970.25911642
3859,1884273.63447651,2432322.47043967
3860,1882998.76927389,2432965.0149442
3861,1897293.75147363,2371722.49738752
3862,1898665.75393741,2370574.49216477
3863,1899637.51404921,2369790.50167119
3864,1900303.74956865,2369818.49988882
3865,1900373.75151272,2367998.50004299
3866,1899561.75050151,2369790.49637119
3867,1897881.75144382,2374718.49727373
3868,1898315.75131706,2375390.4977968
3869,1898371.74555231,2375964.49305817
3870,1899421.89391346,2376328.83378755
3871,1898501.24023383,2376100.37724372
3872,1900138.49486461,2377650.14561941
3873,1901997.9991353,2378158.98203976
3874,1900193.19099904,2377753.50508449
3875,1902005.11713979,2378369.014672
3876,1902205.63216602,2378606.4887215
3877,1902114.80810884,2378501.9625557
3878,1902949.47783433,2378648.15674774
3879,1903267.94843483,2378788.68193621
3880,1903328.50717296,2378806.52364744
3881,1904214.96283105,2378860.22658125
3882,1904281.99877325,2378634.54993917
3883,1904250.51485343,2378542.29078109
3884,1904625.41838946,2378354.30126273
3885,1905308.07751924,2378380.58767928
3886,1906048.79728558,2378434.62991331
3887,1907183.07599969,2379325.3867741
3888,1908429.70688454,2379069.59221306
3889,1910056.53750875,2381334.50203899
3890,1909419.10080743,2379088.74172512
3891,1910935.53426214,2383367.1655187
3892,1898245.74987299,2376370.49391378
3893,1897881.74774382,2377154.49990737
3894,1896586.75432853,2377679.49823789
3895,1896509.75438005,2377966.49991858
3896,1897398.74733974,2380465.49999189
3897,1897923.75387027,2382278.4968333
3898,1898521.79044677,2383605.04606846
3899,1897972.39930089,2382394.36230625
3900,1898886.45467636,2384919.59439607
3901,1899166.96115296,2384910.89219059
3902,1899795.65114876,2384665.36483601
3903,1901270.01157698,2384895.58778095
3904,1902108.19310468,2385256.11880794
3905,1903503.28828299,2387440.51898318
3906,1905284.28550426,2385767.29002975
3907,1906058.17179148,2385610.38483097
3908,1908920.01139322,2384672.77444068
3909,1910630.53187012,2386916.43915323
3910,1904059.33103306,2388048.96326624
3911,1903774.93365401,2389896.86972963
3912,1906407.50881141,2390837.01172152
3913,1907105.52195087,2390855.99303347
3914,1908029.97113287,2391357.05374892
3915,1907751.32515744,2391265.22549111
3916,1908257.74317627,2391546.76756836
3917,1910164.88767696,2391622.09521579
3918,1897443.97346821,2382477.52635861
3919,1897531.75092347,2382488.49786551
3920,1894787.74949592,2384406.50097304
3921,1893275.744944,2383300.49637673
3922,1893513.75469385,2383356.49201198
3923,1896047.75408918,2388396.49878504
3924,1896831.74648277,2385750.49511918
3925,1895578.75019391,2389845.49719729
3926,1896418.74992276,2390195.49911764
3927,1895683.75016002,2392778.50184383
3928,1894745.74746948,2394514.49783677
3929,1894017.75271115,2396432.50124429
3930,1894381.75044031,2395214.50097747
3931,1894736.54646368,2394530.92884711
3932,1894774.01558727,2401652.26783052
3933,1894661.74501659,2400394.50443866
3934,1895235.74667797,2402480.49915195
3935,1894801.74870474,2401696.49945837
3936,1893863.7490142,2404384.49045065
3937,1896189.82767863,2406465.46846078
3938,1893921.13075032,2404504.86282644
3939,1896635.164559,2406463.89155979
3940,1896688.66789269,2405929.24152319
3941,1899015.9751579,2404420.9316736
3942,1900402.48073081,2403900.06554567
3943,1901578.11277095,2403412.87143895
3944,1905642.69692991,2402177.88456143
3945,1901605.8168884,2403374.57991484
3946,1891651.74982158,2409914.5045322
3947,1893555.74612028,2405336.50015001
3948,1891224.75015275,2410873.49433596
3949,1891384.52575334,2410170.79759356
3950,1891257.27047322,2411936.26350505
3951,1891076.1521592,2411714.29586531
3952,1891587.03898084,2412696.16298346
3953,1891504.16042866,2412580.51511065
3954,1892660.33835656,2414164.26280774
3955,1892413.19560096,2413904.66714431
3956,1890945.61507702,2411083.42356813
3957,1891144.86470246,2411046.47544486
3958,1891308.74880563,2412161.49464685
3959,1890853.74891918,2411524.49634581
3960,1891196.50873497,2410909.81245882
3961,1892658.88545564,2413823.13519298
3962,1893134.87735531,2433137.87095303
3963,1893192.13669137,2433097.04752732
3964,1893630.4169673,2434294.37648113
3965,1893017.53628144,2433466.53805995
3966,1893478.20517147,2433016.82517682
3967,1893464.32556273,2432702.25947878
3968,1893681.75029961,2434414.49115675
3969,1893450.75345418,2432587.49150652
3970,1896793.03085839,2435308.45501957
3971,1895970.38714048,2435265.59129258
3972,1898674.39584285,2434607.98927857
3973,1900781.48226942,2434054.39753005
3974,1901342.82292282,2434326.06750108
3975,1901528.91053998,2437810.1993946
3976,1901877.18495924,2439609.06792712
3977,1901701.79264882,2439438.05131945
3978,1901585.95047589,2439442.90162251
3979,1901900.73477407,2439762.6334238
3980,1901374.44754273,2440040.18209854
3981,1901609.40149065,2442819.56824837
3982,1903503.35308303,2444019.58980387
3983,1902527.84626888,2443131.70324488
3984,1902452.80492164,2442883.38278854
3985,1903176.8950775,2444977.67990706
3986,1904286.71727622,2447738.90354545
3987,1905475.55062468,2448638.60641188
3988,1906367.06498595,2449457.6046275
3989,1907581.02875023,2447557.36573116
3990,1908006.00251779,2446107.84911858
3991,1907864.90542895,2444938.96088268
3992,1908956.00291588,2444580.63455709
3993,1910352.98979539,2447721.36403441
3994,1912716.49828339,2448739.54187543
3995,1912709.30657886,2448584.75507798
3996,1914917.87916932,2446794.30345076
3997,1915463.39741276,2446161.70595249
3998,1915475.30692026,2446064.55449132
3999,1916285.52853036,2444888.11865067
4000,1916940.25694256,2444307.25698498
4001,1917961.91878577,2442306.8943256
4002,1918616.56909792,2441462.27559385
4003,1905659.29954036,2451457.14998636
4004,1892724.77979713,2414457.08319209
4005,1892310.9578366,2419322.06845496
4006,1891815.61612474,2419906.5009229
4007,1891498.6711252,2420962.43188769
4008,1890239.66743257,2423460.11976017
4009,1889356.63947663,2423992.04669506
4010,1888467.87111709,2425096.77019056
4011,1888072.6992683,2426267.35202753
4012,1887779.77518388,2428140.53270683
4013,1887366.3548236,2428681.19844722
4014,1886865.74770844,2429006.00885171
4015,1885846.20936656,2431284.194086
4016,1894869.13384716,2384580.90238284
4017,1895237.43617903,2386824.19119515
4018,1893183.37128584,2386353.44839879
4019,1892270.57281117,2390881.86364976
4020,1892235.89018934,2391134.09080855
4021,1891859.98005267,2392341.73066885
4022,1891451.42199546,2393907.52125463
4023,1890295.87136795,2395256.8016041
4024,1890124.74266021,2396260.13323577
4025,1889635.23315203,2396759.24625
4026,1889496.6719648,2397580.98446735
4027,1889537.75469066,2399190.49828065
4028,1889542.60979372,2399005.08066392
4029,1889038.25127619,2399542.61130233
4030,1889504.4600697,2399208.95259227
4031,1888567.73127996,2400091.83054811
4032,1887562.72794724,2401401.36117256
4033,1887798.49369567,2400348.44290967
4034,1896273.9627316,2377626.49320452
4035,1896428.69842902,2377673.23813395
4036,1895976.17834412,2377517.47033589
4037,1895888.92638919,2377440.20018724
4038,1894428.7414699,2377505.95252864
4039,1894531.5178346,2377531.75214488
4040,1893924.85415266,2377482.24891371
4041,1893355.10649396,2378135.31672487
4042,1893651.18788037,2377764.15209119
4043,1893675.60709574,2377635.83871041
4044,1893515.81809514,2380313.57019624
4045,1893738.75923551,2380306.27509164
4046,1897377.75102652,2418566.49317927
4047,1897083.75484142,2417698.4957328
4048,1897475.75788822,2421898.50027701
4049,1897643.74629398,2422668.49986178
4050,1896859.7518004,2424782.4997927
4051,1897545.74463228,2426112.50353004
4052,1897573.74144991,2426196.49808292
4053,1897713.75183805,2427162.49509109
4054,1895025.74624576,2431012.50381495
4055,1897097.74635023,2428212.50085214
4056,1896355.74848309,2429416.50151015
4057,1883180.1889881,2369105.42153988
4058,1883666.8637945,2368767.71922727
4059,1882353.85296787,2369271.95544473
4060,1880187.52740401,2373207.31022232
4061,1889190.64377213,2391750.82229683
4062,1888116.26559573,2392382.50639452
4063,1887036.09801568,2392467.15444781
4064,1886801.52956801,2392924.85213597
4065,1886852.26149995,2392795.26435438
4066,1887013.78050163,2392535.35109075
4067,1886111.0549333,2393581.74664953
4068,1884922.71538515,2394366.63274368
4069,1882374.0856806,2396030.22169103
4070,1888478.64422387,2387539.36794541
4071,1888837.05334952,2388422.74950156
4072,1887899.78475944,2390757.30077134
4073,1893767.00295328,2375520.79167883
4074,1893025.92768672,2374514.80674549
4075,1892951.03323957,2374118.99489629
4076,1893485.10437581,2367429.24758461
4077,1893835.76659658,2373268.18016065
4078,1887710.98054057,2383084.28794061
4079,1887465.9391863,2382951.56955705
4080,1887283.34177134,2382673.73208213
4081,1887297.93938053,2382698.49039772
4082,1885750.43850627,2380593.7079726
4083,1885822.03135134,2380609.04298226
4084,1886148.03945659,2380709.39204544
4085,1887171.28570079,2382374.07009347
4086,1885163.52663676,2379760.86164827
4087,1883956.78947703,2380752.26097243
4088,1881894.85007889,2382032.06897816
4089,1880542.59332754,2382924.14903979
4090,1891311.82740757,2398466.04102455
4091,1892217.891378,2402862.56879249
4092,1891345.92792904,2400789.20098715
4093,1896666.98477904,2388964.67544274
4094,1896147.19315179,2388454.70672168
4095,1897992.68891367,2389964.11767197
4096,1899368.56647988,2389560.78201804
4097,1899670.04166968,2391418.05718733
4098,1899518.16717407,2391888.62578359
4099,1899354.37847095,2392116.34712696
4100,1900013.24448575,2392787.63344958
4101,1900639.53088005,2393329.49089072
4102,1900718.94643005,2393386.30432649
4103,1902512.55525925,2395484.06104718
4104,1900914.95955345,2393538.25592215
4105,1902280.80831335,2396161.01037337
4106,1903900.34143297,2397882.88465741
4107,1904021.5822093,2398164.19773452
4108,1904975.84561008,2400199.65831599
4109,1884251.6943627,2387453.22669118
4110,1883009.84738086,2390243.75244802
4111,1882059.55568258,2395334.52075303
4112,1903902.72403447,2390654.6345067
4113,1903999.05609512,2390808.33150346
4114,1905813.67123755,2393001.85868445
4115,1902646.75844375,2419129.85773395
4116,1898421.52298365,2415945.33082905
4117,1898329.75502587,2415906.4947046
4118,1900925.78886027,2405417.42970097
4119,1901907.18177813,2407509.88371832
4120,1901990.75463074,2408021.54774045
4121,1892880.46829515,2424117.18047384
4122,1896948.31275615,2417696.21393136
4123,1891353.18963361,2426450.03324254
4124,1902783.36462975,2425127.56150995
4125,1897626.52068314,2426083.02511148
4126,1897965.16889634,2423261.34723503
4127,1897748.33005982,2422781.86223315
4128,1902078.0539857,2424099.74266286
4129,1902647.07694395,2433692.46790219
4130,1904507.49531522,2431110.94137692
4131,1904798.74399858,2430784.1798712
4132,1905941.84851825,2428567.55307567
4133,1907594.55805875,2428899.82708487
4134,1907241.84333669,2430043.89650514
4135,1895745.14199867,2392908.16332546
4136,1895826.15794967,2393653.24479454
4137,1895765.87431172,2394515.72193754
4138,1896986.94438048,2399064.9270016
4139,1897345.88760646,2394719.72216597
4140,1896500.92057449,2390082.68654661
4141,1898781.56571032,2397282.98727974
4142,1899793.78724759,2399782.04535308
4143,1897496.27640114,2436006.26295889
4144,1896102.7353238,2442346.85025076
4145,1896174.32676887,2443039.69198695
4146,1895912.86420426,2443392.34860897
4147,1894900.36196682,2446416.32841279
4148,1892851.67127702,2436642.77395962
4149,1893653.3050817,2434450.43347938
4150,1893232.72161692,2439317.27914342
4151,1892653.08565199,2440163.70477631
4152,1907870.37143239,2444054.93142612
4153,1909056.70997928,2443752.37993564
4154,1909175.65185416,2443345.09867923
4155,1909756.64531994,2439576.44530658
4156,1914422.23215728,2448969.10161995
4157,1915456.10930818,2450597.68834527
4158,1915458.27550954,2450629.89186554
4159,1915446.52250214,2450848.36890309
4160,1915896.99368574,2452973.12114078
4161,1915337.88493374,2452104.55269395
4162,1915403.65487515,2451188.04601694
4163,1916088.3216062,2452613.53161439
4164,1901121.16048327,2441140.77489144
4165,1897459.49917798,2446525.68358164
4166,1897000.44498897,2428262.24438346
4167,1894561.5301535,2429077.05749644
4168,1899671.83517081,2402885.38510686
4169,1899377.76618567,2402875.31560052
4170,1899023.33756253,2402722.11770407
4171,1895252.83328873,2368634.91254366
4172,1895373.58616475,2370558.14615448
4173,1895056.57346516,2368411.6460031
4174,1893962.61227643,2367454.20730032
4175,1899566.26760435,2369625.09986706
4176,1899900.01631447,2367797.48261644
4177,1900020.98649063,2367709.19976086
4178,1900107.74844525,2367662.49073145
4179,1899331.15195633,2367504.46243196
4180,1896272.67743079,2367504.11483174
4181,1898878.88287159,2363710.38414331
4182,1899001.75164894,2363672.50031946
4183,1896328.88636618,2372058.06529879
4184,1897225.35353057,2371750.48540514
4185,1896055.45869404,2370774.11089044
4186,1896274.79803213,2369236.78632259
4187,1897604.28696914,2375166.08065551
4188,1897529.2604219,2374946.88691751
4189,1897796.71239028,2374834.75744692
4190,1897096.80604964,2375426.21741929
4191,1898096.47467901,2376396.84693037
4192,1896978.73427531,2375097.41071228
4193,1895834.24485477,2373472.08308902
4194,1896972.02217108,2375094.34921035
4195,1895835.78195573,2373248.38214818
4196,1891850.50574671,2377828.68733182
4197,1891526.32444261,2376405.44963579
4198,1891927.208295,2374984.96994149
4199,1890377.24321918,2377935.89389931
4200,1888343.10173854,2377728.18756855
4201,1887722.56714787,2379090.81692642
4202,1888201.87744963,2377813.99132257
4203,1887928.88867776,2380734.87936148
4204,1886150.32525802,2379571.12152881
4205,1889180.30036562,2377129.12119139
4206,1889828.52497372,2376174.15499017
4207,1889082.38020397,2375354.01737383
4208,1887666.02291227,2376498.33619427
4209,1889036.00277477,2376781.80467273
4210,1883368.28570653,2379268.07033802
4211,1882411.63040424,2379749.91734138
4212,1882421.35841037,2380287.08557956
4213,1880127.33336611,2377325.9316153
4214,1884143.12989435,2375914.41932665
4215,1884057.55184047,2374425.78118944
4216,1884087.06095905,2374338.26823434
4217,1885545.02617694,2371762.47061269
4218,1881621.28950666,2376721.88443501
4219,1883750.64164725,2374489.27872942
4220,1882002.74854682,2375876.02730248
4221,1882199.70137082,2373814.65400469
4222,1883073.40782088,2373069.84163578
4223,1885860.76187572,2372847.20199561
4224,1885100.24649692,2375063.84289115
4225,1888580.43748796,2372401.69461513
4226,1886996.14549053,2371697.837672
4227,1886300.32495246,2372039.43258706
4228,1888754.16589734,2370246.33835817
4229,1887592.38516591,2370574.19556458
4230,1887005.99819674,2366979.64260155
4231,1887044.57132102,2367452.9002995
4232,1881752.30278915,2371427.3342017
4233,1881722.94217066,2367550.45346092
4234,1885580.68179939,2371220.6924716
4235,1880955.99128781,2376406.64373654
4236,1883349.3470946,2366683.9681154
4237,1888804.44052899,2363923.24667732
4238,1888794.78342291,2363744.15646457
4239,1888830.77434557,2363776.9265852
4240,1888951.67162168,2362603.68714656
4241,1888833.62704736,2363537.69893459
4242,1888809.25633202,2363570.25305508
4243,1888805.23312949,2362670.12838839
4244,1886601.71264221,2363841.53652588
4245,1888527.11335439,2363686.69252839
4246,1888680.33015085,2363582.41416274
4247,1888789.45381955,2363558.24694753
4248,1891014.73762053,2364401.83127863
4249,1891637.84801282,2367545.54485782
4250,1892320.84484282,2370762.11988289
4251,1893138.14505737,2373301.27378148
4252,1892887.45579955,2374092.4821796
4253,1892932.74692806,2374098.59628345
4254,1891714.97036138,2372025.76137845
4255,1892428.46151058,2373879.69024564
4256,1892644.22584641,2373973.40380464
4257,1892600.76831906,2373970.40240275
4258,1894582.1727665,2376832.69370477
4259,1894564.02815507,2377371.1958438
4260,1891462.39890237,2382265.38272505
4261,1889058.20998875,2388712.8475842
4262,1889007.36565674,2389941.52355774
4263,1888354.28734558,2387848.17533983
4264,1886630.94016061,2390702.30483671
4265,1887389.54563821,2386664.93369489
4266,1885861.92287645,2387899.7605723
4267,1885889.793194,2387975.29651986
4268,1884872.39565348,2391022.48883829
4269,1886769.87014807,2389050.30149665
4270,1884414.63106528,2390773.1274813
4271,1884142.02509365,2390480.63269715
4272,1908109.52148296,2440576.43503615
4273,1906598.22453148,2440814.97118632
4274,1908083.64176666,2441089.02725886
4275,1906744.84172379,2442064.41677294
4276,1909002.32594504,2438340.19342827
4277,1911176.14511362,2437440.80296204
4278,1911858.69314334,2437244.97513875
4279,1911957.60590561,2435048.35675582
4280,1909256.93310534,2443281.39483912
4281,1911015.8325127,2441840.68333209
4282,1910414.41803406,2441398.27445356
4283,1913983.93158133,2441660.08201838
4284,1912517.29425798,2442509.79845334
4285,1911091.30776021,2441625.29239648
4286,1911377.73764054,2439797.90754601
4287,1910833.51219791,2440608.57775639
4288,1911100.45396597,2443541.02420258
4289,1910824.74699239,2444482.88809555
4290,1911346.15532066,2444015.5149013
4291,1912168.12203814,2443849.48239677
4292,1912187.1049501,2445339.04133456
4293,1912622.68922433,2445957.20262374
4294,1912572.78999291,2446598.3622274
4295,1912531.3187668,2446780.20624188
4296,1912582.97419932,2446607.08553289
4297,1912693.73086905,2445690.63575592
4298,1916011.74735799,2444270.49416183
4299,1916064.99529151,2444406.93594773
4300,1916068.59739378,2444007.02219596
4301,1916070.03769469,2444009.48249751
4302,1916089.02130664,2443917.33763949
4303,1916083.29450303,2443330.42956999
4304,1916163.21205335,2442013.92014115
4305,1916874.14650093,2441315.62220152
4306,1917370.96771372,2440649.37548207
4307,1915771.58810679,2444057.35902765
4308,1915797.337523,2444190.5501115
4309,1915959.81032529,2444248.07904772
4310,1914692.21282725,2443215.9210979
4311,1913144.65205294,2444817.49790621
4312,1913364.34419125,2443900.8276291
4313,1914276.42826548,2443119.71103733
4314,1918918.44188797,2446866.53629623
4315,1919044.11116709,2447544.82262326
4316,1918960.79071463,2447351.2500014
4317,1918918.90078826,2447297.22486738
4318,1919039.23106401,2448366.26904042
4319,1881871.82746439,2391294.28780941
4320,1881505.21963359,2392271.23772447
4321,1880093.44444477,2394870.92356116
4322,1881100.18867859,2394030.22873188
4323,1880379.10822462,2391444.13750375
4324,1881408.89377294,2390279.88397077
4325,1879451.84534084,2393452.89666841
4326,1876933.44545532,2393081.13093436
4327,1880420.77595085,2386789.78877349
4328,1880792.07598461,2385198.71187179
4329,1882485.04625046,2384662.46983419
4330,1886617.56235218,2384776.17220577
4331,1884916.21048106,2384019.37102931
4332,1881326.51792108,2384427.78818644
4333,1881102.98618035,2383431.95035949
4334,1884691.37503951,2379101.02693285
4335,1884554.20865315,2379098.60313133
4336,1885788.7656304,2384067.17785941
4337,1886913.16223829,2382738.93962319
4338,1889724.93920851,2380927.5804828
4339,1889674.67797687,2381086.30798273
4340,1892467.01143485,2378761.1874189
4341,1892391.34118721,2378844.98847166
4342,1895230.06167439,2378323.98344365
4343,1895106.52029661,2378287.6949208
4344,1895698.58056936,2378612.94602557
4345,1894662.81731727,2380469.72079455
4346,1895900.43689644,2378668.9103608
4347,1893657.66508445,2381572.31618871
4348,1893514.7940945,2383281.47376475
4349,1891483.4238156,2383269.70925734
4350,1893232.24181661,2383184.1915035
4351,1894607.24828228,2387904.83137549
4352,1892338.57515398,2393368.48631527
4353,1892189.25555998,2393652.54679411
4354,1891371.5983452,2395687.51907527
4355,1891076.67815953,2397816.73201577
4356,1890932.71146889,2397664.64902002
4357,1890001.1419824,2400985.80201093
4358,1890668.02250225,2400618.53457971
4359,1888337.20883483,2401353.37564234
4360,1889070.32549638,2400765.2844721
4361,1890029.59720031,2400457.83687854
4362,1887547.87053788,2399084.24631376
4363,1888844.04425392,2400161.01679167
4364,1889556.94120274,2399259.0285238
4365,1888245.77277726,2398242.13698359
4366,1888308.54591678,2396436.81854701
4367,1887669.61601453,2396297.53605932
4368,1887171.74850108,2396425.57333993
4369,1886401.29661603,2396706.56631684
4370,1885653.87254547,2396740.32003809
4371,1885172.65614251,2399020.41217357
4372,1885116.13770693,2399227.66560405
4373,1885179.56934686,2399648.57636905
4374,1885471.13213042,2399316.53446
4375,1887143.93188357,2397738.9496668
4376,1886125.17114219,2399019.69507312
4377,1886406.00201899,2399550.60210736
4378,1887084.49664615,2398058.73606813
4379,1883101.62433864,2396842.7899026
4380,1888434.96569638,2395279.93991867
4381,1890850.22281696,2393369.20511572
4382,1889191.49157266,2393706.65892817
4383,1886998.49239201,2394845.58054521
4384,1884316.41390344,2393268.21175214
4385,1885020.53694674,2392722.83150878
4386,1891669.96043304,2386827.57409728
4387,1891461.99130211,2387220.82744486
4388,1891239.13596181,2387963.52191244
4389,1890973.09019431,2390329.53490203
4390,1890089.73323817,2386852.59951304
4391,1890603.57736168,2387002.69210753
4392,1891175.17002153,2384984.7683371
4393,1891201.05303783,2384187.31023504
4394,1890672.81550527,2383514.31641134
4395,1890630.31117851,2385082.57409868
4396,1890186.11759885,2386489.33338434
4397,1889672.38557542,2385250.64490449
4398,1894567.81625745,2388891.24659652
4399,1895449.32511243,2389774.01265228
4400,1894428.71716988,2389372.93409977
4401,1894434.06727325,2389569.31412341
4402,1894600.70017816,2390180.44820816
4403,1895082.2081813,2391869.46367152
4404,1894094.83815968,2390641.24699827
4405,1894136.60458598,2392797.09475554
4406,1893910.35074353,2392392.43310077
4407,1894637.69850145,2394512.03533522
4408,1892744.80600974,2396166.51697684
4409,1893413.68893085,2395999.64817178
4410,1894241.61625209,2395250.72320027
4411,1892434.34981428,2399166.72076568
4412,1893916.51124741,2396484.23527686
4413,1893780.66626189,2401402.17557307
4414,1894569.4668585,2400487.66739732
4415,1891976.23182586,2405452.87562328
4416,1891931.92179796,2406769.84815241
4417,1893464.93276311,2405410.16599639
4418,1892974.38585427,2424240.83125168
4419,1893266.44633815,2424290.37038287
4420,1892674.0696652,2426486.24786534
4421,1892821.06945775,2426159.59035968
4422,1896004.91726222,2421616.84479969
4423,1897316.62078803,2418707.23296788
4424,1896131.09774166,2421807.07811946
4425,1893937.03316033,2423868.46781725
4426,1894044.09502773,2423400.07432237
4427,1897370.18252175,2421952.98061131
4428,1895961.55043491,2426793.83415899
4429,1896792.36235797,2424895.88916409
4430,1895533.39776536,2427536.5808266
4431,1897512.4179113,2426296.57424593
4432,1892788.19633706,2431805.60271426
4433,1894900.44086687,2431037.3613306
4434,1892121.51211733,2438399.86446584
4435,1894878.16175284,2438253.90327394
4436,1894094.09995922,2435740.60179164
4437,1894146.45679218,2435698.54256516
4438,1893938.83896147,2434546.67523997
4439,1898858.53605878,2432754.30981155
4440,1898766.96020113,2432417.39019943
4441,1901258.01126943,2433603.40814612
4442,1901045.30023551,2433712.826915
4443,1901010.31131348,2433819.90978242
4444,1900795.41447819,2433994.96089263
4445,1902659.42205172,2431435.42128121
4446,1902677.1775629,2431632.33370518
4447,1904184.43451183,2428709.47906503
4448,1907430.74875562,2426116.98213286
4449,1907581.78995071,2430449.04716021
4450,1908092.47967223,2429513.73567137
4451,1907022.5053986,2430826.40419779
4452,1905894.23548827,2434587.83656589
4453,1906428.00952432,2434475.54679519
4454,1906494.67456629,2435557.26177621
4455,1905592.94349859,2437950.81978313
4456,1908161.28901555,2433215.85570212
4457,1908819.05852966,2433158.62726609
4458,1909817.19595806,2433145.55455786
4459,1911376.36103967,2434824.45901486
4460,1909357.96116894,2432409.73389461
4461,1909201.7537706,2430828.27809897
4462,1910194.4889956,2430990.42200105
4463,1910628.01456853,2431817.2558216
4464,1910413.22113331,2430497.68099083
4465,1911960.69290755,2431100.93177062
4466,1911836.37982929,2431786.29910211
4467,1905435.76189963,2437030.66490383
4468,1904109.77096482,2436651.97776541
4469,1904746.33866559,2438597.79129045
4470,1906187.68777302,2438470.69841043
4471,1906790.54665257,2438383.83615575
4472,1907399.2613358,2437072.96863046
4473,1904668.98721689,2438912.86228881
4474,1905450.62860899,2439435.37551777
4475,1906288.44333645,2439305.35703591
4476,1904400.75534802,2441129.71908448
4477,1905333.05413496,2442947.45552888
4478,1904876.4584475,2441195.07862563
4479,1907239.89073546,2447125.66385937
4480,1906454.35434091,2443055.38309683
4481,1907331.26829299,2438921.63329433
4482,1907821.95350191,2439820.91466049
4483,1906175.09346509,2443324.46986624
4484,1905771.69851112,2444935.0260802
4485,1908039.20383869,2436059.87709264
4486,1908632.35821212,2436924.61823706
4487,1907909.74925718,2435892.60938734
4488,1908963.38102052,2435537.96616406
4489,1908635.47301408,2435167.48763082
4490,1908488.96452184,2434985.34991615
4491,1911637.48590407,2435879.02407878
4492,1908886.35367203,2437360.63981157
4493,1920034.08619035,2449699.97268009
4494,1920596.14294421,2449957.55914226
4495,1920284.43654796,2447596.78335598
4496,1919004.78134232,2447078.54612971
4497,1920850.39070427,2449271.32571022
4498,1916980.22316772,2450031.68028892
4499,1919102.00810354,2450122.64634619
4500,1917012.51598805,2450190.26718877
4501,1917600.70575836,2451849.40243331
4502,1917360.83590734,2452916.33850503
4503,1918479.66001172,2450719.68372207
4504,1920288.81435072,2450616.98175741
4505,1914188.37351004,2450723.20642429
4506,1914189.4152107,2450881.67122405
4507,1913735.25772477,2450548.88011454
4508,1910212.02370664,2451397.93054908
4509,1909289.37092576,2448175.05072004
4510,1908134.48999868,2446638.46185264
4511,1904203.87732407,2449348.97205911
4512,1903645.71077266,2450029.48968754
4513,1904387.31013955,2447825.02359967
4514,1904595.80987082,2447999.13150928
4515,1902984.32095627,2445397.8805716
4516,1902320.37073826,2446823.70416927
4517,1902733.28969822,2445658.31253557
4518,1901569.60016559,2447328.88948732
4519,1899555.85349779,2448314.66680794
4520,1897529.97062235,2449173.46224861
4521,1899991.75797223,2446514.79477478
4522,1902711.0132842,2445397.05277108
4523,1901899.8319735,2451212.37553226
4524,1900732.92713885,2450523.73439871
4525,1898985.02293841,2449937.96252992
4526,1898995.60734508,2449814.16645198
4527,1899081.84519937,2449248.43009581
4528,1899153.80414467,2449108.57770776
4529,1899045.75497665,2449534.39367585
4530,1898906.64378907,2450421.37273426
4531,1901652.25691763,2443410.21222022
4532,1901819.87072316,2443653.02487309
4533,1900824.51999651,2445737.92528569
4534,1898840.75154758,2442828.42585394
4535,1898575.62738067,2443472.68905956
4536,1897528.41042137,2444919.85007065
4537,1901263.87307312,2438053.94224805
4538,1899596.09592313,2440827.48789421
4539,1900136.78556353,2438861.58925653
4540,1899482.53275163,2439314.8716419
4541,1898981.26493605,2437492.93069486
4542,1898946.33031405,2437876.77383651
4543,1895655.134442,2447137.59656688
4544,1895832.74465382,2443851.66249815
4545,1895892.17779124,2443658.55227657
4546,1895624.27562258,2436864.58759927
4547,1895467.11442363,2437196.32180812
4548,1895430.27740044,2437587.59025445
4549,1895443.68510888,2438170.83632165
4550,1895898.40939516,2432943.58743071
4551,1896388.22510354,2429524.96197843
4552,1898056.42715379,2427641.96329295
4553,1897743.24305662,2427275.135762
4554,1898829.45574047,2429398.65129891
4555,1901706.16595157,2429382.7521889
4556,1902588.45260704,2430154.88567502
4557,1901803.28981272,2429236.07729656
4558,1901805.98091441,2429238.0510978
4559,1900018.8811893,2428314.03391607
4560,1900216.97851402,2428282.60139628
4561,1898895.35668196,2429344.22346465
4562,1899089.73320433,2429224.85238949
4563,1900004.38458018,2421793.9658112
4564,1893124.80254897,2421441.42078925
4565,1892420.46420554,2422724.19119685
4566,1889587.24632182,2426133.5731433
4567,1889458.12204053,2427789.67898594
4568,1885629.52333014,2429409.6001058
4569,1887211.13062588,2426620.22714969
4570,1885356.91985852,2428732.67487963
4571,1886242.23631589,2428013.00162654
4572,1885717.07848527,2427346.52260694
4573,1886498.6149773,2426762.85483948
4574,1886815.817977,2425135.4343149
4575,1885230.90177918,2424906.3838707
4576,1884562.43355833,2426066.35130098
4577,1884430.75587543,2426383.67220076
4578,1884628.75600009,2427700.41942975
4579,1885568.21949155,2426829.7478816
4580,1886214.30819831,2426256.87162093
4581,1882896.50870951,2426025.05647499
4582,1881999.36814469,2426374.2013948
4583,1882271.89601627,2424759.24787807
4584,1883186.43599204,2424838.59032802
4585,1889876.7725041,2420165.68448608
4586,1890151.23107689,2419507.41247165
4587,1891097.95167292,2419966.20726049
4588,1901914.17278253,2405452.23682288
4589,1902354.31165963,2407235.81554577
4590,1904953.04749572,2404415.09026992
4591,1905921.93060571,2404062.93734821
4592,1905516.49635046,2404364.59693813
4593,1906308.34234898,2404448.4138909
4594,1906592.75992804,2404415.11516993
4595,1900942.12317055,2407096.01205776
4596,1900448.84896,2407490.17540591
4597,1899202.90257559,2405677.28746456
4598,1897674.58551339,2406002.69316943
4599,1898345.34613569,2405517.48556396
4600,1900093.78653646,2408375.63306337
4601,1897123.38746637,2408884.03998345
4602,1897487.61079568,2409112.41782723
4603,1899918.337226,2409240.78030805
4604,1896235.94080766,2402020.33886225
4605,1895300.50651874,2402471.49104628
4606,1895298.10051722,2402465.25944236
4607,1894936.10048932,2401693.08515622
4608,1894935.4351889,2401692.91765611
4609,1895140.47011798,2401426.70838851
4610,1895011.63703687,2401712.10136819
4611,1895309.16042419,2400712.72633901
4612,1895161.4695312,2401218.52605745
4613,1896356.26648342,2399494.39927198
4614,1896388.39280364,2400559.16564233
4615,1895183.48844507,2401390.06626544
4616,1896745.41672841,2400411.5626494
4617,1895092.838588,2395922.84472343
4618,1894816.82571423,2394596.5081884
4619,1894830.87482307,2397630.73649867
4620,1894878.15525284,2398240.79518275
4621,1897581.39325472,2396560.29972475
4622,1895390.1917752,2396645.75157855
4623,1897676.1765144,2399833.34808538
4624,1897272.45006022,2395344.3266592
4625,1900472.57337493,2386632.80047466
4626,1901706.18245158,2390995.82902151
4627,1900839.87600618,2392354.55477692
4628,1907710.38223167,2396595.29894678
4629,1904033.60101686,2394609.64979667
4630,1905157.5948245,2396150.33946665
4631,1903943.47006012,2394164.7839166
4632,1907236.81953353,2399681.80778997
4633,1903336.40127793,2400822.48600811
4634,1902048.5013671,2397014.52131072
4635,1901776.71929599,2397818.41871683
4636,1901419.41787104,2398590.05160263
4637,1900477.9106783,2401098.86698211
4638,1902613.30192268,2399025.02437648
4639,1901974.55442054,2400402.92764397
4640,1900429.72214796,2399082.44901263
4641,1899101.19261155,2392337.47626617
4642,1901111.50147719,2395160.8620437
4643,1898063.99355856,2393848.32281736
4644,1897193.9514108,2388274.57490828
4645,1896934.85264768,2385803.11755231
4646,1897328.59169557,2382897.04492272
4647,1897369.29312119,2382828.17717937
4648,1898157.80711762,2384578.60348139
4649,1895614.04571613,2383157.3378866
4650,1898298.63130628,2384587.58628704
4651,1897548.475034,2382736.08172139
4652,1897461.7526794,2382558.50060959
4653,1899677.19887419,2383033.04690835
4654,1902061.15587506,2381815.10174156
4655,1901744.47297569,2382299.71634666
4656,1901639.61480967,2382334.04036827
4657,1901742.23887428,2382297.72344541
4658,1899639.8932507,2382559.77881039
4659,1901005.95541074,2381065.32486952
4660,1900196.98160143,2380764.78648031
4661,1901572.04526713,2382696.65049656
4662,1901637.35630825,2383369.35992008
4663,1902312.43493326,2385178.19005887
4664,1902866.93188236,2382771.13304345
4665,1902892.35409836,2382535.00469479
4666,1902655.77644942,2383208.41461875
4667,1905637.06352636,2382430.48672899
4668,1908801.30711849,2387016.4615162
4669,1910681.70630234,2387596.72308152
4670,1908321.40441635,2388260.84279963
4671,1907187.19600229,2387181.59972017
4672,1907651.63709468,2388233.21608224
4673,1907051.07381659,2387297.38859306
4674,1904219.83283411,2387949.92860389
4675,1904385.07153814,2387965.52381371
4676,1907840.11211335,2390536.11043208
4677,1908521.88364257,2395480.05284465
4678,1907042.16301098,2393740.98714978
4679,1902990.01015985,2391501.57323991
4680,1902390.1654822,2393638.50628527
4681,1902815.0579497,2394025.94892919
4682,1899476.97034813,2387210.62333844
4683,1898473.3863163,2386856.0349152
4684,1898234.35176581,2381516.43405353
4685,1897566.82774555,2380610.82808338
4686,1898349.36123822,2381700.81786961
4687,1899229.1358921,2379470.14026524
4688,1897967.95509809,2377281.96648762
4689,1903068.41310921,2377697.39484916
4690,1906281.18383189,2376513.26940367
4691,1906295.67664101,2376870.14362835
4692,1911920.79868244,2380655.1712113
4693,1911138.36108983,2379739.01333451
4694,1912204.64946114,2378624.9097331
4695,1910331.5613819,2379164.83907303
4696,1909399.40039503,2378746.08750939
4697,1910470.08246911,2379234.30351676
4698,1912851.86486861,2379704.57871283
4699,1912973.65874529,2381972.30804054
4700,1910734.01793527,2383556.03053761
4701,1908349.31263392,2382235.66680634
4702,1910416.71813551,2377814.75722305
4703,1908786.45790914,2378300.25342871
4704,1910844.99720514,2378044.86636792
4705,1910677.21699951,2377865.09505474
4706,1910428.85034315,2377920.71928976
4707,1910409.46763094,2378068.79308298
4708,1911494.55721409,2375576.31871379
4709,1908558.67676573,2378121.05671589
4710,1907269.87885434,2381494.63903981
4711,1906044.34608278,2381257.23769034
4712,1904893.6083583,2381442.3644069
4713,1915168.57542715,2423308.56206475
4714,1916213.15928479,2421725.64906819
4715,1914515.72171613,2425040.84775535
4716,1913556.79431242,2425464.5482221
4717,1912432.61220466,2426447.31604083
4718,1911868.88574975,2426955.3888607
4719,1910767.12055611,2428465.68221154
4720,1909097.02850467,2430430.08194827
4721,1910433.51894609,2419218.38788969
4722,1909837.4243708,2416744.60883226
4723,1910046.44870239,2420066.58962369
4724,1909855.76748235,2421054.20394547
4725,1909857.99898375,2423303.33616146
4726,1909924.99482593,2421725.53106812
4727,1909774.30763106,2423653.7845821
4728,1910079.8168234,2424748.77017147
4729,1910062.38431243,2425084.37038275
4730,1908694.54625127,2427684.33701962
4731,1908739.45337955,2428143.8076089
4732,1908774.20340142,2427976.03000327
4733,1908502.96033065,2429024.81436355
4734,1915231.95236705,2425761.85930928
4735,1913843.88099316,2429928.5200325
4736,1908219.25785204,2418893.83868536
4737,1908378.3495522,2416450.80874729
4738,1908225.79765616,2419022.03476607
4739,1905492.76363552,2421726.55546876
4740,1904432.11766776,2423289.48755274
4741,1926263.20691204,2422526.24817223
4742,1924595.02126179,2424102.90256485
4743,1927486.70038232,2417991.73631742
4744,1934329.91559063,2422329.7266485
4745,1933698.16079289,2422019.9931535
4746,1934712.38373142,2422707.39588627
4747,1933974.56886691,2428835.06654409
4748,1936279.48671803,2420964.8266892
4749,1936136.15692779,2420761.90396144
4750,1936559.55079434,2422239.43559166
4751,1936203.85387041,2421950.40130969
4752,1936690.78397697,2422631.80583868
4753,1936708.04048783,2422483.24814516
4754,1936713.94269155,2422474.54313968
4755,1937704.10931493,2425868.76347659
4756,1937570.43613077,2425319.30763066
4757,1937340.27718587,2427350.1061092
4758,1929016.24664528,2435338.43293844
4759,1927570.13203485,2432625.73083059
4760,1929540.02687504,2435338.23203832
4761,1930322.34906757,2436859.99619638
4762,1930125.93874391,2438499.99762888
4763,1939789.81902804,2422023.19235552
4764,1939307.42632434,2420028.97030001
4765,1941327.41339607,2421643.69131659
4766,1941395.11383869,2419977.05156732
4767,1941023.1408045,2417845.11532511
4768,1941038.32591407,2417907.13806416
4769,1904715.236646,2381023.32784308
4770,1900065.60101872,2378261.87840455
4771,1901932.99239438,2380169.7567057
4772,1900232.55782383,2379379.27420803
4773,1900320.55627923,2379577.97153312
4774,1900363.30190614,2373652.91480286
4775,1898507.3785377,2375350.59727168
4776,1900892.62403939,2375008.19615611
4777,1900850.74341302,2374770.95810675
4778,1901003.3532091,2375333.87196115
4779,1902930.42032233,2373901.43335932
4780,1901415.17456837,2375402.95470464
4781,1905794.48202547,2371348.29935194
4782,1906676.01598046,2371545.6680762
4783,1906582.8424218,2371575.01699467
4784,1907092.75784283,2371605.35441377
4785,1907689.53051854,2372890.45992284
4786,1907691.77111995,2373732.547853
4787,1908099.24677649,2374864.81796585
4788,1907875.15123541,2376364.6467101
4789,1902159.67793709,2372774.9161501
4790,1902672.07985969,2372494.83247377
4791,1906465.04804764,2372409.62772012
4792,1906473.84335318,2372196.17458574
4793,1905763.20280578,2375892.99761316
4794,1906462.57204608,2372417.43032504
4795,1906512.69857764,2371968.67524251
4796,1906508.60057506,2371922.82901365
4797,1906511.50007689,2372118.63403692
4798,1908718.46056633,2373481.4359949
4799,1908956.01391589,2373847.74272552
4800,1908833.94493904,2373969.76410234
4801,1909305.61373599,2371773.29851951
4802,1909246.3946987,2371658.02294693
4803,1909653.13355478,2374977.02953649
4804,1906976.15856942,2375331.51195966
4805,1904406.15345141,2376989.17480328
4806,1898255.98597943,2371426.47240115
4807,1898735.74928148,2370783.29279622
4808,1898104.05518378,2373275.91516551
4809,1898735.75078148,2370777.78919276
4810,1900632.10207537,2372425.97403041
4811,1900330.38038541,2371005.79593631
4812,1900219.76581578,2370648.51271137
4813,1900244.04573106,2369940.16026541
4814,1900482.92038145,2367951.6537135
4815,1901581.37907301,2367947.79961107
4816,1902264.5250031,2367992.65073931
4817,1904025.75701193,2368373.86267931
4818,1891644.29151688,2438945.49080935
4819,1891896.03127537,2440580.27843857
4820,1892232.32708709,2438794.37681421
4821,1914356.86991612,2440065.38291441
4822,1914752.14446498,2442891.11519341
4823,1912467.95752691,2440661.59848977
4824,1912134.55361701,2437991.36760866
4825,1892113.74861244,2431670.50302921
4826,1892519.75176805,2432608.49421974
4827,1891749.75658328,2431362.5061353
4828,1895108.59539792,2424911.26017377
4829,1894430.03747071,2427040.29101415
4830,1897475.74918821,2413498.49448859
4831,1893469.48826598,2413458.75716357
4832,1895707.58127502,2423906.05674092
4833,1895730.39248938,2423980.38258771
4834,1895404.38298414,2424177.05821153
4835,1892179.65335393,2440407.1890296
4836,1899659.7493632,2362300.49695568
4837,1888359.83584908,2422466.9522349
4838,1889678.87607951,2421825.78323123
4839,1891538.60595034,2430165.40338164
4840,1891515.0318355,2430746.88104772
4841,1890752.30785531,2428970.32152925
4842,1891662.18802815,2429880.30860215
4843,1890624.12867462,2427623.77148149
4844,1891401.9371643,2427729.26374791
4845,1891677.33743769,2431272.2781785
4846,1889966.5197606,2430102.87034227
4847,1888899.97698914,2430172.54868614
4848,1890340.51099605,2431382.0405476
4849,1891259.00427432,2431725.74726399
4850,1900555.7476273,2359598.50035457
4851,1900786.74777273,2358919.49502709
4852,1899855.7461866,2362216.49520279
4853,1904545.7501393,2356406.50374498
4854,1898818.10743333,2358295.17433403
4855,1900643.77108272,2358895.81951218
4856,1897906.52795942,2359595.6763528
4857,1899611.64613292,2359309.1364724
4858,1900404.6954322,2359703.31452056
4859,1899549.24309363,2359588.79564846
4860,1899494.90335942,2362209.20569821
4861,1899170.88975543,2362090.97552377
4862,1897403.73204288,2360801.03271166
4863,1897099.89255159,2363638.27509791
4864,1897532.06362367,2362185.8551835
4865,1891607.4691937,2413878.65832793
4866,1909291.75532726,2378764.49632098
4867,1908731.74847469,2378498.50155352
4868,1908759.74659232,2378330.50314775
4869,1894605.75468134,2377532.49244534
4870,1894661.74621659,2377378.49594839
4871,1895550.74647628,2377133.48999414
4872,1884483.75300879,2368306.5026369
4873,1893331.74817926,2373570.49445097
4874,1892960.1314453,2374080.81787226
4875,1887185.7456099,2382600.49383602
4876,1918867.75225605,2447028.4974982
4877,1902809.74894636,2445446.49870221
4878,1906421.75192038,2371624.49522582
4879,1914668.33941222,2443064.85690279
4880,1912722.8722874,2434713.64914509
4881,1916527.94428298,2440643.91107863
4882,1916579.57041548,2440060.15161111
4883,1912987.16365379,2438502.55943049
4884,1900517.44180318,2411916.28329247
4885,1898655.83033116,2411638.60191765
4886,1897670.6151109,2412585.43241375
4887,1897799.17239183,2413063.67861484
4888,1898097.03537936,2411747.155486
4889,1897624.43688183,2411502.26263182
4890,1901998.73863577,2413948.21307172
4891,1902163.68993962,2414857.5237442
4892,1903280.85354295,2416200.99289001
4893,1902520.31916414,2415309.2512286
4894,1902178.18924875,2414861.20194652
4895,1904475.47509506,2415813.51064606
4896,1905046.22655439,2415555.02128333
4897,1907929.01686932,2416025.69477965
4898,1908147.84120708,2416004.77746648
4899,1928631.91560332,2424819.46301598
4900,1928267.56707393,2425894.47149277
4901,1929240.10168621,2422794.10264086
4902,1929233.23808189,2422739.58160654
4903,1929762.45711508,2421184.53262752
4904,1928189.81312498,2420480.35268418
4905,1932731.11338406,2422418.2029042
4906,1935323.90831642,2420434.89955557
4907,1937370.12430466,2418875.82727402
4908,1937798.06857409,2418283.90980136
4909,1937253.63373132,2417400.42654514
4910,1936992.93416719,2415756.09220991
4911,1928365.19593539,2426275.59653272
4912,1927668.16869657,2426677.06368547
4913,1927803.88068201,2431694.04844403
4914,1926946.38714215,2435667.38844554
4915,1926519.88007363,2435267.92869405
4916,1926388.02039062,2440954.03977388
4917,1926600.63512447,2437422.08565025
4918,1923679.9712857,2444794.84719195
4919,1924262.87025268,2443945.02035692
4920,1925882.44367232,2442406.54158834
4921,1925825.60663654,2429055.58928293
4922,1924249.49134426,2432528.30546926
4923,1923774.32854511,2433598.50084303
4924,1923446.22303854,2434186.85771344
4925,1922811.39073887,2436123.27953256
4926,1922334.4625386,2438054.6504485
4927,1922346.50024618,2438484.98001942
4928,1922247.00998355,2441431.51627449
4929,1922279.16440379,2441671.82802578
4930,1922229.91447278,2441630.19499957
4931,1910561.27962652,2416488.02267072
4932,1910684.74640425,2416557.50001446
4933,1913069.82950583,2416370.50619673
4934,1910697.65471238,2416617.53605226
4935,1915279.39269692,2416158.58816332
4936,1913329.57446937,2416270.30193365
4937,1915558.23067247,2415750.62240647
4938,1915649.16082972,2415901.76730163
4939,1916735.47811363,2415950.58433236
4940,1918027.20132687,2418173.66263195
4941,1918018.56692143,2417840.58372226
4942,1917880.69463463,2418641.46062647
4943,1918022.25792376,2417828.76691482
4944,1917921.17466012,2417641.46019689
4945,1922363.28495675,2421976.49262612
4946,1919703.3067821,2418940.58891479
4947,1919510.11196047,2419033.45107325
4948,1919699.1792795,2418939.74151426
4949,1923105.70472416,2422982.13165924
4950,1923715.00510776,2422597.74721724
4951,1924787.89198322,2424650.92510987
4952,1925767.80330015,2424670.24622203
4953,1917253.16413955,2420263.68204778
4954,1917175.53919068,2420444.24266145
4955,1941632.82798835,2417615.34238045
4956,1941489.40889806,2417675.78851851
4957,1941409.97614805,2417660.43000884
4958,1941676.38861577,2417507.84721277
4959,1923529.90999123,2440413.18813337
4960,1924630.1402839,2436692.611291
4961,1925191.67803743,2435823.9389441
4962,1921873.15184817,2415258.19329645
4963,1918094.73996939,2413537.77441332
4964,1917770.07436499,2410681.94231536
4965,1917478.82238162,2410731.97344686
4966,1921953.93189903,2418455.23860923
4967,1922042.79805498,2417916.14416983
4968,1921799.77410198,2418700.57136368
4969,1924215.55962289,2418566.20027908
4970,1923457.93974592,2418026.14973908
4971,1922836.47725466,2417067.29783542
4972,1922573.22018892,2417453.45017853
4973,1922538.84496728,2417491.95910277
4974,1923929.15254258,2413155.70967278
4975,1922109.60289704,2412480.12214745
4976,1902575.55739892,2409430.44592745
4977,1902910.60180986,2409156.93355526
4978,1902347.19345515,2413498.8290888
4979,1902873.61678657,2412625.31573886
4980,1903710.79811364,2413122.62525195
4981,1903819.74318223,2413790.95147271
4982,1904102.34996015,2410308.56408029
4983,1903837.37089332,2409434.45902998
4984,1904428.61246555,2413700.34661567
4985,1906864.67799924,2413622.68226678
4986,1906586.63622419,2413517.84370077
4987,1907778.82657476,2411241.9078679
4988,1907263.67855044,2411055.77155072
4989,1909046.24007269,2409356.76848107
4990,1922852.70876488,2420434.9498556
4991,1922879.03358145,2419834.97427787
4992,1923123.62503544,2418678.9939501
4993,1926205.53597573,2422334.71635164
4994,1926262.93481187,2420740.35554788
4995,1925948.51291392,2420290.36036457
4996,1925617.56270556,2420849.07341632
4997,1927924.44255791,2422519.87516822
4998,1927829.78269831,2422218.62057855
4999,1929964.29104215,2421149.27820532
5000,1930310.85026033,2421230.26415631
5001,1930893.91062741,2417729.02915202
5002,1934590.98665499,2419057.28468826
5003,1934496.47739549,2418751.44869571
5004,1934666.54310256,2418237.65847224
5005,1934713.02343182,2418272.75639434
5006,1934674.92810784,2418334.9499335
5007,1934555.01563234,2418682.86265253
5008,1934635.1532828,2418156.31982104
5009,1934762.91826323,2417858.95493382
5010,1934919.83326202,2417237.08824231
5011,1934485.8547888,2417141.6053822
5012,1936514.09256573,2415612.18561932
5013,1934468.65187797,2415533.32246966
5014,1934303.37267392,2415456.62542138
5015,1936660.06555763,2413905.91784509
5016,1937809.20268109,2418270.9433932
5017,1938167.95690696,2418352.39264448
5018,1938633.78310023,2419135.95983779
5019,1938704.85114497,2419063.47139215
5020,1938814.59151406,2418957.25062528
5021,1939332.42024007,2417670.09841492
5022,1938951.71430039,2418825.18924214
5023,1939450.09731416,2417407.63484968
5024,1937928.6570563,2414819.57092031
5025,1938493.70651204,2420498.71149574
5026,1937833.39549632,2419648.78436065
5027,1936110.26071148,2426325.85576436
5028,1936127.49662234,2426259.06512231
5029,1936172.71855081,2421939.78510301
5030,1936350.50996274,2426834.3622845
5031,1932684.7841549,2428398.86196947
5032,1931162.43099646,2425893.18749196
5033,1931077.55534302,2426681.14878804
5034,1928608.10958833,2426577.92152305
5035,1928636.64050629,2427218.2612262
5036,1928559.85165795,2428198.17244312
5037,1929290.09661769,2430379.37951635
5038,1929771.74762093,2428714.72316833
5039,1930256.20152592,2431468.440902
5040,1930919.13694329,2431728.10646548
5041,1930731.06182488,2431455.70489398
5042,1931056.0751295,2431966.27741542
5043,1930445.78744528,2431572.44176747
5044,1935265.93807992,2429825.66456775
5045,1935164.80561625,2429989.43187085
5046,1932339.3258374,2431767.8547905
5047,1936438.82951834,2430449.72206064
5048,1936415.42680361,2432095.94849706
5049,1936341.36895698,2432601.94671562
5050,1936463.82033408,2433937.62235653
5051,1936681.23347095,2434044.25032366
5052,1936931.03472822,2434106.49466285
5053,1937831.50249513,2434313.98449348
5054,1938307.09329455,2436348.39357429
5055,1933112.83572438,2433791.10426428
5056,1932167.35272913,2432164.17454001
5057,1934329.36629028,2439474.60834247
5058,1934239.95863399,2438654.34292605
5059,1934975.77899725,2439927.57842765
5060,1936180.20865552,2439467.17513779
5061,1936583.98500973,2439308.15113767
5062,1937712.04061992,2440216.09760929
5063,1937860.68671351,2440286.37535354
5064,1937907.49494298,2440317.00407282
5065,1937984.75779162,2440722.39222804
5066,1938072.89974711,2441397.16235286
5067,1938342.96971714,2441612.46878841
5068,1931288.71817597,2438985.2719344
5069,1932285.9527038,2436000.02535496
5070,1932967.11303264,2440387.62891728
5071,1933077.30760202,2440287.77755442
5072,1934098.87014517,2438464.59350659
5073,1932668.79734483,2441158.13160237
5074,1932727.77028196,2441352.89862499
5075,1933239.47800412,2442324.96473698
5076,1936838.95487025,2438426.89628286
5077,1936504.34035959,2440950.14707143
5078,1936712.08259038,2441223.53124354
5079,1935377.39065009,2429165.70985226
5080,1936665.32096094,2430360.73610462
5081,1937066.18601331,2428907.54278972
5082,1936763.04782246,2430486.42858375
5083,1937606.28825334,2431325.73041215
5084,1937789.87066892,2430317.60587746
5085,1938901.0548685,2429291.70453158
5086,1939041.71965706,2430898.75334334
5087,1937443.0893506,2432114.77670891
5088,1939338.84414412,2433821.26408327
5089,1938876.14885281,2432861.7663792
5090,1939755.39490636,2436545.07459811
5091,1939364.2313601,2435390.37697114
5092,1939934.99981944,2439418.39050708
5093,1940085.63571428,2439270.12751373
5094,1939619.1735206,2437129.93616632
5095,1939994.07145663,2436720.54680858
5096,1939872.10997985,2436878.89830828
5097,1941639.5826926,2436408.82411233
5098,1941199.86281576,2434697.80393512
5099,1939562.65378502,2434676.4878217
5100,1940189.25077951,2431600.6010852
5101,1938820.39601772,2431992.09883168
5102,1941639.55029258,2431005.84351076
5103,1937442.19825004,2435672.44774873
5104,1937459.63316102,2437392.52603165
5105,1936526.65467364,2436416.44941713
5106,1935576.80967564,2435164.13622871
5107,1936644.50204783,2434195.71131901
5108,1928943.89019973,2438049.28154512
5109,1927103.10064081,2442930.6513183
5110,1926201.09587293,2442535.76006969
5111,1927288.61855761,2442461.39172287
5112,1924619.63397729,2442554.55978153
5113,1925281.0490937,2440941.64806608
5114,1923291.7676413,2442712.2466808
5115,1924104.90945323,2441879.28325639
5116,1925154.74281418,2440885.49733073
5117,1927984.86749595,2439483.49914807
5118,1926849.15138093,2437306.49047748
5119,1927962.30778175,2441938.05519339
5120,1920961.18047402,2434620.11708621
5121,1920170.17997603,2434493.65180659
5122,1919970.49555031,2430000.9397781
5123,1920907.7808404,2429120.50152379
5124,1920366.56089967,2426183.05127445
5125,1921410.38325683,2425577.87409345
5126,1921045.05952683,2435105.80139198
5127,1920454.36805495,2436555.07830441
5128,1918113.21378102,2431267.74837564
5129,1919059.24727662,2424911.11387368
5130,1918823.41662814,2425112.99290077
5131,1918917.19988719,2424870.75074826
5132,1917225.07082187,2428077.7464673
5133,1917890.817141,2427758.02626602
5134,1916669.26587195,2433025.62188236
5135,1915726.35967832,2436964.74156232
5136,1915658.86503582,2435837.05865236
5137,1915648.74622945,2437277.138459
5138,1916208.01468156,2437961.40388979
5139,1916654.14836243,2436071.53939999
5140,1919211.60207253,2428094.37757777
5141,1918344.97252693,2427196.69341262
5142,1919360.18566608,2428327.70282467
5143,1922379.19366677,2429804.02725413
5144,1922825.33784765,2427547.31833336
5145,1922213.07296218,2431243.66446048
5146,1918560.93706289,2437059.60312204
5147,1919157.76053864,2434803.54730169
5148,1918303.43970078,2437615.90057228
5149,1918258.86587272,2437667.74810492
5150,1916559.07490257,2438634.39651349
5151,1915589.38749208,2440766.87325604
5152,1915795.19332165,2439762.19582353
5153,1918893.27277212,2436962.93416118
5154,1919126.569519,2437516.01740939
5155,1919572.99590006,2438213.47144849
5156,1920829.75899128,2439002.87524548
5157,1920615.11415615,2438823.82183275
5158,1919496.16015169,2438441.65429215
5159,1919171.92894756,2439065.19838472
5160,1918411.15446859,2439247.03249919
5161,1918134.31959431,2437888.96314419
5162,1918047.72643979,2439596.7997194
5163,1918611.42469468,2440406.0796289
5164,1917145.75297193,2438866.77315979
5165,1924866.04283242,2430175.64988809
5166,1925565.82027298,2425193.43805142
5167,1925553.79076541,2425981.64704766
5168,1923003.80456001,2426577.60802286
5169,1922522.05715671,2425256.47389111
5170,1917863.83442402,2420270.10235182
5171,1918595.21128447,2420070.1031259
5172,1919098.82550154,2421792.74441043
5173,1919284.47081841,2422724.10759679
5174,1917517.24560581,2424056.2803355
5175,1917881.77213531,2423960.31897508
5176,1916640.41995379,2425350.57535035
5177,1916025.34026655,2427229.04093298
5178,1913523.26299131,2427989.05781147
5179,1912717.20558383,2429935.39473683
5180,1913153.40475845,2429539.94898787
5181,1912536.99837038,2431036.20282987
5182,1910963.32947964,2430012.51158538
5183,1914505.96940999,2422594.87561543
5184,1914216.14512753,2420955.57738337
5185,1914183.61140705,2421063.3151512
5186,1913989.09298458,2422959.36894491
5187,1912293.78041726,2424849.02783459
5188,1912382.9501734,2424600.13637789
5189,1913069.70170576,2421102.3890758
5190,1912558.07378365,2416796.92316519
5191,1908500.38982904,2425246.97118512
5192,1908635.47911409,2424714.5156499
5193,1908375.14385018,2424611.56448509
5194,1908892.9712762,2420733.48394355
5195,1907597.76596077,2422677.20346726
5196,1907624.27707746,2423229.58401503
5197,1909136.64562961,2422872.55199025
5198,1903990.72288987,2422760.98912001
5199,1907258.58574723,2418821.40573976
5200,1906252.70591395,2418629.41921889
5201,1904650.19910506,2417299.98268191
5202,1902797.01843835,2420712.86813057
5203,1902864.02898053,2423054.98340511
5204,1899315.43564643,2413604.31755522
5205,1899829.32646997,2413057.21951078
5206,1915396.77377082,2430662.84169481
5207,1915261.24668549,2431150.2940017
5208,1914542.94923327,2434223.25513635
5209,1914394.73403996,2434963.25480224
5210,1913218.93689971,2435930.45611116
5211,1915771.38730666,2433132.77534982
5212,1914605.75057281,2436162.66125735
5213,1914668.73411246,2435775.31031349
5214,1914404.81494631,2437097.46404588
5215,1914217.40232832,2437624.30837757
5216,1914270.25576159,2437540.29012467
5217,1914171.36839934,2440655.95618621
5218,1913942.67745536,2439729.57920299
5219,1913883.19361791,2438327.05572
5220,1915099.90908392,2440084.7487266
5221,1914640.75399485,2439304.88293561
5222,1914356.39511582,2437499.11809875
5223,1913587.45533172,2438037.48013769
5224,1915113.72829262,2430729.97633708
5225,1912750.17310459,2433225.06510792
5226,1911957.50030554,2434102.01286002
5227,1911823.43002114,2434784.87658994
5228,1913484.61306697,2433574.43022787
5229,1940969.99707105,2416453.27214884
5230,1941853.08972702,2416867.33620952
5231,1940277.67563518,2419029.58847082
5232,1911358.88452867,2414576.05006699
5233,1911198.11132745,2414717.16215583
5234,1910724.6932294,2416511.0300852
5235,1929882.46209063,2417823.00041119
5236,1930796.81166628,2417295.23967892
5237,1924473.96758558,2418574.4773843
5238,1929739.7787008,2418155.72202066
5239,1922553.42647646,2442583.44459971
5240,1923033.00977839,2417874.86584384
5241,1916949.45764835,2411182.59043056
5242,1917511.23960203,2409126.6592362
5243,1917432.0843522,2409715.61670699
5244,1919272.66661098,2409797.58115859
5245,1918037.30403323,2409228.4730003
5246,1917724.07853603,2410216.79462252
5247,1926755.47192196,2434471.25019249
5248,1941551.06463687,2420149.54367592
5249,1940004.12246296,2419420.52411694
5250,1921266.81906645,2417433.84816619
5251,1921736.09636189,2412138.8545326
5252,1926508.36016638,2440982.70749193
5253,1936751.74401535,2423734.94223319
5254,1936776.11363069,2423745.65613993
5255,1918024.18852497,2411168.23652152
5256,1922689.62556221,2417649.55190199
5257,1922434.73000173,2417394.1590412
5258,1922403.58508212,2413405.13672982
5259,1925353.96723961,2417257.10955492
5260,1933878.9411067,2434520.86932372
5261,1933842.64578385,2434799.14169892
5262,1925808.11212552,2440786.79706859
5263,1918818.2653249,2425194.98435239
5264,1914481.58879464,2422865.47028579
5265,1897586.34505784,2413471.0354713
5266,1931610.68797867,2441652.94301389
5267,1931642.06569843,2441500.13471769
5268,1932270.41589402,2441205.09833194
5269,1931956.22109621,2442134.46571704
5270,1911594.87677725,2413984.73759472
5271,1926665.75266547,2437046.49571379
5272,1926245.74630105,2442338.4988455
5273,1909866.89658935,2421075.92605914
5274,1909898.46890923,2421080.85896225
5275,1936199.74656782,2421912.49448582
5276,1931635.74939445,2431964.50551431
5277,1934197.75070742,2438460.50110401
5278,1933973.75286639,2436626.50164938
5279,1933518.02147948,2436370.63798829
5280,1933819.75136944,2435201.47095221
5281,1933827.73817447,2435170.52163273
5282,1933875.7481047,2434984.4786156
5283,1938383.75154281,2432188.49525532
5284,1939265.7468981,2434820.49641236
5285,1939713.74998015,2436808.49706396
5286,1939825.74735066,2436626.49144937
5287,1925307.75091051,2440882.49122883
5288,1919917.7470171,2434260.5011598
5289,1914331.7449003,2437452.4960694
5290,1913918.74964029,2438285.49929384
5291,1913876.87821393,2438280.59099075
5292,1918279.74478586,2427176.4989999
5293,1917274.2012528,2413204.89410375
5294,1917079.4628302,2412685.12107651
5295,1920938.71325988,2411898.68158139
5296,1918243.86376327,2411932.79510287
5297,1916787.62454646,2412550.34159166
5298,1916080.88890152,2414180.00251765
5299,1916051.57388306,2414928.74068904
5300,1915530.1649548,2415402.70568743
5301,1916912.62872516,2411269.15868506
5302,1916046.48857986,2414257.25026628
5303,1938873.71895128,2419226.31839468
5304,1911682.03683212,2423149.92896488
5305,1911429.40687307,2422641.41604473
5306,1926623.43043883,2415974.50524742
5307,1913146.02595381,2438983.62053335
5308,1912752.04880577,2434450.13407919
5309,1916609.68483444,2438863.64885782
5310,1889852.74648897,2408647.49043453
5311,1891623.74720395,2409852.32559306
5312,1887949.55049077,2412133.75222939
5313,1889855.8133909,2408686.17275888
5314,1887461.69798363,2412345.94836298
5315,1887053.45302661,2413526.64170631
5316,1887088.50594868,2413490.65218365
5317,1887128.73527401,2413382.17611536
5318,1887139.27688064,2413350.57279546
5319,1887235.66044132,2413298.34536258
5320,1887084.7288463,2414480.37670676
5321,1887047.98822317,2413672.81879834
5322,1887045.79332179,2413526.03220593
5323,1885786.67882908,2417174.00000259
5324,1882856.27348418,2419413.01441222
5325,1881684.12574622,2420878.69483497
5326,1880626.99428068,2422871.14288936
5327,1879813.28656839,2424007.835805
5328,1879616.3425444,2425549.57787564
5329,1880064.75542671,2427675.36921398
5330,1879877.86760905,2428637.38881964
5331,1879123.19133393,2431788.14610327
5332,1878129.97740863,2431586.15737611
5333,1876048.04139789,2431956.34880917
5334,1875499.39185248,2431839.62523568
5335,1874287.77268967,2431854.06934478
5336,1874232.8640551,2432269.64870642
5337,1873706.65262382,2432374.55957246
5338,1872478.0247503,2432342.54165231
5339,1870514.52771414,2433093.95502538
5340,1869655.42467327,2433620.50915688
5341,1867261.50336612,2434271.70796686
5342,1886352.74698547,2404279.49408455
5343,1889803.74585812,2405238.50058832
5344,1884061.99964327,2405974.6792518
5345,1884451.95418878,2405271.49660909
5346,1886002.75336512,2404517.49393439
5347,1883808.26768353,2406182.99798295
5348,1882388.75928984,2405870.71608634
5349,1883548.91322025,2406059.28790506
5350,1881534.1480518,2406641.66287171
5351,1877690.19073175,2412714.58429506
5352,1877716.83054852,2412017.73515634
5353,1877701.18713867,2413033.54139587
5354,1878363.45415562,2416335.38157462
5355,1877965.08930482,2417310.34718843
5356,1878339.65734063,2417891.83105452
5357,1876130.78554999,2423797.32387246
5358,1875321.48244047,2424397.64935041
5359,1874384.50295058,2424728.79015889
5360,1873435.07405284,2424705.24944407
5361,1872417.16501199,2425718.63538207
5362,1870848.86372463,2425245.31658408
5363,1870672.94061387,2425283.28270798
5364,1869498.13757425,2425918.46910788
5365,1868391.10207729,2426762.62573934
5366,1867564.23895672,2427494.6425002
5367,1866709.61331867,2428390.86416443
5368,1866483.15907609,2428695.32985612
5369,1864196.84463669,2430202.34150489
5370,1864049.47074391,2430481.67208075
5371,1880369.2309184,2399312.5631575
5372,1880353.9725088,2399445.79144138
5373,1880043.06561305,2396112.06254255
5374,1880420.12485044,2398051.92826384
5375,1879851.55429249,2395909.19331483
5376,1879575.31401857,2395324.49234672
5377,1877002.64319889,2395747.84031325
5378,1878253.50268639,2396879.75232587
5379,1878144.00011745,2396188.93449095
5380,1880956.62478821,2398186.2399484
5381,1882721.4567993,2398628.10702659
5382,1881888.30477477,2400537.56352873
5383,1882529.70027858,2397099.79916441
5384,1877585.74296599,2407467.46199161
5385,1878906.0206972,2408774.86511472
5386,1878942.34132007,2408793.11852621
5387,1877784.59809119,2407137.59048393
5388,1868163.11953375,2405171.64354623
5389,1868888.1222902,2405006.61194232
5390,1869997.72748877,2404455.11069511
5391,1874154.10930552,2402818.82006495
5392,1874151.76600405,2404285.06728806
5393,1873315.97197786,2400872.6653397
5394,1871989.67884285,2401312.52961663
5395,1871794.19141978,2402341.15906423
5396,1876657.68428171,2407906.11956778
5397,1875638.13323982,2410202.17411331
5398,1877257.7596595,2405990.47896174
5399,1876067.29591002,2406071.7332129
5400,1876052.10630045,2404885.56786612
5401,1869642.14856491,2414146.86329679
5402,1870094.60614977,2413361.22330217
5403,1870959.09819403,2412854.25108299
5404,1869640.84256409,2409854.48289442
5405,1868325.61683606,2411758.44909311
5406,1868323.19383453,2412805.85765252
5407,1869189.30307981,2413068.15581766
5408,1869882.132116,2407331.07790575
5409,1869641.31026438,2408930.31111258
5410,1869211.11249354,2406943.34036164
5411,1867044.76262967,2411437.96319133
5412,1867290.44438434,2413068.29681775
5413,1866981.19568964,2417322.94429636
5414,1865307.87953617,2418290.02370521
5415,1865770.78772761,2413123.0216522
5416,1864738.03557741,2413888.35773404
5417,1863574.692345,2414697.61824353
5418,1865211.28867536,2414234.88765221
5419,1864148.92460652,2415171.92884214
5420,1863279.20655897,2412209.65327717
5421,1862798.12035609,2413298.88066292
5422,1862807.73486215,2415565.76659009
5423,1861718.34647629,2418665.6533417
5424,1861839.99205288,2419485.732258
5425,1857207.44293635,2413614.51666164
5426,1857172.69751447,2413471.58727165
5427,1858768.65521925,2415761.1515131
5428,1858612.73782109,2416504.46718107
5429,1858849.25576999,2418087.73787786
5430,1859637.71796639,2419355.09257575
5431,1857258.41296844,2423367.02940156
5432,1858820.59665195,2422325.34984575
5433,1858775.67582367,2426079.12170902
5434,1859188.83478378,2426531.87189406
5435,1855833.92637162,2434667.96181633
5436,1857171.22241354,2434784.12558946
5437,1855714.41589638,2434656.71600925
5438,1854133.382501,2435438.16190123
5439,1853743.31705543,2436212.63128881
5440,1853454.91247385,2437646.67979165
5441,1853538.77992665,2438325.55891906
5442,1853559.85913993,2438691.40934939
5443,1859324.20686901,2435618.69341489
5444,1858709.42498196,2435621.38401658
5445,1861105.27069032,2438864.03535807
5446,1861502.89084065,2440376.13561005
5447,1861886.76368232,2441534.72613946
5448,1858918.94401386,2443993.47218743
5449,1854765.67939908,2446771.04723611
5450,1851687.73516129,2445351.6539425
5451,1848261.60770429,2452821.35924523
5452,1848800.77384373,2451981.55751651
5453,1848326.50324514,2457255.92693712
5454,1851413.88558888,2439179.8550569
5455,1850126.43827834,2441052.74813602
5456,1849178.13178131,2442188.57615111
5457,1848331.01584798,2443262.66382733
5458,1847473.09600786,2447442.87015908
5459,1846202.44520789,2451972.97631111
5460,1855959.19335048,2424344.96051724
5461,1853930.15137305,2427716.45763985
5462,1852304.96354988,2428550.13666471
5463,1851614.18061498,2428409.52147618
5464,1850028.5310167,2429117.05992163
5465,1848702.66868197,2429433.75992101
5466,1845714.36550061,2431142.02579649
5467,1862128.33003441,2408829.7898493
5468,1862358.97677962,2409598.06523298
5469,1858744.58720409,2408052.7540601
5470,1856952.34807575,2407570.75725664
5471,1854951.90791632,2409220.48429527
5472,1856732.01253703,2407678.7056246
5473,1853940.30517944,2409656.59206983
5474,1851569.9048871,2412664.53456355
5475,1852049.03548875,2414887.13936285
5476,1864396.22946222,2406201.12529436
5477,1864620.53600344,2409111.43672661
5478,1862953.72575406,2404457.74629677
5479,1862901.12312094,2403925.85426191
5480,1862565.64210973,2403255.25453972
5481,1862448.30003585,2402575.59461182
5482,1861824.7794433,2401965.12242748
5483,1858972.34584748,2401804.46342634
5484,1858429.67530584,2402114.7708217
5485,1856277.51735089,2402650.65285907
5486,1858114.04150712,2402080.53520015
5487,1875695.37727587,2410527.08601787
5488,1867838.76942955,2404372.19164291
5489,1883212.79170863,2402485.76425527
5490,1886302.38105376,2404244.61056259
5491,1878106.44149381,2398503.33074803
5492,1875503.89555531,2400156.75388898
5493,1874960.39311314,2400754.02486501
5494,1858456.89072297,2416147.16695612
5495,1857184.20162171,2416076.05481135
5496,1856162.92037874,2416375.40439982
5497,1854822.45143482,2417079.9781434
5498,1851561.94098209,2419025.00896794
5499,1854257.99927946,2417700.17753386
5500,1853610.77977198,2404991.4761328
5501,1853721.69214181,2404994.99553501
5502,1865284.98652176,2404957.55961144
5503,1866436.80344691,2401638.12252161
5504,1866775.42206009,2401311.33981588
5505,1864267.3768811,2412892.04930679
5506,1866750.37494433,2409081.85390799
5507,1863421.07944829,2414006.4745084
5508,1870080.31904077,2415221.8951736
5509,1880780.9354776,2402905.36281944
5510,1876149.97926207,2404491.15181781
5511,1876482.44467138,2402564.31290472
5512,1881740.73338186,2411260.15837939
5513,1883805.03698149,2406200.04249368
5514,1881729.30517467,2411834.35634089
5515,1887351.24331409,2416415.28582493
5516,1886180.51167703,2418342.49733825
5517,1884621.32479541,2421081.06796238
5518,1884742.69657182,2421396.04566068
5519,1884634.21000352,2423218.20270786
5520,1884898.1602697,2422923.52372234
5521,1855900.2878134,2439809.45015328
5522,1855596.97682244,2440297.4310605
5523,1871785.70021443,2426596.59613481
5524,1870376.74422739,2430387.94822175
5525,1870383.34953155,2431179.29891996
5526,1869388.48900522,2433312.13486274
5527,1854767.23790006,2443797.38366397
5528,1848975.85035396,2438381.52615429
5529,1849046.66209853,2438809.81192393
5530,1848977.32345488,2435798.82942829
5531,1849007.74697404,2435814.49963816
5532,1846932.6389676,2434539.77493563
5533,1848979.51045626,2435991.39094953
5534,1849077.98211825,2435526.2779567
5535,1850093.60065766,2433421.01803129
5536,1871012.17052744,2420115.90765474
5537,1868577.80399483,2422976.78055587
5538,1854553.52146551,2412975.23945916
5539,1855640.57794989,2412099.780108
5540,1853981.77540555,2413345.51539228
5541,1856051.31640848,2410436.00426053
5542,1856784.40807002,2411368.58954766
5543,1856776.77276521,2411387.54115959
5544,1891765.45939317,2402643.59355463
5545,1891116.63018468,2402367.39398074
5546,1889826.22087227,2405268.95710749
5547,1877456.81478482,2398228.89497525
5548,1876648.24077576,2397201.2838283
5549,1876470.60376393,2397068.29124457
5550,1876688.98650141,2398420.25989573
5551,1875016.60404853,2397918.36147975
5552,1874137.0748948,2399230.2724057
5553,1875049.63656932,2399419.85722505
5554,1861055.99205929,2406485.74817355
5555,1861932.90681138,2405447.29791977
5556,1861443.53120328,2404841.19203818
5557,1860577.30505792,2406129.84494948
5558,1861887.42128274,2403692.56821504
5559,1861172.32423253,2404215.52354428
5560,1858007.92124031,2402510.40787078
5561,1858282.3798131,2401398.67477086
5562,1861620.29881456,2400515.83431505
5563,1861647.44613166,2399484.86616598
5564,1862635.60555378,2402240.23320069
5565,1863541.39172404,2399776.12974935
5566,1863125.02636191,2399159.14826092
5567,1862599.63833113,2398960.18403565
5568,1862391.31009997,2398091.94338903
5569,1863355.03390671,2402139.72393741
5570,1865139.04262988,2400820.77120703
5571,1866125.38675085,2400388.81633508
5572,1863445.65566376,2400800.60339433
5573,1866664.09929001,2403540.71751944
5574,1850959.42840276,2414125.20158315
5575,1851984.6250482,2408663.75074476
5576,1852026.27657442,2408260.80279108
5577,1853895.43315119,2407614.00668387
5578,1853259.66965093,2407789.65949446
5579,1857586.43027495,2404217.69414564
5580,1861780.73921558,2407998.22832577
5581,1860244.26604825,2406863.53221139
5582,1863292.88756758,2416786.80145882
5583,1864079.43826278,2417013.61310162
5584,1864221.42095216,2417175.22910337
5585,1863631.29688064,2419972.4103644
5586,1863253.27414265,2421034.43343302
5587,1864765.01239439,2419155.1851499
5588,1860775.07068243,2415632.58143216
5589,1859885.23272222,2416744.01353188
5590,1859626.96295961,2415940.0000257
5591,1860638.71169658,2414861.46264668
5592,1859533.99490108,2415277.07180834
5593,1859732.47172604,2414309.95099946
5594,1857029.29332419,2421324.87201587
5595,1859467.29655909,2421037.35943486
5596,1853932.93887481,2421063.86175155
5597,1853357.58531258,2421347.4653301
5598,1853470.28768354,2420890.9754427
5599,1855383.53458806,2419336.29536392
5600,1855745.60151601,2419952.79875205
5601,1855561.14949989,2436971.96396687
5602,1855006.40915064,2438168.77442035
5603,1845300.17463985,2455270.03398685
5604,1850435.3256728,2453784.96665189
5605,1851229.82147299,2451403.21625241
5606,1847931.58479651,2443326.65966762
5607,1847300.36189911,2443951.85166122
5608,1847919.00398859,2443377.6217997
5609,1846775.61936875,2444946.23978726
5610,1843441.7033698,2448119.09208481
5611,1845502.79166741,2446957.09125324
5612,1842412.42092179,2445630.5627181
5613,1843954.5892927,2440753.66174773
5614,1845988.62137327,2442078.40788175
5615,1848434.99511345,2441287.48798381
5616,1847064.83965083,2437891.85724601
5617,1846978.46739646,2437925.90976745
5618,1846841.48491022,2438113.2627854
5619,1844000.30712149,2437842.51971495
5620,1843654.72390391,2437936.64247421
5621,1846787.68967635,2434028.09391349
5622,1851012.31223606,2436992.71217993
5623,1851622.61502029,2434440.83207333
5624,1854301.69580697,2432894.90980006
5625,1863699.14222335,2438981.24503186
5626,1864230.19045769,2438057.53115031
5627,1864731.6599734,2436623.72934763
5628,1864370.88204626,2439692.75207981
5629,1864570.07967167,2442508.36885244
5630,1866529.3909052,2438606.88659617
5631,1861787.82912004,2441818.11191788
5632,1860628.5757902,2444686.15162352
5633,1859304.5018566,2448250.05086726
5634,1862481.29775663,2444393.09873902
5635,1858524.72196567,2448246.05166474
5636,1855636.83504754,2448797.93401219
5637,1863318.59428377,2432577.33210013
5638,1861990.74174779,2431113.18217834
5639,1862002.94895547,2426651.3743693
5640,1861185.35614074,2426685.33919068
5641,1862771.9315396,2425691.77836516
5642,1862913.63692882,2423412.77183036
5643,1860956.55819669,2425793.95422949
5644,1863093.22894188,2422857.0638805
5645,1856468.28177099,2428109.88768754
5646,1854562.98607147,2430040.31200288
5647,1852425.20172558,2428967.00482716
5648,1851434.51680187,2432243.35918986
5649,1853743.56365558,2430531.80221231
5650,1848645.87634621,2433121.20824254
5651,1846639.07998279,2426949.13135676
5652,1854138.98230453,2424340.41091438
5653,1853470.2389835,2423932.06365729
5654,1852803.93576402,2423590.12354201
5655,1862366.12598412,2421999.03224031
5656,1861587.73879407,2422095.49310103
5657,1859886.36472293,2421686.37704347
5658,1856766.2748586,2419153.03734854
5659,1857609.62748955,2419067.5165947
5660,1858226.13027769,2417998.8641219
5661,1855922.45272735,2419125.18933101
5662,1856155.35167398,2418071.86806787
5663,1855266.57201443,2418749.06309421
5664,1854472.84481472,2416829.90308596
5665,1855294.22233184,2413502.77649129
5666,1866643.28177691,2404986.63362975
5667,1868714.06218061,2407573.14515815
5668,1872472.47484681,2414030.1342233
5669,1873744.2668475,2410245.86314082
5670,1875167.25004337,2411083.34426808
5671,1875296.97942504,2410675.78701149
5672,1874773.05159519,2413626.54796921
5673,1875284.18791699,2412897.59011028
5674,1876335.14507865,2426304.00885061
5675,1876087.61792281,2424674.30822459
5676,1875344.06975469,2424743.16756794
5677,1874899.12797457,2428258.96028139
5678,1875067.43438053,2429900.31241474
5679,1875177.96805012,2430320.57717933
5680,1872341.17196415,2428824.5905375
5681,1868864.61157539,2432529.35626992
5682,1868673.382455,2431265.7720744
5683,1868633.32842978,2429623.73224062
5684,1866680.66660044,2429136.58233392
5685,1866717.62442371,2429543.26098995
5686,1866686.89840436,2429625.1332415
5687,1866977.68348743,2431168.82851337
5688,1867110.77527123,2431691.48244242
5689,1865392.51198945,2432052.21886953
5690,1864289.74269518,2426987.36578083
5691,1864539.12615218,2425909.31460212
5692,1866842.11550209,2423199.13599586
5693,1866479.01727349,2422911.59511483
5694,1869390.45790645,2423528.48380321
5695,1871042.83964675,2423243.27532365
5696,1872784.7365434,2423530.44510444
5697,1872769.05223353,2422597.24951693
5698,1877394.2079454,2419967.70576144
5699,1875590.25240968,2420932.18326865
5700,1874704.87345227,2419291.42923567
5701,1874909.83708131,2420210.65911439
5702,1873988.99970157,2422052.02997367
5703,1873868.02102541,2421029.50722992
5704,1872544.0900919,2422025.45495694
5705,1871043.8758474,2421519.12963817
5706,1871687.11305237,2422344.73545795
5707,1871050.91285183,2421847.3359448
5708,1870545.1172334,2422743.36520892
5709,1868765.22681282,2418813.45973475
5710,1866938.866263,2419087.02840699
5711,1865857.83478241,2419732.4068133
5712,1866166.16977653,2421404.40466594
5713,1867404.77725632,2420669.10730302
5714,1867057.04053739,2421535.91354874
5715,1866368.36040382,2420841.13351132
5716,1865701.76258415,2420141.27407071
5717,1865709.56368906,2420298.54096972
5718,1864388.07465709,2424526.50333153
5719,1864022.62862701,2422525.94227204
5720,1870854.28682804,2417491.29870236
5721,1875199.77516385,2416970.91097473
5722,1872854.59138738,2416599.92774117
5723,1872320.14415091,2416143.50445382
5724,1871750.02799198,2415233.25518075
5725,1870395.0130389,2417214.13542786
5726,1871761.67339931,2416392.02171028
5727,1871641.74302381,2416225.35360535
5728,1874785.454203,2415264.71770056
5729,1874273.66748079,2414224.14344544
5730,1876487.31697445,2414156.81060305
5731,1875921.59981829,2414490.67121324
5732,1879865.65980136,2411503.39113253
5733,1881363.7145445,2407289.26977943
5734,1881361.74874326,2407254.49525753
5735,1880377.99052392,2405608.11792102
5736,1880444.00776548,2405334.83104896
5737,1878272.92149862,2404896.63757309
5738,1877018.43140883,2405812.60554976
5739,1885617.11172233,2408228.20177055
5740,1886018.07857477,2404568.50796651
5741,1888492.76603276,2412665.32146405
5742,1889115.48902481,2414850.3725397
5743,1888699.05746264,2418718.91977523
5744,1888846.74745562,2417559.88424554
5745,1889509.87527311,2415539.50997356
5746,1891210.2142436,2416458.80855233
5747,1891390.35675701,2417109.97446228
5748,1890105.64004819,2417106.42716005
5749,1890608.66346488,2417258.9929561
5750,1889270.37722233,2419626.26714648
5751,1887644.19979853,2421968.64942118
5752,1888847.9810564,2420687.38141453
5753,1888620.53911321,2421386.3920546
5754,1887775.77428136,2418550.47266918
5755,1887519.97682032,2419289.83323467
5756,1885767.86671724,2421532.12154635
5757,1886225.27240521,2420788.0410779
5758,1885045.76196262,2422117.54281492
5759,1885235.99318239,2422863.39978449
5760,1883504.85269251,2422750.39151334
5761,1882692.25438092,2423436.90714555
5762,1882201.92087222,2422984.54086076
5763,1880826.05800601,2424691.45003538
5764,1881096.8708765,2427141.58437792
5765,1880941.6852788,2426553.96580797
5766,1881357.01084028,2426589.71463048
5767,1881344.30573228,2425883.16498565
5768,1879829.11687836,2430822.1414951
5769,1877835.01882293,2433258.55692901
5770,1876117.01514132,2434294.37398113
5771,1876282.24254534,2436477.34035547
5772,1874777.59199805,2436009.96196122
5773,1875510.96555977,2436884.24881165
5774,1876922.99444874,2432805.64674387
5775,1875534.00387427,2433858.20830653
5776,1874691.82194405,2433894.32102927
5777,1874355.23903215,2434249.68125299
5778,1872901.60691698,2435362.33035349
5779,1873631.52017651,2435690.53646012
5780,1872886.27320733,2437310.32417989
5781,1871343.55253607,2434920.9349756
5782,1871292.70540406,2436522.88078414
5783,1869864.06880463,2436020.20116767
5784,1868237.13008035,2436369.43878753
5785,1867961.20620663,2435153.36302193
5786,1873067.6150215,2430741.48214432
5787,1877893.56235978,2429137.5099345
5788,1875382.17627868,2428377.67115613
5789,1877100.74256065,2427826.70280925
5790,1875782.04743043,2427977.57580424
5791,1876570.56752686,2426434.27183262
5792,1877731.62195783,2425342.5621453
5793,1880974.80029965,2415378.55757223
5794,1881277.82439043,2416555.98421351
5795,1883775.32806279,2416508.44288358
5796,1883632.24337271,2416114.20653537
5797,1883015.74108457,2412028.24616296
5798,1855823.48146504,2431345.8325248
5799,1858584.49630331,2430925.72106031
5800,1876099.87163052,2436571.16431454
5801,1873878.31813189,2436387.3286988
5802,1874792.63410752,2428382.37555909
5803,1877850.78733286,2411764.1561967
5804,1877857.39433701,2411178.2027278
5805,1884258.45036695,2398619.61802124
5806,1884266.92367228,2398803.60053707
5807,1881522.28554433,2406699.28840799
5808,1879272.55672796,2408268.74369608
5809,1879926.35293958,2407934.8981859
5810,1856884.54803306,2407060.83693561
5811,1856872.42542543,2407109.92006651
5812,1884241.79575647,2399008.75266623
5813,1856860.22611775,2405782.91943107
5814,1856712.94462503,2406099.74093053
5815,1857014.40131481,2404118.31078308
5816,1856847.84460995,2405772.28812438
5817,1874718.34446075,2428419.05018218
5818,1883745.59014407,2396796.2589733
5819,1891392.73165851,2413647.07128213
5820,1874954.57150947,2414645.77961089
5821,1875136.30382389,2414301.16889393
5822,1859773.75255203,2421618.49780073
5823,1859647.7532727,2421016.49982173
5824,1858045.61946404,2434732.84065718
5825,1860154.55569177,2432096.9614977
5826,1860963.74620122,2426560.49491208
5827,1859843.7487961,2427148.49268227
5828,1859115.75513777,2430256.49523899
5829,1860956.75229682,2431313.49910445
5830,1851825.88294826,2448520.49103752
5831,1850953.74339918,2449632.49993761
5832,1855962.66695267,2412002.02894646
5833,1855991.13297059,2412030.14746416
5834,1855978.44696261,2411984.75043558
5835,1857371.2849395,2412944.22853964
5836,1856390.6282221,2412619.05833492
5837,1856346.55149435,2412115.67901801
5838,1856122.65075339,2411823.06113378
5839,1859217.53660185,2411983.3508347
5840,1859451.18284895,2411828.06023693
5841,1856796.64377772,2411382.16465621
5842,1858783.95672888,2411770.36350061
5843,1859537.76500346,2411196.49973932
5844,1903789.74706334,2364778.49841576
5845,1902263.75130261,2363126.49757571
5846,1900757.16795411,2362858.2096068
5847,1900419.44734149,2362649.53307542
5848,1916347.74746953,2370154.49910035
5849,1915846.45445393,2369653.24308478
5850,1916634.74805022,2367277.49628907
5851,1917537.74701872,2371106.49719971
5852,1916578.74841496,2370483.49670748
5853,1919357.74836455,2371050.49286445
5854,1921021.498312,2370172.38231161
5855,1919457.65672744,2371023.37944738
5856,1923004.50226044,2368612.55512959
5857,1923891.95411916,2368283.71612256
5858,1925520.74824461,2366037.76060856
5859,1925532.28955187,2365776.87784432
5860,1925480.25451911,2364412.96178563
5861,1925439.58629351,2365362.9240837
5862,1925481.13431967,2364101.89008979
5863,1925988.8234393,2362439.3567431
5864,1925909.95808964,2362063.18390627
5865,1926100.51560961,2361855.6216756
5866,1926621.72823776,2360098.85616959
5867,1926056.663282,2361823.3845553
5868,1926067.02598853,2356881.76754419
5869,1924262.35295235,2368464.73423652
5870,1924760.73496612,2368089.93230056
5871,1924876.88953925,2368114.12451579
5872,1925247.63557266,2368334.78955471
5873,1927947.04567214,2368935.04953262
5874,1928063.19784527,2370159.46170348
5875,1927735.8836392,2370772.85578965
5876,1927899.76924238,2371911.75760668
5877,1927895.43223964,2372010.89096909
5878,1929574.79019693,2373705.02033567
5879,1929577.74929879,2373794.501592
5880,1929938.19192571,2374054.34765559
5881,1929751.59070823,2373848.06772573
5882,1930024.83318026,2374021.14433469
5883,1932523.01055305,2373783.32948497
5884,1927741.36254265,2372443.98204175
5885,1926973.37615914,2374712.88227019
5886,1926939.74683797,2375450.82063478
5887,1928456.58479293,2376783.52507381
5888,1927432.8174484,2376256.35404192
5889,1927293.44886065,2376221.01951968
5890,1928922.7235864,2376823.97359928
5891,1929898.67490083,2377729.0596691
5892,1930957.76226761,2377995.5901369
5893,1931941.64758703,2377926.04959312
5894,1931948.5869914,2377970.06692083
5895,1933003.12985532,2379573.56273035
5896,1933340.07456745,2379813.08888115
5897,1935731.71467316,2380379.32193763
5898,1933959.74975758,2381032.50014886
5899,1938366.24463179,2379256.69133085
5900,1938082.74905331,2379331.49107795
5901,1937443.06165058,2379520.21129676
5902,1939580.75349642,2379247.49962507
5903,1939427.70540006,2379259.7795328
5904,1940903.75202934,2379226.50331185
5905,1941485.32159548,2378866.64568529
5906,1941477.75229071,2378904.49150912
5907,1943281.31192619,2379578.49383345
5908,1943280.91762594,2379488.65597689
5909,1943197.81847363,2381528.52666114
5910,1943024.34116441,2380956.23170084
5911,1943022.51846326,2379694.22510631
5912,1944301.00606816,2382790.46485562
5913,1944752.35175232,2383172.71119628
5914,1945706.44615299,2383340.74750207
5915,1945969.38641853,2384711.80826525
5916,1945766.20199061,2385443.46522588
5917,1945767.12499119,2386730.27223602
5918,1945548.97325385,2388007.00003982
5919,1945514.1023319,2388203.89396378
5920,1945506.333227,2389310.2333603
5921,1945550.74035496,2389340.1008791
5922,1945198.69683332,2390468.9616898
5923,1945415.37836974,2390268.55916364
5924,1945467.11290231,2390068.08313742
5925,1945050.96454032,2391552.56607201
5926,1945049.37943932,2390594.2834687
5927,1945065.06374919,2392335.18356473
5928,1945085.16926185,2391548.15066923
5929,1944686.95131114,2393821.47970046
5930,1944291.27316203,2394624.50740603
5931,1943105.8152157,2395217.68027947
5932,1943157.2804481,2382407.50601452
5933,1943280.70452581,2384434.26819052
5934,1943002.64435075,2385976.32646136
5935,1943229.12349333,2384919.8057962
5936,1943259.4072124,2384486.86862363
5937,1943228.62339302,2384910.37709027
5938,1942735.02038226,2386643.97288169
5939,1942806.10212701,2386965.68588423
5940,1942545.76546311,2388373.74097071
5941,1942233.48736651,2390019.87140707
5942,1942547.89236445,2388398.40848624
5943,1941260.98425424,2392298.4529416
5944,1941308.85758438,2392152.40694966
5945,1941167.06529512,2392390.46939953
5946,1941220.29692863,2392528.13958621
5947,1941072.92683585,2392838.67118171
5948,1941103.56665514,2392901.94162154
5949,1941137.30537638,2394689.1114467
5950,1941189.40100918,2394749.96758501
5951,1941414.68935101,2395353.95136526
5952,1941893.98095276,2396835.76989818
5953,1941656.99840356,2396571.820432
5954,1943327.00775496,2396670.23579396
5955,1942010.6317262,2396868.31631867
5956,1934025.11399873,2381113.20389966
5957,1934148.03997612,2381210.71376105
5958,1933786.92064877,2383278.93456315
5959,1933830.92357647,2383482.89179156
5960,1932859.75876505,2387722.94836099
5961,1935249.17826937,2387686.96103833
5962,1935652.76632346,2388133.61371953
5963,1936307.43553562,2389428.48243475
5964,1935943.30040637,2388493.19344591
5965,1935860.71935438,2388419.20899933
5966,1935944.60170719,2388488.12454272
5967,1935878.91506584,2388424.56540271
5968,1936231.43078777,2391277.38359877
5969,1936055.66197711,2391150.48261887
5970,1936048.09617235,2391134.86260904
5971,1935999.27254161,2391025.16943998
5972,1936844.85467397,2392012.67716169
5973,1937299.68996032,2392219.10559165
5974,1937492.91278196,2392511.4512757
5975,1937046.632901,2393560.69273628
5976,1937530.73340578,2392394.48330206
5977,1937134.98835663,2393673.07330703
5978,1935737.86297703,2396307.0317653
5979,1919562.11359321,2371698.80917261
5980,1919417.74760232,2371248.58988916
5981,1919723.798295,2372148.70355585
5982,1920092.47432711,2372316.09066124
5983,1922520.81025593,2372467.86165679
5984,1922592.17780086,2375089.47530728
5985,1922118.92310291,2373703.30773459
5986,1922596.80240377,2375594.45612521
5987,1922741.61889494,2376193.02400205
5988,1922684.24355882,2377188.6943289
5989,1922500.56674318,2378025.72295587
5990,1923735.81972086,2379003.66117155
5991,1925277.17119126,2378959.29074362
5992,1925597.02919263,2379575.80493176
5993,1926074.93109351,2379805.12057613
5994,1926594.41062056,2381381.98966889
5995,1926725.87650332,2380634.77989846
5996,1928580.56877099,2384671.35943979
5997,1928586.57427477,2384424.80998456
5998,1927479.6766779,2382417.02142051
5999,1928562.43505957,2384119.35429226
6000,1928551.1967525,2383928.10007185
6001,1927939.74366754,2382824.49767705
6002,1928342.91972137,2388437.27471071
6003,1930157.55516382,2388135.12712048
6004,1930439.35344123,2389421.47073033
6005,1930651.81397499,2390075.07694182
6006,1931297.0368812,2392776.78534275
6007,1932307.28091723,2393244.50123721
6008,1932762.22030365,2394232.09005897
6009,1932713.75277313,2394486.50151914
6010,1932930.74850975,2395067.50148492
6011,1934006.05908674,2397981.62761958
6012,1933881.98640862,2397226.79884436
6013,1936775.55153034,2399723.74111637
6014,1936300.35653117,2399525.34909147
6015,1938412.09956066,2400481.20339325
6016,1937940.47266374,2403518.45650542
6017,1937913.18594656,2403421.75494454
6018,1938443.07398016,2400644.81129625
6019,1937931.17445789,2402386.83899298
6020,1937928.15555598,2402377.31048699
6021,1938145.74979297,2401794.49402006
6022,1937909.4422442,2403497.30419211
6023,1937556.45772197,2404132.34639191
6024,1935004.31691521,2407005.33750067
6025,1933932.05884015,2409297.36624367
6026,1934034.70480477,2409120.54173235
6027,1934114.75315516,2408869.32977419
6028,1933803.00185889,2409414.6381175
6029,1933234.62050106,2410503.55760306
6030,1932958.58782728,2411367.26244682
6031,1931643.36729925,2413864.04131873
6032,1931571.35455391,2414571.04676384
6033,1931558.01544551,2414623.02779657
6034,1933460.2363431,2415636.03483433
6035,1931367.29372544,2415386.6090773
6036,1934396.31133243,2401089.76027638
6037,1934356.12140713,2402200.81597587
6038,1933261.63301807,2403827.69760011
6039,1933043.79368092,2404077.88325762
6040,1932739.13178911,2404849.30564329
6041,1932762.74360397,2405752.40561186
6042,1932494.00353479,2406546.21881162
6043,1932183.05043902,2407606.21867897
6044,1931307.5045878,2409943.39085039
6045,1931829.6113165,2408557.69437799
6046,1932018.09523517,2408168.0749327
6047,1930651.06667452,2394350.04243323
6048,1930207.69459539,2396067.62851458
6049,1930313.67696211,2397116.04947464
6050,1930275.79403826,2396908.42144392
6051,1930174.98747479,2396621.30976316
6052,1930279.72784074,2396898.71833781
6053,1930511.82028686,2398333.21884093
6054,1929226.61057772,2403829.51970126
6055,1929319.6520363,2404167.36731396
6056,1926416.08810829,2382745.68392743
6057,1926433.12571901,2383592.03506027
6058,1925642.2480211,2387635.64410602
6059,1925722.98187193,2389136.97805122
6060,1925704.38496022,2388641.31613917
6061,1925616.01990459,2389634.71496458
6062,1925606.9808989,2391049.60555536
6063,1925520.13844422,2391753.06989824
6064,1925357.35404174,2392133.53653778
6065,1925178.03972885,2393034.92050526
6066,1925075.14546407,2393232.81772985
6067,1925489.86642516,2393737.78314777
6068,1925871.03866514,2395408.45579958
6069,1925929.59960201,2395890.58160311
6070,1926267.57711479,2396684.54290297
6071,1928473.03720329,2396910.19634503
6072,1918853.0458468,2374001.15172211
6073,1919673.62626341,2374161.86032328
6074,1920638.71547101,2375978.80046718
6075,1920472.54086639,2376756.98995711
6076,1920440.55054625,2376318.91728131
6077,1920469.94856476,2376777.43186998
6078,1920440.7815464,2377487.48191701
6079,1918692.1436455,2382421.53922336
6080,1918495.91582196,2383286.98226822
6081,1923551.97610512,2396589.10084288
6082,1923601.35513621,2396548.99041763
6083,1924545.9476309,2401119.11379486
6084,1924545.50843062,2400968.59150009
6085,1924687.51082002,2401968.15152939
6086,1925300.53430597,2402250.72540729
6087,1926680.70027488,2403579.97594415
6088,1925324.17722085,2402258.212612
6089,1927080.11352634,2404165.31111266
6090,1927296.12156234,2404450.28019207
6091,1927577.8420397,2405514.65306217
6092,1927474.84597486,2406596.35164318
6093,1927667.46019612,2406160.31496867
6094,1926483.70555086,2408560.92798003
6095,1926655.05955874,2409934.9808451
6096,1926724.11540221,2409766.85323925
6097,1926700.65458744,2412751.20461812
6098,1926790.9680443,2413251.89903334
6099,1926030.33486543,2414774.11959169
6100,1925671.83913973,2415460.36112373
6101,1925227.30365986,2416177.27827508
6102,1918541.48505064,2374265.03948824
6103,1917998.52020881,2376087.17923541
6104,1917952.55187987,2376186.31009782
6105,1916423.71751736,2378582.95030668
6106,1915414.78678216,2380732.45565996
6107,1915921.55360121,2380222.76623907
6108,1916083.92410343,2380116.27957203
6109,1913808.47097087,2381759.58960661
6110,1912789.66932945,2384101.66458112
6111,1911094.89076247,2388624.71512871
6112,1910726.81803074,2388905.80920568
6113,1910949.95927122,2391164.67772781
6114,1916117.81142477,2370235.85855157
6115,1916090.22180739,2370305.35869533
6116,1916326.74555631,2370581.49736918
6117,1916341.95936588,2370583.90097069
6118,1916324.92065516,2370734.92346577
6119,1915745.19899018,2372178.52047462
6120,1915632.95961951,2372661.79987888
6121,1915676.35854684,2372490.78977122
6122,1915331.25622957,2375471.11524756
6123,1914902.26405949,2377182.3371249
6124,1914723.22724677,2377971.86412196
6125,1914058.40842822,2379032.28728957
6126,1913985.17968212,2379177.23978083
6127,1904401.93184876,2365879.30880881
6128,1903794.80026652,2365065.23199628
6129,1904617.30868435,2366067.79062747
6130,1904577.12975905,2366010.24789124
6131,1905041.10375116,2366348.10740395
6132,1906310.88115058,2370512.96312603
6133,1914687.24902412,2372809.58157192
6134,1914533.88792757,2375864.91399548
6135,1914536.37062913,2373393.85613977
6136,1912332.68904175,2377987.40893175
6137,1916738.9197158,2367186.23773161
6138,1916665.00706926,2367251.90617296
6139,1917567.8929377,2366821.524502
6140,1918003.20271176,2366818.55310013
6141,1918122.32518676,2366584.97525308
6142,1918136.08529542,2366633.3038835
6143,1918214.74354494,2366046.49181406
6144,1919597.93201576,2365835.59188128
6145,1922165.84793245,2363703.92563924
6146,1920870.41341688,2365425.09752285
6147,1920247.0169244,2365451.57153951
6148,1919808.71244846,2365538.20319406
6149,1920789.24546578,2365478.36025638
6150,1920471.09386548,2365450.38293876
6151,1921914.29507408,2362613.81225294
6152,1922283.91720678,2361372.64237153
6153,1922645.90413468,2378642.8532444
6154,1922142.29441762,2379881.37022413
6155,1921546.43684249,2383193.31760925
6156,1921720.28255193,2382190.3312778
6157,1921410.61835698,2383451.62847188
6158,1919581.49140541,2384577.91388096
6159,1928318.0258057,2368477.79974475
6160,1929364.40316447,2367532.35004952
6161,1929530.68086915,2366097.24874602
6162,1929415.73639679,2364704.222469
6163,1928167.4465109,2363625.18628967
6164,1928961.80761101,2364021.90873944
6165,1925368.23644859,2375809.33276049
6166,1928355.66292939,2388773.08382212
6167,1927815.91138958,2389587.2459347
6168,1928385.98284848,2391739.30748958
6169,1928143.51329583,2391019.93413668
6170,1928093.14246412,2390840.74282387
6171,1927076.04262378,2396010.67117872
6172,1928514.5135294,2393379.45632217
6173,1928168.21791138,2408594.7077013
6174,1928706.62795035,2408719.62387994
6175,1929319.92373647,2410431.26135754
6176,1929593.05970843,2412910.53701843
6177,1929266.29920271,2410417.54724891
6178,1937513.69199505,2382636.17125848
6179,1935744.66058131,2380427.34406787
6180,1938049.57863243,2383277.68886237
6181,1938224.61754263,2384494.4365284
6182,1937936.78506142,2386529.26670947
6183,1938408.14685817,2388832.70165966
6184,1941196.70001377,2380255.33095957
6185,1940997.42988832,2379296.33675581
6186,1941185.99870704,2380550.8129456
6187,1941310.34138532,2382269.1261274
6188,1941188.34330851,2382419.94312235
6189,1940823.24687866,2383772.54587392
6190,1940596.58483596,2385520.0578741
6191,1939772.69891726,2378214.20357453
6192,1939599.24270806,2379225.43841118
6193,1939919.86210991,2377792.69550916
6194,1939979.38564738,2377449.0277928
6195,1940312.46555708,2376586.92125004
6196,1940406.88871653,2375782.37324351
6197,1940476.17406015,2373868.07403832
6198,1940457.38884832,2373586.0950608
6199,1938074.00714781,2405536.71687607
6200,1937495.44078356,2406807.76127628
6201,1947650.71287705,2389050.52419679
6202,1946243.18819091,2387060.84924415
6203,1946983.3623569,2391420.44488883
6204,1947130.36214945,2391817.78403899
6205,1947133.72225156,2392095.94961411
6206,1948067.67443956,2393687.92181638
6207,1947670.94418979,2392425.58082164
6208,1948526.77462859,2395212.02867591
6209,1948365.74512722,2393781.85767552
6210,1948577.28346039,2395338.71105567
6211,1948310.97789273,2396093.48433086
6212,1947723.50872288,2396469.11556734
6213,1947229.81511206,2399565.22651657
6214,1947265.22593436,2399017.23467157
6215,1947163.00527,2399722.15381537
6216,1945774.45439581,2398094.06009036
6217,1944243.78743214,2398087.35068614
6218,1947374.81660335,2398615.27141851
6219,1946341.4883528,2397736.94196553
6220,1936213.24747632,2401347.33563854
6221,1935534.64554909,2399423.93272762
6222,1935571.45097226,2399388.20180512
6223,1913475.84446145,2371225.33477452
6224,1912031.04305184,2369761.14735271
6225,1911912.99797752,2371456.49672006
6226,1911943.02959643,2370189.91692265
6227,1923943.74635177,2373279.856568
6228,1923951.11915641,2373398.78604287
6229,1909738.73200867,2368324.40844818
6230,1908953.57451435,2368270.14421401
6231,1910281.93325065,2368665.45776289
6232,1912432.17440439,2368754.96081924
6233,1912641.20073598,2368628.6202397
6234,1912741.26409898,2368501.01055936
6235,1910065.49101438,2369518.04649966
6236,1911392.21954966,2370155.62720106
6237,1910229.48891763,2372142.40475189
6238,1910255.26003386,2372225.43600416
6239,1910739.24653856,2374173.7960308
6240,1914034.95381345,2367238.59816458
6241,1913127.01434184,2366520.0433122
6242,1913554.0676107,2369348.41729286
6243,1913836.21568833,2367293.67259925
6244,1913155.74665993,2366472.49048226
6245,1914919.49607034,2371689.33736665
6246,1915814.14163358,2369671.42829623
6247,1916857.5772905,2373927.47487572
6248,1913260.86922611,2379077.7509182
6249,1914823.04130961,2377217.62574711
6250,1913111.86973231,2377850.2531454
6251,1911574.56516446,2374697.10496026
6252,1913168.11106771,2372007.21746678
6253,1911925.48368539,2376144.68257161
6254,1916933.030338,2372625.03585574
6255,1917563.81463513,2371144.27922349
6256,1917747.3772507,2372984.66668215
6257,1919401.55269212,2371265.02369951
6258,1922721.76448244,2375122.33552797
6259,1922996.77225558,2375289.69283334
6260,1922914.27400364,2375266.13681851
6261,1923407.86571439,2374787.27971703
6262,1922670.15354995,2375613.05773692
6263,1923015.02206707,2375771.75353683
6264,1922803.657134,2376163.91938373
6265,1923081.61140899,2376165.82338492
6266,1926197.73217082,2379751.84034259
6267,1927483.61298037,2379073.02671522
6268,1926215.11068176,2379621.74186068
6269,1926217.3931832,2379622.14726094
6270,1927433.81214902,2384989.22713991
6271,1928523.94523534,2384121.03469332
6272,1929769.44061947,2386826.72709675
6273,1931681.5755233,2386438.74455249
6274,1931849.6306291,2389862.63530808
6275,1932657.00713741,2392774.7948415
6276,1932803.27562949,2392387.48479765
6277,1931912.08656843,2389274.30683768
6278,1934220.84212196,2391785.39061859
6279,1934143.92167353,2391892.31998591
6280,1935425.45638035,2393342.68039902
6281,1935547.62045726,2393242.08073569
6282,1932643.8130291,2394521.01404087
6283,1932331.98253278,2395462.22803343
6284,1932274.06789632,2395698.0514819
6285,1931248.61235072,2398121.18580744
6286,1933018.37766492,2396654.26478391
6287,1933032.63467389,2395908.5174144
6288,1932690.44405846,2395567.39549964
6289,1932892.94918595,2395123.25472002
6290,1932953.75362423,2395830.23616512
6291,1931949.58749203,2400129.63517191
6292,1931871.25644272,2400323.27719382
6293,1935238.32326254,2397421.71986708
6294,1935772.26319869,2395299.93763126
6295,1936131.12002462,2394236.19826156
6296,1936260.41560602,2394158.54741267
6297,1935575.62697489,2393853.56142066
6298,1936459.53493138,2397463.19299319
6299,1937839.97760047,2396833.05339647
6300,1937844.28450318,2396298.50375993
6301,1937968.3598813,2395591.49481481
6302,1936253.70210179,2396143.82016255
6303,1938499.19341549,2398192.15635212
6304,1939902.93299925,2399897.80592596
6305,1941473.54788807,2400231.93963632
6306,1940772.59674677,2398872.79548064
6307,1941099.03315229,2398798.18773367
6308,1941853.15812706,2398822.68504909
6309,1941564.59564539,2398841.05896066
6310,1943316.51564835,2398021.10684444
6311,1939179.97104409,2397203.13902946
6312,1941483.00099402,2398925.67361393
6313,1941474.24378851,2398878.57598427
6314,1941737.56765429,2399009.40386664
6315,1941954.29329073,2400154.67448767
6316,1939723.26998614,2404975.49112273
6317,1940126.74784016,2404509.05862908
6318,1940447.31644198,2400699.66053078
6319,1942376.16785634,2402318.37884988
6320,1942208.65865088,2402694.70468681
6321,1942909.82279231,2401638.4226218
6322,1943552.51359693,2399344.3203775
6323,1943436.54702392,2401627.37601485
6324,1945372.40244269,2400545.80573392
6325,1945647.28521574,2400902.37885841
6326,1946024.21315305,2401478.21502094
6327,1946369.01597013,2401676.02014547
6328,1943738.81161422,2401948.81391722
6329,1943699.11888923,2402141.82333873
6330,1943136.98163532,2403955.0719803
6331,1943186.73696665,2404345.58412616
6332,1944511.65890078,2404412.47176827
6333,1945018.63741997,2404668.2538293
6334,1946776.33572657,2405457.42422614
6335,1944305.68867111,2402816.91266375
6336,1944561.66063226,2402513.72997287
6337,1944002.6027803,2407908.2207691
6338,1942573.53478059,2407991.16092132
6339,1941771.77647582,2408609.30421049
6340,1944046.69960806,2408109.782096
6341,1944297.83976617,2408407.36298335
6342,1945065.50924947,2409034.49617818
6343,1944573.13553949,2411462.45050675
6344,1944700.28721954,2411886.22747355
6345,1945326.65181388,2412656.18265829
6346,1946084.21729083,2414887.381363
6347,1945263.42867408,2414845.95673692
6348,1946290.14922047,2415439.80401079
6349,1945575.7435707,2407812.48960883
6350,1947404.60872211,2413467.76656925
6351,1945898.44127386,2412522.16797392
6352,1947558.80951919,2414138.85059174
6353,1944718.10183075,2413905.37114475
6354,1944178.47959102,2411787.6728115
6355,1943805.51255621,2411738.31078043
6356,1940858.74450101,2407738.5778623
6357,1940908.21683215,2407576.69706038
6358,1941169.02909635,2406723.28022309
6359,1940155.52865828,2411038.2770397
6360,1940380.7992001,2410642.68819065
6361,1940077.91360942,2411327.01782149
6362,1939955.30973222,2411538.06765436
6363,1940002.21426176,2411457.83770385
6364,1940475.98906003,2412784.89463933
6365,1941979.83960682,2411039.62844055
6366,1940533.06199596,2409805.67446369
6367,1942707.47446492,2410526.3420174
6368,1943367.01568015,2410225.05012772
6369,1941825.82240985,2412375.19768139
6370,1942635.78351978,2413862.17381755
6371,1942584.78338767,2413848.96750924
6372,1942221.04435867,2414676.63773032
6373,1942993.64134508,2415265.27600091
6374,1942815.35003283,2416755.46723909
6375,1941547.34143453,2412714.72269515
6376,1941120.93926607,2413182.14678943
6377,1940619.23715022,2414601.30578289
6378,1941038.47311416,2413448.83665733
6379,1940429.62693084,2415090.63949096
6380,1939147.67412376,2406732.75112906
6381,1938260.83906543,2409937.62734676
6382,1937713.56852088,2412591.00761726
6383,1937845.585904,2411851.91385195
6384,1937613.5270579,2412565.26380105
6385,1936632.80154046,2413067.93941752
6386,1938269.23897072,2410229.97263082
6387,1937827.1530924,2411517.44354137
6388,1938030.53652044,2410419.39625007
6389,1936900.98870931,2410791.97738464
6390,1933808.91866262,2411586.1092846
6391,1933694.91259085,2412274.6700181
6392,1930526.82949631,2415271.20630464
6393,1931441.96147245,2414791.09710238
6394,1929365.25936501,2415107.67780169
6395,1929595.17310976,2413480.90767752
6396,1930669.26278597,2412564.09370032
6397,1933525.02138389,2407045.45792593
6398,1939113.82450245,2403238.88572941
6399,1938192.15212219,2401836.38304643
6400,1938187.06331899,2401820.39473637
6401,1935350.64213325,2403603.62075904
6402,1933876.32560506,2406193.67798967
6403,1934229.66742751,2405049.56126937
6404,1933259.45781669,2405542.11077946
6405,1931073.79384066,2408904.68489645
6406,1931835.30192008,2406250.63892553
6407,1931978.7560104,2404290.16229127
6408,1932176.96773519,2404045.49233723
6409,1933248.28840966,2401808.47772886
6410,1931493.75020505,2402952.06364884
6411,1932316.30752291,2403339.84429297
6412,1934810.81699339,2395047.99487264
6413,1933249.31021031,2395124.98382111
6414,1933249.48191041,2395125.85132166
6415,1933224.74459484,2395137.49602899
6416,1931604.50387478,2395729.42540165
6417,1929497.78574844,2399920.11014
6418,1929206.65936516,2398689.64616533
6419,1928974.70301913,2397421.57546699
6420,1929338.28414803,2393031.42910307
6421,1928677.52533203,2390684.62722558
6422,1928299.59209409,2394034.17293437
6423,1928352.12012716,2394245.56986746
6424,1927465.80096916,2393355.69770722
6425,1926892.07590796,2391329.39773151
6426,1929911.91060917,2384385.02265952
6427,1928580.86287117,2383929.7733729
6428,1929537.68097356,2382333.14896771
6429,1928078.57535495,2382792.54105693
6430,1928071.89075074,2382786.67805324
6431,1924808.57889624,2388316.27043453
6432,1925599.82449439,2388237.06268466
6433,1924486.99019378,2388528.32776803
6434,1923784.45005148,2391554.32057312
6435,1924010.79779398,2391940.85351647
6436,1923068.68260085,2388928.11261973
6437,1927131.87685893,2389725.69382186
6438,1927058.62601281,2392111.09632365
6439,1927260.18133971,2395242.53859512
6440,1926437.0712215,2398408.98048863
6441,1925013.51282527,2393341.02379798
6442,1924883.0006431,2394133.52709692
6443,1924992.9153123,2393644.48778903
6444,1924873.73243726,2394402.96986655
6445,1924619.22847703,2393202.84541099
6446,1924332.65299661,2393203.15481118
6447,1924605.37386831,2391095.93198453
6448,1924478.9174887,2381779.85421937
6449,1923035.50437996,2382555.68350781
6450,1924106.22385406,2382674.35138252
6451,1923990.58788126,2383027.46630483
6452,1924029.64910585,2382770.98394336
6453,1923013.96876641,2384507.22363645
6454,1923639.67106033,2387949.4765036
6455,1923650.48146714,2387701.6787476
6456,1924046.61611653,2380683.71862927
6457,1923714.04700715,2379335.73578062
6458,1923651.13606755,2379594.09434327
6459,1922754.17220284,2379590.83074122
6460,1922779.11541855,2379523.2974987
6461,1922900.15979475,2379271.77604035
6462,1922683.30325823,2379849.79930426
6463,1920278.74624438,2382127.86513847
6464,1921722.74785348,2381637.06822948
6465,1921231.70474434,2378154.95803723
6466,1921362.96692698,2374139.34490911
6467,1920082.54552086,2374262.96318693
6468,1920207.58609958,2374334.25413182
6469,1920508.65108912,2376758.23375789
6470,1920605.61785017,2376540.15602059
6471,1913468.51435684,2387056.60084147
6472,1915256.62648259,2384944.16861154
6473,1913651.14967182,2388777.73922505
6474,1914833.53461622,2387595.59818081
6475,1911955.74120444,2391037.53294776
6476,1912887.45869102,2390166.33759928
6477,1912046.57056162,2391653.98873587
6478,1914103.59195667,2391097.37758544
6479,1910793.58507277,2394242.23616536
6480,1913024.57507734,2393226.08902562
6481,1909440.32212079,2397553.87695028
6482,1911777.96379251,2396066.43841383
6483,1908758.79809172,2399490.57286957
6484,1908090.86617121,2398522.0205598
6485,1909219.92468204,2399407.16811706
6486,1911326.40690822,2397681.7792308
6487,1910504.63479086,2400376.59032739
6488,1910889.7353333,2399833.51468548
6489,1910435.32174722,2401049.86785126
6490,1910285.46765288,2401301.90680994
6491,1909571.81430358,2401980.45343714
6492,1906864.53529914,2405633.51993701
6493,1907826.83100498,2404949.46490635
6494,1908438.65599017,2404304.36260021
6495,1906527.50208696,2406397.00291768
6496,1910989.44409608,2403996.06310611
6497,1909254.3251037,2406588.29933811
6498,1909602.09292264,2405864.4549824
6499,1907632.21838246,2408660.32194261
6500,1908144.63760506,2405267.67690668
6501,1908171.02822168,2405210.95347097
6502,1907530.1439182,2409093.19951513
6503,1907635.29288439,2403651.30878906
6504,1908420.85867897,2401622.48161177
6505,1911733.17466431,2399443.65594004
6506,1911462.51659391,2399156.12105901
6507,1912692.44246824,2398289.44841338
6508,1914117.75446558,2396478.18577305
6509,1915128.12260168,2397246.09325651
6510,1911385.10944518,2401164.2975233
6511,1914452.06217605,2396206.98540231
6512,1917509.61210101,2391748.00939506
6513,1915400.20537298,2397969.1057117
6514,1916848.30628467,2395472.65494
6515,1913319.09776277,2402129.56963102
6516,1915621.24271214,2400524.9693208
6517,1913819.45197778,2403461.50886957
6518,1915180.01143435,2403034.02150043
6519,1913347.97258095,2404201.48773544
6520,1913096.88382287,2404862.89605185
6521,1912512.86825519,2405389.76778355
6522,1911390.52024859,2405853.80107569
6523,1910713.32572224,2406768.80235175
6524,1912586.8981018,2406680.0928959
6525,1912598.57130915,2406161.3184693
6526,1911636.7395036,2406802.79057315
6527,1911830.70532572,2405965.84504623
6528,1911439.33057932,2405178.08445028
6529,1911702.41724495,2403894.81114236
6530,1914102.8476562,2405104.86660418
6531,1915290.27600377,2403410.03943717
6532,1914877.44214386,2410087.81804132
6533,1915466.90841497,2409584.30102432
6534,1913348.6871814,2411875.04576651
6535,1912711.53638026,2413411.25023367
6536,1911436.49257753,2409509.94707751
6537,1910520.93980112,2406593.40934133
6538,1910663.71559101,2410133.80127027
6539,1910287.56215419,2411082.41596749
6540,1918302.00569988,2406910.60734103
6541,1918007.7108146,2405227.6732815
6542,1919908.02471098,2407802.21680236
6543,1919871.27218784,2404284.32328759
6544,1919888.34179859,2408975.7712412
6545,1919860.0763808,2408009.93133314
6546,1921143.74668896,2403058.64891594
6547,1920920.33894831,2401957.08282242
6548,1921091.5448561,2403799.90778262
6549,1921849.22103311,2405445.5995187
6550,1922533.24176375,2406515.61349235
6551,1922851.70496425,2406716.07781856
6552,1922531.36616257,2408583.67049435
6553,1922603.85120821,2408626.01712101
6554,1922465.91552136,2408676.91765305
6555,1922178.4699404,2408964.99063442
6556,1921355.03262198,2407097.11955845
6557,1923402.37331093,2399759.51813889
6558,1923667.36507776,2399711.44570863
6559,1922958.12613125,2401896.31838417
6560,1922589.68639929,2401210.6729525
6561,1925591.11108891,2401603.73629997
6562,1925738.71038183,2401272.20659124
6563,1926814.41605907,2402693.421686
6564,1926822.50286416,2401951.41771886
6565,1927735.68273907,2402138.24523648
6566,1927757.11195256,2402338.99306286
6567,1928544.80474847,2403451.42146322
6568,1929760.88371408,2409026.97407344
6569,1928090.46416243,2409060.20759436
6570,1927984.38719565,2409209.75508851
6571,1928090.62966254,2409070.02140054
6572,1928342.9556214,2414117.19387811
6573,1925765.39349863,2413218.17481211
6574,1925310.03011194,2414444.14458395
6575,1924971.07489855,2415003.4933361
6576,1924502.9036038,2413833.31229938
6577,1924234.57513487,2414371.20103802
6578,1925548.11556184,2411943.53690963
6579,1924839.30251558,2409162.70225889
6580,1928387.03464914,2406898.97513371
6581,1927796.07107709,2406227.60241103
6582,1930286.67624511,2405900.89570534
6583,1930493.28407519,2405339.13575167
6584,1929439.36841167,2407680.77172591
6585,1926312.8564433,2405551.5389854
6586,1925733.36897847,2406835.51509375
6587,1925591.49488915,2407144.74928844
6588,1925876.71906872,2405962.04444384
6589,1925680.5203452,2405853.64297559
6590,1925470.01141267,2404704.65985223
6591,1923986.77877886,2403967.80588832
6592,1924075.44023468,2403520.88600695
6593,1924176.26669816,2403412.19893852
6594,1924470.25568324,2405930.94032426
6595,1923650.22246697,2405928.944123
6596,1923060.85609592,2404094.28516795
6597,1927002.23367731,2399007.91546571
6598,1926928.47953088,2399234.38440828
6599,1925095.2130767,2400399.87164204
6600,1926351.6246677,2399432.0032327
6601,1924766.43656971,2399468.45315565
6602,1924727.88254544,2397558.60705326
6603,1924772.04977325,2397812.72021324
6604,1924543.75172951,2397798.98220459
6605,1922057.79226442,2391066.29056587
6606,1921192.15451944,2391031.32384385
6607,1922206.04755776,2391241.02017587
6608,1922450.85031188,2391260.9180884
6609,1922584.9479963,2391450.53310778
6610,1918598.87658678,2378347.00995814
6611,1918177.8301217,2378129.43062116
6612,1916304.6599424,2382158.48225774
6613,1914915.1455676,2382454.63404419
6614,1914836.370818,2382877.76731059
6615,1914133.26807535,2384355.69544105
6616,1913748.01913281,2383730.39334738
6617,1911883.77305913,2384575.23187927
6618,1917347.83879916,2373492.64540196
6619,1923694.25409469,2366181.15469884
6620,1923883.81701404,2362316.83496597
6621,1923815.17047082,2361879.9255909
6622,1923855.34229611,2360563.06856184
6623,1925378.69885518,2360065.76944876
6624,1925151.87451237,2360293.16169192
6625,1925202.78874443,2360277.05868178
6626,1925074.10206341,2360476.57760739
6627,1930430.30973554,2359658.86829258
6628,1928934.57169386,2360160.61720847
6629,1930131.11104717,2362366.27439709
6630,1929441.58861306,2360859.08744821
6631,1929341.42295,2360915.47628371
6632,1929242.66788783,2360945.82300281
6633,1930583.63783207,2359526.2670091
6634,1931207.09932458,2358483.99485291
6635,1931143.02158424,2358633.96494733
6636,1930979.65448139,2358713.87929764
6637,1930673.91608891,2359211.46511091
6638,1930661.10268084,2359384.99152016
6639,1930678.30589167,2359212.76951173
6640,1931397.75204461,2358324.49535249
6641,1931489.99810269,2358014.90885759
6642,1931394.0746423,2358259.68841169
6643,1932616.78741208,2359765.6323598
6644,1932501.22683933,2359434.97405162
6645,1932403.44787777,2359227.68102112
6646,1931426.19106252,2358307.40844174
6647,1932633.9649229,2359952.21177726
6648,1931681.77342343,2362089.14672262
6649,1927061.49701462,2362867.14961243
6650,1927429.84024652,2364255.92078676
6651,1927233.53552293,2366598.85236181
6652,1927889.05643563,2367348.11843353
6653,1928216.2083416,2365114.91012756
6654,1927709.09092233,2365698.548495
6655,1928439.01908187,2364205.88335526
6656,1928217.11294217,2364342.18524107
6657,1930696.51690314,2363491.07860524
6658,1931248.56145069,2362319.94116792
6659,1931157.38609328,2363918.73997448
6660,1931134.01437857,2364121.29890201
6661,1930662.54408175,2365349.30567513
6662,1930661.93248136,2365605.22953625
6663,1930670.84058697,2365359.00358124
6664,1931164.25829761,2363921.60247629
6665,1930569.24312301,2369161.18987499
6666,1931285.49047394,2369160.27047441
6667,1930959.3401686,2370370.06203607
6668,1929102.03299929,2375597.71202726
6669,1929521.05436309,2373883.9222483
6670,1931145.44218577,2372891.27252335
6671,1931039.0661188,2370870.97605143
6672,1930103.49852978,2374313.22441858
6673,1930152.13786041,2374478.80372282
6674,1928745.78737501,2374165.32322546
6675,1927551.18822292,2374825.11744085
6676,1927695.59201383,2375025.24656685
6677,1929314.12343282,2376739.6649462
6678,1931072.14063962,2375987.23637249
6679,1931335.26880528,2375611.31763582
6680,1932258.44148648,2377178.54612251
6681,1931938.5646851,2374670.71504364
6682,1932189.90194333,2376654.17049238
6683,1933594.6143277,2375380.77449068
6684,1932386.68776722,2376820.81159729
6685,1933786.41074845,2379808.84277847
6686,1934992.13090754,2378600.52781775
6687,1933971.25046482,2379880.02132329
6688,1933970.28646421,2379882.66052495
6689,1934926.97836652,2376794.28758059
6690,1933845.8945859,2376329.49768797
6691,1935126.06989186,2376322.76148373
6692,1935075.94966031,2376183.20309587
6693,1936771.6826279,2379336.82938131
6694,1930696.51080313,2385650.10535598
6695,1931996.64922166,2382898.52592366
6696,1931517.25691985,2383092.16684557
6697,1930907.69723609,2383194.32680988
6698,1930375.90180128,2384007.95832213
6699,1930305.06525669,2384182.44503198
6700,1934265.75755024,2384183.06403237
6701,1934228.25432662,2384004.53291997
6702,1934613.97646946,2386803.4604821
6703,1936768.57222594,2387580.71287144
6704,1936622.95543426,2389538.476804
6705,1937998.28560014,2390044.40532251
6706,1938069.37334489,2388853.98597306
6707,1936267.87541071,2392231.46249943
6708,1936297.59452942,2392460.74384378
6709,1935428.51118227,2389200.30899109
6710,1934642.99898773,2390901.4659621
6711,1934904.61605244,2391211.37735721
6712,1932208.5990551,2388342.2782509
6713,1932019.82083625,2388428.42590514
6714,1938988.31682343,2385973.04305929
6715,1937956.72217397,2388065.04947636
6716,1937012.92647978,2384568.81837523
6717,1936200.37976822,2386405.64423165
6718,1938345.36361865,2379302.3562596
6719,1938254.72466158,2379899.34043545
6720,1938560.58445415,2380716.78655009
6721,1938656.05171425,2382374.93439402
6722,1939722.68188577,2382358.15848345
6723,1939669.23205212,2382576.69062104
6724,1937930.53695748,2380198.88922404
6725,1937997.86039987,2380464.2490911
6726,1938102.91626601,2380491.19110806
6727,1937823.52929011,2380250.62335661
6728,1937724.48262776,2380301.7620888
6729,1941216.24592608,2380260.33426272
6730,1942224.35446076,2381405.60738375
6731,1941317.28278969,2380323.1996023
6732,1942112.41789028,2381395.37187731
6733,1941319.14659086,2380318.36719926
6734,1941598.27156659,2382445.87813868
6735,1941995.98251698,2382803.83686404
6736,1942344.10413615,2382827.1203787
6737,1942609.33070313,2382412.16791746
6738,1942532.23605459,2382672.14658113
6739,1942550.10286584,2382196.41518163
6740,1941084.18934294,2386146.58516855
6741,1942376.15685633,2382935.62734701
6742,1941335.79590134,2385034.09486816
6743,1941535.27192693,2382772.80894451
6744,1941461.12528025,2382980.75117542
6745,1940429.57643081,2386424.6292436
6746,1939650.60614039,2383136.6898736
6747,1940008.11936547,2382473.58415612
6748,1944562.49683279,2382247.87491402
6749,1944391.85732536,2380699.85803943
6750,1946049.13736874,2379821.00288613
6751,1945897.48107326,2383336.94639968
6752,1946572.87709847,2383119.49346277
6753,1947068.1819103,2383863.96423147
6754,1948615.5718845,2383941.11018004
6755,1948757.66597396,2383935.76707668
6756,1946744.61460659,2380946.72869486
6757,1946691.99187347,2383081.4112388
6758,1947040.41159282,2382869.87150562
6759,1946758.39121527,2385064.43258725
6760,1946801.82234261,2384896.1329813
6761,1947200.69649373,2386638.64777834
6762,1947913.36994241,2386984.78709626
6763,1948014.58460613,2388983.89305484
6764,1948811.37390777,2389248.79322162
6765,1949130.13090845,2389229.66490958
6766,1950775.77314451,2388124.0419135
6767,1949435.86330093,2388859.03277623
6768,1951821.8641031,2391583.24209133
6769,1949376.80876375,2389588.44013545
6770,1947000.14936747,2393413.38864354
6771,1947282.68854535,2393087.98443867
6772,1946771.85672374,2394011.6786202
6773,1945973.12482088,2396004.02757454
6774,1947220.61700627,2395023.42415717
6775,1946230.37828285,2393678.28741031
6776,1946072.60248351,2393864.4330275
6777,1950153.4388527,2394416.92947534
6778,1946370.41747101,2390368.68452667
6779,1946368.73006995,2389702.7259074
6780,1945667.04002818,2389293.3902497
6781,1945700.25354909,2389164.68496867
6782,1943786.87434448,2392927.77343781
6783,1944350.60289939,2390618.27548381
6784,1944798.03018108,2387584.81547402
6785,1917613.33466631,2361147.55522982
6786,1915367.69195251,2360276.66818153
6787,1916841.89098063,2361962.23504272
6788,1905831.55364881,2355269.61062922
6789,1904937.88298618,2355380.22799886
6790,1906027.24917201,2355318.73486015
6791,1906076.7936032,2355328.52786631
6792,1904741.7527627,2355356.49588392
6793,1907096.62314526,2355502.68587596
6794,1911784.9385969,2355605.74804084
6795,1907823.0526026,2356597.27576508
6796,1906519.9517822,2353728.41925893
6797,1904486.91860226,2354151.65832539
6798,1904321.74859827,2354054.49526422
6799,1906083.23240726,2352909.48604335
6800,1904307.26718916,2352909.39894329
6801,1904020.74840877,2352787.49216654
6802,1907265.23965142,2350313.37680891
6803,1904570.23105471,2349644.86938803
6804,1904391.75004235,2349350.50440271
6805,1905317.63702526,2347931.1260091
6806,1905094.16078456,2347940.96071529
6807,1904951.74969491,2347810.49693316
6808,1906976.79196982,2349328.5673889
6809,1906957.78475785,2347746.83609308
6810,1908265.36748108,2349332.88949162
6811,1908102.06307826,2349589.87305341
6812,1908814.48202678,2347880.55197726
6813,1909554.16329246,2347437.51769834
6814,1909203.47927168,2347571.05808241
6815,1909681.74957279,2347374.57685871
6816,1910542.38981463,2348796.73945407
6817,1910161.97497513,2348862.13879524
6818,1911474.95040174,2348199.16157785
6819,1910741.31883987,2348014.46096157
6820,1910940.46566524,2350215.11744704
6821,1910917.05645051,2350101.12157528
6822,1910955.39017464,2350891.27397273
6823,1910940.19936508,2350278.33728684
6824,1910033.28889411,2350348.74963118
6825,1909386.50458691,2347963.44152945
6826,1910387.58901717,2351703.37628401
6827,1910414.82523432,2351926.44062445
6828,1910467.44906745,2352369.46640337
6829,1910449.68835627,2352668.25019147
6830,1910466.33716675,2352933.47405845
6831,1906163.30695767,2339994.35521232
6832,1905959.74872952,2339970.4964973
6833,1912405.36428751,2343885.8385623
6834,1911175.23361305,2341907.97731709
6835,1913773.30514872,2344360.75386129
6836,1922092.81968647,2349495.18399379
6837,1920607.21965118,2348070.62899693
6838,1920888.38632819,2351926.09082423
6839,1920743.56583702,2352066.10781238
6840,1921091.48105606,2351679.47886897
6841,1919881.73739443,2352058.39050752
6842,1920082.62962091,2351779.56293198
6843,1944904.66064821,2383655.11069998
6844,1944875.4169298,2383840.25731655
6845,1944588.20324897,2384452.76260216
6846,1944249.80093592,2387021.96931967
6847,1939662.46604786,2390896.21645879
6848,1941454.8571763,2390466.68958837
6849,1941464.52948239,2392865.22349843
6850,1941426.04245816,2393055.88601846
6851,1942494.83323104,2393944.83787812
6852,1941580.98085571,2394979.68672964
6853,1941381.46163009,2394904.77728248
6854,1940084.84041378,2397015.64291142
6855,1941348.7430095,2395600.90932074
6856,1939766.64171345,2395728.17990087
6857,1939287.95571208,2395249.1823993
6858,1939283.36420919,2392627.69384889
6859,1938994.47442731,2392484.97055903
6860,1938690.23323577,2392544.15819629
6861,1938604.28218165,2392767.51953692
6862,1938495.90581343,2392702.77989616
6863,1938884.0707578,2391910.42169731
6864,1941904.96295968,2392112.65352463
6865,1941748.06036089,2392196.44407738
6866,1941395.53213895,2392047.97068391
6867,1942998.18194794,2391941.80871707
6868,1941899.22905607,2390876.2082462
6869,1943178.65446156,2393552.86233135
6870,1942975.46423364,2392081.11290477
6871,1942678.01824637,2388429.13740558
6872,1942695.2190572,2388422.99900172
6873,1944534.16771495,2389303.69145618
6874,1942921.20309947,2388283.04281361
6875,1943467.22774324,2391737.51808845
6876,1942145.31281099,2388566.95019235
6877,1942218.46695705,2388535.5845726
6878,1942224.01496054,2388534.82737212
6879,1942272.8665913,2388414.93869665
6880,1939799.85063436,2388300.41332454
6881,1939578.3476949,2388747.6329061
6882,1939529.38086407,2388877.57228791
6883,1939624.35722387,2390912.82836925
6884,1939753.56030521,2389658.18227936
6885,1940979.25597687,2389133.41784898
6886,1938493.30771179,2389485.2763705
6887,1939369.10826317,2389126.74994478
6888,1938445.95598198,2389639.37696752
6889,1941329.76939755,2387320.62440769
6890,1944658.98279354,2379414.44353017
6891,1945174.41561804,2379282.69314722
6892,1945397.97705879,2379070.80661383
6893,1944116.61305207,2377691.84914567
6894,1943310.65524466,2379250.84432717
6895,1943982.5924677,2377554.54955923
6896,1942880.86867408,2377535.96344753
6897,1942661.45623595,2376970.30599141
6898,1942701.03176086,2377059.63604765
6899,1943031.09326866,2375072.38589652
6900,1941361.7794177,2375003.19925297
6901,1942636.6016203,2377473.31320809
6902,1940976.52457516,2377195.3765331
6903,1942349.2606394,2378157.11773859
6904,1941004.63689286,2376212.81751451
6905,1941071.46573493,2376530.84551473
6906,1938903.78737022,2377054.36044432
6907,1939417.87539387,2379242.26692177
6908,1938321.10230337,2376910.17145355
6909,1937759.30114968,2377547.31445467
6910,1937817.82258652,2377836.81773694
6911,1938058.7545382,2379313.3158665
6912,1936515.21606643,2377098.83977233
6913,1937443.06685058,2379490.56317809
6914,1932659.32223887,2379939.31186061
6915,1932739.40948929,2379819.98918549
6916,1930484.5769697,2382103.82182333
6917,1931603.08347388,2379692.06420495
6918,1930995.34559127,2378427.55940885
6919,1930465.65805779,2380400.51375097
6920,1930144.3438555,2379734.75903183
6921,1929176.81254637,2381455.45531514
6922,1928324.51610979,2380281.27977591
6923,1927987.83019781,2378386.82228321
6924,1928111.82317588,2378157.33373873
6925,1926523.75577607,2377080.90496104
6926,1924190.25400696,2370000.19620321
6927,1924297.02817418,2370420.33356772
6928,1922456.25881528,2370670.90582547
6929,1922617.11381656,2370970.23511392
6930,1917585.38524871,2364158.72492557
6931,1922705.93007247,2361247.56739278
6932,1922975.59494225,2362102.20273084
6933,1919784.16863301,2363205.05112516
6934,1919560.01069188,2365380.11339452
6935,1920235.8838174,2366736.16274826
6936,1919225.11418104,2367643.08591923
6937,1919327.99124581,2367729.85517386
6938,1919638.06404102,2369594.5067478
6939,1918701.68625151,2369182.79558859
6940,1918203.52183788,2369064.29961399
6941,1917295.27676607,2368746.74571407
6942,1917113.35125153,2365331.63926401
6943,1916482.85435459,2367118.61238904
6944,1916466.75604445,2367137.49260093
6945,1907579.56654931,2364511.90124792
6946,1907605.01726533,2364731.84388639
6947,1906398.08060548,2364774.46461323
6948,1906379.74739394,2364806.49883339
6949,1906798.27075743,2362712.93231534
6950,1904631.2104931,2364747.78129643
6951,1904657.75000981,2364778.49921576
6952,1920444.46084871,2408159.50762731
6953,1920302.62665942,2408163.97383012
6954,1920371.13160254,2408140.73711549
6955,1948833.75802187,2382629.64185437
6956,1947740.43083353,2381632.48022659
6957,1947685.86499918,2381470.38412454
6958,1947022.22388137,2379447.63895107
6959,1947726.74752492,2381311.9605248
6960,1948612.21788239,2391801.11252849
6961,1903767.48664933,2362002.64326816
6962,1902603.98681682,2362504.30258399
6963,1902410.9744953,2362838.1862942
6964,1902281.34371369,2363095.6702563
6965,1900102.23764178,2362619.08325625
6966,1900023.74979237,2362622.4977584
6967,1935186.58882996,2374179.16573418
6968,1933952.61355309,2373833.47671654
6969,1933777.39094277,2397147.19619424
6970,1946778.69862805,2378173.82524911
6971,1944891.86164015,2379054.53710358
6972,1900032.81039807,2362685.88989831
6973,1900037.75000118,2362916.4991435
6974,1933392.21630028,2380655.21681133
6975,1933403.35360729,2380691.23953401
6976,1936098.34660399,2412846.42037806
6977,1935583.14167963,2412661.49366164
6978,1935333.78082263,2411978.54673167
6979,1935231.01245793,2411952.10381502
6980,1935912.18038678,2399586.74133012
6981,1947506.37028617,2382165.94306244
6982,1947453.03195259,2382187.3207759
6983,1947607.17154964,2381964.98073592
6984,1947598.95174446,2381986.61354954
6985,1947643.93807279,2381763.23140891
6986,1923959.26186154,2371772.31361889
6987,1906496.2845673,2365075.46110272
6988,1947298.82585551,2381658.83364318
6989,1947455.94375443,2382081.76880945
6990,1905627.54602037,2365005.64435877
6991,1905428.38989499,2364897.67429079
6992,1912919.91801146,2366422.15575057
6993,1910608.65505635,2365986.034676
6994,1908089.7294705,2365879.88960917
6995,1934044.73291108,2375757.58772791
6996,1933382.42469411,2395296.350729
6997,1935088.78866839,2398766.01371341
6998,1926586.57511562,2409368.27608831
6999,1926511.81636856,2408837.24915399
7000,1929242.48408771,2364341.07914038
7001,1933766.75493608,2413456.50896216
7002,1934511.84090516,2412948.57334238
7003,1913127.93574242,2371427.21350162
7004,1924712.52683577,2372013.48197072
7005,1906472.66015243,2365109.54472418
7006,1928293.5672903,2380513.52582212
7007,1940361.00138764,2409700.37059739
7008,1942049.86775091,2405230.55428331
7009,1940910.39593352,2407725.44295403
7010,1909453.60552916,2405361.30856563
7011,1915407.73237772,2409522.70688554
7012,1920011.64207622,2408048.72285756
7013,1922954.80732916,2408802.06023184
7014,1925579.28078146,2410431.84025791
7015,1926118.06312066,2409611.72194158
7016,1928293.32899015,2360934.50929569
7017,1933379.51399228,2380704.74284251
7018,1947449.7091505,2382227.96520149
7019,1944535.9786161,2376828.12610189
7020,1913450.99484581,2364802.97853118
7021,1912947.38782875,2366376.82122203
7022,1924148.84088089,2410270.38565626
7023,1923448.72244011,2408928.48301143
7024,1899869.2482951,2362338.0131793
7025,1927459.88646544,2409955.17275781
7026,1927817.91669085,2410682.01141541
7027,1941365.7470202,2391994.49565024
7028,1941645.74829648,2390496.50130714
7029,1941624.75338326,2390461.4946851
7030,1941449.75017309,2395424.50050968
7031,1931495.74910631,2414786.49409948
7032,1925699.7457573,2388130.49161756
7033,1924663.74380506,2400632.4977885
7034,1924481.74939048,2400240.4928417
7035,1924569.75424588,2400072.37373586
7036,1924187.75280539,2399484.49616575
7037,1924187.75460539,2398252.49629011
7038,1927743.74354415,2405994.50016427
7039,1914569.74875015,2372926.49594553
7040,1919665.75225846,2365618.4929446
7041,1921821.74731581,2381550.49777497
7042,1947217.74950447,2392638.49975569
7043,1941491.75119953,2398784.49622505
7044,1945502.74992475,2412847.49557874
7045,1945019.75242067,2414479.06830593
7046,1945019.74732066,2414366.50113507
7047,1940413.74772085,2409746.49542643
7048,1940394.39490866,2409724.95211287
7049,1928535.71894275,2360965.84671542
7050,1932265.75239109,2376874.49963109
7051,1942387.75066363,2382852.49709468
7052,1939531.74616556,2389152.49726099
7053,1943171.75485722,2379380.5066088
7054,1942107.75048735,2378778.5014298
7055,1942023.74463446,2378750.49591217
7056,1942737.75448398,2377546.49745416
7057,1942709.74806635,2377518.49853653
7058,1916076.32249865,2407046.60012665
7059,1916823.75906921,2405014.50414729
7060,1915579.75158602,2402647.9941574
7061,1916263.74571664,2402088.49110515
7062,1919693.74327608,2402088.50170516
7063,1917845.74901263,2399260.50132473
7064,1917943.75607433,2399092.49291895
7065,1911158.55150254,2398908.49220311
7066,1911657.75321683,2397650.49931111
7067,1923156.13535591,2395652.89175347
7068,1912595.74830737,2395648.4994507
7069,1917887.74683907,2394276.50098693
7070,1913953.74566233,2392974.50066723
7071,1919175.74694996,2391098.49808614
7072,1919203.74396759,2391014.49883326
7073,1914989.75491457,2390916.49357156
7074,1919203.74756759,2390706.49473935
7075,1916039.74957562,2385764.497728
7076,1916599.74962818,2384644.49932288
7077,1916697.74808988,2384560.49176999
7078,1917859.75322144,2383104.49715333
7079,1949191.74974725,2389222.50200506
7080,1949303.74841776,2388984.50075523
7081,1949243.01327952,2388859.12617629
7082,1943751.09862196,2398764.92711272
7083,1943694.60038638,2398863.11767454
7084,1944059.34121602,2398473.04632897
7085,1944096.42963937,2398550.35287764
7086,1923931.14564383,2373597.90596823
7087,1908247.95767011,2405075.3442856
7088,1900187.63549555,2362889.28772637
7089,1908602.54999335,2405145.84972999
7090,1908223.52915473,2405192.79125954
7091,1926309.29664106,2415618.043823
7092,1950465.59904923,2393666.10200264
7093,1950628.91395205,2393579.09504786
7094,1951068.05052852,2393162.26468544
7095,1951102.87635044,2393168.67098947
7096,1950977.98747182,2393218.1163206
7097,1911356.8670274,2338137.39434323
7098,1910676.68869918,2336289.35937975
7099,1912370.31336544,2346461.35998378
7100,1913578.30452596,2346693.09812967
7101,1913698.85830186,2346554.54914245
7102,1915067.70556365,2347089.47277922
7103,1916046.80308006,2347659.96143838
7104,1915941.52181378,2347306.01711555
7105,1916772.7494371,2349084.49013523
7106,1916767.66473389,2349535.99471949
7107,1916790.53254829,2349692.7926182
7108,1916538.66228972,2350346.58172981
7109,1915980.61933839,2351099.42740378
7110,1916142.19464011,2353291.06678358
7111,1916795.74915158,2355697.26109846
7112,1918260.49287374,2357132.50250205
7113,1918710.7402572,2357265.27668564
7114,1919098.2929012,2357521.97374725
7115,1919393.410287,2357425.39388644
7116,1920025.31218483,2357314.04041634
7117,1921311.05019429,2356482.09659257
7118,1921721.99525301,2355918.86053797
7119,1921793.74879819,2355846.50139241
7120,1922498.76174204,2355923.41144083
7121,1921898.15436392,2355850.1239947
7122,1921887.15305699,2355844.4085911
7123,1922734.30989034,2356030.69000838
7124,1925158.71521668,2354078.40967927
7125,1905034.93694728,2346577.85105712
7126,1905133.74840949,2346228.50103717
7127,1904923.74797728,2347838.50055079
7128,1903971.74967793,2350610.49899597
7129,1903942.92765978,2350764.22519275
7130,1903817.74588097,2352346.4910889
7131,1904685.74362744,2356098.50065107
7132,1905275.33659863,2341693.67818217
7133,1905495.63253732,2338090.93421398
7134,1901715.88105769,2342823.24359331
7135,1902800.1253403,2342066.81021708
7136,1903233.37631306,2342101.69323905
7137,1898897.7921835,2339610.36377057
7138,1897505.72270709,2340049.48174703
7139,1897117.02766237,2341183.58386103
7140,1897133.77667292,2343281.86288205
7141,1896441.33763698,2344424.45260139
7142,1912258.61099511,2338833.04698119
7143,1909195.73836681,2347625.3558166
7144,1911463.74349469,2350533.64394758
7145,1911436.55257757,2350155.0092092
7146,1911205.54953213,2350940.85600395
7147,1911321.89090538,2350788.09540777
7148,1911277.47967742,2350136.17189734
7149,1911230.84514806,2351627.53283626
7150,1911210.39713519,2351688.31597453
7151,1910853.61801057,2353431.43007195
7152,1911219.07214065,2351809.16515061
7153,1917330.87508848,2349890.71274281
7154,1917369.74891295,2349854.49252
7155,1920700.13960968,2352677.80639749
7156,1920427.82163823,2352930.59545664
7157,1918591.53038215,2347986.57444401
7158,1918420.83887469,2348064.64589316
7159,1918584.2988776,2347983.15194186
7160,1921486.83740496,2346726.40635064
7161,1901364.84873669,2344771.11951965
7162,1900839.81120614,2345164.14696709
7163,1900595.9370526,2347650.27003228
7164,1900544.68822034,2346477.01909363
7165,1900215.15531287,2348504.0488698
7166,1897460.19887842,2353511.06962209
7167,1916714.74510058,2350636.71101247
7168,1919853.8917769,2354658.32714437
7169,1908893.35107644,2353596.19357568
7170,1906924.5060369,2352002.55847237
7171,1906758.43453235,2351897.58640628
7172,1904167.65650126,2350886.07666946
7173,1908905.38828401,2353351.34262153
7174,1918243.9132633,2363112.24016673
7175,1895849.98526468,2347009.58852893
7176,1895669.94515133,2348710.23419961
7177,1895698.29106917,2348760.14623103
7178,1895903.42909832,2346827.85871452
7179,1913624.53715507,2362530.57300053
7180,1913491.08987105,2361108.88020547
7181,1913573.68882305,2360937.23869741
7182,1917249.21323707,2357662.03833543
7183,1915117.32089488,2355943.91955375
7184,1914677.0486177,2357370.43635184
7185,1901675.42833222,2347172.3500314
7186,1901449.55459002,2345678.31709079
7187,1901606.773089,2348046.48818173
7188,1899355.47597164,2350964.87391907
7189,1899150.66324269,2348197.19667661
7190,1899844.11327927,2345549.47400968
7191,1900434.60315103,2345424.21253082
7192,1900559.05162938,2345455.37735044
7193,1898719.33127114,2344994.77766046
7194,1898721.19597232,2345030.10038269
7195,1898431.43458989,2345076.02681161
7196,1898310.58771381,2345132.70774729
7197,1898725.41387497,2346452.6648783
7198,1898838.46244614,2347628.26481843
7199,1897574.06135011,2344708.04697994
7200,1895695.23856725,2343408.63416186
7201,1895578.98599406,2343250.22756213
7202,1895650.34343899,2343028.13572231
7203,1895638.28393139,2343987.72922644
7204,1897427.34505774,2338352.34787856
7205,1896560.05071171,2337622.90171932
7206,1897555.51243843,2335760.14954658
7207,1898398.7324693,2338087.19871163
7208,1898126.83389812,2336415.29945904
7209,1898542.53515983,2337814.71624008
7210,1898540.19295836,2337821.86434458
7211,1902724.89469294,2344666.73935393
7212,1905037.42594885,2346030.23101235
7213,1905231.75217119,2346032.50261378
7214,1903639.4179687,2346226.56223596
7215,1904741.61186261,2347926.30570607
7216,1903299.27355455,2351103.21780617
7217,1903698.08950564,2350747.11158197
7218,1903064.96960704,2351062.86358076
7219,1902758.8245143,2351360.46726813
7220,1902533.23557227,2352735.72693395
7221,1902173.06304552,2353217.54563729
7222,1901875.55825822,2353646.52160737
7223,1899611.36703274,2354130.26951192
7224,1900222.81411769,2354750.51120241
7225,1901155.82460509,2353302.34809068
7226,1900762.74525762,2352879.32392436
7227,1899676.94177403,2352242.81122363
7228,1899550.10189417,2352126.59875046
7229,1900317.28297717,2352105.59803724
7230,1902473.73803481,2351460.30993098
7231,1900583.90124502,2351312.86733816
7232,1902213.46667096,2351481.98634463
7233,1901335.43501817,2351084.88589463
7234,1903072.72441192,2350534.75334828
7235,1901815.55762044,2350042.47283835
7236,1900560.95233058,2350378.85085013
7237,1901684.95263822,2349661.59549856
7238,1901682.5373367,2348366.13948298
7239,1900634.45117685,2350086.10906582
7240,1902636.39183722,2345975.45337786
7241,1904164.48229926,2354545.38677327
7242,1903645.41027247,2352490.14247934
7243,1905942.84581887,2357993.08374385
7244,1905871.42087391,2357908.49879059
7245,1904956.87819814,2356848.4281232
7246,1904625.62438959,2356562.27284305
7247,1906797.85445717,2359211.44301089
7248,1906823.82427352,2359149.41757184
7249,1906811.95296604,2359507.65629738
7250,1908849.4484488,2361606.01221845
7251,1908720.35116752,2361436.52931175
7252,1908461.7352047,2361047.35266673
7253,1907540.3155246,2360449.72979049
7254,1907329.8546921,2360262.45917259
7255,1907373.61941965,2360191.70912804
7256,1907541.56272538,2360447.53728911
7257,1909043.92317123,2361660.05395247
7258,1909573.06530437,2361874.60178755
7259,1910932.71666037,2363939.32288744
7260,1914292.83697581,2361497.1217499
7261,1914946.36358725,2366190.41020467
7262,1916616.41443867,2362973.5163794
7263,1911933.01399013,2365288.22833668
7264,1909376.24068045,2359278.22485294
7265,1908802.86811947,2359511.41489975
7266,1910109.56934213,2357650.79572835
7267,1910348.5686926,2357444.43669843
7268,1910427.44664226,2357617.16360718
7269,1911050.10143427,2357601.97019761
7270,1910640.97307669,2360886.42336542
7271,1911251.50816107,2361125.9213162
7272,1914711.32593928,2359315.83497662
7273,1915206.53645105,2360122.29658434
7274,1915023.82983602,2359806.7831857
7275,1914814.40760418,2359371.03021136
7276,1915283.75009966,2360214.49854239
7277,1915341.51053603,2360256.82826904
7278,1919810.95814987,2352378.17220885
7279,1919591.18101151,2351327.57794742
7280,1916733.76061255,2354312.06652638
7281,1917528.21321272,2354062.5706693
7282,1917649.12278884,2353842.59843081
7283,1918561.47466323,2355127.06753948
7284,1916570.66260987,2355405.26251462
7285,1916578.87861504,2355280.69093619
7286,1919090.63559638,2355440.83493702
7287,1923589.85402897,2354638.33973179
7288,1924799.21089035,2356895.1310526
7289,1923071.09720237,2356815.3811024
7290,1923075.95880543,2356642.47439354
7291,1921832.78752276,2354324.26323405
7292,1921780.19828966,2355822.82117751
7293,1921788.02839458,2355822.31547719
7294,1922144.22551884,2353989.04952301
7295,1923950.19915583,2353956.68620264
7296,1920624.18446186,2353919.80727942
7297,1921962.62940451,2353074.84574745
7298,1922077.81087703,2352795.35417149
7299,1922073.39627425,2358050.25657984
7300,1922227.80467146,2360445.52488784
7301,1922891.1883891,2358323.77265204
7302,1923352.39057947,2358198.0741729
7303,1923616.01304543,2357958.93492235
7304,1923813.76526994,2359209.58540972
7305,1923165.55096184,2359918.38625597
7306,1923152.10445337,2360094.39586678
7307,1925021.78423047,2358273.46092036
7308,1920803.23107458,2358667.15616822
7309,1919749.06581091,2358494.56065956
7310,1919784.74763337,2358569.49880674
7311,1919625.24683296,2362539.44270611
7312,1919814.79345229,2358727.59150627
7313,1920279.1033446,2358774.21113562
7314,1919823.0726575,2358592.48812122
7315,1921220.13583706,2360899.51837366
7316,1921277.33187306,2360233.33925425
7317,1917491.70098973,2359515.1443021
7318,1914159.73519201,2353249.37915733
7319,1913212.66549576,2353781.98719265
7320,1913195.7323851,2355416.3386216
7321,1913113.68593345,2351835.81256739
7322,1914829.51621369,2350355.82393563
7323,1915765.37970288,2349282.25715974
7324,1918194.62733227,2344568.74509224
7325,1916103.80461595,2347117.64189695
7326,1918418.23197305,2343656.98671822
7327,1913501.94227788,2348709.48459914
7328,1912559.07548428,2349898.70374784
7329,1897381.5403289,2350012.9994198
7330,1898030.97903777,2348762.56353255
7331,1896936.1509485,2350367.92534325
7332,1896910.17393214,2352138.82145816
7333,1897293.62037355,2350383.84335327
7334,1897398.63933967,2350731.96097243
7335,1896511.92958142,2350504.00202892
7336,1895960.16013404,2349832.73610631
7337,1896309.47485396,2350316.03631058
7338,1896334.4875697,2350620.31010214
7339,1895720.68468327,2352981.95898897
7340,1894993.48892545,2352097.87933238
7341,1919838.07466694,2350313.25310883
7342,1917582.55494693,2349532.78481746
7343,1917536.09421768,2349613.36316819
7344,1917503.49109715,2349722.26333676
7345,1895179.7185427,2350227.45105481
7346,1895635.41622959,2348764.869234
7347,1905721.74567968,2345108.50373205
7348,1906071.74930003,2337142.49551686
7349,1905905.83869557,2346797.10669515
7350,1905803.11943091,2346771.24097887
7351,1905769.05980946,2346741.20345996
7352,1905688.99225906,2346562.88434769
7353,1905207.25305577,2346410.38265168
7354,1916954.34995143,2358874.77609894
7355,1916576.9130138,2360433.28118013
7356,1918818.5904251,2350640.5736149
7357,1917422.01614586,2349900.66204907
7358,1895855.75826831,2348778.00524228
7359,1897724.76634499,2348646.09885923
7360,1897420.88085367,2346583.94186095
7361,1897485.22119418,2348543.7605948
7362,1915759.74389933,2347012.49863076
7363,1915801.74832578,2347376.50075993
7364,1907303.75047566,2359514.49520169
7365,1906841.7515848,2359080.49102845
7366,1896579.75492412,2356014.49369818
7367,1896621.74745056,2356028.49270699
7368,1896985.74927972,2355832.5022836
7369,1898287.74959943,2354614.50101678
7370,1898945.75121369,2356378.50592735
7371,1896285.74913902,2356308.49798327
7372,1896039.58798404,2356640.26789215
7373,1896047.99288934,2356631.04978635
7374,1894904.24436926,2356248.75194566
7375,1894535.75183727,2356168.49849514
7376,1894017.74781115,2355510.49568087
7377,1894467.88659454,2356086.91684377
7378,1893583.26613761,2356430.16125987
7379,1891875.7421626,2356728.49404769
7380,1891896.75117582,2356721.49974329
7381,1892344.91495797,2356969.99339974
7382,1892456.75352839,2357001.49521957
7383,1892293.72272575,2356822.66060698
7384,1893219.74550875,2356770.49987414
7385,1880535.57852313,2362174.49957636
7386,1880601.97986493,2362052.75349971
7387,1881754.56099057,2361535.06507378
7388,1882064.38278562,2361543.42777905
7389,1881034.35983715,2361588.24620727
7390,1881450.41649909,2361399.00778813
7391,1880610.6615704,2361986.38975793
7392,1881655.74972836,2361460.49442684
7393,1882866.74439077,2360123.4995851
7394,1880530.64022002,2363565.93325237
7395,1879534.89579313,2364467.67052008
7396,1879096.19861693,2365062.32229445
7397,1878925.74740962,2365632.49705342
7398,1878143.71551728,2365663.85697316
7399,1877610.04898129,2366306.06767748
7400,1877561.28515059,2366586.41225398
7401,1877413.70145768,2369531.06840786
7402,1877674.37012179,2368047.80247403
7403,1877581.74656348,2367886.49187248
7404,1877306.66059029,2371103.79559801
7405,1876674.24549213,2371787.29462832
7406,1874365.4774386,2381193.81595042
7407,1874564.86436412,2380956.14170078
7408,1874635.33570849,2380787.17439441
7409,1874150.78800343,2381419.76589267
7410,1873693.23721537,2383252.9616468
7411,1872755.27212485,2383407.39574403
7412,1872959.39345336,2384659.28433218
7413,1873083.78293167,2386023.04909077
7414,1873331.74758779,2387046.03053482
7415,1872993.25197468,2389730.44382485
7416,1872944.07334372,2389876.27851667
7417,1873642.58298348,2391190.11024382
7418,1872854.41168727,2394031.42003263
7419,1872107.443917,2396406.20682774
7420,1872098.42621132,2395979.78185927
7421,1871459.44430903,2397707.10644675
7422,1869798.75906351,2398540.62857151
7423,1868218.4642686,2402077.80049842
7424,1870069.13223373,2390972.39100675
7425,1868395.2492799,2391702.73206655
7426,1867029.95452034,2394722.43076768
7427,1865267.7326109,2398961.69943661
7428,1867262.4213667,2391814.01833662
7429,1867176.55731264,2391898.07028953
7430,1866375.11310807,2392497.22736675
7431,1865993.58476787,2392399.88950546
7432,1864936.66190246,2392551.04410063
7433,1864616.64940099,2392719.2047065
7434,1860792.19689322,2394739.42897838
7435,1859827.64008595,2395139.28683012
7436,1855882.58300225,2399958.74686432
7437,1854090.72367414,2403066.94172116
7438,1873475.47237827,2378148.79583335
7439,1876140.35005601,2375786.07674585
7440,1870870.108038,2380631.75809656
7441,1869700.64170174,2380776.08758743
7442,1868874.31768151,2381234.81177623
7443,1868238.92718148,2381814.6806413
7444,1866443.27835099,2383349.87440781
7445,1873630.17337567,2373221.00923095
7446,1873138.1472659,2373380.74893152
7447,1872859.09409022,2373646.07449856
7448,1868695.32306882,2376687.97901366
7449,1867353.03852375,2377727.26696797
7450,1866718.91702452,2378678.94466712
7451,1866390.81351796,2378963.64454636
7452,1865489.30695039,2380541.78803992
7453,1864538.46895177,2382360.51988494
7454,1864494.24282392,2382444.37703774
7455,1861685.91905588,2388256.3442968
7456,1877035.12501933,2366653.4761962
7457,1875041.8150644,2366571.9857449
7458,1873316.25867803,2367350.94833531
7459,1875018.00894941,2366579.73104977
7460,1873068.94362233,2367289.55189666
7461,1872200.13277535,2367975.70362864
7462,1872069.4926931,2368103.9818094
7463,1871934.85810834,2368038.92026844
7464,1871090.03277646,2367850.17514961
7465,1871033.83714108,2367751.91168775
7466,1870037.14951359,2367923.31189566
7467,1869542.72460232,2368438.16151979
7468,1869415.50232222,2368720.12229731
7469,1868841.39566078,2369273.13514547
7470,1867827.70572259,2369370.09230651
7471,1867366.95313251,2371012.17644032
7472,1865779.0410328,2372830.9925854
7473,1865366.52727309,2372701.56440392
7474,1863441.16386094,2371820.60304929
7475,1859012.67447288,2379630.52946621
7476,1859139.01235241,2381986.12664923
7477,1858999.25696443,2382365.16458787
7478,1892190.27266062,2355887.38481815
7479,1891834.67853674,2356713.11593801
7480,1891989.7938344,2355235.79670793
7481,1892367.80797239,2355750.02243167
7482,1891840.60634048,2355187.7850777
7483,1891791.67870967,2355175.49446997
7484,1891562.34076529,2355115.24703204
7485,1890138.58366893,2355314.68055759
7486,1888716.68327374,2355441.55653747
7487,1886791.32596158,2356099.64735179
7488,1888561.20327585,2355418.79902314
7489,1886454.67994964,2356021.40400253
7490,1886104.00632887,2355905.4036295
7491,1885838.14386148,2355981.74987756
7492,1885318.23173416,2356464.09708124
7493,1884894.68246751,2356348.46990844
7494,1882602.54482444,2356127.53766935
7495,1878826.64694723,2354482.46613365
7496,1879011.63666369,2354709.27497645
7497,1886158.02386287,2352493.06288118
7498,1886125.97414269,2352224.22631193
7499,1884561.28955761,2350831.88883535
7500,1884153.59260093,2350778.15190152
7501,1881254.49517574,2353526.71073193
7502,1894012.40040778,2355445.78544013
7503,1893056.46220595,2353639.32130283
7504,1893040.0277956,2352482.7773747
7505,1893078.35411973,2351833.1196657
7506,1893043.77869796,2350769.56739611
7507,1892911.47311467,2350644.04751709
7508,1890540.57662201,2348802.63395778
7509,1890678.46980882,2347094.8472826
7510,1862534.75239028,2383090.11304427
7511,1862881.03910829,2382770.22384288
7512,1859634.53056438,2385845.81087919
7513,1869475.9817603,2393540.78242374
7514,1868495.06524274,2395085.13969603
7515,1867722.76255652,2397013.8543103
7516,1867417.53916436,2397572.82456221
7517,1862037.47757721,2390967.27630353
7518,1860634.83409414,2391869.54737158
7519,1859730.52662482,2392321.04945583
7520,1858438.33371129,2391411.95518349
7521,1857445.89608647,2392353.76547643
7522,1856881.85343137,2393979.11659971
7523,1857388.1233501,2392339.53486747
7524,1857105.04127188,2380436.75177379
7525,1868653.74574264,2373776.87318091
7526,1866432.44604417,2376911.11655414
7527,1866245.92352674,2376311.51357665
7528,1865643.99004778,2376212.07421404
7529,1861738.73038913,2380264.97606564
7530,1864226.68025548,2377319.02141095
7531,1873373.49341407,2378648.8902482
7532,1873129.98556076,2379048.33089968
7533,1872019.63316171,2381175.29313876
7534,1872027.67116677,2381121.96830518
7535,1871567.05267678,2382464.42335036
7536,1872820.66146602,2373957.95349491
7537,1872392.65459656,2374718.50747373
7538,1871747.5269904,2376123.28865815
7539,1871296.96370674,2376807.06138863
7540,1869865.34790543,2378667.25795976
7541,1868264.55189762,2379742.46433668
7542,1871765.54440175,2370605.40978424
7543,1871236.82406888,2371530.66986675
7544,1869728.30061915,2372779.07795272
7545,1871180.91243368,2371651.15634261
7546,1864768.66149669,2367743.84888267
7547,1865554.94509172,2367662.8836317
7548,1863401.63623605,2367216.25435051
7549,1863010.38598973,2366400.1328367
7550,1861468.24021883,2367302.75240497
7551,1860401.02094694,2367543.81145673
7552,1870355.31981391,2382150.44825269
7553,1867992.61092641,2384053.32325069
7554,1868029.41764958,2384009.77502327
7555,1868186.42654843,2383869.61823503
7556,1866111.91164237,2385501.51336243
7557,1879463.28864804,2361854.5042749
7558,1880506.90520508,2362174.08047609
7559,1878711.20147455,2362371.39850032
7560,1877024.07651238,2363670.70081832
7561,1876651.06657754,2364147.25901835
7562,1876298.68685569,2364331.19803416
7563,1874928.01039275,2364857.89566575
7564,1876879.5694214,2379507.42098871
7565,1876814.85818066,2378845.75857214
7566,1878634.28512612,2379057.71590558
7567,1879225.39749827,2379452.02795383
7568,1878103.35739187,2382224.13919908
7569,1878124.98520548,2382084.61851124
7570,1878073.26447292,2381349.99714874
7571,1878094.72088643,2382269.41522758
7572,1877976.70681213,2383059.38462493
7573,1877988.66521966,2383283.6157661
7574,1877985.30851755,2383116.97736119
7575,1877926.11248028,2383347.12760608
7576,1877980.32421441,2383107.68675534
7577,1876694.27480474,2385325.3127515
7578,1876102.47473216,2385887.05930516
7579,1875817.78345293,2386740.99574278
7580,1875682.21026758,2387874.24305624
7581,1874953.13520857,2389471.31686171
7582,1885709.83828071,2359641.62118172
7583,1887236.29984173,2357930.73080459
7584,1887262.74715838,2357897.50268367
7585,1883573.38813565,2363161.49039774
7586,1883878.93172802,2363616.70428433
7587,1882029.53036368,2366807.10279292
7588,1881766.73309823,2359453.81936349
7589,1882822.06886264,2360103.02777221
7590,1876215.4707033,2359712.46912633
7591,1876035.1797898,2359883.77813418
7592,1879583.4681237,2367854.87985257
7593,1878951.38622576,2365708.81210147
7594,1879575.29221856,2368013.57485248
7595,1879740.43652253,2373228.09403541
7596,1874662.76692576,2391469.55131975
7597,1874574.23087002,2393272.86445507
7598,1874621.11139954,2394530.28724671
7599,1874024.91712419,2397817.108916
7600,1873976.94089398,2396447.45695371
7601,1898088.13497376,2356883.16334507
7602,1898859.71535952,2356409.72914701
7603,1896936.950749,2361883.55839319
7604,1895646.74933672,2358704.03049144
7605,1895999.84425902,2356862.50183206
7606,1896037.57318278,2356666.30570854
7607,1896038.44648333,2356655.01730143
7608,1895715.26547986,2359736.4112414
7609,1861002.29492549,2365379.41259408
7610,1861621.01251502,2364996.69465313
7611,1876879.02502106,2389914.88654097
7612,1877901.47976477,2388801.49974001
7613,1878053.61596055,2388617.97152447
7614,1878419.82559111,2387686.83253825
7615,1877006.28140118,2388542.54107698
7616,1870314.15348799,2353192.71102166
7617,1870527.94972259,2353127.22088043
7618,1870716.16884109,2352986.85769206
7619,1892998.20116927,2364209.03515725
7620,1893057.30450648,2363983.93611553
7621,1893136.56565638,2363626.78859068
7622,1893676.15989609,2363000.27109624
7623,1900138.33896451,2355470.27225555
7624,1901510.26932824,2355775.11174747
7625,1901528.74833988,2355811.50377038
7626,1898897.97358361,2353160.07500111
7627,1898260.070982,2354592.65070302
7628,1895901.30259698,2353836.89702722
7629,1896583.48752647,2355956.91576193
7630,1895004.38173231,2354550.44287645
7631,1894558.62625167,2356139.34047678
7632,1892664.3786591,2353129.45398183
7633,1888658.46893709,2352114.70464297
7634,1891790.88510917,2351958.04464434
7635,1889848.8133865,2351224.1489823
7636,1890834.24180689,2350583.17057876
7637,1889527.12228397,2350561.9523654
7638,1890564.12393684,2347000.59962327
7639,1888281.83149996,2345756.98754032
7640,1889409.93171019,2347892.25978463
7641,1887843.63122408,2349219.26342008
7642,1888136.2311083,2351695.2523789
7643,1891835.60703733,2348285.87393244
7644,1892055.40347571,2348698.80729241
7645,1891929.7530966,2345549.97130999
7646,1893777.31615978,2350323.5381153
7647,1893707.72031596,2348591.86002508
7648,1894454.82818632,2351788.55083764
7649,1894320.18450155,2352345.44118824
7650,1883907.04764572,2358013.86905693
7651,1879636.80875729,2357133.3724026
7652,1873458.93776786,2357926.63260201
7653,1873367.96941059,2358146.50004043
7654,1869945.08165563,2361536.56527473
7655,1868576.27099386,2360045.09323574
7656,1879262.43002159,2351332.43865048
7657,1878822.48874461,2353094.32355972
7658,1878387.890571,2352227.45511396
7659,1878428.52279658,2353257.4202624
7660,1876462.00235851,2351965.41574899
7661,1876206.06349738,2354273.69210222
7662,1875052.79897131,2354050.60016176
7663,1875493.72534891,2354797.82133219
7664,1874180.53502216,2353104.01186582
7665,1874223.73284936,2353275.49677378
7666,1876729.35312683,2350197.52093597
7667,1875055.22597284,2353297.49508763
7668,1872437.68842491,2353580.43396576
7669,1873778.09196879,2356274.53626189
7670,1873324.97118352,2359021.22999114
7671,1871030.78433916,2362786.37756158
7672,1873951.97617827,2360254.68416769
7673,1869490.84906966,2361837.47746417
7674,1869329.82096828,2363009.62440213
7675,1869226.41290317,2363352.85351822
7676,1868345.02354828,2365049.66818649
7677,1869300.02674952,2363265.73776337
7678,1868992.03745562,2363239.31924674
7679,1867632.91559995,2363520.45762374
7680,1867372.23943584,2363500.7113113
7681,1867000.54420183,2363522.7875252
7682,1867335.52121272,2364725.21278222
7683,1867659.77811686,2360972.25901946
7684,1868049.08206196,2361834.57996235
7685,1867851.11953733,2359768.37966153
7686,1871444.34709953,2357497.56503188
7687,1870973.74060325,2358084.30240127
7688,1870415.79675198,2358520.23557573
7689,1868050.13806262,2358829.70067056
7690,1868890.0271914,2358427.96121763
7691,1866994.83649823,2359647.9315857
7692,1871029.49363835,2356519.64621621
7693,1871399.96247159,2354231.93137592
7694,1871351.74854123,2354180.50404355
7695,1870305.22358237,2353783.46999358
7696,1871413.70838024,2354061.41136857
7697,1870163.68549326,2356101.68785307
7698,1870576.93125343,2356154.25498617
7699,1870803.32659596,2356268.45885807
7700,1870582.59585699,2356151.81408463
7701,1868170.38503833,2356602.39886831
7702,1869474.93265964,2356058.55472592
7703,1869498.5425745,2355962.84706566
7704,1869385.14900311,2356422.22795488
7705,1869722.89031575,2355054.0354935
7706,1871296.00570614,2354148.13862317
7707,1874870.45435651,2359497.15369077
7708,1877144.31188808,2358546.41379221
7709,1884107.42147187,2354996.29305715
7710,1883808.66958378,2354964.33343703
7711,1883576.61443768,2354956.80143228
7712,1884182.80821933,2354943.84192412
7713,1884149.95319865,2354803.93153604
7714,1884497.62151753,2354052.21556278
7715,1884152.76670042,2353336.80981238
7716,1883721.11732866,2352918.73974917
7717,1881091.82177332,2350632.25720966
7718,1879780.54244778,2351653.42395256
7719,1879862.25259922,2350706.51475642
7720,1883948.71217195,2350629.78560811
7721,1883702.15171672,2348157.20975144
7722,1883656.97078827,2348077.46740124
7723,1883808.31198356,2348001.70735354
7724,1884458.0236926,2347551.52917012
7725,1883450.19065809,2349926.2805652
7726,1882240.04159622,2349723.42093748
7727,1882276.64841926,2349418.90134577
7728,1883118.7149494,2348518.38407882
7729,1882365.36797512,2347532.83525835
7730,1881127.05619551,2346208.11252434
7731,1881959.3496195,2349901.48824959
7732,1881020.23112825,2348282.11553008
7733,1880086.82644061,2349246.90843748
7734,1881211.93374895,2348630.14854919
7735,1881171.85862371,2348812.57956404
7736,1883411.63303382,2347579.08018746
7737,1883489.00368253,2347434.88479668
7738,1886405.2176185,2349370.95641558
7739,1886331.48997208,2348746.50882245
7740,1886247.85331943,2348580.80731812
7741,1887482.76149689,2350589.67968286
7742,1888664.5221409,2354677.60635651
7743,1887968.45510267,2352120.07304635
7744,1889305.92674471,2353171.30570818
7745,1890229.30362604,2355242.31681204
7746,1890486.93908824,2355345.74767715
7747,1880739.3171514,2358555.90249818
7748,1880026.71030276,2358054.93618279
7749,1878129.88320857,2357937.2616087
7750,1873999.89870844,2363423.3495626
7751,1877214.45443224,2362453.15725179
7752,1878450.6207105,2360907.54297871
7753,1876484.2220725,2362232.3902128
7754,1876071.94231294,2361097.12549807
7755,1874215.5445442,2361308.269831
7756,1875076.57718629,2362101.70543053
7757,1874797.31441047,2362944.10406088
7758,1874960.52571322,2363145.34558757
7759,1873187.47319695,2362873.86711666
7760,1880941.84977891,2365983.98607471
7761,1877558.19684865,2367918.85269285
7762,1874296.04049488,2369439.43775017
7763,1878626.80872142,2371681.78546189
7764,1878776.13971543,2374767.10700433
7765,1878409.18458441,2375711.42579885
7766,1879047.31318616,2377079.00615984
7767,1879974.09206963,2381118.26970285
7768,1879789.73855357,2381588.84819912
7769,1877799.47690055,2382285.72573785
7770,1875952.96333804,2383105.12835373
7771,1876090.00832431,2384627.47951216
7772,1876751.14804055,2382088.81281388
7773,1876011.76577505,2382176.65566919
7774,1875327.45004423,2380252.65955789
7775,1875047.16426777,2382574.77611983
7776,1875169.77844496,2380439.26637537
7777,1874919.28638726,2384326.42222262
7778,1874634.51850798,2385222.50218677
7779,1874710.05405553,2386018.3226878
7780,1874923.85249013,2391360.50035109
7781,1875614.76912512,2392422.15341948
7782,1875106.50280512,2390267.94986325
7783,1874962.14341424,2395210.12177471
7784,1874574.53937022,2396596.23314737
7785,1875043.61896554,2395206.62147251
7786,1875870.37648604,2396486.24527813
7787,1877020.84811035,2394825.28923243
7788,1873696.86371765,2393905.93655363
7789,1873735.33294187,2394526.52864434
7790,1873360.55420592,2395974.28675581
7791,1873021.85779269,2397510.21392279
7792,1873786.82637429,2399101.21102444
7793,1873465.11727175,2398678.99015862
7794,1872778.51173948,2399538.36969966
7795,1869867.95030707,2402389.80229485
7796,1870907.78376172,2399363.74268972
7797,1871043.5490472,2399068.22880368
7798,1867272.86787327,2400277.74876516
7799,1871006.45602385,2394352.52053479
7800,1870274.94806331,2395414.16920318
7801,1870187.30790813,2395442.45622098
7802,1867939.65739307,2397899.99836819
7803,1869803.27976635,2395599.79842004
7804,1867513.30282465,2398339.33104478
7805,1870097.17365138,2395481.76624573
7806,1870827.28891104,2395663.32326004
7807,1870675.02741519,2396969.83138258
7808,1869518.36148698,2397009.28320742
7809,1870293.79217517,2395530.49287641
7810,1869889.58042069,2394944.55160752
7811,1865901.0312096,2393872.98673289
7812,1864574.99767477,2394114.66138504
7813,1864020.67302578,2394809.14402227
7814,1860383.34723581,2395317.44684228
7815,1859966.04607309,2396641.3923758
7816,1859948.83936226,2397527.39323361
7817,1860572.79305508,2397339.97161561
7818,1861789.37692101,2397447.27648317
7819,1861220.68466298,2397548.32404678
7820,1863009.08038891,2396201.46879884
7821,1861541.16756475,2398373.32786619
7822,1860999.43542369,2397601.35998017
7823,1861455.53451084,2398707.63407665
7824,1859750.1935372,2398054.86046569
7825,1858925.65291809,2398792.96973038
7826,1858868.73718226,2399655.89507366
7827,1859475.00176394,2397277.98457658
7828,1859241.18341674,2397514.88532573
7829,1859743.47333297,2395924.97992477
7830,1859594.68543929,2396082.9180242
7831,1859636.34346552,2395914.16911796
7832,1854935.75650616,2399813.34227278
7833,1856199.50820178,2396251.68203045
7834,1853261.50145209,2400842.24922055
7835,1854092.99807557,2400451.43517451
7836,1860156.51919301,2393807.10749141
7837,1859483.13076906,2392855.28149217
7838,1858831.69825894,2393394.07683138
7839,1857628.98800174,2393762.32406322
7840,1855608.15922948,2390691.52892993
7841,1861945.9659196,2389796.06656617
7842,1861358.87374998,2388936.42292496
7843,1861063.56146406,2390132.74297813
7844,1864550.57665939,2391267.26049239
7845,1865119.55441761,2390892.23985629
7846,1865965.76865036,2391202.40285156
7847,1866463.70366385,2390799.20729772
7848,1868527.05886288,2389725.69512186
7849,1867966.87601021,2389478.65076633
7850,1870231.17853575,2385583.71401418
7851,1868730.05469068,2386411.85213555
7852,1867612.16248688,2387220.06474438
7853,1868715.21488134,2386432.30894843
7854,1863792.65938223,2390454.81038089
7855,1866485.8718778,2389787.96426107
7856,1865649.40545119,2387741.67767278
7857,1863848.81791759,2389254.42482516
7858,1865582.69540919,2387696.1283441
7859,1863639.77018597,2388472.8420331
7860,1865862.07508508,2385879.40360034
7861,1866822.59198979,2386315.43517485
7862,1870058.81352723,2383952.4886872
7863,1872311.06634519,2383499.98700232
7864,1870998.89981909,2384512.49703977
7865,1872227.0616923,2383566.06384392
7866,1872884.61040628,2382425.29712573
7867,1868763.2791116,2382666.6893777
7868,1865960.9038473,2385292.78073102
7869,1866932.86275922,2381503.54854542
7870,1867550.49594806,2381351.33054958
7871,1874733.27497015,2374851.70365759
7872,1874934.97949714,2374280.00019766
7873,1874106.21287537,2376068.65792375
7874,1873659.12089389,2371051.89566533
7875,1874287.42938946,2374416.96088389
7876,1872924.90463165,2374281.55429864
7877,1872874.35659983,2374516.66684666
7878,1872079.53979943,2377781.17460191
7879,1871416.43528195,2378053.8840736
7880,1870791.98398882,2379144.96486051
7881,1870165.39719434,2379574.25943079
7882,1870055.40562509,2379818.30418443
7883,1867133.38078546,2380926.34428202
7884,1863901.60545082,2386957.34697898
7885,1858253.53319494,2388658.0442497
7886,1861847.35865752,2386957.64307917
7887,1862553.79710227,2385337.11125893
7888,1860162.52449679,2383682.44611719
7889,1862364.33078299,2381284.53340753
7890,1863166.57218806,2381613.49421464
7891,1860384.22753637,2381899.30049457
7892,1860617.35888314,2380853.43363612
7893,1863924.96216552,2379281.21334629
7894,1863930.56696905,2378518.58676616
7895,1864562.9795672,2375956.71565328
7896,1866383.53681337,2376040.06480575
7897,1866664.85339049,2375514.49667487
7898,1867570.00936035,2374361.36644889
7899,1866512.79529475,2374409.68697931
7900,1868348.36375038,2374430.85249263
7901,1867167.01200663,2376382.20352115
7902,1872871.60269809,2371009.17113843
7903,1870208.6965216,2371022.40054676
7904,1872398.2872001,2369742.85614119
7905,1871218.54065737,2369876.72012547
7906,1870499.03430438,2369811.3311843
7907,1867089.03585754,2373282.86426989
7908,1864889.60477284,2374633.55282025
7909,1861886.66038226,2372745.20073139
7910,1860196.03001789,2373101.88855595
7911,1858237.48188483,2373279.57126782
7912,1857850.76934137,2371128.30651344
7913,1854829.94203954,2370118.33237758
7914,1859177.44557661,2375484.86095621
7915,1859033.13308575,2375670.61547315
7916,1859178.16917707,2375494.20506209
7917,1858790.10683275,2376258.67524338
7918,1858406.93179151,2376920.28165991
7919,1856116.77264969,2377951.20440895
7920,1855986.14696745,2377826.99373075
7921,1858080.08448574,2373296.23357831
7922,1852697.90699726,2377767.77549347
7923,1856611.11276092,2373151.6728873
7924,1855298.38393446,2372560.93601538
7925,1852330.92426622,2373217.52972876
7926,1853873.06963712,2374567.63337875
7927,1852474.12055637,2374126.82080122
7928,1859081.34081611,2369713.52642273
7929,1859270.88493544,2368951.6929431
7930,1860160.09339526,2370357.38762809
7931,1859977.27428016,2370107.15847055
7932,1864415.22597418,2368665.62076299
7933,1863913.69775843,2369206.11070327
7934,1860670.84981682,2368328.85825098
7935,1860089.3096507,2368072.93298985
7936,1859958.56146838,2368341.02925864
7937,1863854.78872134,2365089.61641164
7938,1863788.58117966,2364575.72988811
7939,1864199.38593829,2363546.84494035
7940,1866069.14451544,2364503.01244233
7941,1866246.60122716,2365304.85584715
7942,1870470.27278628,2366164.91878862
7943,1870765.72707229,2365571.6361151
7944,1871672.37494309,2363720.36764959
7945,1868478.24773215,2366569.03374304
7946,1870286.84237079,2363510.75411763
7947,1872342.54796501,2366487.42259166
7948,1872802.81545478,2363334.35090657
7949,1872550.69849606,2364444.33660538
7950,1873341.44869389,2365175.53156573
7951,1876983.79848702,2364849.04156018
7952,1881360.91904274,2366725.55804158
7953,1879824.74527561,2368307.31913742
7954,1880629.7223824,2369749.71644551
7955,1881269.03428489,2367651.26342438
7956,1881746.16808528,2363569.77095478
7957,1881602.77989501,2361476.34193681
7958,1884780.91199588,2362725.92112352
7959,1893575.14123249,2356472.51678654
7960,1892507.7688605,2357667.94703915
7961,1890355.31490538,2359321.27608004
7962,1890029.23840009,2359542.61591939
7963,1889698.44619183,2359624.4250709
7964,1889240.59330358,2359961.43978307
7965,1884360.95013148,2363989.22441886
7966,1892884.49439768,2359212.84121177
7967,1894508.26001996,2363000.88149662
7968,1894493.19431048,2363237.0339453
7969,1890665.37490058,2359981.90389596
7970,1890520.03610908,2360612.51769297
7971,1890243.55213501,2364904.25659494
7972,1886673.72088754,2361329.93844464
7973,1888019.87923505,2359800.95178203
7974,1888411.92568187,2359676.86540391
7975,1893917.56004807,2357729.29387777
7976,1894445.50728045,2356103.03985392
7977,1894900.9683672,2356256.97135084
7978,1894541.673241,2358257.7977105
7979,1896824.25617805,2358530.29918206
7980,1896311.21095505,2356347.38150776
7981,1897426.28015707,2357758.55679619
7982,1858835.48456132,2367475.59431379
7983,1859298.59415288,2367038.91423886
7984,1860709.8944414,2365671.03817768
7985,1871502.16813593,2351642.97194598
7986,1895591.85430216,2363481.21419903
7987,1895664.03624761,2361587.73280694
7988,1894865.36654479,2360045.10853575
7989,1874043.12833565,2350987.90103357
7990,1893316.47876965,2364971.83813749
7991,1900429.75104798,2356952.49738872
7992,1900636.89357839,2356626.51988349
7993,1882915.10922122,2360126.10388674
7994,1883075.80742239,2359939.37156918
7995,1878744.92809578,2386816.58989037
7996,1887853.73813045,2357693.90565549
7997,1887857.75263298,2357680.49814705
7998,1888100.58448586,2357265.02458548
7999,1888174.64893249,2357280.75819539
8000,1888539.5259622,2357547.24036315
8001,1888557.74957368,2357568.50027654
8002,1889089.74730861,2357820.5039352
8003,1891567.74876869,2357610.50200298
8004,1891712.44555979,2357148.67251223
8005,1891798.74511412,2356833.4954138
8006,1904510.37441703,2356112.50025988
8007,1887885.13225022,2357641.10232225
8008,1864586.95018229,2355231.01950492
8009,1863732.74924451,2354773.92581715
8010,1864580.89057848,2355287.47104046
8011,1864661.67242933,2355741.81942651
8012,1864845.00884476,2354930.90621598
8013,1865757.46461922,2355986.20618037
8014,1865989.94836558,2356765.49027099
8015,1865866.90578812,2358273.21722021
8016,1865090.85989954,2359604.94515863
8017,1865151.7935379,2360330.87691566
8018,1865099.88480522,2360447.17898888
8019,1865120.79791839,2360986.86062865
8020,1865114.2950143,2360923.44468872
8021,1864642.67661738,2362067.73960914
8022,1864386.53685612,2362889.67382661
8023,1866232.33801819,2360543.21864934
8024,1866508.70239218,2360676.81903346
8025,1864566.19806923,2361172.11564528
8026,1864324.42511701,2361744.78720582
8027,1864057.99834928,2362206.10399625
8028,1864252.98237203,2361908.95760918
8029,1864325.78411787,2361746.05880662
8030,1863934.43607149,2362675.24839161
8031,1863779.03167365,2361955.98653879
8032,1863471.20417985,2362120.10304211
8033,1864638.00761444,2357913.87249398
8034,1863582.39004985,2357525.89154971
8035,1863597.05135908,2357000.16101873
8036,1863203.78131149,2355892.44122134
8037,1865374.08517785,2357899.52478494
8038,1862704.90779741,2358582.57831498
8039,1861580.67358962,2357680.01824675
8040,1862491.23956289,2359114.75275002
8041,1862026.69447042,2361781.602429
8042,1861860.57656584,2362151.63686196
8043,1855213.7895812,2362082.41031838
8044,1858381.4878755,2361729.9854965
8045,1856457.77056437,2364174.48533549
8046,1857246.17976074,2363339.51100982
8047,1855254.94480711,2363665.90841531
8048,1855893.00260881,2354201.16005655
8049,1856892.49523807,2354267.40219826
8050,1857094.00296493,2354293.15151447
8051,1857875.66825705,2354516.59665514
8052,1857466.76349961,2349694.00501896
8053,1859219.93610336,2349123.47365977
8054,1856734.37093851,2350254.31267172
8055,1856322.69857934,2350672.11173476
8056,1856010.44918275,2350727.14746941
8057,1855449.36912951,2351160.95024252
8058,1878743.74579504,2354432.49520219
8059,1878785.75162148,2353508.49552047
8060,1874851.75094474,2354040.4951554
8061,1860851.74793071,2397440.5007789
8062,1862018.41056521,2364901.86189343
8063,1861951.63362317,2365406.87361137
8064,1862159.43075399,2365587.11012485
8065,1893559.51892266,2362426.92703528
8066,1892865.4590857,2361546.91248124
8067,1892798.39084347,2362062.70040597
8068,1878488.82503455,2384209.29684888
8069,1866396.95552183,2368323.8127478
8070,1867749.91237361,2367428.93308441
8071,1867744.72007034,2367423.18128079
8072,1875044.77056626,2380208.15402987
8073,1875100.45070131,2380101.91936299
8074,1876748.16793868,2378403.51919372
8075,1876736.12343109,2375383.68459251
8076,1895734.24719181,2332862.87782253
8077,1895777.83591925,2332816.01059303
8078,1895339.06414301,2333614.24629557
8079,1895284.51320867,2333656.0723219
8080,1894416.74676235,2334405.50469373
8081,1894123.60517779,2335455.67045488
8082,1894422.64196606,2334449.18312123
8083,1891581.45137732,2336580.52276306
8084,1892726.92289848,2336906.81466849
8085,1888945.33191769,2335098.90413027
8086,1890162.28488385,2337085.09498073
8087,1890216.8419182,2337043.2727544
8088,1888022.07103643,2335950.52006643
8089,1886241.6133155,2337282.61730508
8090,1884716.27185518,2338287.91423799
8091,1881895.08507904,2339153.4377829
8092,1893237.00591961,2328469.65825668
8093,1893304.28276197,2330295.65980628
8094,1894283.64437855,2333667.40922904
8095,1879171.36976426,2346663.45661101
8096,1878182.46174167,2343413.24916477
8097,1878907.64789823,2348060.71469069
8098,1878751.51309993,2348448.88693507
8099,1877056.85553301,2352155.26966851
8100,1877317.39169704,2344113.01340532
8101,1878111.51939701,2343364.01733377
8102,1875553.34168644,2345272.14343508
8103,1874452.73369353,2346564.37404863
8104,1873641.87798304,2348134.1162369
8105,1872261.39491392,2348721.60170677
8106,1871972.2731319,2349519.52940912
8107,1871077.3817685,2349711.02842968
8108,1871023.7016347,2349784.49657594
8109,1870815.54090365,2349513.81370552
8110,1869509.42978135,2349988.83090458
8111,1868459.61752042,2349757.68115905
8112,1873345.89779669,2333984.57432872
8113,1875792.9569373,2330464.71461271
8114,1872420.93341436,2337290.09270979
8115,1871437.61639529,2338215.94569268
8116,1872380.61228898,2337360.41495406
8117,1870732.29735124,2338747.26972719
8118,1870588.54026074,2338867.39440282
8119,1867168.29500744,2344434.06920745
8120,1867495.48291343,2344085.0237877
8121,1865709.58508907,2345922.50234453
8122,1865556.95259298,2346322.26959621
8123,1862095.14161352,2357224.2333598
8124,1858617.03682379,2361542.88667871
8125,1857893.68976839,2362479.30426825
8126,1858006.3216393,2362433.19473922
8127,1864755.31678829,2346773.49568029
8128,1863297.37857041,2347888.05288199
8129,1863159.08898335,2347975.2698369
8130,1859708.85231117,2353196.69612417
8131,1856199.09380152,2355198.04658416
8132,1873099.25844142,2334058.41957521
8133,1871461.94681061,2334952.90233836
8134,1870877.46584263,2335133.55075209
8135,1868825.18195057,2336745.40006686
8136,1864070.28345701,2338208.1959878
8137,1865963.09984868,2338485.73786253
8138,1861437.22229931,2341020.48305834
8139,1856627.24537107,2345621.36075494
8140,1856105.59624266,2346286.11077344
8141,1871032.84894046,2333928.3172933
8142,1871243.91927334,2332115.04555172
8143,1871252.64557884,2328818.99917661
8144,1870895.28925386,2324782.26493519
8145,1871111.62169005,2323773.61340017
8146,1871103.39878488,2323708.81355937
8147,1870748.63606153,2323189.24393227
8148,1870929.09877514,2323691.94834876
8149,1870621.9936818,2322647.07089093
8150,1869382.19220125,2319191.72621553
8151,1891237.83476099,2336310.77509324
8152,1891376.9996486,2336577.240761
8153,1890701.40002326,2334451.24232252
8154,1888087.46087759,2331058.65908664
8155,1891628.40210688,2339135.61487168
8156,1891325.03211588,2338954.93795793
8157,1890982.2883001,2339310.07238152
8158,1890129.21366303,2340329.3168232
8159,1888172.74713129,2341072.1912909
8160,1889681.98598146,2340550.47056244
8161,1889903.16242071,2340434.01218912
8162,1887815.97050667,2341389.57559071
8163,1887130.21857494,2342102.49763955
8164,1886846.38229625,2342169.49638173
8165,1886499.89317811,2342528.93720803
8166,1886048.37289384,2343102.11736889
8167,1884203.7342325,2344230.88707953
8168,1883455.20166125,2347131.31850556
8169,1893209.64060238,2328467.87635555
8170,1891510.30773253,2328541.82650211
8171,1887381.09363288,2328806.15296852
8172,1869293.18314521,2329608.09417341
8173,1868180.75144485,2329559.09524256
8174,1867414.71266258,2330003.40782228
8175,1867634.38360088,2329891.32235172
8176,1867667.34332163,2329799.30649379
8177,1867661.15831773,2329729.29604971
8178,1866209.67690392,2330426.91868892
8179,1865949.85604034,2330184.01573599
8180,1862215.26728914,2330205.39194945
8181,1865927.18312607,2330170.56132752
8182,1859234.37481245,2331610.25533391
8183,1860859.60023565,2330660.35753588
8184,1860998.94572338,2330410.03467829
8185,1859407.35212135,2331931.96393645
8186,1861238.75957436,2357008.87792422
8187,1860874.35684494,2356980.03700606
8188,1856442.95745505,2361064.74597768
8189,1857953.78980623,2350440.36778885
8190,1857767.15148873,2351126.76582099
8191,1856515.97620102,2352710.65691817
8192,1858685.20116671,2363171.18930385
8193,1858952.95973528,2363265.84026344
8194,1858946.03083092,2363601.19757457
8195,1858836.3990619,2364073.67847203
8196,1857595.31598054,2367023.77872933
8197,1857116.05897881,2368838.89907209
8198,1859791.15406299,2353941.11789284
8199,1859698.32920454,2355229.8736042
8200,1859566.61382162,2355703.2037022
8201,1859224.87170647,2356725.42644576
8202,1857312.53700252,2358452.47203306
8203,1874033.07602932,2342424.83124248
8204,1874058.58514538,2342186.05029215
8205,1873742.5162464,2341575.09170751
8206,1873009.30308478,2341740.86891188
8207,1873518.80550555,2341356.09936964
8208,1873773.70386603,2341240.17569666
8209,1873675.8135044,2340158.86841589
8210,1893184.11228631,2326110.1726712
8211,1893163.74817349,2326082.49565378
8212,1894962.51300595,2324816.84285696
8213,1866050.69100383,2342034.25259659
8214,1867765.34748333,2342826.38539529
8215,1865255.05410291,2341783.68323883
8216,1866619.53876195,2348131.64053534
8217,1866888.049731,2348413.48361278
8218,1862740.59281987,2346600.42647133
8219,1862660.08696919,2345764.16704484
8220,1862552.84680168,2345132.05544688
8221,1858694.70587269,2347569.64758153
8222,1858281.99041286,2347578.9742874
8223,1857412.47156543,2347586.77359231
8224,1864075.59596036,2345616.37375179
8225,1863721.4578374,2345418.85002744
8226,1863207.40001376,2343967.81931391
8227,1869827.66168171,2342953.06967505
8228,1869836.19088707,2341245.72660015
8229,1869819.89977682,2343122.35788163
8230,1869997.81038883,2343445.19328488
8231,1872479.89955148,2343885.47046207
8232,1870415.36775171,2342875.98192652
8233,1870825.97371022,2342673.81239924
8234,1871845.81515228,2342486.75708147
8235,1871369.62335248,2345306.69645683
8236,1871793.73391949,2346182.42550817
8237,1870003.15449219,2347573.70188408
8238,1864951.6552119,2339114.66885849
8239,1864505.21323083,2339621.47867757
8240,1862572.18331385,2342555.50952476
8241,1862037.64037731,2342574.45603669
8242,1860894.03255733,2344514.2039579
8243,1860971.37420602,2338040.15408201
8244,1860427.6460637,2338646.88906399
8245,1859568.99802312,2339679.40401404
8246,1860859.6805357,2337765.12220885
8247,1860473.09879232,2336885.20425488
8248,1864805.65341998,2336583.31816482
8249,1864916.88349001,2336610.70808206
8250,1866956.06247382,2337112.6920981
8251,1867108.60506986,2337246.96328264
8252,1865178.44645468,2336675.0993226
8253,1864404.99976774,2336484.69200273
8254,1863970.97219449,2336377.84883546
8255,1864166.45091756,2336139.90638566
8256,1864889.08137251,2334560.1698911
8257,1863361.13141055,2335960.74497287
8258,1863627.53477827,2336028.73781567
8259,1858705.44327945,2338181.89457124
8260,1862993.99097941,2336138.40468472
8261,1863095.85684354,2336163.33810041
8262,1868016.9006417,2334979.8164553
8263,1867943.16069527,2334729.90369796
8264,1869396.80541045,2334891.54729973
8265,1869321.79916323,2334615.00152562
8266,1869780.45635199,2334132.17132164
8267,1869328.86446768,2333802.77001426
8268,1869294.87894628,2332946.19497498
8269,1869407.21541701,2333218.74534658
8270,1868801.52863568,2330151.33451542
8271,1867310.00349665,2332928.17386364
8272,1866501.34108754,2332445.27275962
8273,1866358.72469775,2334212.13767199
8274,1865099.82450518,2333510.75383042
8275,1867155.57679943,2330435.08239405
8276,1867102.09026576,2330822.38233789
8277,1862210.25198599,2334363.8415675
8278,1865871.40569095,2325751.99814571
8279,1865868.04148883,2329205.02571964
8280,1862012.02916119,2331488.53915728
8281,1861740.50299025,2331790.71044752
8282,1860412.32695406,2333445.77928951
8283,1869793.6579603,2326922.57108267
8284,1871087.60777494,2323628.08800855
8285,1872264.42851583,2322017.25789441
8286,1869773.56194765,2322675.99030913
8287,1869628.3153562,2322495.43809546
8288,1872808.49565836,2331337.08876193
8289,1872460.75783943,2332458.29366782
8290,1875313.5936355,2338330.57496485
8291,1877195.11692006,2337630.94232438
8292,1875467.26023225,2339210.33741872
8293,1877126.21987669,2338191.10417704
8294,1875559.57139036,2341280.51982206
8295,1877443.35177634,2339921.77796663
8296,1876633.38496641,2341676.38847128
8297,1877527.26132917,2340954.78081698
8298,1877549.5495432,2340812.71862754
8299,1877597.93277366,2340806.28352349
8300,1877555.07914668,2340838.08634351
8301,1875943.35113198,2343471.29910131
8302,1875518.19606432,2342901.79124277
8303,1876709.30981421,2347106.33548984
8304,1876421.90063326,2347625.34491659
8305,1874904.20957777,2350503.32762849
8306,1874651.45831864,2350798.99851464
8307,1875011.24404515,2349820.9636989
8308,1875111.20150808,2348246.01090735
8309,1872222.71958957,2350614.87219872
8310,1872005.12475258,2350381.60585186
8311,1870657.69540427,2351267.1851094
8312,1871980.79643726,2347370.99395646
8313,1872688.22708264,2346510.91141497
8314,1873163.2339817,2345152.92276002
8315,1879509.09567688,2348705.50779663
8316,1879645.33046265,2348889.5538125
8317,1877447.0853787,2349745.85015161
8318,1877940.47338932,2347925.98420587
8319,1880111.80395633,2342226.58211767
8320,1878436.84500182,2343236.56885353
8321,1880311.00328174,2342094.18573432
8322,1880585.7175547,2341113.36051682
8323,1878091.82718461,2340554.65066507
8324,1890968.32639131,2331720.80810351
8325,1892601.83411973,2334247.92169452
8326,1893206.97760071,2334029.03185671
8327,1891517.42013701,2333267.2336771
8328,1894264.22746633,2338429.35172704
8329,1893688.69580398,2344143.14992429
8330,1892774.33372833,2343507.68502422
8331,1894284.16407888,2343884.40446139
8332,1894334.54111059,2347348.91784256
8333,1894413.99836062,2345562.29961775
8334,1890953.92778225,2339445.36976669
8335,1888647.62723026,2342480.2872774
8336,1888140.72591113,2345152.69105987
8337,1887661.31940931,2342234.71422279
8338,1885585.57870248,2346903.70136226
8339,1885369.05236616,2344844.31646573
8340,1881133.57839961,2345585.10053211
8341,1883806.40158235,2343099.07526697
8342,1884669.83762595,2341861.17568762
8343,1881440.756193,2340893.41007834
8344,1886308.54755764,2339494.82129783
8345,1889489.83186049,2338884.50291359
8346,1883604.12855501,2340088.90907185
8347,1882474.20264364,2340725.73917278
8348,1882440.85912264,2337435.9288016
8349,1885085.08758738,2334654.9954508
8350,1886589.99603483,2334925.6564212
8351,1890680.72671025,2334367.03946951
8352,1890613.40646786,2333968.14371838
8353,1895376.50256658,2346648.0242013
8354,1893364.38899981,2336369.09872996
8355,1893431.21794188,2336298.69188563
8356,1873396.20342837,2339720.07723964
8357,1893954.89167158,2317294.71732123
8358,1867162.81920399,2337163.60153015
8359,1867952.8924014,2337358.0982526
8360,1871067.74696243,2323705.3652572
8361,1874760.3531872,2340019.7299283
8362,1894252.44515891,2333668.94443001
8363,1892142.07643027,2343350.27012512
8364,1878141.75271604,2343330.50181267
8365,1878225.74886892,2342812.49938655
8366,1877819.75221331,2340558.49566749
8367,1877833.75132213,2340488.50102342
8368,1877683.11582729,2339758.9232641
8369,1877644.34380288,2339749.32285805
8370,1877679.75082517,2339718.49593865
8371,1877651.75310755,2338108.49642503
8372,1877595.75247229,2337254.49168737
8373,1879242.60220911,2333811.03161946
8374,1878841.75055674,2333544.49185166
8375,1879457.75144456,2331640.50085295
8376,1867907.75137298,2342756.5032513
8377,1869279.75103676,2340824.50353496
8378,1858478.74963673,2361733.49739871
8379,1865961.75174783,2330156.49501866
8380,1873673.7442031,2341373.84928081
8381,1872894.13131227,2338901.28322415
8382,1872535.42358644,2337708.0090729
8383,1872897.64551449,2338961.09556181
8384,2022553.37643379,2465385.74615544
8385,2024898.31491011,2465462.32790365
8386,2020896.42789062,2463991.8839779
8387,2020964.2113333,2464031.41360279
8388,2018150.43076181,2463370.14578647
8389,2013528.63425205,2462091.90168172
8390,2016066.81705003,2461649.70180332
8391,2012801.05749399,2461841.8585243
8392,2013321.29162152,2460360.33469157
8393,2012759.95666812,2461568.62755228
8394,2012757.76016673,2459032.05915532
8395,2012483.10559382,2459060.88287347
8396,2011372.89129486,2459085.2300888
8397,2011699.29700035,2459187.22425301
8398,2011042.93478712,2458687.32783829
8399,2011042.88018709,2458502.1383217
8400,2008000.58607174,2454705.58923149
8401,2007019.75735424,2454776.16257592
8402,2006973.71512525,2454811.45199814
8403,2005701.93102457,2455060.64075502
8404,2024415.37200606,2462277.75239873
8405,2024589.24091552,2462334.15853424
8406,2023869.37596231,2461661.74731091
8407,2023223.22975552,2461036.33821717
8408,2023444.21159464,2459978.43645114
8409,2023213.48414938,2461033.28881525
8410,2022987.24680695,2458014.52311471
8411,2023013.0604232,2457764.69215742
8412,2022724.85734176,2457302.70196657
8413,2021412.84281575,2455559.92526936
8414,2029105.37805876,2459057.7483715
8415,2029467.52258676,2459254.43239532
8416,2027607.37511566,2457797.75517824
8417,2028230.37590788,2458182.75022062
8418,2026095.37336374,2456103.75121174
8419,2026066.19264537,2456449.36022932
8420,2026048.38963416,2455626.35511118
8421,2026041.55102986,2455624.98751032
8422,2026268.49687273,2456668.30436717
8423,2025815.09858729,2454845.63061966
8424,2023268.72488416,2453043.96618538
8425,2021447.48433755,2453162.38205993
8426,2020709.36247285,2452266.05859563
8427,2021697.12909472,2450444.35064873
8428,2022038.88920989,2449935.81962857
8429,2021275.80792947,2449334.58395005
8430,2020208.13355729,2448650.82211957
8431,2016439.48078465,2447394.15592841
8432,2017342.44095313,2448231.96655587
8433,2015418.74174201,2445905.60599126
8434,2015851.27651433,2443771.03654739
8435,2015410.78713701,2445881.41197602
8436,2015893.51434092,2443436.90523703
8437,2015869.59962586,2443703.04210458
8438,2015940.20467031,2443440.87453952
8439,2016663.11832544,2441133.5665869
8440,2016571.70066789,2441096.15786335
8441,2013943.9164135,2440763.54165395
8442,2013221.36475861,2440797.6161754
8443,2012575.28665185,2440526.65530481
8444,2011716.27181104,2440738.49123817
8445,2011371.29689385,2440767.81395664
8446,2010711.00617815,2440627.9863686
8447,2008518.57089785,2439408.22960068
8448,2008351.8693929,2438850.23254938
8449,2006223.17345273,2436612.77104073
8450,2005530.09361639,2436614.93074209
8451,2004682.7193829,2435837.44505261
8452,2004642.38875751,2433881.63422128
8453,2004582.52261982,2431862.32744998
8454,2004241.37160504,2431175.46211755
8455,2003848.68745781,2430368.93080977
8456,2026830.10062631,2453309.26915241
8457,2025239.05032462,2446859.46139178
8458,2024536.19408212,2446470.51894691
8459,2025867.28302014,2443051.93549466
8460,2024708.21909042,2445110.92269094
8461,2032320.97518322,2452475.96302778
8462,2032086.90003585,2452886.60258631
8463,2032857.37902092,2453947.74445437
8464,2033151.37440601,2454157.75118659
8465,2033068.96305413,2454589.29815828
8466,2030528.32585461,2450624.38696207
8467,2022553.37563379,2428467.75141284
8468,2023112.69418593,2428554.50096746
8469,2017252.75689666,2432042.10616316
8470,2017583.77210506,2431167.43071249
8471,2017236.7694866,2432062.78747618
8472,2017178.56244995,2432231.29978227
8473,2017251.64569597,2433431.23083772
8474,2015976.78509334,2434480.59539837
8475,2017055.62687255,2433493.74647707
8476,2017930.45592333,2434376.49693283
8477,2016836.23223443,2417920.66747268
8478,2016837.75593539,2417921.49337319
8479,2008068.99551481,2414989.49772729
8480,2009164.03170421,2415182.61244887
8481,2017524.93436802,2418298.92031081
8482,2004236.3819019,2415184.91725032
8483,2013123.91089725,2416946.68405948
8484,2003474.11332199,2415134.0520183
8485,2000885.65229237,2413758.55905232
8486,2001031.74098434,2413308.2145688
8487,1999859.95944662,2414594.94007888
8488,1999700.98814653,2415184.92625032
8489,1999760.12238376,2414980.73892177
8490,1999730.30166499,2415261.45449851
8491,1999761.25158447,2414976.4962191
8492,1999756.22348131,2416069.71700737
8493,1999831.37392862,2416301.75545345
8494,1999835.72153136,2416345.93058126
8495,1999827.32632607,2416353.04458574
8496,1999843.03873596,2417150.63838788
8497,2004240.96890479,2409330.83636474
8498,2002361.51992153,2411568.20057333
8499,2007964.1417488,2404123.86248657
8500,2010049.47886167,2405056.08107347
8501,2007332.54445116,2403517.73750497
8502,2006462.27080326,2402749.66472141
8503,2004635.58235322,2402267.4095178
8504,2001281.3658415,2403923.34476033
8505,2001518.24919063,2402330.21275734
8506,2000728.27769329,2403390.57632491
8507,2000119.76221018,2402486.00345542
8508,1999766.86518801,2400183.67710593
8509,1999647.92951313,2401646.74132704
8510,1999803.64921116,2398925.46381379
8511,2000101.63609877,2398165.87593558
8512,1999855.4840438,2396121.77084866
8513,1999061.17044372,2395524.87907288
8514,2000514.5008587,2393838.77081135
8515,2000984.92485486,2393122.21256022
8516,2002267.87146258,2392525.81488474
8517,2002689.57742807,2391870.3818721
8518,2001718.99971702,2388700.12487619
8519,2001569.88532314,2388612.95842131
8520,2001325.71006941,2388392.13208229
8521,2000415.67159648,2386499.87339097
8522,2000386.39437805,2386423.31424277
8523,1999951.05700397,2386490.43648503
8524,1999101.18126891,2386241.27652816
8525,1998954.51697657,2386154.73567368
8526,1998381.39181575,2386643.05028111
8527,1998110.18624501,2386780.14016742
8528,1996431.71238828,2385591.51731909
8529,1995381.10762685,2385931.97153343
8530,1995324.56589125,2385909.039619
8531,1995057.37542304,2385725.7459036
8532,1995317.1816866,2385900.18341342
8533,1994080.56720806,2385089.57210308
8534,1995015.45829665,2385726.50620408
8535,1993941.90422076,2385140.10083489
8536,1992365.38472823,2385790.75344453
8537,1990964.18764607,2387964.15921285
8538,1990631.38783655,2388608.69101863
8539,1990302.01632919,2389092.75892338
8540,1990208.43767027,2389052.04889775
8541,1986195.91454409,2391852.05336056
8542,2020873.37317611,2408111.74089723
8543,2021809.97426577,2410116.52375939
8544,2020002.06182756,2407725.28525393
8545,2019403.34525062,2407522.5580263
8546,2019260.21306051,2407481.5830005
8547,2018206.58459717,2407114.64836949
8548,2015970.73648954,2404442.80138737
8549,2015484.92688368,2398949.96982922
8550,2015200.35280452,2398023.78944612
8551,2014832.53517295,2397583.64766902
8552,2014653.67846035,2395483.69664695
8553,2014810.92535935,2395004.2479451
8554,2014740.57651506,2394360.52013983
8555,2014291.70243246,2393901.2760507
8556,2013676.48584514,2393887.26624188
8557,2011762.29144001,2394266.37798056
8558,2011009.00726576,2392827.51817469
8559,2011264.11492637,2392876.28260539
8560,2011389.87200554,2393054.44841756
8561,2010066.8375726,2392183.36876915
8562,2009804.80700763,2392118.39742824
8563,2010021.15244384,2392233.1650005
8564,2010019.92994307,2392231.69689958
8565,2009797.89910328,2392066.23519541
8566,2009478.09670194,2391768.65840806
8567,2009598.41517769,2391845.94105671
8568,2008812.33038279,2391134.70650894
8569,2008603.18065112,2390580.48286001
8570,2008728.93533029,2390992.15381919
8571,2008816.44068538,2391119.3891993
8572,2008414.7753325,2390533.20143025
8573,2008460.43456125,2389742.94333272
8574,2008530.34300526,2390047.89602471
8575,2008642.3907758,2389625.16315857
8576,2008460.34906119,2389740.96833148
8577,2008535.69410863,2388255.46539624
8578,1994629.13925343,2386946.90987241
8579,1994750.80153003,2386783.38876946
8580,1994787.65295323,2387441.35988371
8581,1993031.35774751,2389123.7671429
8582,1994502.41267364,2388064.16507581
8583,1990353.73666175,2393894.96094672
8584,1990128.19741976,2394184.31152889
8585,1992577.13616154,2387333.83621601
8586,1992553.83794687,2387893.83646857
8587,1997409.73630402,2396880.56942638
8588,1997182.30286083,2396576.85953518
8589,1998497.96638914,2393298.74757136
8590,1997962.60225209,2391164.61372777
8591,1998096.92743666,2392872.28070287
8592,1996283.543795,2392772.29393992
8593,1995345.52410445,2394094.96207264
8594,1993795.04482831,2393633.39418205
8595,1992976.24861281,2393670.14640518
8596,1993318.1974281,2393551.86913072
8597,1992532.26283329,2394055.00344748
8598,1990677.3685655,2396009.90557824
8599,2003134.86220841,2391549.24886992
8600,2003987.97624551,2391333.58323415
8601,2004393.22400064,2389686.89709744
8602,2005120.38835844,2387239.1482564
8603,2005221.42532206,2386887.57043505
8604,2005338.44709573,2386672.53799967
8605,2005848.70321697,2386627.86357155
8606,2006017.76392341,2385743.97011507
8607,2006847.93064606,2383675.29861269
8608,2005901.11654997,2385268.55291576
8609,2006580.58337775,2382252.35591684
8610,2006407.75786894,2381978.99744475
8611,2001763.82064524,2436256.52181645
8612,2004017.37046401,2416260.99712779
8613,2004011.98076062,2416266.15533104
8614,2002151.34318921,2419668.15717285
8615,2004355.97697719,2416249.28672042
8616,2016353.35753043,2393498.04819684
8617,2016229.78095262,2393734.99434601
8618,2017024.99505327,2393447.69196513
8619,2016348.02132707,2393488.67029093
8620,2017445.11501777,2393205.48291264
8621,2017369.66757027,2393301.75987326
8622,2017992.32276227,2391758.12160143
8623,2017966.93034629,2392564.21370892
8624,2019022.87111108,2390943.37088848
8625,2019721.60625099,2390762.56067465
8626,2019510.372518,2390790.69489236
8627,2019893.49915921,2390803.3153003
8628,2012605.89187112,2398085.50938498
8629,2011866.18260542,2399081.27271189
8630,2010497.91074399,2400813.93950273
8631,2010507.96085032,2421895.21827495
8632,2012838.91251782,2422459.00932989
8633,2009332.63231036,2422400.70709319
8634,2008670.6600936,2423118.11854485
8635,2008670.5017935,2423116.74904399
8636,2008842.13850156,2426141.41024824
8637,2009090.3063578,2426170.87076678
8638,2009134.43168558,2426015.94746925
8639,2008854.4362093,2424662.55611719
8640,2008750.67094398,2426206.12998898
8641,2007497.59355507,2426926.99864282
8642,2005768.30686636,2427217.69902584
8643,2006245.78396696,2427268.96335812
8644,2006564.65196772,2427317.3781886
8645,2006631.33300969,2427322.03729153
8646,2005192.25620369,2427992.20471345
8647,2006262.01287718,2429099.44201054
8648,2021009.81876201,2408084.41098003
8649,2021335.38216698,2407803.74920333
8650,2021350.44217646,2407625.76849128
8651,2019940.59188885,2405702.1261802
8652,2015845.63101077,2449518.50666584
8653,2015049.82560975,2449829.81036183
8654,2015043.42660573,2449828.07856074
8655,2012807.66719815,2450635.66256917
8656,2014003.3165509,2450632.48256717
8657,2014694.09148579,2450167.68017454
8658,2010463.34442223,2450888.78842854
8659,2010107.53639822,2451592.52317159
8660,2009226.7484437,2451689.93333291
8661,2008777.34356077,2452664.87624671
8662,2008194.03229353,2453437.23033297
8663,2007912.38111621,2453454.36074375
8664,2020038.96905079,2452915.91490476
8665,2016718.85046053,2452609.58901191
8666,2014832.63227302,2453083.50541027
8667,2013919.49529813,2452968.46053784
8668,2013276.44759328,2453237.64340731
8669,2013307.43751279,2453216.24259384
8670,2012772.94497629,2453409.71041564
8671,2012515.76131438,2453647.72666549
8672,2012028.88350785,2453816.29407162
8673,2011329.82936775,2454396.31003678
8674,2011006.5295642,2454725.07404376
8675,2032654.40509314,2450355.08799253
8676,2001395.54121338,2435856.13626437
8677,2010338.94474391,2444992.21561621
8678,2011084.81451349,2444490.82780055
8679,2010003.21823255,2444986.9594129
8680,2010201.34995728,2445008.27872632
8681,2015154.04677537,2438118.59508876
8682,2014845.11708088,2436813.28146697
8683,2015096.13623891,2434549.1047415
8684,2015040.3569038,2432952.41393627
8685,2014287.05362954,2464256.46184447
8686,2016791.7186064,2462446.2346048
8687,2021880.17530996,2427277.11686325
8688,2021918.92563436,2427433.31146158
8689,2021478.11925684,2423144.47446145
8690,2021884.56571273,2422512.90326383
8691,2035126.96164979,2400565.7844465
8692,2034293.92642533,2399569.02601896
8693,2029574.36715402,2397153.55619825
8694,2030086.82067665,2398291.43301463
8695,2006176.65392344,2424222.63954023
8696,2005144.1460734,2426279.87273541
8697,2001243.71141779,2410743.00455381
8698,2002231.84123989,2411200.58404189
8699,2000152.49903079,2409620.63694719
8700,2000190.62435479,2409683.63238685
8701,1989102.88687425,2385252.03850537
8702,1987870.79679856,2386134.97186124
8703,1989103.86197486,2385248.14700292
8704,1990212.50217283,2385298.92383488
8705,1990248.56899554,2390533.67353055
8706,1990665.44955799,2389808.27527385
8707,1995620.44527753,2388876.64238732
8708,1996623.15240881,2388756.32451157
8709,1997126.31112558,2389328.96577209
8710,1996921.28429651,2387464.91599854
8711,1995691.50872227,2388244.65458944
8712,1997344.29366282,2388418.45269886
8713,2007807.78915036,2387890.57496652
8714,2006936.21980164,2389593.66003874
8715,2006689.34654622,2389845.72269743
8716,2012346.40660775,2402336.8210615
8717,2012342.08160503,2402947.25004581
8718,2009902.82306934,2389600.09754279
8719,2010011.67283787,2389486.31097115
8720,2009849.03763548,2389625.39955872
8721,2009632.85589937,2390110.24196396
8722,2009768.30118465,2389741.43393177
8723,2010663.13264801,2389433.27443776
8724,2018810.95837767,2402483.74135399
8725,2019194.64321923,2402777.18933874
8726,2017996.35336481,2402726.10480658
8727,2018090.02432378,2401353.28954229
8728,2017616.88122591,2401978.40233584
8729,2018411.24532602,2404332.17711772
8730,2002554.96754332,2382368.00948966
8731,2002530.03852763,2382393.14830549
8732,2009508.70662121,2383560.18794022
8733,2009570.39996005,2383534.19232386
8734,2010223.80377142,2383461.26617794
8735,2009030.63942023,2383198.01601221
8736,2043126.37398601,2410428.74965596
8737,2042800.29568072,2410269.59655576
8738,2042979.37449346,2409539.74759627
8739,2042783.37397007,2409819.74967255
8740,2043420.37717111,2408860.74846879
8741,2042733.59053873,2410055.25902082
8742,2042723.61833245,2410129.63556765
8743,2036469.38059494,2410771.75217191
8744,2033990.61963438,2411873.83826575
8745,2037589.37770006,2411205.74884514
8746,2037769.31961335,2411325.04372024
8747,2037672.56655244,2411296.21490209
8748,2038658.08467289,2411875.62386687
8749,2038458.5958473,2411077.13606417
8750,2037617.01661747,2411180.80642944
8751,2038132.00244169,2409429.5657269
8752,2038159.27215885,2409550.88280328
8753,2037615.81951671,2411177.51592737
8754,2036705.96684389,2410046.43781527
8755,2036753.81337402,2409827.37277735
8756,2036707.13264463,2410043.97301372
8757,2036815.69421297,2409502.33627271
8758,2036888.63085889,2409339.25987005
8759,2036474.42769812,2407316.69779669
8760,2036431.0366708,2406502.08688384
8761,2036413.03875947,2405863.93598207
8762,2035845.60220223,2404793.43280811
8763,2035320.65097173,2404280.28858505
8764,2035180.54388352,2404218.48094614
8765,2034903.99760942,2402855.78708822
8766,2034914.08401577,2402789.62864657
8767,2034474.70163915,2400561.3438437
8768,2035417.11133246,2406317.55516766
8769,2035106.21063673,2407060.04603511
8770,2035194.74549247,2405642.60114273
8771,2033106.20727758,2401049.20015084
8772,2035490.04257838,2402216.93208602
8773,2035910.17734288,2401572.87788054
8774,2035741.39093662,2402099.5331121
8775,2036240.00055053,2403124.91275766
8776,2036851.53773554,2404573.04196936
8777,2036804.88810617,2404253.02256788
8778,2036401.14855199,2403581.92164538
8779,2037008.06293409,2406880.93362235
8780,2037435.80490338,2406739.75303346
8781,2038218.17869594,2405761.90941784
8782,2039022.1405021,2404993.92533434
8783,2038308.25895265,2403653.25929029
8784,2038609.53724233,2402955.79975119
8785,2036701.32614097,2401045.19084832
8786,2037559.5666813,2402228.93779358
8787,2037788.53552545,2402396.94169935
8788,2037005.8640327,2409842.63468696
8789,2037155.91312717,2409925.66793923
8790,2032059.37801852,2406991.75049212
8791,2031833.83977653,2409877.27190877
8792,2032227.38252429,2406473.755066
8793,2032628.63527691,2405321.0739403
8794,2032612.38166668,2405836.74316495
8795,2032765.09466282,2404412.08666803
8796,2032402.14443432,2404101.79997268
8797,2032042.72700804,2402668.93677059
8798,2032027.05269817,2402765.38523131
8799,2031970.30576244,2402029.27016787
8800,2031864.772896,2401579.35718462
8801,2031560.10260419,2400137.45157683
8802,2033281.2823878,2407196.33382092
8803,2032508.14580106,2407386.98714095
8804,2034050.0561718,2406172.49117633
8805,2033622.44000259,2406120.25064344
8806,2034107.03470767,2406010.39517428
8807,2033740.17027671,2405791.77143664
8808,2033822.06792827,2405692.07117387
8809,2033492.07142051,2399113.31783206
8810,2034173.1633493,2399599.90793841
8811,2030736.33528557,2399946.05875633
8812,2031887.86271054,2403201.99060618
8813,2030993.91634773,2399313.63295818
8814,2031654.48786362,2398361.09795848
8815,2029351.92061398,2399923.35694204
8816,2030722.96047715,2398866.58987673
8817,2031387.53919555,2403572.54663948
8818,2031424.50771882,2403590.50315078
8819,2031272.25442297,2403390.26092471
8820,2030614.58330892,2403675.78640447
8821,2032899.99124775,2403113.15685026
8822,2032986.53360223,2404048.12523889
8823,2032986.71440235,2404053.55694231
8824,2032901.85074892,2404215.97164456
8825,2027194.7728559,2401652.69753079
8826,2028728.10812124,2404473.57940674
8827,2029077.37444113,2404695.74544661
8828,2026378.17944179,2400971.23510176
8829,2026370.28223682,2400630.22998707
8830,2026086.38865808,2399632.7785591
8831,2026182.22761842,2399372.48769523
8832,2026331.24111224,2397860.82774353
8833,2025981.40679199,2397528.82383451
8834,2024617.88043355,2397841.4100313
8835,2030035.52924436,2406642.88247248
8836,2029707.38223777,2406375.7476043
8837,2031013.39206,2406796.54776922
8838,2029119.37316757,2406235.74301615
8839,2030194.33944434,2405883.06839412
8840,2030195.7017452,2405887.77589708
8841,2030763.3778026,2404216.89924514
8842,2029577.13645577,2405476.03563786
8843,2029427.36946148,2405591.74871071
8844,2029927.47997633,2404716.43545964
8845,2029575.76905491,2405474.3462368
8846,2029903.37316116,2404681.7465378
8847,2030311.99361841,2403326.17498437
8848,2029961.16729755,2404582.4804753
8849,2029081.15524351,2404598.38908532
8850,2028924.43674485,2402793.86374924
8851,2028829.91998534,2402264.79341615
8852,2028935.15165159,2401008.149625
8853,2025957.73417709,2401321.97232257
8854,2026527.3483357,2401477.18342029
8855,2023464.37820734,2401220.65565879
8856,2018418.79093077,2399863.4109043
8857,2023526.32474634,2401155.16331756
8858,2024002.18814593,2400207.70672106
8859,2024070.57158898,2400157.17038924
8860,2023619.32050489,2399199.60758639
8861,2023548.67596041,2398750.16680343
8862,2026010.27251016,2399702.40870294
8863,2025776.24906283,2400195.75801354
8864,2026230.90664907,2396811.90408315
8865,2026392.55635084,2396354.76659535
8866,2027161.62443503,2395414.24060322
8867,2026419.29846768,2396303.68116319
8868,2026528.24983627,2394805.0631197
8869,2025902.43164227,2394645.37531916
8870,2025328.96758123,2394348.77973244
8871,2027196.96845728,2395331.04025084
8872,2027681.91996259,2394846.62274586
8873,2027116.59420668,2396810.82718248
8874,2027512.95425621,2396959.36087599
8875,2027871.18998175,2399141.14174958
8876,2028167.70276843,2399181.13587476
8877,2028729.00772181,2398392.54397828
8878,2028621.49575412,2398567.44348839
8879,2028542.38200431,2397740.43626773
8880,2028880.29131705,2399734.62312322
8881,2026855.53364232,2408409.39238463
8882,2026849.27093838,2408171.90123511
8883,2028685.37619434,2407327.74470365
8884,2028550.72330957,2409051.39988882
8885,2028797.38426486,2408755.75040269
8886,2027807.05194137,2408698.93256691
8887,2029146.8952849,2408671.98624995
8888,2029903.37656116,2408937.74201726
8889,2025132.06515727,2407950.07709545
8890,2025155.81457222,2407988.19621945
8891,2023861.38415728,2407096.25635791
8892,2024772.45673087,2407859.08573817
8893,2024778.90393493,2407863.55444098
8894,2021345.80387354,2407828.37341883
8895,2021679.72158377,2407917.79177513
8896,2021835.84488206,2407890.77655812
8897,2012247.66914559,2403929.70056433
8898,2013187.85973751,2403348.73499857
8899,2013399.49187075,2403608.28256197
8900,2013709.91616618,2403369.55331168
8901,2013912.19129353,2403209.33311081
8902,2014696.26178716,2403207.71350979
8903,2015066.83172046,2403481.78478234
8904,2013905.28998919,2403205.6726085
8905,2012236.61123863,2400213.15382449
8906,2011861.19910228,2397959.97470595
8907,2010254.15089053,2394767.53049607
8908,2009264.58396752,2394396.25306232
8909,2009821.77851832,2394675.42133808
8910,2008578.23043541,2394871.48816152
8911,2007304.55883354,2395371.60077638
8912,2008371.37460518,2395107.25120995
8913,2008525.36900213,2395007.7461473
8914,2008489.20927937,2396460.05596164
8915,2008412.0631308,2396124.31115026
8916,2008556.43622169,2396618.41696134
8917,2005881.37293754,2399430.97863205
8918,2006097.41857355,2398980.31054832
8919,2010218.72726822,2397373.96223701
8920,2009866.95654676,2394925.82319573
8921,2009170.13890806,2391855.52776275
8922,2008817.69938617,2392264.10571998
8923,2008122.56724854,2392836.9020806
8924,2006874.22466261,2393204.52511204
8925,2007490.89515085,2392640.40875689
8926,2006943.47310621,2393908.107555
8927,2007881.5497968,2390664.38471284
8928,2007589.73491308,2390859.57923573
8929,2005274.49465546,2393952.53478297
8930,2005305.21627481,2393698.7593232
8931,2005314.54478068,2394608.68219606
8932,2005823.39300104,2398606.07821272
8933,2005866.71412831,2394622.76050493
8934,2009231.63114677,2389193.93858708
8935,2009174.75791097,2388906.34470602
8936,2009155.35149875,2388930.31872112
8937,2009323.37680453,2388634.60193494
8938,2009156.49429947,2388940.59292758
8939,2009366.72093182,2388359.2664616
8940,2009325.2325057,2388634.01603457
8941,2010553.91957925,2387775.51159408
8942,2010607.82721319,2386532.19041132
8943,2010749.21790221,2386141.12866511
8944,2009164.50730452,2386847.81461002
8945,2008995.09999786,2385882.15100207
8946,2009271.61787195,2385084.93570016
8947,2009299.32988939,2385393.89569468
8948,2009405.02635594,2384630.78171424
8949,2008492.62438152,2385936.85123651
8950,2008891.33403253,2385968.43295639
8951,2008818.28618654,2386155.45497413
8952,2011626.52265453,2387973.09101847
8953,2011999.50438935,2387517.02253134
8954,2009038.48262517,2390369.22172701
8955,2009241.11585275,2390373.24692954
8956,2013077.74436818,2390168.04520036
8957,2014764.30383,2390413.64195498
8958,2017307.41433107,2393992.04800785
8959,2017307.19133094,2393967.9985927
8960,2017270.51810785,2393603.53856325
8961,2017571.15239712,2395161.58704416
8962,2017215.98817351,2393543.90242571
8963,2019144.17428745,2395792.31334125
8964,2020628.24692178,2396949.91177004
8965,2017409.37209526,2393368.02581498
8966,2017382.81157854,2393379.44002216
8967,2017491.94904725,2393342.50139891
8968,2019127.86297718,2393553.19563156
8969,2018713.26421616,2393521.52091162
8970,2018667.7480875,2393408.70954059
8971,2017905.72980776,2392958.23825699
8972,2018709.00081348,2393516.60410852
8973,2019575.60675907,2393032.38860367
8974,2021333.67816591,2393381.68742358
8975,2021420.17742036,2393545.23692655
8976,2021412.03301523,2393566.85234015
8977,2021601.72933466,2394155.19161056
8978,2021630.08095251,2394604.97719373
8979,2018148.03996031,2391079.62227426
8980,2018256.24312843,2390753.79776913
8981,2016910.35098109,2392082.45620562
8982,2016909.02118026,2392083.29670615
8983,2017074.14858422,2392405.85240922
8984,2017068.86768089,2392514.17477742
8985,2016037.3900315,2391363.91775324
8986,2016931.39659434,2392315.81745254
8987,2017144.22782834,2393304.89667523
8988,2017065.01277846,2392401.92540675
8989,2016042.4706347,2388373.10167031
8990,2016030.10732692,2388409.50739323
8991,2016032.34122832,2390915.04937065
8992,2016003.57771022,2390944.42018914
8993,2016033.72432919,2388415.88499724
8994,2016039.98633314,2388557.79468658
8995,2015911.32605213,2391054.7419586
8996,2016350.9406289,2389356.09518917
8997,2016136.87439413,2390680.93722326
8998,2016214.10314275,2389126.12384439
8999,2015883.86363484,2388068.4441785
9000,2018318.86016785,2386817.16639073
9001,2016643.58511315,2386744.18254478
9002,2015271.9526496,2390750.96476735
9003,2015490.196987,2390891.55925586
9004,2014342.00746413,2388393.92638342
9005,2012804.68059627,2388585.51680404
9006,2014428.57411863,2388382.70697635
9007,2016165.52771217,2388284.27591438
9008,2016388.35215246,2388349.29815532
9009,2014993.9894746,2395159.22974267
9010,2016977.31172325,2396704.93761581
9011,2019136.32158251,2398199.65295684
9012,2020376.55706333,2399088.04071615
9013,2018262.44693234,2404608.33359158
9014,2018262.64463246,2404614.51539547
9015,2019067.47013916,2403407.63363565
9016,2018137.18715348,2404906.69627942
9017,2002897.10395872,2417149.79878736
9018,2002979.31881048,2416960.08636792
9019,2002843.44742494,2418421.79678817
9020,2003676.1748492,2416270.82733398
9021,2005744.67745148,2405943.20433198
9022,2003929.01900839,2407889.02675702
9023,2003935.47141245,2407893.63125992
9024,2003759.15330145,2408293.68981178
9025,2005820.78349939,2405630.04053482
9026,2010756.39950673,2409436.15513105
9027,2010242.00678288,2406179.84648096
9028,2010205.37155981,2406137.74775446
9029,2007821.94585927,2404556.95855924
9030,2007647.05944917,2404420.06477305
9031,2004693.18658949,2401695.42055769
9032,2004644.70205896,2401701.08596125
9033,2005181.14349669,2400644.82099626
9034,2004821.76817044,2401554.88856921
9035,2004818.70316851,2401554.61236904
9036,2004439.97993008,2399660.00887625
9037,2004122.27263006,2400110.15765965
9038,2005151.62217811,2398954.47853206
9039,2002857.21193361,2400412.33384989
9040,2002309.79248897,2402032.07806964
9041,2002765.35287578,2399882.69421644
9042,2002520.18232142,2398976.44824589
9043,2002701.8461358,2397543.14284352
9044,2002471.78289095,2398765.21451291
9045,2003470.23241955,2398119.87850662
9046,2003397.82067396,2398481.62313437
9047,2004262.61191841,2398586.53060041
9048,2000673.25375865,2404701.22675006
9049,1999768.18448884,2404797.29911055
9050,1999332.04561426,2404906.53747932
9051,1999564.63096068,2404738.06427325
9052,1999225.94764746,2405021.26075155
9053,1997797.56194818,2408115.67669971
9054,1998512.44109825,2405694.45237537
9055,1997617.75733498,2408242.58457961
9056,1999289.12348723,2409106.15062329
9057,1999655.65181799,2407526.32262867
9058,1998755.92865155,2405888.60629761
9059,1999211.2375382,2403422.34094491
9060,1998912.79945031,2400166.28759499
9061,1998920.27155501,2400172.06649862
9062,1999215.11404064,2400286.10697042
9063,1998471.44347245,2399461.03765098
9064,1998374.19031122,2399207.74359151
9065,1998338.31798863,2398841.09556068
9066,1997477.03224639,2400177.22000187
9067,1996663.81213441,2400773.74217742
9068,1996322.35741943,2399127.8235412
9069,1996390.41466228,2398194.83185381
9070,1999157.65030446,2397897.02916632
9071,1999187.5785233,2397902.31266965
9072,1999275.60157872,2398052.63816429
9073,1999193.47952702,2397900.04546822
9074,1998553.1745239,2397440.42127885
9075,1996831.26533983,2398481.07533402
9076,1996907.50438783,2396461.64306264
9077,1999596.62428083,2392137.65974037
9078,1998772.97846228,2392488.05356097
9079,2000181.94834933,2391406.5808801
9080,1999614.38079201,2393438.71205948
9081,1999490.14791379,2393749.71045528
9082,1996376.92445379,2394614.55659976
9083,1996320.10311802,2394887.85347182
9084,1994619.81584756,2397391.85034827
9085,1994940.5688495,2396172.72348074
9086,1992798.46190088,2396691.7438075
9087,1992593.2649717,2396658.46498655
9088,1993668.21394845,2391642.02832833
9089,1993350.30914831,2393430.75465447
9090,1993678.11835469,2391496.50493672
9091,1992702.84284068,2391867.41477023
9092,1998097.3044369,2390499.24020887
9093,2000352.36605662,2391748.08539511
9094,2000887.76109369,2389207.3077955
9095,2000692.91157102,2389213.85099962
9096,2000418.95649854,2388278.69691087
9097,2000304.15302627,2388190.04735506
9098,1998157.62977488,2388972.81244787
9099,1998373.38451071,2387066.88584795
9100,1997954.88874723,2387011.46871306
9101,1992453.23778354,2389266.7091329
9102,1992129.94508,2389649.20257371
9103,1992039.86282329,2389723.18562028
9104,1991273.38214073,2389641.51386886
9105,1991656.46948192,2389446.85524631
9106,1994830.03967991,2389603.54544496
9107,1994720.15411073,2388079.60278553
9108,1995267.81555552,2384253.58007676
9109,1995240.29223819,2385370.7448801
9110,1995392.12203378,2381177.67254025
9111,1995495.48559886,2381358.56945414
9112,1997711.00409369,2380157.52579799
9113,1998212.09690917,2378464.69113223
9114,1998099.80893847,2379212.82770324
9115,1997968.59465586,2379678.12389618
9116,1997941.69993893,2379710.69211668
9117,1998183.35049107,2378287.72362082
9118,1998257.60673782,2378078.53478912
9119,1998255.66333659,2378074.0556863
9120,1998368.97420793,2377617.22619869
9121,1998490.4352844,2377779.0995006
9122,1997591.21401827,2377696.74914875
9123,1997696.61998463,2379719.7682224
9124,1997733.94910813,2379756.11904528
9125,1997463.84663809,2379515.16849358
9126,1995247.55894277,2381250.47348609
9127,1995318.03568714,2381457.01101612
9128,1995393.36963457,2381525.74925939
9129,1995588.91255768,2383820.18040391
9130,1996066.81585855,2383208.75951897
9131,1991871.44111726,2387593.72847963
9132,1990780.65413053,2389315.01326331
9133,1989336.77112149,2386907.93814788
9134,1993557.80167894,2383508.93820796
9135,1993804.94593454,2384220.08565568
9136,1993959.65513194,2384581.26608307
9137,1993505.45754599,2383106.11785435
9138,1993417.65339071,2382561.60531154
9139,1991324.68397303,2384903.47758592
9140,1996945.02811145,2384600.5426952
9141,1999156.6027038,2382647.02296532
9142,1998800.3286795,2383518.30451385
9143,1997250.13580354,2383086.0195417
9144,2000443.43221395,2385470.07264264
9145,2000598.91541184,2384736.05508052
9146,2001253.69692408,2384057.70205344
9147,2000865.93247995,2384171.85412531
9148,2000081.63108617,2382307.56915161
9149,1999918.40938342,2382047.32448776
9150,1999879.0014586,2381989.2551512
9151,1999834.40343053,2381527.60996056
9152,2001347.64048322,2383270.34065774
9153,2001322.05126711,2383790.06898495
9154,2001322.24926724,2383790.56128526
9155,2001132.34964768,2383993.7717132
9156,2002097.41615526,2382910.90723145
9157,2001803.49807022,2382938.74414898
9158,2002261.5545586,2382795.59755886
9159,2002207.47512455,2382842.10948814
9160,2002120.14836957,2382907.55752934
9161,2002434.89466773,2382722.48561283
9162,2002641.817198,2381144.77951954
9163,2003137.57461012,2380278.67887427
9164,2002776.26798265,2381159.26952867
9165,2000951.85053404,2381564.61008386
9166,2001046.59689369,2378697.67567891
9167,2002785.55578849,2379854.60890729
9168,2001490.49957316,2385752.98192075
9169,2002740.68806025,2385309.20404136
9170,2002792.30389274,2385193.24526835
9171,2002213.97622864,2385455.32273335
9172,2002136.30037974,2385590.83421866
9173,2002307.17268732,2387170.70541331
9174,2001851.64440053,2388327.85344182
9175,2001863.09980774,2388127.15511546
9176,2001849.22709901,2388149.9330298
9177,2003429.42459386,2389857.36750476
9178,2002972.63750628,2390664.91451317
9179,2002922.93487499,2390881.90844978
9180,2004013.43786154,2388284.49851452
9181,2005154.66968003,2386676.73650232
9182,2003534.48996,2388112.55950627
9183,2004813.32136512,2386586.24994535
9184,2005719.40913557,2386209.94630844
9185,2005726.08363977,2386214.37531123
9186,2004815.78266667,2385740.24011273
9187,2005770.41896769,2386411.32353522
9188,2007227.2957849,2383445.09276776
9189,2005439.56065939,2384942.47261047
9190,2005837.93031019,2385310.01234186
9191,2004677.99167992,2384931.12560333
9192,2004541.65359409,2384461.05270738
9193,2004794.063353,2383715.6574381
9194,2004711.03660073,2383172.41139609
9195,2003758.86050126,2382118.28883244
9196,2004703.17559578,2382709.93350492
9197,2004352.72087514,2382053.44359162
9198,2005426.92955143,2383661.16310379
9199,2005953.28888281,2384028.22303488
9200,2005427.02405149,2382952.07705737
9201,2005100.49064592,2384439.84759403
9202,2005201.24750935,2384561.80417081
9203,2004137.15003942,2392158.88445373
9204,2004152.62304917,2392573.06931449
9205,2004596.83862883,2394077.14196142
9206,2004220.77459207,2392739.29941915
9207,2004882.12150844,2392036.24527652
9208,2004654.73926528,2392047.40658355
9209,2005461.83207341,2391838.03695174
9210,2003871.80077237,2395414.11420314
9211,2000669.97105658,2396898.58453773
9212,2000808.68174391,2397408.91885902
9213,2000859.36067581,2398369.42916373
9214,2000971.84644663,2398486.56353747
9215,1997938.88523716,2401556.15017001
9216,1999736.45116886,2401805.10082674
9217,2006419.38077626,2402585.81041825
9218,2006472.22140952,2402741.73951642
9219,2007313.03403888,2400476.13619006
9220,2006413.14747233,2402572.36710979
9221,2007356.54286627,2399807.36396902
9222,2008035.03079342,2401757.89919702
9223,2008765.78155349,2398779.44422187
9224,2008512.48889402,2401194.9419426
9225,2008342.80838719,2401408.8998773
9226,2008183.43798686,2401535.60185707
9227,2008514.96919558,2401201.22884656
9228,2008182.81418646,2401538.49105889
9229,1999876.85615725,2412078.83249481
9230,2001622.4004562,2412554.64079437
9231,2000631.5678324,2415643.14213881
9232,2000369.57246745,2415489.07364181
9233,1999355.37092894,2419507.75097186
9234,1999299.47659375,2419624.8814456
9235,1999322.12800801,2419696.99919101
9236,1999664.75692372,2420758.40425924
9237,1999348.04512433,2419793.73555191
9238,1999684.96413644,2420829.87370423
9239,1999133.73908941,2421215.35284692
9240,1997937.33483618,2421178.57492377
9241,1999988.89422779,2416147.24925618
9242,1999881.30226005,2416277.42023813
9243,1999997.50173321,2415967.03964272
9244,1999631.69600291,2414796.28810565
9245,1999265.11757212,2414918.64408268
9246,1998747.07654598,2415513.95515747
9247,1996905.93448684,2414147.8430974
9248,1997080.1211965,2414455.85509132
9249,1996455.35240316,2412391.21089147
9250,1998229.89822037,2416165.03926738
9251,1998305.25416781,2416983.7259828
9252,1998344.64419261,2417544.28043571
9253,1998212.9500097,2417400.94014547
9254,1996565.51807252,2417982.47791159
9255,1997790.81254394,2416442.7254422
9256,1996712.13676483,2418148.29401598
9257,1996904.42518589,2418437.27939792
9258,1997456.20873328,2420157.1490807
9259,1996037.00703979,2417760.38127176
9260,1995924.74836911,2417484.65829818
9261,2006296.39389883,2425345.19814696
9262,2006757.11968889,2427067.27003114
9263,2004390.4625989,2427981.01760641
9264,2008968.76518128,2419693.40748874
9265,2008680.01839949,2419610.72463669
9266,2020229.54027077,2423104.88823652
9267,2018575.18302923,2420509.50090254
9268,2019134.85528158,2423065.79291191
9269,2024178.17555672,2420821.76499913
9270,2024326.61175018,2420679.19390937
9271,2024336.87475664,2420631.65597944
9272,2023827.81303615,2420899.03424778
9273,2020727.13718404,2426109.07992788
9274,2020626.07482041,2426134.66794399
9275,2021335.37436697,2426689.74729346
9276,2021461.3770463,2426885.74861685
9277,2021239.98070692,2426677.17638554
9278,2021301.60094571,2426662.09057605
9279,2021704.28349923,2426903.17522782
9280,2021685.37698732,2426857.74649922
9281,2021466.7799497,2427268.40635777
9282,2021700.4276968,2426907.91023081
9283,2022031.97660553,2427392.41733584
9284,2022175.37629582,2427431.7435606
9285,2021278.15773095,2428292.70760264
9286,2021419.34621984,2428254.15067836
9287,2022100.43004863,2428653.03002949
9288,2022147.37627819,2428719.74637149
9289,2016609.85129191,2432452.1248213
9290,2017227.47988075,2432019.44424889
9291,2016465.76040119,2433263.05233184
9292,2017785.397032,2430824.44989656
9293,2017936.05612685,2430642.485982
9294,2026148.195997,2426936.87114904
9295,2025647.45578175,2427675.34381396
9296,2027495.95044551,2436026.89437188
9297,2027525.97756441,2435944.98682031
9298,2027213.32996758,2435351.75894683
9299,2026053.3775373,2440367.75450477
9300,2026081.09775475,2440397.95222378
9301,2025787.37286983,2440395.7531224
9302,2023589.37878603,2441109.74647191
9303,2023855.3756535,2440731.74933393
9304,2020290.97160944,2440185.79259021
9305,2022145.69107712,2440309.46226807
9306,2024109.50071349,2438166.43561888
9307,2025731.39683459,2438695.68855208
9308,2023478.16491602,2438199.40473963
9309,2020070.03227035,2437448.43386684
9310,2022185.50170219,2437555.31303413
9311,2022471.55648228,2437561.2930379
9312,2022190.50560534,2437554.78023379
9313,2018258.03382956,2438914.72228998
9314,2022510.3387067,2441946.89599895
9315,2022584.38165331,2441924.58078491
9316,2022243.85253892,2442679.79456037
9317,2020817.41334088,2445232.96816778
9318,2022821.28380246,2440953.25137338
9319,2022941.69347827,2441049.41913393
9320,2022931.19597166,2441107.48937049
9321,2022774.75297317,2440951.24167212
9322,2022305.49727774,2441380.28804223
9323,2021127.9812364,2441691.65263826
9324,2021293.37874053,2441571.74986277
9325,2018055.77420222,2442210.02076461
9326,2021291.11433911,2441494.84461436
9327,2021491.31356515,2441421.96136847
9328,2025586.28244323,2442573.32079334
9329,2025615.92156189,2442290.02011498
9330,2025082.52782608,2442955.97653425
9331,2023157.25291398,2444937.19068157
9332,2028018.36657441,2445713.22067013
9333,2028817.1485773,2442550.29337884
9334,2030225.0786637,2446247.03400621
9335,2032867.69642742,2445209.14595278
9336,2034219.35817839,2446573.31961163
9337,2034261.52220494,2446523.82878047
9338,2034637.24474148,2448285.92018984
9339,2034189.43485955,2446761.19742991
9340,2033880.17206484,2447768.56466413
9341,2035321.52137228,2449976.89925443
9342,2039017.37829909,2453555.75080759
9343,2039234.09423554,2453587.57832762
9344,2037954.66733004,2451421.27976378
9345,2038247.25501425,2452121.51760463
9346,2038624.63845184,2453555.75570759
9347,2037535.04276586,2450898.27433451
9348,2037184.56824521,2450868.58421582
9349,2036513.44822269,2450939.28436033
9350,2038803.5905645,2452546.77597236
9351,2038864.85880307,2453183.68367334
9352,2038766.14714093,2451937.57598883
9353,2038619.07794834,2451862.87394179
9354,2038399.53381012,2451402.58775201
9355,2036821.96501692,2456573.14290726
9356,2036061.36813807,2456363.28867514
9357,2037236.13397767,2455213.083151
9358,2035752.91064387,2451958.12540176
9359,2035263.7312359,2454423.99255421
9360,2034472.62703784,2455631.85841465
9361,2035849.92120495,2451049.1583295
9362,2034290.40422312,2453549.13090342
9363,2033457.23959858,2455129.57019842
9364,2033235.02565868,2453544.22060033
9365,2034677.51706683,2451906.17746906
9366,2030141.58111113,2449028.83915756
9367,2030086.92997672,2448786.31310487
9368,2029985.95921315,2448009.55311584
9369,2030176.58803317,2447624.20937324
9370,2029944.02228675,2447526.82031193
9371,2032382.90922221,2455010.95352374
9372,2032777.37647055,2455046.49544612
9373,2032270.40885138,2454943.42118123
9374,2030489.09152991,2453706.64650258
9375,2032256.3109425,2454860.16932881
9376,2031100.08901458,2454841.16391685
9377,2031518.42287795,2455489.26882488
9378,2031522.75008067,2455486.06692286
9379,2031999.66048092,2456293.94903148
9380,2032164.62738479,2457671.24379859
9381,2032206.77771132,2457613.79246242
9382,2032185.37879785,2457881.75243112
9383,2032187.19129899,2456536.12028395
9384,2031737.3758158,2457615.75256366
9385,2030192.77654336,2456279.64352248
9386,2030464.37641435,2456580.87441212
9387,2028683.38559309,2453622.98314991
9388,2027791.30383145,2462415.76488562
9389,2028683.60119322,2461902.73646263
9390,2039895.57755199,2457136.20966175
9391,2039827.53690915,2457136.1405617
9392,2040009.27252357,2456634.66024598
9393,2044321.27913829,2457857.04091556
9394,2045139.33555332,2456445.76082706
9395,2044055.03217067,2457643.72668127
9396,2043034.68032828,2457852.15161248
9397,2043624.61459969,2459168.99304153
9398,2040204.56594652,2454515.03441153
9399,2039580.38325355,2456322.36224937
9400,2040945.84091321,2454532.39882246
9401,2042879.37653051,2456879.48880012
9402,2041773.81733448,2455323.45842049
9403,2002454.94108035,2396279.2428478
9404,2002208.3538251,2396372.59760658
9405,2003279.46709945,2397431.72447338
9406,2004193.14997468,2397647.47700921
9407,2004281.63933039,2397983.12872053
9408,2001474.49476308,2397368.51893358
9409,2023754.84919021,2404577.69457229
9410,2023641.52861886,2404770.88129392
9411,2022569.34744385,2403771.4547647
9412,2023752.07078846,2404572.80926921
9413,2023757.5428919,2404513.3831318
9414,2020279.06620195,2403682.01080839
9415,2020199.21835168,2403570.60593825
9416,2020441.72810436,2404000.94820919
9417,2022235.92063393,2403475.60877845
9418,2022685.75391714,2403463.74827098
9419,1992315.00729651,2380009.50570481
9420,1993557.49037875,2379791.4146675
9421,1991809.15517804,2379840.90719866
9422,1990780.81933063,2379684.47580018
9423,1988808.73818906,2383311.13138342
9424,1990109.51040799,2380876.23285048
9425,1990328.80134605,2380537.154937
9426,1987967.57755949,2384967.57842628
9427,1987155.00014791,2389925.33914755
9428,1987581.73811657,2387721.49936007
9429,1987491.3983597,2387618.51029523
9430,1987706.38729505,2386281.71125362
9431,1986720.17577415,2390429.89206521
9432,1985996.81371874,2392233.34890062
9433,1990987.31366063,2381591.38350071
9434,1990819.13805475,2382972.85297045
9435,1987160.5459514,2385718.24469888
9436,1987468.09834503,2385539.81908655
9437,1986685.9384526,2386513.77009972
9438,1986813.53223293,2386206.20310608
9439,1985142.58038094,2388739.35380089
9440,1984900.79692872,2389024.87998065
9441,1985778.56358134,2386841.53950607
9442,1984619.98145193,2387928.1854902
9443,1985707.37523652,2386894.24563926
9444,2030647.85632987,2455303.95300821
9445,2030729.69288139,2458625.31249925
9446,2031402.2378048,2457793.2383754
9447,2029105.37665876,2458861.7483481
9448,2029063.37443232,2458986.67272675
9449,2029029.2063108,2458490.6979145
9450,2029030.09091136,2458491.10811476
9451,2028886.17942076,2457811.21638671
9452,2029328.83889945,2457586.82734544
9453,2029953.71699286,2457327.03588189
9454,2028227.71700621,2456687.69007937
9455,2027835.96755958,2457516.32230106
9456,2029588.28606279,2456918.31352457
9457,2028845.30369503,2455324.41532109
9458,2020870.65037439,2454287.74006843
9459,2019121.29257305,2454507.60650685
9460,2016647.37211553,2453008.59716311
9461,2017600.59501565,2453303.92134904
9462,2020717.10637773,2450470.197965
9463,2020316.04102523,2450917.6385467
9464,2021218.61979347,2449342.9266553
9465,2020626.45842066,2449346.71205769
9466,2015280.09725473,2451827.86281975
9467,2009794.18640094,2453006.05066151
9468,2010127.56691083,2453664.18377585
9469,2009021.57041452,2452963.11413448
9470,2008998.99030031,2453301.01204721
9471,2004756.68752947,2449838.75466746
9472,2008949.254669,2450403.82132321
9473,2011847.50959366,2449936.6581291
9474,2011751.16403301,2449662.13085626
9475,2013965.61862717,2446371.04278428
9476,2014577.95581268,2446553.54699918
9477,2013793.34771871,2446311.69024692
9478,2013376.82885648,2446517.72937663
9479,2011893.7937228,2448046.67993922
9480,2013349.65563937,2446592.39852364
9481,2011805.53526724,2448171.21711762
9482,2008204.64520021,2447690.80371517
9483,2013371.67995324,2446500.40146572
9484,2008120.86434747,2447681.60010937
9485,2006654.09532402,2448034.7370317
9486,2006081.26066338,2447714.56483013
9487,2005754.44405763,2447910.09375323
9488,2005829.43280484,2447649.72658931
9489,2015322.02468112,2445736.14618457
9490,2014868.45409557,2445494.42553239
9491,2015147.89217149,2445659.89643656
9492,2012358.08211511,2444469.35588703
9493,2014856.7506882,2445493.08023154
9494,2015157.93257782,2445666.35074063
9495,2014161.3674504,2443639.88086481
9496,2012970.04900038,2442828.65475409
9497,2009149.97479536,2441323.83460669
9498,2008842.00760148,2441185.76931977
9499,2006811.27522298,2439567.36390086
9500,2005605.8921641,2439413.72960414
9501,2005188.67850144,2439595.63631866
9502,2005073.18322872,2439734.03030579
9503,2006156.99351106,2441141.12039166
9504,2005850.56491815,2442011.57703968
9505,2006490.87502127,2441952.95410277
9506,2006761.68689176,2442141.95272176
9507,2007603.94232202,2442470.8117288
9508,2008179.82978459,2441452.90948796
9509,2007325.25744657,2443364.58109149
9510,2007960.79734669,2443704.20540531
9511,2008158.23097099,2445006.00042489
9512,2008210.87550413,2443638.91766421
9513,2008217.24130814,2443628.21945747
9514,2005816.04539641,2445251.60467951
9515,2006514.68013625,2442361.53436
9516,2005992.87440774,2443060.50140005
9517,2003360.27435032,2439309.40183846
9518,2004772.45243939,2439695.79698172
9519,2004302.82694373,2441009.40930874
9520,2005016.20049285,2439702.89838619
9521,2004766.06023537,2438500.67982931
9522,2006766.53899482,2438388.42215863
9523,2003389.31776861,2434501.1270113
9524,2002621.84648543,2431027.21232421
9525,2006334.29802269,2434618.16728498
9526,2009602.40988021,2438142.65700391
9527,2009583.91366856,2437558.18313594
9528,2010946.9657267,2436830.40847775
9529,2008955.80737312,2436596.0362302
9530,2011056.06849539,2438383.86925577
9531,2013862.21576207,2438902.57478233
9532,2016437.05268312,2439094.57840321
9533,2016720.59586163,2440543.28741528
9534,2018615.43245457,2445203.17344902
9535,2023297.62310235,2448629.62690623
9536,2023551.9935625,2448163.60871283
9537,2024042.34427121,2451394.61334699
9538,2025901.87064192,2450081.59852035
9539,2026204.07563218,2449970.11615016
9540,2023761.42839435,2451157.0043974
9541,2023963.50152157,2451193.19212018
9542,2022199.84821122,2451041.25742453
9543,2026304.15689519,2451252.37665744
9544,2021071.18300064,2446159.70415123
9545,2023573.48977603,2446683.8198812
9546,2026073.95355026,2446442.01602896
9547,2026783.73039711,2447481.61678347
9548,2028489.74247117,2447932.89466758
9549,2026058.89084077,2456089.92270303
9550,2023996.79754253,2454721.31244139
9551,2024465.99503793,2460339.86987869
9552,2025351.25609526,2460142.70045456
9553,2026236.31375248,2459648.4737434
9554,2024904.13621377,2460731.22452507
9555,2025253.25643357,2461625.33608798
9556,2024470.01694046,2460846.66609775
9557,2025070.73801866,2461700.36843522
9558,2024386.40448782,2460884.92982184
9559,2023922.94619604,2461601.35937289
9560,2023920.85609472,2461600.79287253
9561,2022848.45021956,2458053.72963939
9562,2022302.14797563,2458032.86882626
9563,2024035.84946712,2457639.20377842
9564,2022414.34274626,2462535.17186079
9565,2023620.08400536,2462207.74075465
9566,2022471.31228213,2461465.07798709
9567,2024290.78832762,2462397.30417399
9568,2024345.37746199,2462319.75032517
9569,2023126.1494944,2462998.00065218
9570,2023925.18199745,2463206.4330834
9571,2024691.07677963,2462590.42159558
9572,2025436.87444917,2463372.18488775
9573,2026165.92840816,2463135.19143855
9574,2024516.82896993,2463697.59409262
9575,2024471.37924132,2464517.75090897
9576,2025080.73742495,2464770.86206832
9577,2022419.4804495,2463569.12481174
9578,2023585.93668387,2464232.8363296
9579,2023596.45359049,2464229.6664276
9580,2023445.59129551,2463325.42805832
9581,2024374.33858022,2464451.53156728
9582,2016324.7255124,2465716.40006361
9583,2013275.50469269,2463385.46929612
9584,2013271.88529041,2463377.84959132
9585,2013196.69294307,2463587.8056235
9586,2013211.1832522,2463580.48641889
9587,2010483.77483509,2464205.66031249
9588,2008368.96100366,2454423.30725378
9589,2009390.9889471,2454501.32710289
9590,2008602.0505504,2454382.57542813
9591,2013075.48276676,2455504.02653417
9592,2012711.27873747,2455429.76778742
9593,2013832.60734343,2458936.80279535
9594,2011082.54131206,2461580.14045953
9595,2012704.88753344,2461646.37660123
9596,2015848.72821273,2461151.12188943
9597,2015360.15210513,2458445.21508586
9598,2015568.37943622,2459491.87244481
9599,2019719.15704944,2462469.73301959
9600,2019909.15406906,2462608.57630701
9601,2019542.134138,2462408.55158108
9602,2019038.7943211,2460519.47609176
9603,2018720.03452042,2460218.66220238
9604,2017069.70198142,2459048.75836584
9605,2017053.58347127,2458181.24541967
9606,2016960.5491127,2457655.60478874
9607,2016192.7261293,2455787.4354126
9608,2016886.41826603,2457079.49052604
9609,2014294.81743442,2456014.52835557
9610,2016792.78830708,2460766.18454708
9611,2014334.74125956,2455519.62684399
9612,2014749.34932058,2457938.16496664
9613,2016624.83110134,2457456.09926314
9614,2020145.15561764,2457371.86541011
9615,2021206.14108561,2459404.09488955
9616,2022490.47989419,2465447.98879462
9617,2021202.55388335,2465721.4609668
9618,2018101.97143131,2468003.18110331
9619,2017862.21918036,2468115.6324741
9620,2015760.78295736,2469267.25249913
9621,2016384.25254988,2469902.01469876
9622,2018244.94442132,2466479.97534434
9623,2019304.80798858,2466015.09635166
9624,2023403.34616891,2465970.42502354
9625,2024891.72030595,2466667.14086217
9626,2024906.32321515,2468556.01475136
9627,2024943.42583851,2468510.8226229
9628,2023304.02030638,2467603.44815164
9629,2024965.66145251,2467785.82726647
9630,2025017.37238506,2467737.7518362
9631,2023334.18712537,2466573.85160344
9632,2025115.76894701,2468787.42439705
9633,2024982.15206289,2468536.82673928
9634,1987119.35152547,2386103.98074173
9635,1986964.55102801,2386137.42146278
9636,1986928.11300507,2386117.2827501
9637,1985836.72771796,2384929.59410236
9638,1985403.44004517,2385289.18532875
9639,2009147.49719381,2427760.95496786
9640,2008775.55695964,2426623.78685193
9641,2009108.28286912,2429116.09182102
9642,2008971.76698317,2429264.75381461
9643,2008055.08830605,2430715.47162795
9644,2007403.85199605,2430902.90514595
9645,2007672.21606501,2431380.27514649
9646,2007839.90667058,2431019.4141193
9647,2007118.16201619,2432131.58311949
9648,2007130.33982386,2430829.80809993
9649,2007269.74131162,2430867.05572338
9650,2014286.208529,2435787.69552129
9651,2014459.53353813,2435823.52504384
9652,2012216.80492616,2435016.46643574
9653,2010867.92437694,2434374.65523167
9654,2010471.4009273,2433260.18803003
9655,2014138.97653631,2435859.40606643
9656,2013236.03306784,2436001.29635576
9657,2014048.34237925,2437944.20747897
9658,2010778.19922045,2434387.68083987
9659,2009912.98167573,2434730.15295548
9660,2009575.64146335,2435833.25594997
9661,2011684.52599105,2434633.08189437
9662,2011773.84124728,2433489.96477469
9663,2022784.07957904,2436552.13310255
9664,2022647.49289305,2436003.97685745
9665,2019288.18667812,2436328.22376159
9666,2022487.01039201,2436818.61497032
9667,2018670.99328955,2436251.06161301
9668,2043859.66104767,2456654.81065867
9669,2043697.77704575,2455160.90391815
9670,2038617.19214715,2450741.29733568
9671,2037996.78695656,2448255.10907044
9672,2028414.3410237,2396109.84474115
9673,2027811.226144,2394812.40132432
9674,1997138.67673337,2374031.01424091
9675,1999950.93530389,2375911.94112509
9676,2000778.91652517,2433057.82220263
9677,2000575.1867969,2435387.48376932
9678,2037066.26457073,2400296.0839767
9679,2036964.31400654,2400469.8506861
9680,2037089.79908554,2400392.54603743
9681,2026013.58261225,2435156.56162394
9682,2025879.83902805,2434810.43810603
9683,1993329.75473537,2378220.18287829
9684,2021921.00913567,2392037.69977744
9685,2020466.22861978,2391316.90092364
9686,2002439.22247045,2378050.81287166
9687,2003177.43163521,2378484.66464481
9688,2003873.33197333,2377552.49295793
9689,2003527.52405562,2378246.717295
9690,2003366.36455416,2376640.15698355
9691,2003758.57840108,2377040.5015356
9692,2003869.20657073,2377262.97417566
9693,2003866.68566915,2377302.00750024
9694,2003221.81866315,2376712.96552939
9695,2020626.94452096,2389381.95580545
9696,2019740.68316299,2389599.91254267
9697,2019571.34375639,2389676.34559079
9698,2019231.89724268,2389958.74376858
9699,2020385.79216914,2390320.9144966
9700,2020520.2596538,2390150.41548926
9701,2027691.18666843,2393339.79829721
9702,2002035.40451622,2377438.36238608
9703,2002364.29972328,2377713.42805926
9704,2001995.51599111,2377618.30859937
9705,2002147.69058691,2402492.14065928
9706,2002175.58480447,2402476.20214925
9707,2007240.19259302,2408403.67788103
9708,2010619.18712034,2403583.29314624
9709,2018102.99223195,2385615.33933409
9710,2016498.46942179,2386165.0921802
9711,2016372.25184232,2386168.32948224
9712,2016333.48451791,2386147.35316903
9713,1991975.25318261,2382096.91451898
9714,2020601.40310488,2426133.8822435
9715,2020513.24834938,2426461.17274955
9716,2010873.85798068,2403729.75033845
9717,2010303.37632152,2406025.74898395
9718,2042540.94531744,2455141.16410572
9719,2042732.61143811,2454144.15687803
9720,2043572.77016705,2454546.30893121
9721,2021996.08728294,2422458.35242948
9722,2022032.43440582,2422449.66262401
9723,2022813.10759731,2422091.86889875
9724,1996498.44273029,2420707.23272702
9725,1997485.48265171,2421484.59331643
9726,2000373.82917013,2411710.64636301
9727,2012221.82062932,2401983.07363879
9728,2033171.0385184,2400327.43989644
9729,2037159.7706296,2400008.71959578
9730,2021733.56301766,2390787.95429063
9731,2017810.98364811,2389871.87531389
9732,2000180.55484845,2409948.11635337
9733,2021316.93675536,2441573.34706378
9734,2028489.37977095,2459239.75008608
9735,2020668.64024721,2429682.04477733
9736,2020101.18468996,2429721.96130246
9737,2019588.15346697,2429896.06601207
9738,2015427.37784745,2421075.75115903
9739,2018139.61765501,2420435.13055572
9740,2015370.06101137,2421104.40227707
9741,2001773.21385115,2412701.59748689
9742,2002102.54295849,2412614.38853198
9743,2001152.30426024,2413264.20284109
9744,2008683.50480169,2423229.8545152
9745,2043798.38030909,2454324.46959155
9746,2013547.12566369,2400985.47601072
9747,2032760.37455985,2405992.70346314
9748,2035077.17621845,2396937.80266242
9749,2032226.39722367,2406091.81902554
9750,2032175.06509136,2406194.49499018
9751,2032180.93339505,2406196.08019118
9752,2032287.69946227,2405875.24688919
9753,2030165.26412604,2410007.50219075
9754,2019018.80830852,2390627.17758941
9755,2019006.76400094,2390769.58967907
9756,2019015.2727063,2390630.79269169
9757,2016660.42762375,2395314.65024052
9758,2022361.13031276,2421251.23876951
9759,2022385.05022782,2428279.42849428
9760,2024029.21706294,2435374.72136129
9761,2018390.46491294,2440626.99396798
9762,2021205.61058528,2441482.27590644
9763,2021265.3795229,2441529.74173633
9764,2030505.38334017,2456831.74617006
9765,2030467.34791622,2456859.71538767
9766,2029843.63442355,2458197.4845299
9767,2029146.38898458,2458820.74242228
9768,2015226.16282078,2446092.09620866
9769,2015251.05553645,2445999.66595047
9770,2014727.25910668,2446550.43979723
9771,2014730.6293088,2446549.46429661
9772,2014677.06647508,2446593.32052422
9773,2025147.01056668,2467019.74538416
9774,2025059.65991168,2468320.77230325
9775,2033370.68744409,2399252.6857198
9776,2029399.37594385,2405017.75034934
9777,2021404.07851022,2423153.55106716
9778,2021972.02266779,2423222.69491069
9779,2020859.3812673,2426717.75161109
9780,2008552.83351942,2394946.7486089
9781,2008492.13298121,2395192.60876369
9782,2043917.369584,2408825.75004675
9783,1995450.67687065,2381399.60177997
9784,1995406.65594294,2381604.88600921
9785,2023808.38522391,2462121.04310007
9786,2012795.38019042,2461703.74663735
9787,2024548.75059003,2446158.00015016
9789,2002309.3744887,2412675.74867061
9790,1999735.5680683,2401785.10371415
9791,1994700.37559828,2388042.74196232
9792,1998452.37496044,2392956.74385605
9793,1993363.37515654,2393565.75573946
9794,2005893.37164509,2385347.75456563
9795,2003989.37484639,2416287.75124463
9796,2017093.37559632,2393425.75075132
9797,2017163.38034039,2393355.75640725
9798,2017303.38302854,2393341.74319843
9799,2017884.38179432,2392942.74994723
9800,2007027.37755903,2427221.74442839
9801,2032101.37124496,2403687.75361201
9802,2032059.37621852,2403281.7467564
9803,2009918.37727913,2394846.75654595
9804,2016323.37751155,2386789.74787347
9805,2016218.3053454,2386119.11925126
9806,2016235.52945624,2386225.71541837
9807,1998788.37707198,2405696.74207681
9808,1997787.37864177,2379887.74992815
9809,2002981.37771178,2379845.75460171
9810,2003352.12364519,2378890.74170046
9811,2003324.71412794,2378662.47235675
9812,1998207.37220619,2417281.74877043
9813,2016841.37633767,2457531.75221077
9814,1987716.76260158,2386025.52259233
9815,1987805.37225737,2385683.75097716
9816,1986881.37037564,2386019.7469887
9817,2001693.36800088,2412689.75167943
9818,2002211.37312701,2402455.75223637
9819,2004598.3735298,2401748.74769126
9820,2015136.11976409,2436260.33981885
9821,2014882.4794044,2435810.14773542
9822,2014683.44537909,2435593.07239876
9823,2014725.12780533,2435048.0065556
9824,2014755.59822452,2434983.88041522
9825,2014857.19108848,2434850.7370314
9826,2038105.73282515,2448094.41906927
9827,2038215.19939407,2448050.53664165
9828,2001554.55341349,2394104.92237891
9829,2002520.03692133,2393907.55755465
9830,2016398.95145913,2385298.98213492
9831,2016328.14281455,2385105.22341293
9832,2050329.37802083,2403645.74668556
9833,2050546.7684577,2403604.3553595
9834,2050091.380771,2403645.74988556
9835,2045695.37770339,2400649.75379936
9836,2047375.38606108,2402203.75137772
9837,2047443.68320408,2402246.43010459
9838,2046301.92648526,2399412.66552052
9839,2045611.88105082,2400050.01052178
9840,2045617.02645406,2400059.12732752
9841,2045366.17899613,2396101.24593574
9842,2046396.93414507,2395807.84865103
9843,2045204.00819404,2394634.25601216
9844,2044538.70617518,2394504.51323048
9845,2043625.60880032,2394207.54954352
9846,2044055.76317113,2394470.0710088
9847,2042687.40670965,2393465.37207627
9848,2043607.27738877,2394199.37893838
9849,2044063.91707626,2394481.9949163
9850,2042296.22096337,2393510.52520469
9851,2041702.24838942,2392856.77449311
9852,2040964.80582514,2392317.90535385
9853,2040124.60179618,2392959.63105786
9854,2040244.8765719,2392814.63156658
9855,2039660.28560385,2393689.89211762
9856,2040280.35299423,2392789.78985094
9857,2039256.32224953,2394216.52524917
9858,2039222.80252843,2394263.09487849
9859,2039405.04384316,2395057.11697839
9860,2039352.94481036,2396137.47265855
9861,2039194.91881087,2396730.68673202
9862,2039013.76239682,2397640.92820509
9863,2038864.35350275,2399958.91036442
9864,2038965.08096617,2398409.47748894
9865,2051421.37250832,2402707.74399502
9866,2051128.87422417,2403554.50042811
9867,2051112.68411398,2403574.94874099
9868,2052373.37870768,2402063.74608957
9869,2052513.37949582,2401895.75008381
9870,2054984.3774515,2397926.74968503
9871,2054515.37385622,2400173.74589968
9872,2054042.83115872,2396571.07173153
9873,2054187.52744982,2397361.25382901
9874,2054326.37613724,2397688.74653519
9875,2054386.06647482,2397699.26294181
9876,2054097.95729343,2397571.59136143
9877,2054412.46659144,2397691.52433694
9878,2053333.20471196,2396172.60628067
9879,2052399.54182415,2396153.10206839
9880,2052225.0556143,2396245.90382681
9881,2051435.60881729,2393425.27825102
9882,2050827.58823449,2393993.51990877
9883,2051528.99267608,2393294.35096859
9884,2059233.37082655,2392683.75248418
9885,2059453.283765,2392706.1904983
9886,2058211.37848313,2392809.7418635
9887,2056797.33839289,2392879.81690761
9888,2056923.37957224,2392809.7501635
9889,2056805.07619776,2392680.21328195
9890,2055488.41336882,2392235.02530167
9891,2055863.46500495,2392235.74250212
9892,2055865.80950642,2392232.2080999
9893,2054951.57693085,2391234.02817147
9894,2054869.0678789,2391009.87193035
9895,2109390.64020425,2392833.62857854
9896,2109334.35496881,2392791.34865192
9897,2109849.87789337,2393899.71174971
9898,2112185.13736359,2397383.76024318
9899,2112597.60292327,2397538.74004075
9900,2108055.04116339,2364979.73274246
9901,2108135.47011403,2364794.88582608
9902,2105941.86703299,2365542.85789699
9903,2105698.15367956,2365581.09142106
9904,2104637.67891191,2365215.70989102
9905,2084190.90503916,2353414.46956127
9906,2085947.56274511,2349549.97012828
9907,2083720.09514275,2355183.14517478
9908,2082754.08083457,2344680.70666272
9909,2082139.18464745,2341355.61996934
9910,2082308.07265378,2348958.83445612
9911,2079424.95793865,2343358.8299305
9912,2079759.20084907,2339889.87344654
9913,2078227.74148491,2348012.66366044
9914,2079090.79242826,2345459.55255307
9915,2079048.50040163,2345222.39580376
9916,2078344.88375866,2348195.97677585
9917,2065698.83089704,2361293.96392199
9918,2064669.71304913,2361070.72288145
9919,2062918.83054682,2360264.15907366
9920,2066923.64836815,2363133.55798015
9921,2066844.42971827,2364101.57338959
9922,2067062.10715532,2366392.52123191
9923,2067056.90455204,2366908.48355675
9924,2067342.82473205,2367774.72290211
9925,2067661.62553276,2369896.92623819
9926,2067968.04342567,2370248.73665968
9927,2067940.67250844,2371466.97692665
9928,2067179.47422921,2372643.62136744
9929,2061812.5021503,2360763.68538814
9930,2062055.86120352,2360562.30436136
9931,2061841.61656864,2362185.90898354
9932,2061860.66778063,2362039.85989159
9933,2061715.02828894,2362705.78091084
9934,2061618.14332794,2363021.55940964
9935,2061305.52513113,2364469.56622127
9936,2062371.33670213,2369030.30419259
9937,2062225.93121059,2368826.00576397
9938,2062374.84090434,2369017.52138454
9939,2060166.69441415,2359994.79200407
9940,2060348.83422882,2359911.97065193
9941,2059971.58229131,2360010.38371389
9942,2059972.93879217,2359957.6653807
9943,2059512.2034021,2360119.89128283
9944,2057855.24525892,2362410.23912477
9945,2057672.0678436,2363087.0968509
9946,2053466.41099583,2369146.48786574
9947,2052638.57427464,2369762.76605373
9948,2053199.98252809,2369310.31776888
9949,2052219.07151053,2369845.38890574
9950,2051208.26237416,2373222.02863159
9951,2051147.52043591,2373388.48303638
9952,2057287.19210129,2355537.29179774
9953,2059869.16702683,2357270.28118879
9954,2056321.77549349,2355986.48738055
9955,2055891.8212228,2356927.96967328
9956,2056993.18561619,2359774.96946567
9957,2055990.09178467,2358172.59105686
9958,2056735.83595417,2360079.15685718
9959,2056628.89548684,2360580.46047279
9960,2051216.46327932,2355603.59323949
9961,2056595.08666556,2346130.62517555
9962,2051249.45510009,2355892.55972141
9963,2048672.21337752,2348919.59663142
9964,2048645.45856068,2347928.61500752
9965,2048634.30655366,2347535.82446023
9966,2048952.16345378,2346998.80952214
9967,2048740.02812022,2349643.25718702
9968,2048950.73895288,2352829.05229271
9969,2046283.95467394,2330774.15030752
9970,2045355.61928948,2332847.63651294
9971,2045112.66333653,2333238.33755891
9972,2044202.56856355,2346056.77212906
9973,2044209.02266762,2345830.4960866
9974,2044233.17888283,2345712.39541225
9975,2045385.27320816,2334110.96360829
9976,2044219.9571745,2346204.67012217
9977,2044219.87487445,2346192.33961441
9978,2041892.5018092,2334718.32299067
9979,2040186.37063506,2325854.7537104
9980,2040369.30915024,2324930.17172831
9981,2039941.37758082,2331069.75219363
9982,2041131.37903002,2330173.74852953
9983,2039486.37229436,2332924.74866148
9984,2039465.38238115,2334709.74838527
9985,2039535.37572521,2336137.7459843
9986,2039207.58101884,2338349.90107702
9987,2039408.19574514,2337153.01752349
9988,2039821.51430536,2339886.86974465
9989,2039730.2529479,2339769.69937088
9990,2039502.06270424,2338828.90627858
9991,2039430.55255922,2338793.84715651
9992,2039641.13089179,2339576.24764909
9993,2039635.14478803,2338906.93992771
9994,2040155.86071585,2341658.92796029
9995,2040055.11425243,2341586.88511494
9996,2040510.96263942,2342048.14300533
9997,2040469.21581313,2342174.73728503
9998,2040561.09207098,2343137.28989103
9999,2040476.64761781,2343618.07359372
10000,2040788.75321431,2344226.27737663
10001,2040096.80627868,2345143.10235384
10002,2039826.6673086,2345333.03557341
10003,2039134.99927315,2346355.89221738
10004,2038955.08595988,2346715.71754391
10005,2036616.7163877,2350844.8332435
10006,2037842.2989593,2348852.3827891
10007,2034880.71699476,2330420.60338494
10008,2036147.06929202,2328616.21974895
10009,2037589.38010007,2328031.75148098
10010,2034912.61891485,2330837.22574723
10011,2034702.64198265,2331289.72663212
10012,2110411.46954694,2401156.80511859
10013,2107419.56166331,2399855.16229911
10014,2051607.45952548,2397156.70470023
10015,2051616.14943095,2397161.32850314
10016,2052161.55217432,2396382.35971272
10017,2052219.38311073,2396276.18404588
10018,2049151.73917942,2399762.0691405
10019,2051461.80003378,2397209.25793332
10020,2053514.37342602,2359784.24157151
10021,2053486.34000837,2359576.16124051
10022,2055796.62216287,2358038.04937216
10023,2053710.01194919,2362089.05282256
10024,2053566.29115871,2361867.2171829
10025,2042927.810561,2391670.06044598
10026,2043339.68752031,2390766.53947715
10027,2044379.68077506,2389685.86339679
10028,2044647.47254366,2389787.51206078
10029,2047031.04634429,2388280.66681211
10030,2046655.55270789,2388229.39317983
10031,2057067.01866267,2391531.81745895
10032,2057362.61164877,2391445.60640467
10033,2053291.97558601,2388334.25064585
10034,2052951.22707148,2385916.65482379
10035,2091720.06727932,2403530.77321318
10036,2091713.06577491,2403499.59459355
10037,2106292.77435391,2400348.00750939
10038,2107421.02546423,2401279.2810957
10039,2120040.92900939,2320308.90071888
10040,2118849.83755951,2319691.73363033
10041,2134515.92652247,2322823.20100181
10042,2133053.90930202,2322947.31567995
10043,2036384.56084154,2320692.35206029
10044,2036446.94588082,2320634.8654241
10045,2034670.05656214,2322404.30153809
10046,2036299.64168808,2320804.73713104
10047,2033746.37328061,2323746.32748299
10048,2036861.15594159,2322428.69675344
10049,2036958.95590317,2322404.56893826
10050,2036115.50157215,2322679.33591124
10051,2033676.10613637,2324700.03118342
10052,2035758.53764741,2322695.1563212
10053,2037484.37643396,2322985.32480388
10054,2037566.37828558,2322776.74957257
10055,2034669.11496154,2326662.06481866
10056,2035969.86518046,2325031.13799187
10057,2033198.86053591,2329490.29549924
10058,2034328.42734706,2327251.80438995
10059,2036691.01863448,2324930.22022834
10060,2036834.27002467,2324658.5541573
10061,2036120.96257559,2327165.05023533
10062,2034183.01285551,2329099.53805323
10063,2034935.75472941,2327721.92808592
10064,2034540.56338061,2327083.40548393
10065,2038255.40331938,2324175.40565313
10066,2037577.10699234,2325626.06026642
10067,2038329.32086591,2323461.16260346
10068,2038866.85860433,2325253.44023183
10069,2039253.0977475,2324288.98172463
10070,2035737.17693397,2332181.67809366
10071,2035236.04891847,2333525.94743998
10072,2033393.54745848,2332006.76238354
10073,2033124.97058939,2332181.21969338
10074,2032304.96597314,2334393.89228642
10075,2030880.05217605,2335834.95479367
10076,2033136.97969695,2331532.60488502
10077,2033859.72995198,2329556.10384067
10078,2033487.6052177,2330155.94171832
10079,2033444.26589041,2330210.5655527
10080,2034623.39713276,2329803.15689621
10081,2037617.53071779,2329439.47266725
10082,2037603.94660924,2329295.38037653
10083,2037668.82495008,2331790.33914729
10084,2036861.0113415,2333558.58186053
10085,2035824.52688896,2335254.91232849
10086,2036704.2364428,2333773.6023959
10087,2038000.57585894,2331097.54091112
10088,2035622.63056185,2334829.85176088
10089,2035305.68986231,2333743.33267684
10090,2036436.66357435,2330954.11712082
10091,2038464.25395086,2330087.63587531
10092,2039212.7547221,2327683.33656163
10093,2039255.37014893,2327107.75279926
10094,2039517.11871372,2330531.32575465
10095,2039751.17716108,2331060.40448774
10096,2039761.95246786,2328935.47464994
10097,2038133.18614243,2331498.7282637
10098,2038895.48302235,2333650.55341843
10099,2039101.75245222,2333318.94760966
10100,2039312.70268502,2333026.08122528
10101,2036529.92983307,2335300.83655741
10102,2036923.20248066,2334592.74501161
10103,2038305.14395069,2335922.17864859
10104,2039105.8571548,2334833.03026289
10105,2035883.75922625,2336524.08292753
10106,2038016.40556891,2336395.96124687
10107,2036570.43055856,2339084.77703968
10108,2036426.55946799,2337371.68156116
10109,2038923.93304026,2338814.44936948
10110,2039079.98093851,2338514.45818062
10111,2038021.48857211,2339727.92084458
10112,2035915.26114608,2344091.71619191
10113,2035028.29658768,2345716.62681491
10114,2038632.30125666,2340575.13197796
10115,2036104.11316498,2346786.45108845
10116,2037985.63174954,2339715.65763686
10117,2037484.67583415,2339607.93156904
10118,2035849.85900491,2340926.58699923
10119,2039425.16655583,2340625.92220994
10120,2039453.45937364,2340559.302668
10121,2039302.6501787,2341112.42611623
10122,2038860.02130003,2342141.09116385
10123,2038672.73498212,2343375.94084128
10124,2039748.09295914,2341242.33919802
10125,2041063.13728705,2344429.59910463
10126,2040985.79883836,2346735.10035612
10127,2041124.29972556,2348449.28373532
10128,2041230.41869237,2348559.83500492
10129,2042749.77344891,2343453.26158996
10130,2041807.61075575,2347395.02817159
10131,2041681.14687613,2347864.54466718
10132,2036089.83345599,2347911.2668966
10133,2038272.58353019,2346925.00177567
10134,2038750.13073085,2346438.26526924
10135,2038664.14527671,2346301.31158301
10136,2038610.9118432,2345184.87518014
10137,2042457.70936504,2340558.55926753
10138,2040566.54057441,2341148.93523921
10139,2042094.47773636,2339303.3856773
10140,2040575.34517995,2341077.09969399
10141,2041048.2810777,2336866.35354301
10142,2039242.21804065,2338512.87447962
10143,2039991.36611229,2336135.43588285
10144,2039814.09460069,2336154.18539465
10145,2041088.48320301,2334826.23975861
10146,2041564.85950292,2335240.00661911
10147,2041283.3715257,2331078.65569923
10148,2042856.5000161,2332337.34019167
10149,2064269.53959719,2367167.23861965
10150,2073882.80084945,2366241.91593709
10151,2074563.19837781,2364796.22362692
10152,2072808.86487333,2368954.27874473
10153,2072314.93126236,2369593.91704743
10154,2071679.76316248,2358884.403705
10155,2071623.416727,2358861.02529028
10156,2072211.22659707,2359292.53026194
10157,2075287.35953372,2337664.69134563
10158,2075219.69349112,2337319.72842845
10159,2075204.79258174,2338425.03632432
10160,2076146.25347446,2338356.17598097
10161,2076161.2489839,2338224.93309834
10162,2076057.75401874,2338918.512835
10163,2079060.09670894,2339771.68177213
10164,2079106.83993836,2339667.70280667
10165,2078752.22421511,2340534.10845214
10166,2081399.59708183,2340812.34992731
10167,2081292.44811437,2340621.14630693
10168,2081458.85561913,2342755.34985057
10169,2084052.72085216,2344940.28522615
10170,2084059.73785658,2344857.27867389
10171,2084129.43030046,2345988.33028597
10172,2082372.61049441,2351035.81446373
10173,2084402.79667256,2343793.97950446
10174,2084294.97810468,2343796.35430596
10175,2084531.13975336,2343850.30363992
10176,2084794.02741887,2342114.83064732
10177,2084722.01507353,2342129.65325665
10178,2085323.65475231,2342519.75300224
10179,2086865.72142315,2353580.58586585
10180,2088022.97435173,2350360.31773846
10181,2086278.49975345,2354445.99091069
10182,2089825.68598667,2354967.44723899
10183,2090626.52159085,2354710.83207743
10184,2089753.75254138,2355085.66581341
10185,2088985.959858,2356793.50288862
10186,2089666.09618619,2357948.24381562
10187,2096077.2596225,2357043.59884608
10188,2095755.87732016,2355130.24024148
10189,2096041.67550009,2357219.67755693
10190,2095905.2467142,2357779.50070938
10191,2096296.02126022,2359101.18324148
10192,2105352.40926189,2359554.92102714
10193,2105387.08408371,2358652.94555928
10194,2105832.99556445,2360430.73347853
10195,2106142.40955925,2361197.57966131
10196,2106486.96157617,2361660.62445283
10197,2111066.71215946,2363561.81014977
10198,2110403.48024191,2361043.013764
10199,2111832.96634187,2364530.63945972
10200,2112251.27450523,2364748.44499684
10201,2113660.39629237,2362965.21677417
10202,2112006.85035134,2365286.15503537
10203,2113531.82051143,2368563.73729885
10204,2114067.49574867,2369505.29629163
10205,2113721.753231,2369177.53658528
10206,2116976.59858017,2370902.20437109
10207,2113422.67334271,2369442.1828519
10208,2113521.96790522,2369161.62487527
10209,2112903.18161565,2370280.43637964
10210,2120875.6451349,2365883.2683113
10211,2120936.85717344,2365804.67606182
10212,2120583.78335116,2366272.23165618
10213,2120559.20563568,2366454.06397066
10214,2120739.26494904,2366653.154296
10215,2122035.81246532,2366454.26577078
10216,2122126.26862226,2366102.10124907
10217,2122235.81079123,2366581.5184509
10218,2125327.77483785,2365818.01907022
10219,2125122.55290865,2365709.56390194
10220,2125451.83951596,2365916.87003245
10221,2123689.24630627,2370143.74849359
10222,2123699.09141247,2370215.34753866
10223,2123753.12124649,2370321.02670519
10224,2123894.90973575,2369855.66981222
10225,2123895.02143582,2369861.70661602
10226,2124064.64554261,2369634.93187325
10227,2124280.66227861,2369677.27569991
10228,2123642.2753767,2370119.51757833
10229,2123647.52068001,2370115.10207555
10230,2122796.00784392,2369747.65954422
10231,2122618.46393214,2369745.43354282
10232,2122484.6636479,2370154.51750037
10233,2122510.14236394,2370435.67427737
10234,2121396.43116278,2370677.21672944
10235,2121504.1624306,2370861.89214571
10236,2121205.91674284,2370251.37226134
10237,2121300.93540266,2377443.87138955
10238,2121389.64805851,2377575.29137229
10239,2121100.20367628,2377328.70151704
10240,2121068.1395561,2377024.43842549
10241,2121272.67388486,2376587.47765039
10242,2112183.2495624,2394003.76371522
10243,2112202.48187451,2393916.13856005
10244,2111939.9104092,2394228.10215646
10245,2117218.43793242,2390415.69365627
10246,2116917.4012429,2390330.71150276
10247,2116082.73941742,2389916.96674228
10248,2117912.72416953,2390630.25929135
10249,2118654.51763654,2382912.23573229
10250,2118160.60202559,2382368.61359004
10251,2118964.29173157,2383411.88714685
10252,2119427.72092333,2380970.98981013
10253,2118152.83302069,2381130.0921103
10254,2117954.47569581,2381266.35909609
10255,2118448.15860662,2380077.83324782
10256,2118024.42753986,2380143.25588901
10257,2119206.39658399,2379897.92753456
10258,2119042.16138059,2379625.51146305
10259,2111162.68311988,2371487.26633943
10260,2110432.88936042,2373344.49480869
10261,2111503.96923475,2371165.33943675
10262,2111549.60776348,2370936.24899252
10263,2110629.76638437,2369523.29910297
10264,2104474.16410897,2369156.52937206
10265,2103142.34737049,2367147.31160711
10266,2100360.9581194,2364300.95311511
10267,2100309.10818676,2364337.08993787
10268,2100659.12760712,2363998.29222457
10269,2093704.58932872,2362787.98866259
10270,2094197.44193901,2363167.83190173
10271,2093478.78008656,2361002.06343822
10272,2093924.88786742,2360665.94622661
10273,2092923.28083683,2363249.29215302
10274,2093429.9275558,2363883.70085242
10275,2092916.42183251,2363244.6547501
10276,2092223.04679598,2360689.45214141
10277,2093262.93785067,2364116.25449883
10278,2090994.45132249,2363884.42715288
10279,2079897.70583627,2364400.23987762
10280,2081047.55356019,2365683.67768564
10281,2079923.90185276,2363778.55918623
10282,2079900.65403813,2363729.7412555
10283,2080171.12490841,2363147.08038867
10284,2060176.70432045,2380240.68015035
10285,2061196.60406255,2382466.96105196
10286,2060126.4361888,2379258.63533208
10287,2055030.7622807,2388603.27841522
10288,2055155.26205908,2388043.20446261
10289,2055480.71296398,2387914.75858174
10290,2055682.29189089,2386853.23031344
10291,2054998.87766063,2388700.64967652
10292,2054880.79408628,2388912.35690981
10293,2054915.96870843,2389070.51470938
10294,2056473.13428878,2393931.47116971
10295,2056504.34460843,2393884.31254002
10296,2056308.21488495,2394419.44167692
10297,2056410.12504911,2393855.88522212
10298,2056233.80483811,2393611.35896817
10299,2058187.77016827,2392926.9687373
10300,2057567.37887769,2393691.75521879
10301,2057459.74380992,2393891.13244431
10302,2057392.43936755,2394442.95139172
10303,2058540.37439026,2393572.75134387
10304,2058737.94591464,2393015.46259301
10305,2058533.36888585,2393985.74980388
10306,2058605.02153096,2396167.22517728
10307,2058516.36737515,2394350.01433321
10308,2057731.76438118,2395095.44590252
10309,2058248.67760662,2394640.12351586
10310,2057496.16783286,2395134.42682706
10311,2057657.97513473,2395154.8258399
10312,2057886.69467872,2394710.82646037
10313,2057348.44393985,2394727.98967118
10314,2058609.07433351,2393575.77294577
10315,2058610.10203416,2393577.31364674
10316,2059118.69695436,2393859.69112452
10317,2064387.10827121,2389075.76151268
10318,2063453.35248334,2389401.2525176
10319,2054908.00860342,2394633.01291138
10320,2056689.43972496,2397136.25358736
10321,2056748.37506206,2397240.74385314
10322,2058694.37448721,2396190.74809209
10323,2057429.95759117,2396246.17032698
10324,2057602.37189972,2396694.7498094
10325,2056772.14887703,2396050.25280364
10326,2056203.88511927,2396091.0153293
10327,2055936.91705119,2396110.76974174
10328,2056027.89620847,2395568.08580008
10329,2056191.31721136,2395573.02870319
10330,2054495.6312438,2397506.5775205
10331,2054593.81230561,2397692.5801376
10332,2054564.37878708,2397716.74195282
10333,2052467.08946668,2397158.22590119
10334,2049805.42099096,2392291.31923711
10335,2050363.53004234,2393261.25244776
10336,2051465.0177358,2391645.65663062
10337,2051274.48241585,2391959.51392822
10338,2051008.78104857,2390104.52666037
10339,2051392.93299042,2391421.68728961
10340,2051399.07369429,2391425.16699181
10341,2052880.91192721,2391728.2233826
10342,2052906.38004325,2392026.94777067
10343,2051983.64306232,2393697.30592228
10344,2053415.59946384,2395365.02047223
10345,2053626.07549635,2400387.50723426
10346,2054473.46112984,2400139.40737806
10347,2052056.44660815,2400441.65426835
10348,2052096.59973343,2400767.16577328
10349,2052051.10950479,2400436.44356507
10350,2052342.53988827,2401502.80303642
10351,2052466.08946605,2399245.20511509
10352,2051071.38388798,2402301.75143942
10353,2051097.13330419,2402201.4953763
10354,2051708.46278907,2401745.60638928
10355,2050844.23264497,2402246.2841045
10356,2050945.37660865,2402343.74386585
10357,2050515.50233801,2401899.05758589
10358,2050516.00243833,2402843.31638037
10359,2050932.00470023,2402432.09422148
10360,2050325.91351865,2402754.14122423
10361,2051325.01494766,2402563.55740424
10362,2051358.36966866,2402546.75149366
10363,2051167.01074819,2402634.3369488
10364,2049936.74647364,2401911.50399373
10365,2050112.84098451,2402051.37068178
10366,2049923.40226524,2401864.26226399
10367,2049909.8400567,2401674.90274477
10368,2049930.95667,2401807.99082856
10369,2049795.82028492,2400161.17919177
10370,2048259.26521755,2401625.10801342
10371,2049897.73474908,2401910.27639295
10372,2047439.52020146,2402200.88277591
10373,2047799.48432808,2400610.30307453
10374,2047385.83646766,2399425.11752836
10375,2047800.04442843,2400530.96652458
10376,2044989.41315893,2396402.07822514
10377,2043423.91607334,2398100.96069471
10378,2042439.88055381,2397845.14563365
10379,2041583.25641451,2399020.37187355
10380,2041753.40232163,2398827.9514524
10381,2040540.74055817,2400235.30273844
10382,2042021.34609032,2398448.71161364
10383,2042022.73999119,2398439.76490801
10384,2041749.47281915,2398821.57104839
10385,2041818.61166268,2398662.7481484
10386,2039925.23587066,2400906.0182607
10387,2045715.38841599,2397369.75013436
10388,2042950.30037516,2398566.3390877
10389,2042952.29077641,2400750.43006274
10390,2042137.54106347,2401645.44412622
10391,2041648.39325551,2395797.05154423
10392,2044249.6483932,2394799.93571647
10393,2042952.2694764,2395479.59584437
10394,2043153.66360319,2396511.98429433
10395,2041985.30116762,2395633.85104148
10396,2040022.59993196,2396830.26379471
10397,2040657.10943143,2397643.36410662
10398,2039722.59734308,2398498.00864468
10399,2038496.46507114,2398653.57384262
10400,2037845.88466156,2398980.87574868
10401,2037498.56174289,2399925.56674343
10402,2039412.06784758,2399171.80646889
10403,2039145.18937956,2398381.40037127
10404,2039101.37775198,2398311.74862742
10405,2037128.27290976,2398995.86595812
10406,2037100.19679209,2398964.42603832
10407,2037222.39696902,2398735.16549399
10408,2037221.77666863,2398737.06009518
10409,2037110.03349828,2398950.84332977
10410,2038132.51314201,2397121.37967799
10411,2038629.03855461,2395567.77219988
10412,2037981.31664682,2396174.13098163
10413,2037665.45614796,2396327.08597792
10414,2037571.71148894,2396624.99716548
10415,2036362.50982766,2398542.03027239
10416,2036469.01769472,2398814.66294404
10417,2036217.95913665,2398757.2671079
10418,2036747.56227008,2397178.23371379
10419,2035816.51318391,2398579.63539607
10420,2037779.15621955,2396148.52946551
10421,2037126.22740848,2395393.99769048
10422,2038747.57982924,2394367.60884429
10423,2038257.29852057,2395241.8681947
10424,2041808.26995617,2392368.70748583
10425,2041875.27879836,2390847.09632787
10426,2041836.14517372,2389765.81844712
10427,2042084.88243032,2388953.27673557
10428,2043142.04999588,2388195.30365837
10429,2043465.0018992,2388807.48124378
10430,2043068.00194926,2389163.80346811
10431,2043167.79621209,2390001.79129568
10432,2040993.4824432,2391729.36248332
10433,2042487.94818408,2390514.73841862
10434,2042991.28020096,2392651.89216412
10435,2045653.05127674,2393467.85507783
10436,2045770.22115051,2393459.81017276
10437,2046557.62504624,2392443.27523278
10438,2045964.16037261,2393361.26101072
10439,2046987.13151664,2390624.86648796
10440,2047093.39398354,2390232.24354077
10441,2046739.51766075,2389821.08568192
10442,2046749.452167,2389842.32729529
10443,2047007.36342938,2390163.91169775
10444,2045727.1607234,2389467.55565934
10445,2045794.53076581,2389440.74304247
10446,2045986.5493867,2389561.62431857
10447,2046704.18693851,2389758.51824253
10448,2045979.06008199,2389543.39670709
10449,2045014.03417443,2391503.36174103
10450,2047286.14300489,2389645.7023715
10451,2048097.66961581,2390268.17076339
10452,2047951.63032386,2391280.78880091
10453,2045915.7028421,2393607.84436596
10454,2046149.5165893,2393641.98488746
10455,2049660.57149977,2394960.57781761
10456,2049435.13695784,2393688.45831671
10457,2049660.87739996,2395326.38274791
10458,2048600.2181322,2390361.78692233
10459,2048925.8278372,2392943.74634786
10460,2047993.53075024,2395113.66681399
10461,2045658.51398018,2400669.46071177
10462,2044900.68960308,2402001.29015025
10463,2044842.45646641,2402274.36302217
10464,2044975.58225022,2403240.50123043
10465,2044976.82565101,2403229.31152338
10466,2044897.44540103,2403065.65542035
10467,2044728.77169484,2402588.07631968
10468,2045338.1723785,2404083.244861
10469,2045381.55930582,2403816.75599322
10470,2044552.78858405,2402108.50511775
10471,2044571.22199565,2402214.17698428
10472,2042749.39424868,2402812.76046113
10473,2042271.32254769,2402879.40140309
10474,2042677.27480327,2403861.11092115
10475,2046111.42316532,2403505.54409729
10476,2047334.51723535,2402212.21478305
10477,2048532.28678943,2404048.39983906
10478,2049132.37446723,2404226.75025135
10479,2048549.46620025,2403978.33819495
10480,2048521.49428264,2404042.28583521
10481,2047620.17421519,2404401.45366133
10482,2047571.37338446,2404485.7430144
10483,2047093.7942838,2405332.16044728
10484,2047439.48800144,2404808.31771749
10485,2049181.05089788,2404002.75691032
10486,2049164.54898749,2403375.00321511
10487,2049160.37048486,2404016.75311914
10488,2049117.96255816,2404217.1460453
10489,2049090.36864078,2404198.75143372
10490,2049134.5527686,2404000.61960898
10491,2049060.10922173,2404205.65723807
10492,2046444.13477479,2405047.69166819
10493,2046466.59588893,2405105.30720446
10494,2046414.59735619,2404674.03083294
10495,2045431.47093724,2405322.10794095
10496,2046207.14642559,2405044.50096618
10497,2043195.96282982,2404735.51427165
10498,2044950.1218342,2407051.94543001
10499,2046527.09982702,2405117.83921235
10500,2046578.67035948,2405139.74822615
10501,2046338.09150802,2404589.71797986
10502,2049801.00128818,2405063.54157817
10503,2050099.81857631,2404153.50480523
10504,2049796.60138541,2405308.96293268
10505,2049704.47772741,2406161.52786943
10506,2049437.41855928,2405894.82270152
10507,2049453.86996964,2406283.84984644
10508,2046355.11601874,2407771.39478296
10509,2049102.98804873,2406590.87973974
10510,2128063.66776029,2334223.70717927
10511,2128173.1190292,2334169.18264495
10512,2127199.65771634,2334543.50568061
10513,2128739.5262858,2324040.46716817
10514,2128681.57414931,2324191.80556345
10515,2128637.90122182,2324376.37327965
10516,2073511.79871587,2318536.16520281
10517,2072626.39395845,2320988.1195465
10518,2069752.53764914,2311801.80646303
10519,2069830.147098,2312257.84505014
10520,2070121.23538126,2309774.21188651
10521,2089395.42711579,2319965.01910238
10522,2091267.90879465,2320246.17077938
10523,2088698.22087685,2319657.52330879
10524,2087505.60032601,2325813.59588449
10525,2087418.34347107,2325779.12286278
10526,2088016.33034755,2325780.76006382
10527,2078635.85054184,2330981.00383775
10528,2078689.05407534,2331149.51284384
10529,2078771.43772721,2331278.21372487
10530,2076711.02943002,2327691.10946652
10531,2075570.531012,2327102.8947962
10532,2077108.7190804,2327603.52231138
10533,2077091.01466925,2327601.33001
10534,2077536.41204967,2327301.18792104
10535,2075436.64422771,2326551.29474892
10536,2075257.11641468,2326557.90855309
10537,2075718.97970546,2326379.06684049
10538,2049199.87010973,2387383.47434726
10539,2049692.03051957,2386501.56569204
10540,2050132.49969688,2385955.51084825
10541,2050253.37097298,2385566.82670355
10542,2050816.82372772,2385242.20969918
10543,2050578.41787762,2384507.17743642
10544,2050799.29791668,2385393.84689465
10545,2050778.62420367,2385576.4369096
10546,2050766.84099625,2385610.35163095
10547,2050865.11635812,2386328.6912832
10548,2050879.19336698,2386247.70273221
10549,2050787.49340925,2386808.59878534
10550,2050771.6928993,2387127.67698622
10551,2050862.12915624,2387218.40644334
10552,2051375.80527963,2387280.54338246
10553,2051910.72431641,2387621.41609706
10554,2051949.01954052,2387634.40940524
10555,2051737.52780737,2388753.93461007
10556,2054781.35812368,2386418.33123963
10557,2054942.03282484,2386289.88905877
10558,2054688.27696508,2387379.58314481
10559,2055029.88108015,2385722.49310155
10560,2053675.37852739,2386145.74806802
10561,2053774.36928971,2386132.07765942
10562,2051252.55580204,2388180.1105488
10563,2050686.12634543,2387878.41495886
10564,2051094.83850275,2388762.91371572
10565,2050025.56102956,2389652.95417607
10566,2050253.7191732,2389476.16526476
10567,2051450.46152664,2385604.49832727
10568,2050772.86280004,2385723.29670206
10569,2051460.69753308,2386126.76285607
10570,2050272.83458523,2387088.0957613
10571,2055322.01446407,2394515.58443745
10572,2055110.36393082,2394600.87339115
10573,2055460.2586511,2393800.15678704
10574,2055234.0698087,2393613.59306958
10575,2055170.42376863,2393081.61863466
10576,2055163.56316431,2393230.91692866
10577,2055207.69139209,2392916.76783088
10578,2049433.1694566,2385816.62976082
10579,2049020.0222965,2385779.02503714
10580,2048996.14058146,2385751.37191973
10581,2048584.15302208,2397382.96784268
10582,2048412.0016137,2397710.0396486
10583,2048058.5783912,2397953.58720193
10584,2047936.38941427,2398096.37659182
10585,2049292.02766775,2397365.17753148
10586,2048219.34359241,2397832.80332588
10587,2049850.61081941,2397744.17357009
10588,2049445.16096415,2397446.3725826
10589,2075203.67938104,2321444.11813358
10590,2075591.76872537,2321964.44526116
10591,2073862.78733685,2320538.20326324
10592,2074927.06550689,2321394.94290262
10593,2075901.69722049,2322264.28634994
10594,2077540.12955201,2319896.30715912
10595,2078974.76155521,2316601.72408494
10596,2079290.10675374,2316738.45517102
10597,2078515.14616585,2316552.91585421
10598,2075034.39977447,2314968.40455664
10599,2075395.63860189,2315176.13388742
10600,2074111.78569361,2314434.44892048
10601,2120462.21137462,2320758.9221022
10602,2120461.7095743,2320676.35635022
10603,2120283.77616228,2321379.14809268
10604,2135912.24090155,2321676.12897965
10605,2135940.08811908,2321073.69630037
10606,2136159.08095695,2320789.53942147
10607,2135980.80204472,2322547.03472795
10608,2123492.94408269,2320804.87853113
10609,2123474.0623708,2320525.74245539
10610,2123405.83042784,2321126.22653344
10611,2106186.87198724,2400305.16878242
10612,2038622.56815054,2391461.03111438
10613,2038082.98201083,2393318.40468374
10614,2036118.96177433,2394519.62684
10615,2035634.84986955,2394637.60651427
10616,2034231.23538586,2395757.32171922
10617,2032216.98661775,2397008.33860682
10618,2033359.61743712,2396591.80674459
10619,2033609.11429419,2397282.13017919
10620,2040033.49683882,2390796.29849589
10621,2040234.66186547,2392186.45057109
10622,2034055.52317524,2397071.81224678
10623,2046612.15608057,2388631.09003273
10624,2051447.23652461,2387480.09660809
10625,2051573.37670402,2387535.41634292
10626,2046982.60441379,2387445.9560866
10627,2082090.67971691,2348912.64952704
10628,2037344.54784593,2327487.58403839
10629,2037841.37435871,2327905.74210165
10630,2132763.24711902,2323219.82685152
10631,2119250.69881188,2318809.23607473
10632,2119579.95621917,2319167.08380002
10633,2118794.82522488,2318389.42391043
10634,2086132.53746156,2326594.18447593
10635,2034830.20506296,2319170.56680221
10636,2035012.08387747,2319134.50977951
10637,2033071.98645603,2321582.47002068
10638,2034393.08198776,2320012.7111324
10639,2053606.11198378,2386115.48144897
10640,2049573.38134488,2403393.74562691
10641,2049545.38152725,2403253.74633877
10642,2049034.37820553,2403022.74969334
10643,2048418.37871772,2402784.7519435
10644,2046473.3750932,2398982.05684942
10645,2056373.8899263,2398442.31560962
10646,2056884.5625478,2397799.66090502
10647,2056869.57023837,2397180.75951537
10648,2056923.37557224,2397107.75186941
10649,2058920.16122936,2396010.70887874
10650,2058507.85756979,2393985.75280388
10651,2058202.24807739,2394232.36835914
10652,2043559.46365867,2392310.14054896
10653,2043312.09460294,2392306.77114684
10654,2057662.3877375,2391917.53900179
10655,2057718.62407291,2391922.3175048
10656,2058268.6627192,2391707.72116969
10657,2047778.56881491,2402551.31319653
10658,2051461.9901339,2394867.38365893
10659,2051955.32444449,2395339.26765602
10660,2052324.38117683,2395784.75093648
10661,2051508.20526299,2392042.07008019
10662,2050621.7432049,2390752.46766829
10663,2051301.20543267,2391994.4389502
10664,2050039.62033841,2390412.07545399
10665,2050516.2748385,2390649.72820361
10666,2040053.94025169,2326303.31949281
10667,2033418.41947414,2322069.85112753
10668,2034651.77505063,2320527.28645637
10669,2031866.59649715,2324392.63008989
10670,2037590.02840047,2328626.54695545
10671,2053483.0452063,2359800.62198183
10672,2053231.32284782,2359804.074884
10673,2122585.43231134,2369853.14541063
10674,2085869.4021959,2365008.65876067
10675,2057679.25254812,2390747.14356494
10676,2057678.51784766,2390759.26467257
10677,2057619.27591036,2389733.41692672
10678,2057632.27551854,2390957.08359711
10679,2056759.43886903,2392932.97304108
10680,2058189.64356945,2394311.01160866
10681,2058220.75118903,2396783.25406512
10682,2058152.21544589,2396751.47044511
10683,2058211.20738303,2396778.82186233
10684,2056929.60957617,2397028.29211939
10685,2056723.04424612,2397405.35605678
10686,2054407.80828851,2397684.10903227
10687,2050575.88987603,2393702.98562586
10688,2050575.16427558,2393734.58884576
10689,2050698.34965313,2393873.25233306
10690,2050796.631915,2394017.33242377
10691,2047051.40345711,2394143.16230298
10692,2048247.05730986,2393896.98044799
10693,2049472.2372812,2403369.09001138
10694,2053710.31644938,2386241.87112854
10695,2054616.1906197,2387805.46861294
10696,2053308.1597962,2386593.33084981
10697,2053494.05061323,2386124.32785454
10698,2053138.01488908,2386756.30795242
10699,2134648.79040612,2322349.75490374
10700,2052324.59267697,2395824.91916177
10701,2039015.88979816,2398356.97995589
10702,2039110.67285783,2398093.80999021
10703,2051391.90638977,2402589.8573208
10704,2040326.37262321,2392214.75408891
10705,2061949.37773648,2361757.74701398
10706,2055873.37541119,2357977.7529342
10707,2039185.37670486,2338461.75154743
10708,2039190.22650792,2338437.13033193
10709,2040536.37795542,2341114.75021769
10710,2039871.37743675,2341107.75051329
10711,2039843.37351912,2340939.75260752
10712,2039619.3769781,2340379.74165495
10713,2038947.37555502,2346805.7495006
10714,2036791.37529766,2323943.75390729
10715,2037486.47233528,2323156.87871189
10716,2034523.37596979,2326981.75551993
10717,2034579.37840505,2326869.74834941
10718,2046843.37912614,2327541.74377248
10719,2045597.37254169,2326995.74332874
10720,2045632.37736373,2326778.75039212
10721,2048313.38005161,2353609.75168422
10722,2048831.37577773,2352853.75590826
10723,2113581.24854254,2368659.7473593
10724,2049055.37241875,2393341.75449844
10725,2044792.37903488,2402406.74590552
10726,2050735.37197644,2385669.74946835
10727,2120303.19347451,2320341.00563909
10728,2034929.3762254,2319813.74120714
10729,2044524.99316654,2389862.62700807
10730,2044486.83164252,2389579.70932995
10731,2045180.97507953,2388256.44089686
10732,2045010.169072,2388756.67191179
10733,2055680.26948961,2382393.55690574
10734,2056247.98444703,2385196.78557058
10735,2065319.01595791,2379825.51648897
10736,2065553.15350532,2380143.34318907
10737,2065280.96653396,2379372.01170346
10738,2065057.65179337,2378955.35324114
10739,2064182.30004227,2378217.04977632
10740,2063632.43179609,2377232.16005626
10741,2065929.7279424,2380212.13963238
10742,2065982.59147568,2379885.13602651
10743,2066315.75408543,2379563.45202398
10744,2066622.97127885,2379245.92242407
10745,2067064.48145681,2378399.3513911
10746,2067326.40572171,2378028.96925791
10747,2063923.70167946,2382111.01652786
10748,2052326.19267797,2386771.74506213
10749,2052359.88659919,2386338.24568921
10750,2053600.00347993,2386052.53590934
10751,2046965.29710289,2397838.50032947
10752,2047318.25872511,2398023.63004602
10753,2055177.45797306,2385556.98309735
10754,2051382.12798362,2384508.87043749
10755,2049770.39036891,2381447.58641018
10756,2050613.55109974,2384464.5699096
10757,2050066.05445505,2381256.00548957
10758,2051403.51409708,2381940.06282023
10759,2055605.93634282,2385369.23177915
10760,2033585.85237955,2334234.62578615
10761,2048545.29439762,2399428.85853072
10762,2070378.7671434,2315005.83388021
10763,2044793.12133535,2410885.91354378
10764,2044038.06395999,2410845.80191853
10765,2043965.32431419,2410322.69708919
10766,2043993.99333224,2410409.94454412
10767,2043698.10654596,2410517.96741213
10768,2043491.45181585,2410228.84823011
10769,2043227.18464948,2410509.71550694
10770,2043696.54264497,2410668.57480695
10771,2043376.87084372,2410121.00606221
10772,2043364.37483585,2410092.74864442
10773,2045458.48665425,2409335.79396787
10774,2044042.95956307,2408973.83603998
10775,2043364.96063622,2408348.02654599
10776,2043281.94908396,2408492.2717368
10777,2042873.15162659,2407578.73586167
10778,2043366.13093696,2408345.47054438
10779,2043401.45555919,2408819.11814258
10780,2043217.57584343,2408575.53338922
10781,2043174.47361629,2408710.44957417
10782,2043428.69907635,2406308.8794622
10783,2041220.38868605,2407388.30104177
10784,2041911.14302094,2407318.30689771
10785,2042101.49604078,2407406.94345351
10786,2040887.31857636,2406243.53522106
10787,2040584.1603855,2405104.20970377
10788,2040371.46565159,2404731.300969
10789,2040554.3063667,2404258.78827151
10790,2040712.84326652,2403885.70133663
10791,2041112.15261791,2407759.09927522
10792,2040730.51417764,2409139.58184434
10793,2041201.46477414,2408278.77640239
10794,2037957.83063203,2407572.68975786
10795,2040942.96331139,2407737.1419614
10796,2039909.55596079,2402759.32012749
10797,2039433.51556109,2404140.80479724
10798,2039565.93274445,2404163.41601147
10799,2043126.75758625,2408717.87387884
10800,2041892.32510909,2408990.44585044
10801,2041608.00423009,2409915.03263254
10802,2042321.67707939,2410214.23262091
10803,2041871.43069593,2411515.96364044
10804,2041898.66081307,2411531.27055008
10805,2041164.74785102,2411040.34594101
10806,2045821.1900826,2406972.39087993
10807,2044165.4639402,2408540.65486727
10808,2041061.37708594,2407817.74311214
10809,2033489.49211888,2317766.94831853
10810,2033371.10314435,2317215.78187153
10811,2033882.71586645,2317750.47810816
10812,2033873.97956095,2318561.7291189
10813,2034386.66368372,2317973.03584828
10814,2033253.54327034,2319211.61332805
10815,2034463.59453215,2317802.85264114
10816,2004931.09583927,2362526.50089797
10817,2005016.99599335,2362133.75975071
10818,2004966.79866175,2363454.3219821
10819,2004961.71335855,2363325.94430128
10820,2004919.80813216,2366366.25851538
10821,2004784.76274714,2366560.68973779
10822,2003532.20625857,2366905.98875518
10823,2003286.8539041,2367801.56781901
10824,2003411.62348265,2367252.4552733
10825,2002831.25701727,2368329.10365113
10826,2002352.80871605,2369109.8995427
10827,2002323.37469752,2369163.75267661
10828,2002353.67551659,2369234.52332116
10829,2005196.8759066,2361061.95417593
10830,2002892.10105557,2362168.33527247
10831,2002925.05537632,2361896.53780136
10832,1997500.03086087,2365559.81740766
10833,1999162.26010736,2364860.23506722
10834,1996823.25603479,2366753.72385931
10835,1996431.78858833,2366872.13813386
10836,1995168.65609309,2367296.455001
10837,1994935.52074632,2367290.16909705
10838,1992723.31445357,2369832.87139786
10839,1992920.72957786,2369895.20473711
10840,1992437.33617353,2370128.10258373
10841,1992296.45788483,2370924.06118485
10842,1991894.80683197,2372008.59466764
10843,1990819.56135502,2373395.11174056
10844,1991255.46712945,2373144.49818278
10845,1990345.20075637,2373785.88468658
10846,1989937.54309972,2375585.74781972
10847,1990339.38025271,2373824.45891086
10848,1989532.74254487,2378670.77326198
10849,1989124.53258787,2379034.35389088
10850,1987566.66590708,2381094.8340881
10851,1987566.0615067,2381089.73238489
10852,1987247.12720591,2381251.98458704
10853,1985916.93516846,2382759.66193623
10854,1990033.33876003,2370537.04584119
10855,1990534.19007536,2369909.4911461
10856,1988458.5617686,2372376.88689951
10857,1988399.93813169,2372242.53371492
10858,1988969.05278999,2369187.17609135
10859,1989390.47865531,2369876.71532547
10860,1988578.58814416,2369801.35647802
10861,1984201.34538836,2370388.02664738
10862,1987331.98905934,2370021.82061682
10863,1982960.69740729,2371857.89917277
10864,1982423.10696883,2373062.64683125
10865,1982379.87334162,2373625.0191853
10866,1982471.85349952,2373284.3069708
10867,1982472.03659964,2373850.15462704
10868,1982502.03011852,2373974.33660522
10869,1982357.15352731,2375282.07122854
10870,1978571.49214396,2384216.04705313
10871,1977905.24742451,2386367.56890767
10872,1978190.44050406,2385221.08528588
10873,1977722.14140923,2385296.47693334
10874,1977565.67411072,2385236.90459584
10875,1976537.3295633,2385836.7709735
10876,1975507.62401503,2386650.36768572
10877,1975331.62720422,2387410.43336423
10878,1975131.78917841,2389652.47447577
10879,1975439.73657229,2387922.56608666
10880,1975445.3195758,2387912.90708058
10881,1975339.28520904,2387719.07895855
10882,1975355.12231902,2387721.72436022
10883,1975472.77069309,2391473.36832215
10884,1974772.54845224,2390464.86328722
10885,1982116.89427605,2374309.55171626
10886,1982293.39618717,2373924.8959741
10887,1982148.96629624,2374376.13305818
10888,1981622.78166497,2374891.14268242
10889,1982062.62884188,2374377.2790589
10890,1981011.17647992,2376377.81821839
10891,1980893.65080593,2376706.54412535
10892,1980947.84794005,2376519.8420078
10893,1980661.51545978,2377333.02751977
10894,1980804.86765003,2376955.57398213
10895,1979986.82043501,2378861.2509819
10896,1980052.49197636,2378809.74314947
10897,1979917.73829152,2378896.00040377
10898,1979997.89784199,2379147.03196182
10899,1979962.20151951,2379283.07824747
10900,1978170.20419132,2380518.091425
10901,1979926.7614972,2379279.06434494
10902,1978210.27361654,2381448.57921081
10903,1977908.8962268,2382159.96715868
10904,1976599.31490233,2382857.89209807
10905,1975605.19577646,2383297.56467488
10906,1973960.00314068,2384369.94485002
10907,1975163.80519857,2383459.2893767
10908,1975529.75032896,2383306.84548072
10909,1971584.00144482,2387848.89124028
10910,1972673.17703053,2386004.21067891
10911,1970429.51371798,2389882.53742061
10912,1971081.27882832,2388919.6577144
10913,1969710.68426543,2389799.53406835
10914,1969431.92648993,2390384.53503665
10915,1968960.49729313,2390710.10934162
10916,1964637.67067159,2396233.99951932
10917,1964605.78305152,2396186.11428917
10918,1963954.46714146,2396426.55804055
10919,1964456.70945766,2396570.00643086
10920,1962085.18486461,2398057.09506709
10921,1963871.65668933,2396645.40707833
10922,1961956.06118332,2400001.5935913
10923,1972745.73357621,2384873.35246696
10924,1972815.40942008,2385005.30655003
10925,1971505.8276956,2384917.95059503
10926,1970168.2586535,2383794.90128799
10927,1969440.13289509,2384174.71752711
10928,1968379.59092741,2384509.54453791
10929,1969085.88607207,2384322.26952001
10930,1967910.98443238,2384832.53134126
10931,1967117.76043299,2384153.92611402
10932,1966630.67022633,2382968.34966762
10933,1966560.37308208,2382764.74883943
10934,1966416.9873918,2382767.62604125
10935,1966524.65735959,2382774.41854552
10936,1966238.74297958,2382319.86595935
10937,1966104.5517951,2381772.61861482
10938,1981353.25289528,2371475.90923228
10939,1980440.89872089,2371366.12926316
10940,1979989.04243641,2371081.03438368
10941,1979794.17141372,2370641.2433068
10942,1979762.93139406,2370608.91688644
10943,1979882.89446958,2370273.21177509
10944,1979831.85183745,2370577.10186641
10945,1976349.30394493,2370118.12787746
10946,1953736.84000871,2391243.07697717
10947,1953864.06068881,2391405.50487943
10948,1958104.09805823,2388111.52000562
10949,1956924.33501548,2388560.59888835
10950,1956508.72745382,2388777.70182503
10951,1966108.13529736,2399331.48656942
10952,1965897.67186486,2398573.21899203
10953,1966201.62075621,2395328.111249
10954,1966059.1159665,2394777.95820263
10955,1965239.86325071,2393701.06972465
10956,1956401.7924865,2388535.85307277
10957,1956981.64415156,2387727.66396395
10958,1983469.3220275,2385902.78931506
10959,1983892.44689389,2384448.75379964
10960,1983658.82674681,2386214.20691112
10961,1983258.0692945,2387314.54260387
10962,1983836.83835888,2387802.10251082
10963,1983002.71283374,2390594.23086867
10964,1982963.5779091,2390673.83401879
10965,1982827.07892316,2391084.77797751
10966,1982943.15289624,2388157.17423436
10967,1983764.92941361,2384417.95218025
10968,1983102.72999671,2382658.07647228
10969,1982770.45418751,2385048.01427692
10970,1982319.51360361,2386021.51828981
10971,1958079.89274299,2390525.74112555
10972,1958080.35144328,2390521.45442285
10973,1957894.98552657,2390713.69394388
10974,1958431.68746447,2390071.19143938
10975,1958478.84889416,2390070.21763876
10976,1957745.21463228,2390999.68252393
10977,1958298.97788092,2390160.89039585
10978,1956840.27356255,2392579.25451839
10979,1957513.48048639,2391380.61236376
10980,1956588.85470427,2392865.25949845
10981,1956212.85626755,2393480.75528595
10982,1955821.11682092,2393725.07413977
10983,1955134.44498861,2394563.61326769
10984,1955104.64986985,2394648.32402102
10985,1955271.01357459,2397361.3988291
10986,1953950.08004297,2396155.04706961
10987,1953952.10274424,2396150.48896674
10988,1953967.52785395,2395927.18752616
10989,1954016.98548509,2395887.20100098
10990,1956722.98288871,2391283.77830279
10991,1957470.30245921,2391306.01691679
10992,1956634.82633321,2391231.86477011
10993,1956622.12822521,2394936.46160242
10994,1956306.22722633,2393964.50829051
10995,1956170.78154106,2393873.90553347
10996,1954021.64278802,2393469.36067878
10997,1954741.65984132,2394691.46494818
10998,1954047.38880423,2392908.24012551
10999,1952433.97648847,2395500.09905728
11000,1953912.61091937,2395656.76855591
11001,1955127.17028403,2388168.0373412
11002,1955456.12879113,2388163.52443836
11003,1954972.77588683,2388418.36999881
11004,1954878.01022717,2388914.07161089
11005,1954686.24340643,2389331.76537386
11006,1954189.25299354,2389419.361729
11007,1953764.21622595,2390344.32891134
11008,1953233.21929165,2390713.58434381
11009,1952843.32404618,2391312.24912072
11010,1952030.96433474,2392012.52266159
11011,1951673.55910973,2392506.0439723
11012,1951703.84332879,2394357.24993777
11013,1952231.67916111,2393187.02600102
11014,1953858.24348515,2389098.39732693
11015,2003259.75978704,2363919.94027524
11016,2005001.43958356,2362703.95180969
11017,2005141.55277177,2367960.01321876
11018,2004666.86567292,2368667.74166433
11019,2001623.86245712,2369202.3437009
11020,2001684.78159548,2369149.71286777
11021,2001467.77995886,2369269.44774315
11022,2001878.26021729,2369079.29922344
11023,2002236.57504287,2369174.34558327
11024,1999969.07071531,2374210.0138536
11025,2001092.61872267,2372176.64697344
11026,1999702.60034755,2374427.7816907
11027,2001320.19576594,2369619.32086342
11028,2001369.78849716,2369688.04960669
11029,2001018.00457569,2369430.66404465
11030,2000846.91816798,2369377.33301107
11031,2000090.12919153,2370145.12719445
11032,1999905.17097508,2371047.59296262
11033,1999669.98172701,2371884.11698928
11034,1998963.34628213,2373043.64501928
11035,1998944.42067022,2373075.67253945
11036,1997949.51454385,2374298.9611096
11037,1994519.43808436,2373370.7109252
11038,1996328.29062317,2372866.13410753
11039,1996635.06121631,2372740.15102821
11040,1996643.34322152,2372740.63482852
11041,1997156.40014452,2371724.25008863
11042,1997281.70112341,2371740.34109876
11043,1997018.89035795,2371924.6657148
11044,1994652.37886806,2373400.67704406
11045,1995014.94229632,2373184.61250803
11046,1994370.57039064,2375781.47974295
11047,1994155.72605538,2376335.72589189
11048,1994068.33000036,2378908.24271148
11049,1994203.97208576,2377354.00213297
11050,1996408.8735739,2375602.3841302
11051,1993100.95619133,2377302.18640035
11052,1994080.3083079,2376551.21452756
11053,1992858.72953883,2377428.44167984
11054,1998632.5980739,2370446.49388419
11055,1998167.88218133,2370378.75014153
11056,2000712.2643832,2369166.95537862
11057,2001131.69994727,2368087.35109893
11058,2001538.00370307,2367578.51457858
11059,2001585.29343284,2366042.8989118
11060,1997468.41174096,2369494.53578486
11061,2001359.48689068,2364268.07159441
11062,2001249.25262128,2364339.39083931
11063,2000421.20289996,2366821.77640216
11064,2000770.41571981,2366911.76375881
11065,2001411.56182346,2372213.57579669
11066,2001327.32657043,2372058.93129933
11067,2001470.01106026,2374158.13052093
11068,2001690.35329898,2372726.74511977
11069,2001540.82770485,2372454.24054821
11070,2001691.50189971,2372718.64041467
11071,2001629.26476052,2372543.83430462
11072,2001539.91740428,2375764.31633215
11073,2000544.44947755,2376704.36132397
11074,2000433.53500772,2377831.28373346
11075,2001121.59284091,2375492.00446071
11076,2002818.93840951,2370244.45585699
11077,2002980.25081107,2370088.76255897
11078,2002942.6493874,2370033.80502437
11079,2003907.64429493,2369297.37376073
11080,2003583.0872906,2367284.6924936
11081,2003384.92226584,2365710.41050247
11082,2002876.75314591,2362275.41603989
11083,2002435.93266838,2362521.07819455
11084,2002151.6340894,2365137.17214158
11085,1998608.68175884,2367537.0837525
11086,1998240.02442675,2367923.56519582
11087,1997885.08970329,2368435.40821806
11088,1996969.97412716,2368600.13362177
11089,1996276.11669032,2368992.90796905
11090,1995110.64835658,2366423.64415151
11091,1995031.64540684,2366632.90098325
11092,1994877.84111001,2366986.3994058
11093,1994866.43380282,2367285.06229383
11094,1995158.3362866,2366047.27011455
11095,1995142.31877651,2366225.62482684
11096,1995519.48481397,2363319.36479713
11097,1994232.53120374,2362947.18446282
11098,1992759.03197606,2363198.05892076
11099,1993441.57680577,2364968.96953568
11100,1993394.13977591,2367336.42102616
11101,1994333.94136758,2368072.62478966
11102,1993339.87134174,2367115.93108735
11103,1992973.0493108,2370292.30718711
11104,1993316.64072711,2375446.34153196
11105,1992895.3843619,2376178.66989301
11106,1986608.91340411,2374916.58959844
11107,1990309.61393397,2373808.72840096
11108,1990021.25325242,2375554.82440026
11109,1990209.50097094,2375493.13096141
11110,1989765.47309139,2379165.39277337
11111,1989717.6742613,2378959.85924398
11112,1989678.7586368,2379774.53155687
11113,1989610.59319388,2380621.16518989
11114,1983533.26856776,2381821.91684585
11115,1983820.92574886,2381580.14219364
11116,1977859.89119595,2387941.74179873
11117,1977802.36835974,2388021.82424915
11118,1977793.69035427,2388194.01615756
11119,1977155.99125279,2390733.52915637
11120,1979024.5700292,2389962.94167123
11121,1975440.20697258,2390077.06044307
11122,1976438.48660107,2390476.51649456
11123,1982674.08292684,2377115.41008276
11124,1982548.3741477,2377024.74902568
11125,1983699.26607227,2378584.59270772
11126,1981544.26781554,2375727.16010875
11127,1981685.03400416,2375647.75205876
11128,1982155.85390058,2374488.97722923
11129,1979697.2329527,2380760.12597738
11130,1979313.4855111,2381288.63481011
11131,1972954.77270782,2385020.73695974
11132,1969318.83331873,2387706.21075045
11133,1966791.37692751,2385934.05933475
11134,1967011.21546591,2385930.36073242
11135,1967143.93434947,2385840.63537593
11136,1967193.63648076,2385829.76556909
11137,1967023.86477388,2385918.91202521
11138,1966857.23356897,2385599.83922433
11139,1966938.57992018,2387686.48033803
11140,1967891.76172028,2386834.53790167
11141,1966704.89957307,2387974.49631935
11142,1966767.8575127,2387982.91852466
11143,1965338.99921313,2388779.61962624
11144,1966889.88648953,2387713.45265501
11145,1964473.46086821,2389775.28575308
11146,1966798.0379317,2387866.59465142
11147,1965086.43845413,2385716.2091976
11148,1962967.05611981,2388681.78966465
11149,1962300.73730032,2389100.48392825
11150,1959870.71937044,2388744.43910409
11151,1959918.2958004,2389342.66588072
11152,1959853.6537597,2389843.20269584
11153,1959957.24802492,2390548.82204008
11154,1959816.74153646,2388701.37657698
11155,1959397.45887249,2388088.07259086
11156,1959431.63699401,2387996.56923325
11157,1959703.37366509,2387652.43851659
11158,1960168.22325774,2387337.30141819
11159,1960960.62575662,2386921.08895616
11160,1960871.10350026,2386985.8081969
11161,1961035.19400357,2386125.47685526
11162,1961189.14220049,2386706.92182132
11163,1961192.1851024,2386709.36162286
11164,1960965.24915953,2386917.75375406
11165,1960967.37506087,2385977.75086226
11166,1960884.01570839,2384509.39153782
11167,1960981.0884695,2385892.2113084
11168,1960918.37173002,2384472.74791475
11169,1962155.30890876,2383626.96508226
11170,1961040.13500668,2384460.10250678
11171,1961038.83660586,2384459.64180649
11172,1963945.26873567,2382884.37311475
11173,1963495.96905281,2383029.28350598
11174,1964229.06661434,2382754.63123306
11175,1964625.17766372,2380937.08208878
11176,1964430.22674099,2380403.11515261
11177,1964096.12213065,2379582.08583571
11178,1963953.53104087,2379780.17046042
11179,1963876.07169211,2380008.36600409
11180,1963290.69322357,2381581.33859439
11181,1963992.29206528,2381227.19387143
11182,1963196.43766423,2380167.47180426
11183,1962422.88917722,2382867.01680382
11184,1960761.37623118,2382562.57301215
11185,1960830.44157466,2384384.54655922
11186,1960849.90238691,2384391.56116363
11187,1960774.85183966,2382109.11802667
11188,1960740.42651799,2382221.67139753
11189,1960745.56142122,2382230.55480312
11190,1961008.26028661,2381039.16815306
11191,1960901.94171967,2385956.19534869
11192,1959584.5786903,2385690.85048163
11193,1958013.64520128,2387697.13774474
11194,1959016.05453237,2386475.63267571
11195,1959419.29288624,2383326.22509293
11196,1959253.58898192,2385219.30488476
11197,1958627.08328748,2382272.70552966
11198,1958693.63332938,2382186.96047567
11199,1958679.23592032,2381660.23354406
11200,1959029.25864068,2385190.11586638
11201,1959101.86138639,2385362.15737469
11202,1958881.37854758,2384955.74751883
11203,1958900.38375955,2384612.56110277
11204,1958891.78515413,2384866.52426266
11205,1958011.9339002,2383919.68096655
11206,1958478.96069423,2384027.72323457
11207,1957061.56240187,2385241.87019897
11208,1957592.05343585,2384513.25784025
11209,1957838.22539084,2383705.54833174
11210,1957225.78170526,2382170.40756525
11211,1959925.70780506,2385882.42120224
11212,1960291.55173539,2387012.74761386
11213,1964345.95668793,2385487.09625335
11214,1963437.05161571,2383698.10552705
11215,1963575.71250301,2384127.65319748
11216,1962346.23902896,2385802.79295211
11217,1967043.34748614,2381699.2187686
11218,1966537.2252675,2382444.86403804
11219,1967268.92342816,2381372.07936265
11220,1966229.35127367,2379554.46011832
11221,1966060.35736728,2379101.15833293
11222,1965935.75078883,2379280.16164563
11223,1966027.6674467,2378313.430637
11224,1966038.45365349,2378332.08804875
11225,1965951.19659855,2379521.90829783
11226,1966132.40141263,2378562.4870938
11227,1966133.56461336,2378668.46246052
11228,1965778.25818967,2377778.52430024
11229,1965741.11956629,2377710.77735759
11230,1965644.73460561,2377379.34544893
11231,1965292.18518366,2377021.06642336
11232,1965086.74245432,2376698.32862018
11233,1965118.59367437,2376746.22585033
11234,1964770.29655509,2376441.88155872
11235,1968147.88688153,2383618.16747672
11236,1968175.22179874,2383382.24782819
11237,1969453.97220381,2380257.99806125
11238,1970352.58956955,2382029.83277675
11239,1969258.77058091,2379888.63442871
11240,1967195.18218173,2377699.71375062
11241,1968533.70292443,2381478.30522952
11242,1969241.51057005,2382060.64889615
11243,1970158.69714748,2382222.13509782
11244,1970190.22196733,2382251.07861604
11245,1970095.72950784,2382134.23254248
11246,1969359.43214429,2382118.03523228
11247,1969978.88833428,2381963.45443496
11248,1967694.00229578,2381912.91900314
11249,1970490.07185611,2390297.5751819
11250,1969950.4893164,2390754.8588698
11251,1970194.10256977,2390600.50707262
11252,1970012.40505538,2391123.75340204
11253,1969942.44811134,2390764.40077581
11254,1970652.40435831,2390374.56943038
11255,1969759.96039645,2391347.69074303
11256,1969762.8967983,2391349.01294386
11257,1969554.0312668,2391558.49667575
11258,1968679.42081617,2395267.42371079
11259,1968027.70370587,2396150.97326705
11260,1970947.30304397,2393621.16847435
11261,1965822.34011743,2389417.43612779
11262,1966602.85900882,2389884.07702158
11263,1966837.23525638,2390533.17763023
11264,1965069.15454324,2391264.5667907
11265,1965459.97408929,2392792.07375237
11266,1960954.18555257,2398981.16344886
11267,1964691.93730576,2396818.50748731
11268,1964653.12338132,2396787.30476767
11269,1964716.21972104,2397470.21069761
11270,1964681.97739949,2396987.58109375
11271,1964819.51498608,2398269.06910055
11272,1964591.9421428,2398957.27873383
11273,1964611.6364552,2399239.94901179
11274,1966165.37113339,2402462.4665406
11275,1965987.35952132,2393173.26459236
11276,1965651.88541012,2392976.53256851
11277,1966246.95338475,2393008.81448883
11278,1967253.21061826,2393904.63285281
11279,1967290.20814156,2391527.57865628
11280,1971822.47049495,2391530.24225796
11281,1971582.96814417,2388657.50934936
11282,1976533.21206071,2380178.42331115
11283,1978050.7304161,2380854.21133661
11284,1979053.82884762,2379187.5052873
11285,1978114.72255639,2379636.41296992
11286,1980769.79862795,2377337.65502268
11287,1980739.60220894,2377393.17855763
11288,1981236.96902207,2376550.73892726
11289,1980934.73693179,2377156.19740844
11290,1981523.47310245,2376015.16689008
11291,1980891.11810433,2374937.15181139
11292,1980583.22551049,2375594.01772493
11293,1979902.13398169,2376192.60790179
11294,1979649.18282244,2376570.40973964
11295,1979361.71984147,2376304.64167232
11296,1978751.27855715,2376802.78528594
11297,1976649.08623366,2377491.10421929
11298,1977815.90646826,2377495.91012231
11299,1975289.5063777,2376452.24846525
11300,1975277.67467026,2376507.2908999
11301,1975682.64602522,2374596.37069684
11302,1975791.86389398,2373921.78177213
11303,1975121.46827191,2374171.51532936
11304,1973964.3117434,2372619.91775252
11305,1974762.37954584,2373413.67595224
11306,1973722.05699088,2372648.88227075
11307,1972718.30795895,2373453.52517733
11308,1972135.11189178,2373808.05560054
11309,1972249.73936395,2373798.48939451
11310,1972652.1509173,2373496.96570468
11311,1971998.47870576,2374020.69613441
11312,1970544.61699045,2374339.25573497
11313,1970525.58507847,2374191.65844204
11314,1969773.58810503,2373655.85170471
11315,1969491.5979275,2373487.58689878
11316,1967671.13968138,2375278.23502612
11317,1967689.70949307,2375281.47732816
11318,1967864.80620331,2375178.96256362
11319,1966769.77991391,2375824.7544702
11320,1967263.57562479,2375387.54879494
11321,1965438.39317571,2375162.34105316
11322,1965491.70160927,2375207.87068182
11323,1965887.27355831,2375400.31770298
11324,1966118.40060382,2375473.48834905
11325,1965843.34183065,2375388.92259581
11326,1965498.61571362,2375207.91298185
11327,1965124.14027786,2374977.78603697
11328,1975080.79744631,2372915.59263867
11329,1974810.80707633,2373368.21272362
11330,1975249.92475279,2372042.56318903
11331,1975292.27527945,2371871.24358117
11332,1976065.33196615,2372084.68811555
11333,1974104.22703148,2375633.56474983
11334,1973287.77961747,2374552.12546898
11335,1970613.14853359,2374697.8056607
11336,1970505.24566566,2374812.4842329
11337,1970138.37223469,2375232.44289729
11338,1968407.96714527,2377493.93122107
11339,1968693.24342487,2378001.14504039
11340,1970969.37995787,2376233.02682723
11341,1967529.12479198,2372265.27062924
11342,1968488.6990961,2372844.40999385
11343,1966108.76679775,2373642.9670966
11344,1967832.74738313,2374338.52713451
11345,1965932.96538708,2376579.76764553
11346,1970744.72881643,2371709.78387952
11347,1968939.9649802,2371064.68507338
11348,1968997.01361612,2371256.48739414
11349,1969022.15963195,2370798.05620552
11350,1970285.99202763,2369601.53425222
11351,1970636.42514825,2370540.43564333
11352,1970503.33876446,2369396.36142305
11353,1971855.32531564,2372211.77999556
11354,1973501.47465201,2371800.48703662
11355,1973612.24432174,2371557.24148348
11356,1972397.55755701,2368864.21288802
11357,1972870.42185472,2369704.83521726
11358,1972897.54227179,2369978.98638985
11359,1972130.41068882,2369166.88257858
11360,1971782.79456997,2370839.10333136
11361,1972664.90152532,2371004.54863552
11362,1972799.09310981,2371119.07030762
11363,1972794.85310714,2371099.32079519
11364,1974096.23912646,2369891.71613491
11365,1973634.32993565,2370529.28073631
11366,1975351.77391691,2370303.16809395
11367,1974992.59369078,2371811.09994331
11368,1974806.48107361,2371934.11342075
11369,1976690.6091598,2372891.23212333
11370,1976400.36947707,2373182.56140674
11371,1975387.6490395,2377220.88174916
11372,1975429.2790657,2377221.22774938
11373,1975054.33252965,2377239.15946067
11374,1975040.70022107,2377291.10989338
11375,1974611.76735102,2378796.46394111
11376,1974637.69016734,2378618.21732889
11377,1974833.65049071,2378368.26287152
11378,1974871.65171463,2378283.05611788
11379,1974819.35278171,2380191.27431924
11380,1973428.49680606,2381496.99554129
11381,1973221.20977556,2381273.39700052
11382,1972034.76942861,2375730.16221064
11383,1973423.75180308,2376229.57772506
11384,1974784.7059599,2377173.68761945
11385,1971775.51246539,2376529.24631373
11386,1972505.85692519,2377432.12388215
11387,1972522.49843567,2377428.53287989
11388,1972848.4848409,2377487.68091713
11389,1974590.1279374,2377577.33217357
11390,1971443.66315646,2376571.68124044
11391,1970888.93550722,2376658.70899523
11392,1970535.42638466,2376594.97655511
11393,1974305.179158,2378335.31035078
11394,1974547.59881062,2378007.6707445
11395,1973691.55037168,2378388.3926842
11396,1970573.67000874,2378992.23486436
11397,1971864.41842136,2378405.81389516
11398,1978786.98287962,2376954.91418171
11399,1978762.40836415,2376919.38385935
11400,1978786.11887908,2377137.11329642
11401,1979826.20103389,2376193.84000256
11402,1979576.998977,2376030.65229983
11403,1979588.84098445,2376033.75610178
11404,1979252.77567288,2375765.81293309
11405,1978607.63236671,2375839.77617965
11406,1978744.01525258,2375767.16363394
11407,1977495.52496656,2375368.19198276
11408,1978500.90869952,2376017.98519185
11409,1978974.12619745,2375266.80271892
11410,1979045.47204236,2375502.57196736
11411,1979017.20822457,2375550.66739764
11412,1978825.16010366,2374384.58806351
11413,1978971.84199601,2375266.4433187
11414,1978869.09683132,2372746.34323211
11415,1977151.7072501,2374651.39733148
11416,1980133.98532766,2372615.51244974
11417,1979951.46081275,2370190.73482317
11418,1979898.4951794,2369965.32558125
11419,1979816.31882767,2369851.22790942
11420,1979591.42338608,2369784.29616728
11421,1979550.40756026,2369702.14221556
11422,1979712.77566248,2369609.90795749
11423,1976170.04643207,2371506.73105168
11424,1976921.46360514,2371653.65644418
11425,1979290.35839654,2370723.22225841
11426,1979560.67786672,2370617.01099154
11427,1978997.67031227,2370686.10273504
11428,1979004.37631649,2370679.18653068
11429,1983664.10675013,2369792.36387236
11430,1983136.42691792,2368593.70551772
11431,1983725.31838867,2369131.53925632
11432,1982341.43191741,2367052.58804747
11433,1984518.78308821,2367597.20669035
11434,1983947.7353287,2369118.4819481
11435,1980749.50171518,2370289.04228506
11436,1980741.78691032,2370149.53119723
11437,1988217.07181656,2367493.63332514
11438,1989076.77095781,2368190.67006398
11439,1986905.78829101,2367453.6975
11440,1987715.91110104,2367684.75324547
11441,1985886.33174919,2366689.08761862
11442,1986099.48408338,2366721.23273886
11443,1985874.65454184,2365749.96242737
11444,1985891.85555267,2365704.23789859
11445,1983660.33074776,2365147.75114824
11446,1985308.91868566,2364855.84116446
11447,1983495.69734411,2363837.94412362
11448,1983137.53111862,2361964.32934404
11449,1982976.72741738,2361543.9820794
11450,1982843.10923326,2361228.62398086
11451,1983161.04673342,2361089.94109355
11452,1983321.14503421,2361026.1726534
11453,1985924.18157302,2361497.66935024
11454,1983462.45632318,2361073.8238834
11455,1983466.07422546,2361065.71307829
11456,1986943.66471486,2366474.68538364
11457,1986868.65746763,2366700.91812607
11458,1987245.62130496,2365890.20641567
11459,1988027.75759737,2365452.84214031
11460,1988185.44189665,2365428.10662474
11461,1986285.52880051,2363448.81687863
11462,1986037.46734434,2364563.09598015
11463,1986410.45517916,2363348.15431526
11464,1986410.01577888,2363351.90201762
11465,1986508.40104083,2363404.16645052
11466,1986582.8537877,2362355.37659023
11467,1986786.1692157,2363249.63355323
11468,1986228.23506444,2359504.24359523
11469,1986507.32784015,2361838.43616478
11470,1986587.85889085,2358829.06177016
11471,1986855.86055958,2358344.05306481
11472,1987757.19442704,2362787.76266245
11473,1987177.09066182,2363428.88576608
11474,1987962.87965653,2359837.69420516
11475,1986660.20043639,2361931.42642332
11476,1986066.33616251,2359197.314702
11477,1985615.83217889,2358092.74390659
11478,1985980.2187083,2358939.3648396
11479,1985780.96158285,2356181.79390351
11480,1984167.64206715,2359479.21797948
11481,1988328.81138691,2357796.96712038
11482,1985240.46794257,2361699.07117704
11483,1985439.79436806,2364496.18063802
11484,1982809.41341204,2366868.61333165
11485,1982789.47009949,2366538.06362354
11486,1979960.47111842,2366290.54116771
11487,1981406.25532865,2366176.24989575
11488,1981304.42296454,2362154.882364
11489,1980813.98895577,2361878.09068974
11490,1980303.0481341,2361947.57683349
11491,1979984.2585334,2362387.48741045
11492,1979827.56523475,2362467.97716112
11493,1979054.50404805,2361976.83065191
11494,1979159.34501405,2362032.71178709
11495,1979161.99691572,2362034.12998798
11496,1978360.82731133,2361580.53780241
11497,1978241.60623627,2361448.75271945
11498,1976515.95364984,2361051.22416917
11499,1974892.05032748,2361497.45485011
11500,1975330.42750347,2361326.99934279
11501,1974765.43774777,2361572.62649743
11502,1972761.08518588,2363915.85837267
11503,1972250.99506474,2364174.74703566
11504,1980688.36017668,2363558.60344775
11505,1981119.90194837,2364496.87773846
11506,1978393.29053177,2364426.34899406
11507,1978283.24306249,2364865.48207053
11508,1978732.13414509,2366520.90141274
11509,1978415.40314569,2365393.94070323
11510,1977935.54944358,2367232.01116043
11511,1976117.31839887,2369541.67561454
11512,1979903.40008249,2365039.58668014
11513,1980028.13386102,2367791.59371273
11514,1979391.13705999,2367198.78733951
11515,1979104.52927954,2368728.52030259
11516,1979207.90784463,2368980.37286115
11517,1977760.63403346,2365098.46791721
11518,1976265.5593922,2366045.57691348
11519,1977043.26758183,2365942.93514886
11520,1975671.55631823,2366799.23708797
11521,1975736.87435936,2369560.82262659
11522,1975693.67153216,2367122.32319137
11523,1976247.72608098,2368349.11466373
11524,1975192.6102167,2367472.03651155
11525,1975562.76314974,2367074.75656143
11526,1975189.92671501,2367651.1361243
11527,1974480.80986857,2368078.43269332
11528,1974816.01727961,2368013.06375216
11529,1974340.70208037,2368155.35054174
11530,1974152.98346218,2368264.73281061
11531,1974646.75007305,2366641.34808857
11532,1971547.67372195,2367669.93983614
11533,1973006.21454021,2367419.09847822
11534,1973798.74573916,2365014.84126456
11535,1972317.03450632,2365547.20649972
11536,1976545.61936852,2364850.87076133
11537,1974987.44928754,2364261.93909055
11538,1975828.99181735,2357858.98035942
11539,1975893.89685822,2360819.15602307
11540,1972579.02537126,2360642.99111216
11541,1973887.01559474,2358593.76562202
11542,1974266.1010334,2364308.60291993
11543,1976040.91125077,2361460.64572693
11544,1978399.96793597,2360160.22850822
11545,1977974.10346786,2356777.34777845
11546,1976409.67468293,2354991.51945414
11547,1976431.35129658,2353677.64382696
11548,1981306.77126602,2359960.70178261
11549,1983201.27295874,2360122.0690842
11550,1983221.70477161,2360391.88285407
11551,1982918.82318092,2357652.10982918
11552,1982714.039452,2357389.45576382
11553,1982784.60899642,2357418.55188214
11554,1982793.7789022,2357582.27818521
11555,1982113.91747418,2356348.71450859
11556,1981735.79223612,2355524.88918994
11557,1982034.215724,2355827.97768075
11558,1981986.90099421,2354985.20655017
11559,1981629.91766946,2351617.56742999
11560,1981667.80279331,2352069.1563143
11561,1981633.08037145,2350959.90151594
11562,1982410.96976119,2357640.46982185
11563,1981949.49777066,2357799.67132208
11564,1981520.07210031,2358760.60102705
11565,1981606.81965492,2359423.30634428
11566,1981344.5515898,2355615.24904682
11567,1979269.56918345,2356350.52490973
11568,1981254.98463342,2354814.25844254
11569,1980867.17918926,2354553.80087856
11570,1983023.96994712,2351996.64196865
11571,1981851.05710869,2352215.10560618
11572,1983337.26774437,2352123.81694871
11573,1979554.2877627,2352117.38104466
11574,1977581.63332077,2352850.40340615
11575,1980879.69259714,2352827.58379178
11576,1983018.5347437,2357411.1904775
11577,1983214.97716738,2356761.96106876
11578,1983050.1418636,2357181.47653288
11579,1983519.10545884,2356685.75082078
11580,1984079.94191193,2356306.65708212
11581,1984171.08046931,2355373.27059448
11582,1983308.71122639,2356225.93013129
11583,1983544.70577496,2356121.2695654
11584,1983759.69701032,2366279.12466052
11585,1985426.18485949,2364955.36552712
11586,1986955.012322,2368397.3494941
11587,1987789.09724712,2367852.04225079
11588,1986866.49386627,2368794.55604417
11589,1986848.79695513,2368583.6687114
11590,1987812.66346196,2367723.35856977
11591,1986818.95413634,2368946.02123953
11592,1986852.84835768,2368572.58910443
11593,1989776.4497983,2370313.70590059
11594,1996646.03912322,2365454.95734164
11595,1997209.34147786,2364619.94241594
11596,1996849.33515121,2365072.23420069
11597,2002478.11249494,2369434.2416469
11598,1988204.71420878,2362661.89378321
11599,1987947.71304698,2362737.27393066
11600,1953626.85083947,2389196.81598889
11601,1953031.08896439,2389504.37998253
11602,1988252.46913885,2361267.61420541
11603,1959285.3369019,2397005.98710534
11604,1959351.13944333,2395908.59961446
11605,1959101.235486,2397755.75957738
11606,1959510.14614344,2395617.10733094
11607,1957717.17321463,2397977.64511707
11608,1959375.57245871,2394840.08384175
11609,1959707.81696789,2394654.25622476
11610,1965485.29050523,2373214.40072679
11611,1966963.02973558,2371294.21111789
11612,1967492.82426912,2371170.10273975
11613,1967395.8942081,2372095.99362267
11614,1967729.95581841,2371250.11569013
11615,1965879.99815373,2369694.99961106
11616,1966594.77630373,2369962.32787937
11617,1967335.87017031,2385663.26916427
11618,1967892.28432061,2385215.95168265
11619,1967936.46954843,2385217.76178379
11620,1973193.317558,2384707.98116284
11621,1973185.17495288,2384679.40224485
11622,1980191.96426417,2378735.2934026
11623,1984278.89743719,2383820.47500409
11624,1977092.33711272,2365855.33449371
11626,2003215.43035913,2361677.14106323
11627,1993480.57293032,2369349.01019324
11628,1993547.03597217,2369366.5832043
11629,1994300.67144664,2368188.15436239
11630,2004704.83489682,2360497.41272051
11631,2005229.08792688,2360832.30493134
11632,1976106.21329188,2352249.07492757
11633,2003987.8072454,2360889.51966737
11634,2003483.82752811,2360586.46617657
11635,2003102.85938826,2361708.15268276
11636,2003567.61168086,2359872.47762706
11637,2000104.75320073,2364218.39556314
11638,2002427.34396297,2362140.34085485
11639,1977291.18563791,2365286.16243538
11640,1970160.65984872,2382254.36501811
11641,1965509.19592028,2371043.82986025
11642,1968102.13735273,2371301.74962263
11643,1991813.11808054,2368910.26641702
11644,1991914.57484441,2368772.91683055
11645,1992205.77962775,2369013.52218203
11646,1991043.95059629,2369506.38219232
11647,1982194.62712499,2377740.49207629
11648,1982304.34879407,2376119.53715578
11649,1978535.28072116,2384304.36740874
11650,1998465.96006899,2372882.64001792
11651,1998476.10367538,2372932.9552496
11652,1967900.75192594,2385123.06242417
11653,1967815.97087257,2385802.20645174
11654,1967870.56890694,2385385.66578949
11655,1967783.70725225,2385920.4865262
11656,1967782.05445121,2385941.33713933
11657,1977639.40085714,2365190.95607544
11658,1977698.4251943,2365206.38908515
11659,2005053.37761626,2362653.74467808
11660,2003492.37443349,2367154.74311179
11661,1994386.11540043,2368084.24289697
11662,1994874.30680778,2367313.30901161
11663,1991542.14510994,2373180.72470558
11664,1988484.38268485,2369982.75309223
11665,1980679.37237103,2377409.75016807
11666,1971467.37247139,2388217.7489725
11667,1965573.37046068,2392851.75038994
11668,1965121.44287616,2393636.64118409
11669,1965580.37466509,2392830.74117672
11670,1966735.37309225,2391703.74596719
11671,1967365.37618888,2391311.7492204
11672,1964635.37227014,2396631.75056973
11673,1957565.37641906,2391311.7522204
11674,1954051.37350674,2395609.74872631
11675,1954905.37164439,2394769.75359747
11676,1951633.37378443,2392640.00255663
11677,1994189.37157656,2376499.74729515
11678,1960323.37185542,2387083.74515856
11679,1962479.37621279,2383233.7484347
11680,1959546.36926624,2385704.74989038
11681,1959189.37414149,2385389.75359207
11682,1958883.03974863,2384570.29077616
11683,1978733.38084588,2376835.74340669
11684,1975583.37346272,2377283.74368874
11685,1974820.37268235,2373398.75214285
11686,1968359.37721468,2374315.74902017
11687,1968849.36852317,2373867.74893812
11688,1970487.37585441,2371515.74095736
11689,1969045.37544657,2371305.75132515
11690,1974883.37342202,2377591.75138265
11691,1974883.37712202,2377493.74672095
11692,1974974.37817931,2377360.74913722
11693,1978985.37370453,2375603.74733106
11694,1983801.37403655,2369317.75117356
11695,1987798.37465296,2367686.74594672
11696,1986783.37471394,2366937.75137517
11697,1985432.37206339,2364900.74289273
11698,1985698.37583086,2364872.7478751
11699,1985677.37131763,2364851.75136188
11700,1986755.37239631,2363381.74953641
11701,1986559.36917292,2362051.74989908
11702,1976199.37325053,2361225.74527905
11703,1975849.36883018,2361001.00333755
11704,1975667.3729156,2366951.74958399
11705,1981505.37059105,2352727.75112893
11706,1981729.37233208,2352335.75478214
11707,1972945.530202,2385138.70493401
11708,1972989.18542948,2385031.3014664
11709,1973004.27523898,2385008.04345175
11710,2001148.34215775,2371376.26636955
11711,2001136.09525004,2371373.0235675
11712,2001147.36865713,2371361.75226041
11713,2001819.37328021,2370059.7515407
11714,2002519.37792091,2369751.74734679
11715,1959843.60705337,2394659.08152779
11716,1960024.23006709,2394235.48046111
11717,1961085.87273547,2393134.42866791
11718,1961399.91613319,2392896.1491179
11719,1961960.70318624,2392045.46388233
11720,1963048.16737088,2394358.35203846
11721,1962725.16256753,2393841.82771327
11722,1960160.16815268,2393892.32714506
11723,1960035.29477406,2394128.2529936
11724,1956966.06834175,2387490.60601471
11725,1957010.75936989,2387678.56963305
11726,1954240.50612581,2391364.08545335
11727,1955489.55411218,2389649.92487416
11728,1957168.80836939,2387756.99618242
11729,1956326.05993882,2388770.23322033
11730,1956025.54004962,2387143.6846963
11731,1959347.23684087,2389373.84180035
11732,1956475.29413277,2385673.36797062
11733,1955800.35150785,2387901.63457348
11734,1955802.19530901,2387894.13356876
11735,1955819.4886199,2387637.20750701
11736,1955823.14172219,2387639.84160866
11737,2029455.38027911,2348667.74867286
11738,2028951.37616181,2347505.7515413
11739,2028918.16074089,2347314.77892107
11740,2026684.16483443,2343431.82087646
11741,2029609.37947607,2351215.74277701
11742,2029581.38045844,2348835.74617863
11743,2030183.37893744,2352167.75237637
11744,2030243.00107498,2353510.75162189
11745,2030390.94586812,2353855.89553918
11746,2031651.1274615,2356557.74224019
11747,2031849.36688631,2356535.74832635
11748,2033527.57004286,2356068.87403242
11749,2032883.09773711,2355999.56098878
11750,2033976.0410252,2356840.65621831
11751,2029595.37236725,2354449.75421306
11752,2029175.37800283,2356731.74664974
11753,2028757.85763997,2358440.47842551
11754,2029245.38124691,2359615.74726543
11755,2028629.37795908,2361799.74944042
11756,2028727.37472078,2361673.7482611
11757,2028606.20334449,2363066.93623821
11758,2029150.31648706,2365031.02897475
11759,2029126.19017186,2364770.27881059
11760,2029203.37642046,2364319.74922695
11761,2029610.30227665,2366841.51761459
11762,2029924.68337458,2367919.03909297
11763,2031139.22243922,2368082.8502961
11764,2031747.32372206,2368502.68406041
11765,2032454.09126702,2367004.76031736
11766,2032442.94396,2366919.65946378
11767,2032830.27950386,2366536.04332227
11768,2034300.61802955,2367070.27505861
11769,2034674.03246464,2367469.60431001
11770,2035971.78438167,2368336.32045568
11771,2036035.72812193,2368826.35676419
11772,2036052.05713221,2368765.72502602
11773,2039405.16674324,2374237.67327101
11774,2035102.75433455,2372290.54614515
11775,2035144.00616052,2372137.39274873
11776,2035597.58344608,2371113.38450404
11777,2043658.42422098,2367583.09378146
11778,2043798.50310916,2365638.11935696
11779,2041329.66715485,2378390.44708549
11780,2037652.1836396,2380641.12120245
11781,2038015.84116856,2381235.54187669
11782,2036301.97018955,2382216.46159425
11783,2037600.13810684,2383752.78706148
11784,2039230.95513356,2383674.96581248
11785,2039891.65014951,2383087.92004289
11786,2040087.93517309,2382777.98084776
11787,2023085.37416873,2345614.97425091
11788,2023088.44157066,2345554.86091307
11789,2023593.1325884,2346437.29716863
11790,2023641.68441897,2346577.48635689
11791,2051066.39618484,2376438.77795677
11792,2045125.44424457,2378702.85478217
11793,2051345.8885608,2376400.46953265
11794,2039537.76002672,2390995.96452159
11795,2039501.56650393,2389894.29502801
11796,2042623.64646951,2382494.49176929
11797,2042635.11157672,2382529.40249127
11798,2006243.37606545,2372705.74850655
11799,2006262.48237748,2372732.61112347
11800,2006408.99376972,2372771.55954798
11801,2006446.54749336,2372749.35583401
11802,2022950.39098375,2377045.896039
11803,2023045.31724351,2375350.86477185
11804,2028075.3764103,2377821.86322752
11805,2028887.94242187,2377488.70021777
11806,2027931.18881952,2377775.2856982
11807,2026575.48596601,2378155.47533756
11808,2025956.10377606,2378633.4799385
11809,2033588.17288101,2372380.79550197
11810,2035401.73332278,2371085.12248625
11811,1993834.20885296,2353721.73685472
11812,1993815.91814145,2355443.72233883
11813,1993560.67088075,2353512.48412298
11814,1993726.53058517,2353595.65357534
11815,2003636.89992448,2348589.53852362
11816,2003562.31587752,2348792.09675115
11817,2003766.56520611,2348248.07950865
11818,2038296.40434519,2355806.89816748
11819,2041182.30366208,2355963.7022662
11820,2024207.89737544,2392343.22086979
11821,2024495.54765653,2392322.30865662
11822,2022946.73328144,2393083.04873556
11823,2024105.65351107,2392432.3414259
11824,2026907.17577483,2392454.59593991
11825,2027847.49206683,2391371.86535825
11826,2026165.37770782,2392552.46540152
11827,2013916.84309646,2383968.96439758
11828,2014133.5690329,2382848.66719227
11829,2012609.33057328,2384034.19563865
11830,2014103.10191372,2382689.5648921
11831,2014222.06188862,2382226.26320042
11832,2014792.48464774,2380390.3875446
11833,2025791.49387243,2391189.26184329
11834,2025832.79309843,2391083.8191769
11835,2024331.92055352,2381206.84615862
11836,2024538.34568348,2380319.36799989
11837,2021716.24790676,2383718.33833979
11838,2020318.91522704,2377229.15895437
11839,2020543.50886843,2376538.81731975
11840,2019944.36049123,2374723.52417689
11841,2020397.05027623,2378944.99653462
11842,2018067.47010959,2378196.25176323
11843,2017864.13198157,2378107.31240723
11844,2016489.97671644,2379931.76385586
11845,2016991.30633206,2380214.43733383
11846,2017433.85541068,2380375.42263518
11847,2018383.39090848,2380934.44378712
11848,2015957.71898134,2381031.11504798
11849,2015857.37041816,2381239.89567943
11850,2015767.94146186,2381544.29817107
11851,2015341.6794935,2384128.48579801
11852,2015339.05829185,2383894.74065085
11853,2024553.471393,2347100.16958595
11854,2024482.80064851,2346993.78841898
11855,2024391.19239083,2347851.42585893
11856,2023772.65080142,2348607.2892348
11857,2024067.29838692,2348514.33047627
11858,2024215.4638802,2348273.24402449
11859,2023055.14324969,2349755.44185764
11860,2022596.87396118,2350316.0774106
11861,2022697.41752448,2350067.53425413
11862,2022832.04960924,2350792.39141048
11863,2024198.37606944,2352930.84195679
11864,2024013.77885323,2353911.8311744
11865,2023926.13169805,2354248.61488643
11866,2024525.10387514,2357945.54791392
11867,2018129.37284856,2342969.74798555
11868,2017879.61849132,2341694.88598293
11869,2017625.37363125,2344817.745949
11870,2017681.37666651,2345867.74551005
11871,2017359.36946378,2347743.75019114
11872,2017219.37357565,2348233.75029963
11873,2017100.42520076,2349202.01620922
11874,2016947.41570443,2349759.69906032
11875,2017012.6537455,2350192.56703285
11876,2017006.02454133,2350256.9854734
11877,2017279.25691335,2350594.07248562
11878,2016897.76327317,2353047.30363011
11879,2016320.33690964,2353336.32111207
11880,2015839.90020717,2353505.46351856
11881,2015358.61270416,2353303.8040916
11882,2015209.87591052,2353756.72347675
11883,2015470.4980746,2355686.51239169
11884,2016035.18123011,2356439.65276585
11885,2016304.25699951,2356910.62516236
11886,2016226.70985069,2357527.96185102
11887,2016266.09467549,2357586.03608758
11888,2016916.59848503,2357739.88338444
11889,2017563.95969259,2357757.90629579
11890,2017764.67291895,2360347.63292621
11891,2016344.1091246,2359949.0965753
11892,2016358.98683397,2359696.3878162
11893,2016355.37433169,2359690.05321221
11894,2016058.04784451,2360063.85734755
11895,2016006.01311175,2360378.26474549
11896,2015907.34554963,2361783.9836305
11897,2013418.81588291,2363387.35253994
11898,2017598.92841461,2344808.13254295
11899,2015567.37383559,2345685.74719547
11900,2016729.37866716,2345475.74856326
11901,2014643.37355386,2346707.74463889
11902,2014741.37711557,2347673.74864706
11903,2013615.5925068,2348995.83627942
11904,2012870.93573799,2350024.02012673
11905,2011523.00368936,2352776.87295986
11906,2011525.91349119,2352762.44205077
11907,2011458.56804879,2352577.16183412
11908,2011614.01594666,2353171.55620834
11909,2011610.69324457,2352977.45798614
11910,2011627.70685528,2354517.13715548
11911,2010977.72794607,2356112.91726014
11912,2006151.8055078,2357903.63998754
11913,2008065.68431272,2354284.87260925
11914,2006177.29442384,2351560.74929422
11915,2006809.34382176,2350983.33253069
11916,2004875.88800451,2354304.4849216
11917,2005460.51017258,2352369.55830342
11918,2003517.20364912,2354775.25471799
11919,2001730.97562456,2354881.11278463
11920,2001878.69891756,2354904.4174993
11921,2002086.23524822,2355075.90820727
11922,2002223.83653485,2355117.71463359
11923,2001307.08035769,2355348.30747877
11924,1999808.38421414,2356189.4023083
11925,1998801.68968036,2357142.44800831
11926,1999080.0399556,2356771.66287487
11927,1997324.26185021,2356988.65051148
11928,2004889.80391327,2344366.36316482
11929,2008790.61506912,2346131.27907597
11930,2010100.47109377,2345309.27335845
11931,2004227.99889662,2345032.61318428
11932,2002349.41251391,2347808.67923201
11933,2002263.88886007,2348386.85169602
11934,2001850.8022,2348970.77626364
11935,2001587.00503392,2348244.36490631
11936,2001591.21273657,2348179.30576535
11937,2000055.91806999,2348293.48043723
11938,2000209.3726666,2348219.74879081
11939,1999522.18503396,2348742.16811971
11940,1999314.60180327,2349023.23719667
11941,1999210.38633766,2349101.47254592
11942,1997153.88014294,2350654.21032348
11943,1996642.55652102,2350834.88043723
11944,1994481.79266066,2351749.36861297
11945,2004897.23461795,2342875.54412624
11946,2004861.92229572,2342281.14125202
11947,2002339.33360757,2340002.25171729
11948,2001853.11030145,2341697.14528435
11949,2000739.76530052,2340299.95540472
11950,2000163.36303763,2339804.49159279
11951,1999383.76824682,2338087.41201176
11952,2026588.89467445,2362840.16649544
11953,2028547.34110744,2361786.22823191
11954,2026209.95683588,2364108.04529366
11955,2025637.78267565,2364548.03237067
11956,2025630.91867133,2366005.66178835
11957,2024914.68752041,2367694.29205147
11958,2024742.8025122,2367595.25058912
11959,2024561.57599811,2367716.19996526
11960,2024029.4613631,2368172.17565233
11961,2023786.64521023,2368552.07759151
11962,2023691.81725053,2368457.80253216
11963,2022404.60944013,2369948.27367052
11964,2023699.0855551,2368401.47199669
11965,2021315.38455439,2371518.24605893
11966,2021045.7034846,2371530.70196677
11967,2018430.01263783,2374275.1393946
11968,2018851.72410333,2373559.24584389
11969,2019106.22426356,2373389.11873678
11970,2027507.43115273,2368736.08760736
11971,2027747.57800393,2368638.86134615
11972,2026751.24847667,2369433.99914674
11973,2026605.26768476,2369900.76784061
11974,2026702.93454625,2369672.67539701
11975,2026706.38204842,2369659.81678891
11976,2026372.09553796,2370410.39286146
11977,2026312.15490022,2370497.62081637
11978,2025424.95244166,2371859.61817385
11979,2025556.6922246,2371855.19467107
11980,2024641.52204844,2372298.54985019
11981,2040074.57446468,2387266.68687374
11982,2031436.46612635,2379717.17372076
11983,2032373.58531634,2381882.81398419
11984,2031625.00314505,2379598.17034584
11985,2031573.89811288,2379498.11518285
11986,2030723.87947773,2377848.17744409
11987,2041771.3066329,2378679.72416761
11988,2042330.20648476,2378073.03148565
11989,2044807.39614434,2373730.27455157
11990,1977760.3764333,2346103.42125843
11991,1977901.66442225,2346010.57069997
11992,1974595.77454095,2346958.00139645
11993,1977995.2920812,2345810.23597385
11994,1985923.3591725,2347095.20238283
11995,1987588.55472086,2343797.64480677
11996,1988113.33625125,2345532.77319916
11997,1989880.82556402,2343613.40739078
11998,1991192.62228989,2344454.69072043
11999,1991237.42251809,2344323.62493791
12000,1990563.57069385,2349317.44708189
12001,1990602.48301835,2349129.30186344
12002,1988341.92829517,2348576.01881511
12003,1989131.10799202,2349581.73454828
12004,1988173.98908944,2347040.33504828
12005,1988823.55149838,2346700.27973419
12006,1989862.43815244,2347131.47760567
12007,1989908.54208147,2347363.09875149
12008,1990248.67839561,2347536.94096093
12009,1989460.20809921,2348734.48911488
12010,1989457.91019776,2349418.87244575
12011,1989575.21747161,2348574.22951398
12012,1984384.76200384,2349701.16592347
12013,1989570.96306894,2349921.93016246
12014,1989612.02959479,2349795.17448266
12015,1988719.53083289,2351399.10739245
12016,1989002.2643109,2351155.91463934
12017,1989217.84104662,2350860.73555351
12018,1989231.34565512,2350622.81110372
12019,1986866.41296622,2353673.95362464
12020,1989228.78775351,2350620.28120212
12021,1989337.14412173,2350455.64369847
12022,1985981.55720914,2354682.08605933
12023,1986480.64932336,2354011.7398373
12024,1985112.02816171,2356217.8376262
12025,1987712.68669901,2350378.60874997
12026,1989019.12642151,2349988.74430452
12027,1985536.29972882,2352454.90875716
12028,1984147.00715416,2354203.36015794
12029,1983730.10299169,2352782.26206325
12030,1984166.70606656,2351138.17552818
12031,1984080.87601252,2354654.09994171
12032,1986942.4575141,2355381.12779943
12033,1986833.63864559,2353818.72541578
12034,1991224.37510988,2350355.60573549
12035,1990882.2737945,2349861.23072425
12036,1992118.93167307,2350373.33904666
12037,1992668.22471889,2350395.74606076
12038,1993063.44636771,2350449.13489437
12039,1993206.20495759,2347320.79612486
12040,1993037.16995117,2347329.35163024
12041,1992333.70280828,2347795.50552372
12042,1991520.18469612,2347925.96590585
12043,1994568.80551545,2345871.68671253
12044,1991864.66621299,2345638.63746581
12045,1994022.69767163,2344038.42645836
12046,1993858.16826805,2342678.11680195
12047,1994300.10554628,2344560.79108723
12048,1992452.83608329,2339115.3162589
12049,1994758.47913486,2339704.40762978
12050,1995392.09353377,2342622.74786709
12051,1996293.8728015,2339385.10072875
12052,1996315.42181507,2339360.22351309
12053,2015534.80271509,2385181.22326078
12054,2016246.33326305,2385001.20984745
12055,2016897.25387285,2384365.36614714
12056,2016858.28954832,2382347.64477684
12057,2015749.44145022,2384253.67237682
12058,2017016.86044815,2383899.5846539
12059,2015402.9888321,2385370.97828025
12060,2034450.42632386,2391648.14243218
12061,2035271.12824056,2391406.68398017
12062,2034855.31357877,2392237.49240322
12063,2032934.56496952,2392883.20750975
12064,2033466.77900458,2392105.15871991
12065,2034634.99794006,2392713.12100267
12066,2034319.75164159,2393404.21433776
12067,2033846.24904349,2394293.56629767
12068,2034024.65475581,2394098.0858746
12069,2033593.54328439,2394551.06815979
12070,2033210.68954336,2395896.9119071
12071,2031789.02404831,2395066.55148433
12072,2033764.41079197,2390871.31874312
12073,2001197.28288856,2351346.35295924
12074,2003335.66333483,2351918.83931966
12075,2000729.52249407,2351801.93814606
12076,1999636.23590577,2352393.30201837
12077,1998942.82646921,2353561.84295405
12078,1999113.19777647,2353135.92368591
12079,1998575.15743774,2353826.90522093
12080,1997674.68317083,2354969.57264032
12081,1997534.64898266,2355133.58064358
12082,1997239.78789702,2355192.97488097
12083,1996901.36568397,2355878.64571265
12084,1997151.69704157,2355397.21870956
12085,1997234.70459383,2355191.24097988
12086,1996123.20289405,2356741.76605605
12087,1996071.09136124,2356870.91743736
12088,1995787.62838278,2357574.10538007
12089,1994270.62392772,2358369.00618052
12090,1994651.94516779,2358246.84920361
12091,1993883.75198415,2358780.58353963
12092,1992514.26422196,2358545.73589178
12093,1993314.89492602,2358753.07382232
12094,1990667.54655932,2361909.06320924
12095,1991382.04950915,2359354.19010076
12096,1989415.55597109,2363849.52483091
12097,1989435.65148375,2363733.16975765
12098,1989949.16800704,2363574.35745767
12099,1990155.85153716,2363342.96431199
12100,1989802.56161474,2363636.37759672
12101,1989242.46306212,2363962.77700221
12102,1999098.92426749,2352698.05261023
12103,1999284.60048439,2352824.06668957
12104,1996039.97524165,2352089.1727269
12105,1998650.81238537,2352872.95822035
12106,1995520.75451477,2353293.89648536
12107,1998454.08676152,2352955.75577248
12108,1995172.26909537,2353390.28514605
12109,1997155.53274398,2359257.03063959
12110,1994284.1007362,2356558.37194059
12111,1994809.94146726,2357912.76679328
12112,1992757.38687502,2357469.71161434
12113,1992646.33960511,2357445.86109933
12114,1993227.37127091,2355916.30983636
12115,1993362.94885627,2356512.51971172
12116,1992787.08429372,2354862.01837261
12117,1991014.28227761,2354505.49154815
12118,1991367.11399974,2354650.92643971
12119,1991586.03273757,2354541.73547097
12120,1990615.67382666,2354514.65885392
12121,1990649.97924826,2354513.07865293
12122,1988018.44489151,2354975.83664427
12123,1988147.29597263,2354832.456454
12124,1988894.40094299,2354766.61251255
12125,1986685.98735263,2356934.92937766
12126,1993638.93893003,2356106.22315593
12127,1993602.12860685,2356276.40586307
12128,1992944.16989262,2355902.8590279
12129,1991322.74527181,2356270.98905966
12130,1991932.80015589,2356161.25659058
12131,1991066.05991021,2356613.57647534
12132,1990825.01915846,2355743.76492773
12133,1991989.33209148,2356065.01772999
12134,1990529.36087232,2353859.94794173
12135,1990507.44445852,2353933.55858808
12136,1990671.38546173,2353775.56908861
12137,1990788.11583522,2353787.66759623
12138,1991119.11604361,2353837.46142758
12139,1987692.78148648,2354528.08426237
12140,1989451.16019351,2354045.24305839
12141,1987861.60629277,2356090.34354593
12142,1988988.23170206,2354836.18615635
12143,1989762.22678935,2356208.11002007
12144,1990074.00138564,2354840.66895917
12145,1989876.40916124,2356677.06461531
12146,1989776.33919824,2357147.97931179
12147,1989576.28967229,2357632.34061673
12148,1987504.69826807,2359736.00864115
12149,1990453.30312443,2357190.66893867
12150,1990343.37975523,2357132.75400221
12151,1987311.02394614,2357910.76769202
12152,1992725.46825493,2353944.03629467
12153,1993063.70956787,2352564.95222644
12154,1991360.77059575,2358769.46943264
12155,1991447.60805042,2358816.03486195
12156,1991165.06727254,2358839.7782769
12157,1989494.24442064,2360012.0018149
12158,1989615.28269684,2359858.64181835
12159,1991862.18581143,2362502.71658299
12160,1991990.58509227,2362430.6162376
12161,1993114.98190016,2360051.98134007
12162,1993612.33741328,2358920.97392802
12163,1992408.58365543,2361860.62427875
12164,1994212.50349113,2362029.59238513
12165,1994086.90581205,2360431.14887879
12166,1993861.84697036,2358854.17718597
12167,1995217.45172381,2359817.8915927
12168,1995302.35727727,2357854.12635636
12169,1994678.82278471,2362080.47321716
12170,1995155.20388463,2360134.7771922
12171,1995220.95932603,2359822.37969552
12172,1996034.97743851,2358271.00211882
12173,1995646.75589409,2357703.7700617
12174,1995559.7221393,2359606.1619594
12175,1996612.58140215,2359946.63907375
12176,1995253.04594623,2356600.88106735
12177,1995458.11657533,2356435.15676302
12178,1994756.10733337,2356100.34045223
12179,2023058.0215515,2377833.27883471
12180,2023020.54402791,2377778.22780005
12181,2023057.3762511,2378039.7515647
12182,2023239.80846595,2378567.90499721
12183,2023074.90926214,2378150.31203431
12184,2023226.76205774,2378821.30065674
12185,2022999.09981441,2378053.20567317
12186,2022057.32722149,2379453.4093547
12187,2021420.38722049,2379579.37233401
12188,2021183.61747143,2379995.25439583
12189,2019693.39673322,2381473.52602652
12190,2018456.22675434,2383186.36520487
12191,2018493.4944778,2383300.05627645
12192,2018659.27878217,2383929.2960726
12193,2018545.65921064,2383402.41054089
12194,2018676.17329281,2384002.6713188
12195,2019007.25680125,2384530.98195141
12196,2019029.94901554,2384275.43329052
12197,2018689.64070129,2384459.12020617
12198,2018939.96375889,2384557.98446841
12199,2018625.60596097,2384415.47127869
12200,2018490.84467613,2384509.11223764
12201,2021616.80294415,2380805.17310574
12202,2021643.16886075,2380102.50846336
12203,2021794.73185617,2379722.03122382
12204,2021796.9983576,2379723.97382504
12205,2021277.30973041,2382949.28015561
12206,2020518.75335285,2382544.76480094
12207,2019464.9422894,2382296.80174483
12208,2003935.94191275,2345730.72712379
12209,2003935.24801231,2346254.64875364
12210,1997164.96374992,2350731.17427194
12211,1997184.33046211,2351035.09616328
12212,1995241.2439388,2353157.11299925
12213,1998586.54774491,2348400.87440484
12214,1996894.38487957,2348800.94305672
12215,1998314.00337332,2348496.05426477
12216,1996197.95254111,2349041.53020818
12217,1995212.20922051,2349639.97378495
12218,1994254.92481783,2350010.48751821
12219,2000227.14507779,2348267.44632084
12220,2000009.5610408,2350081.07336265
12221,1999935.42819413,2347528.34645552
12222,2000490.57784364,2347805.29752988
12223,1998331.57788439,2346778.86238367
12224,1997473.37804409,2346950.6193918
12225,1997498.87546014,2346922.92577437
12226,1996662.65473368,2347428.36569258
12227,1994486.63916371,2347934.26181108
12228,1995795.40648768,2346481.59809652
12229,1998036.14219839,2346354.95171678
12230,2000244.09078845,2346689.09242715
12231,2000071.93258007,2346905.46736337
12232,2001794.70286468,2347333.32663274
12233,2001820.61018099,2347737.24528704
12234,2001733.18052595,2348007.85745741
12235,2001827.51478534,2347739.0838882
12236,2001747.79773515,2346802.09299829
12237,2001614.52525124,2343233.00055129
12238,2001885.5916219,2344826.93605479
12239,2001685.75579609,2344705.11927809
12240,2001384.16110621,2343177.19491615
12241,1998830.3488984,2345134.90274867
12242,2000360.54516177,2342985.0819952
12243,1994662.66547454,2346348.57951277
12244,1998138.54906286,2344284.39051321
12245,1998034.31149724,2342982.20739339
12246,1999022.48221936,2339037.49660991
12247,1997298.10873374,2341704.76358915
12248,1997600.67212423,2341486.912252
12249,1996675.01694146,2343146.90339708
12250,1998325.02478026,2338616.49794486
12251,1996911.96639064,2337883.45078335
12252,1996978.80903272,2337549.16077289
12253,1996257.55767864,2336394.46504593
12254,1996853.54505386,2339486.94749287
12255,1996525.66984744,2339395.65123539
12256,1996074.06916312,2339229.56763083
12257,1996176.99382792,2339343.85310278
12258,1995935.91037614,2338772.73154322
12259,1995803.45959275,2338830.57097963
12260,1995080.0340373,2339402.58163976
12261,1993260.5476918,2340405.44257113
12262,1986073.9380673,2343262.75257002
12263,1986165.43542491,2343241.79395682
12264,1983874.89998284,2346568.3020511
12265,1985696.30912955,2343549.82255075
12266,1997016.5819565,2340405.25307101
12267,1996763.94769745,2340722.53227076
12268,1996353.65283914,2341261.43071004
12269,1995366.20551747,2338282.0493343
12270,1995367.72731842,2338912.0023309
12271,1995660.02790245,2337668.75184818
12272,1995392.77423419,2338021.86257049
12273,1995634.92138664,2337426.74179582
12274,1994196.56798109,2337197.5129515
12275,1995090.5177439,2339154.04328328
12276,1987634.42124974,2339559.33153844
12277,1989392.18565638,2341670.8477678
12278,1986108.21798888,2338741.06392328
12279,1986756.81419722,2337324.12003121
12280,1986942.98351443,2341549.42779135
12281,1987181.2028644,2342558.77222681
12282,1986952.55792046,2341115.51891818
12283,1985583.09415828,2342123.63345286
12284,1986599.5321982,2342739.44084056
12285,1985596.43916668,2340910.4971891
12286,1985584.42665912,2340976.11683041
12287,1985590.46416292,2340983.01703476
12288,1985630.58228818,2341366.44537615
12289,1983709.92897898,2337563.74458207
12290,1985167.83439684,2339663.38890395
12291,1984127.95444216,2340567.50957316
12292,1984151.22195681,2337639.93603004
12293,1985692.54482719,2338547.36760134
12294,1985249.32244815,2343157.47630374
12295,1985751.03516401,2343450.45618819
12296,1983169.39313868,2344280.58691082
12297,1983237.14018133,2344211.08646706
12298,1982523.40043198,2345034.09968521
12299,1982651.6159127,2344932.86682148
12300,1981682.89280281,2345903.14273234
12301,1980793.28964274,2346333.50500328
12302,1981263.24063861,2346012.5258012
12303,1980668.13546395,2346353.5510159
12304,1979257.80807604,2346533.47872918
12305,1977754.27102946,2349968.23319161
12306,1976735.74998822,2350866.50845714
12307,1975573.32275639,2349835.64430814
12308,1983935.74552115,2342482.22117862
12309,1984665.87548082,2342927.68975907
12310,1980916.62422039,2343469.88200042
12311,1980638.48584528,2343367.79563615
12312,1980596.04421856,2343301.10739416
12313,1980786.2363383,2341970.45285642
12314,1980588.70011394,2343219.838843
12315,1980589.68901456,2343230.78974989
12316,1981289.32365503,2339695.67182428
12317,1977671.27877721,2343133.72868879
12318,1978532.59171947,2343959.65350877
12319,1977755.94853051,2342566.35973159
12320,1983675.78235748,2342350.52709571
12321,1981945.53356817,2341753.65661993
12322,1983319.60273324,2339953.40368654
12323,1981240.3507242,2343795.51750543
12324,1982767.42078561,2344680.26976245
12325,1982269.96277242,2346218.55093091
12326,1982332.6716119,2347052.23005577
12327,1982357.33692743,2347371.63725686
12328,1982221.28094177,2349493.10569248
12329,1982385.96154545,2347415.30328435
12330,1982124.53908086,2349861.78062459
12331,1983543.8115744,2347869.90317056
12332,1981092.48783111,2349344.96469922
12333,1982343.86591895,2347406.90227907
12334,1981030.38729201,2345747.77063452
12335,1981276.23044679,2345963.04877005
12336,1981080.38222349,2345557.24341457
12337,1981149.35266691,2347966.15953116
12338,1979930.63639964,2347167.61142841
12339,1979814.6249266,2348692.21638826
12340,1978121.81446085,2351447.80512311
12341,1979846.85054689,2349274.55065489
12342,1979880.02166777,2349307.05907535
12343,1979039.8106388,2350720.88086546
12344,1980353.2411657,2349867.62892827
12345,1980272.0764146,2350176.90972299
12346,1980208.8571748,2350229.07885583
12347,1978675.49050943,2350609.39079527
12348,1978949.22388177,2348732.16351341
12349,1976093.98258418,2348049.55208366
12350,1994215.92629328,2331134.39943433
12351,1994034.27847892,2331290.41423255
12352,1994440.29453454,2330865.23596487
12353,1992081.19824931,2330590.15309168
12354,1991510.6335901,2328424.70332837
12355,1990093.20549773,2331065.7430911
12356,1993273.95700024,2329530.19352436
12357,1993327.21083377,2329327.24919659
12358,1992137.95548505,2328417.35632375
12359,1992883.40405436,2326023.10981639
12360,1991934.0996567,2326403.63855596
12361,1988020.92439307,2329072.25223605
12362,1992594.56787252,2326428.7992718
12363,1992636.46059889,2326288.99128379
12364,1992095.16645811,2323366.59914392
12365,1995019.31429907,2323771.36839876
12366,1995111.78445729,2323200.38913928
12367,1995058.73052389,2323511.87723539
12368,1994932.58444447,2322830.62630649
12369,1994539.25859684,2322621.62127491
12370,1994300.26954638,2322281.14236055
12371,1994308.76205173,2322447.38616521
12372,1995776.32217567,2322753.02385763
12373,1995639.83758974,2322875.95433503
12374,1994849.42169211,2328411.8746203
12375,1995545.57503039,2328668.57778191
12376,1995255.31274765,2328682.3774906
12377,1996839.29794489,2327362.51345965
12378,1996177.67032835,2328831.76268465
12379,1996830.80023954,2328209.47109287
12380,1997958.91354977,2328388.96680587
12381,1997998.31457457,2329550.06413687
12382,1997706.42249081,2330484.03212487
12383,1995924.98416926,2326924.26628374
12384,1994971.44776894,2328314.26755884
12385,1996024.70923204,2325143.58036266
12386,1996099.15387891,2326737.15806594
12387,1996102.89728127,2326742.26766916
12388,1990873.28468884,2333942.15800202
12389,1990647.75824686,2334771.76522432
12390,1990178.11125118,2332569.36323774
12391,1988095.46264,2331578.38141385
12392,1988021.99939375,2330249.68707733
12393,1987787.67674623,2329643.25509554
12394,1987637.12285144,2329402.7057441
12395,1988346.49389804,2335239.09341853
12396,1987628.21394583,2334987.06675986
12397,1986499.05583494,2335277.90814297
12398,1985759.72796948,2337459.14411622
12399,1987016.42056066,2336831.50682108
12400,1985089.22854735,2334950.13403661
12401,1983518.28835833,2337489.62943541
12402,1986176.05663159,2331405.21590482
12403,1986982.15123909,2333526.65874043
12404,1985364.0952204,2334379.52287737
12405,1987248.91100703,2332401.03903177
12406,1987253.25600977,2332235.53142757
12407,1988991.07130385,2338899.84492325
12408,1989724.64736569,2335558.48801962
12409,1990455.1514256,2339754.35766122
12410,1990943.11363281,2335473.53716613
12411,1991865.86301374,2335154.90406553
12412,1992472.8753959,2334470.37633457
12413,1991897.13823343,2335393.25081559
12414,1992271.12266888,2335388.22421242
12415,1992271.54866915,2335386.6006114
12416,1991997.25889647,2335408.94102547
12417,1992446.06737902,2337214.32836209
12418,1996119.13249149,2333197.07123293
12419,1995915.17286308,2332275.90995299
12420,1995765.729669,2330054.30465433
12421,1996253.07127582,2329795.91629165
12422,1994957.47826014,2329400.4783427
12423,1996845.38254872,2332922.00455976
12424,1996967.67702571,2333131.33769155
12425,2000772.7761213,2332155.94847747
12426,2000185.37565149,2333819.23162463
12427,2000154.52843207,2333916.95908615
12428,1999980.87802275,2334559.19249049
12429,2005094.53744217,2342348.16409422
12430,2005472.84918034,2339870.12943411
12431,2005318.68698329,2340038.36204003
12432,2005063.47212261,2340449.80249906
12433,2004974.06706632,2340590.20248745
12434,2004957.58275595,2340709.0836623
12435,2004825.41937274,2340963.73712262
12436,2004951.19345192,2340705.9140603
12437,2004783.79634653,2341169.76825233
12438,2004860.82719503,2341449.62552852
12439,2004264.11571936,2358932.82063548
12440,2003297.92061106,2355129.97284131
12441,2002969.54670433,2355630.4635564
12442,1999688.68193879,2358873.10609788
12443,1999740.41017135,2358786.27724322
12444,2000700.41187574,2358432.21952032
12445,2000869.30028207,2358297.04373521
12446,1999013.12221347,2359757.83385489
12447,1999640.49950845,2356094.57194859
12448,1999706.96065029,2356178.37160135
12449,1999363.48363405,2355594.95993405
12450,1998575.65753805,2357670.03084046
12451,1998103.91394106,2360008.87761294
12452,1997854.83378424,2359797.22287969
12453,2008343.3022875,2354636.34343053
12454,2008288.92445327,2354595.45720479
12455,2008915.1132475,2354388.28527436
12456,2010663.85244846,2354571.3307896
12457,2010294.63861601,2355481.88436286
12458,2010244.69858458,2355571.87611952
12459,2009775.14088895,2358149.74534248
12460,2010142.68362035,2357717.83197056
12461,2009673.92492523,2358196.99817223
12462,2009537.24913918,2358623.96504103
12463,2009517.27992661,2358610.7235327
12464,2009340.76701548,2358587.73921823
12465,2009124.23017916,2358577.96641207
12466,2010554.42547957,2360799.23441052
12467,2009525.34853169,2359091.90793564
12468,2009267.98896967,2359767.39526091
12469,2009092.3666591,2360390.44785316
12470,2007813.04315367,2362401.47081925
12471,2008935.19766015,2361425.9690051
12472,2007522.77817092,2363780.67168756
12473,2007313.80253936,2364333.42303556
12474,2007536.2364794,2363799.57489946
12475,2006807.87492084,2364313.07232274
12476,2006576.42287512,2364280.80270243
12477,2008159.57877184,2364803.8145317
12478,2008226.53421399,2365800.77545936
12479,2008431.11774279,2365550.67550191
12480,2008488.29057879,2365502.31957146
12481,2008192.11309232,2364868.01067212
12482,2008067.5407139,2365790.39035282
12483,2006771.01669764,2368220.10588251
12484,2007540.23578192,2366253.98414469
12485,2007601.61632056,2366140.57437329
12486,2007653.33545312,2366053.72141861
12487,2005763.37676325,2368458.37633252
12488,2003812.54573506,2371918.49231092
12489,2008086.771126,2367449.53999738
12490,2006745.00228126,2368446.09512479
12491,2006516.52373742,2368835.40556989
12492,2005490.23749129,2370413.08256315
12493,2006430.37038317,2369209.52700542
12494,2006451.31679636,2368992.77366896
12495,2003649.81683261,2370623.61019569
12496,2005094.16514193,2369574.99213551
12497,2007948.80973914,2366415.24124621
12498,2007825.10346126,2366173.35989393
12499,2008030.2236904,2366590.31485644
12500,2008919.16455005,2366730.73234484
12501,2008976.04488586,2365443.71993457
12502,2009821.68751826,2367666.0576337
12503,2008778.71586163,2364653.03393678
12504,2008520.36989898,2364722.14978029
12505,2006649.00962082,2365374.54339102
12506,2006045.84704109,2362877.69751907
12507,2010087.59338567,2362422.26103234
12508,2009235.33344911,2361346.74735522
12509,2010308.18882455,2362898.91723243
12510,2011734.3214224,2365185.16597179
12511,2010195.39625353,2363954.10569675
12512,2012116.22916284,2365820.99287209
12513,2012189.00410866,2365930.2798409
12514,2011046.80128956,2368083.44719647
12515,2011124.5380385,2367770.59929951
12516,2011230.44220517,2367666.36293389
12517,2012066.80903173,2366440.42116207
12518,2010968.16414005,2368134.06262834
12519,2011117.96793436,2367726.52257176
12520,2010943.92502479,2368294.37702927
12521,2010905.38420052,2368223.28368451
12522,2010990.52845413,2368325.2475487
12523,2010835.91015679,2371663.75675054
12524,2012648.589198,2364019.52473794
12525,2010262.6890959,2370204.46063181
12526,2010581.04509633,2368354.310467
12527,2009565.91315723,2369683.63520391
12528,2010279.78610666,2368181.83045841
12529,2008734.89433404,2369974.07378676
12530,2008472.08956859,2369912.32734789
12531,2007326.38794728,2370307.19769649
12532,2007662.42485884,2370102.55566765
12533,2006958.74421582,2372067.4617047
12534,2006898.65687799,2372107.09822966
12535,2006111.9469827,2372692.59749827
12536,2005973.05519526,2373184.58870802
12537,2006010.70601897,2372816.15487606
12538,2006001.18321297,2373186.74030937
12539,2006146.29130432,2373151.11768695
12540,2008476.53357138,2372660.44587803
12541,2009393.56974873,2371061.72707152
12542,2009518.14242715,2370591.93657575
12543,2009568.2512587,2370422.61746915
12544,2009510.62462242,2370915.44777943
12545,2008053.02660476,2371778.06462251
12546,2008278.36794662,2369334.339184
12547,2008263.57373731,2369409.79603151
12548,2008482.84747536,2368218.8218817
12549,2004313.28005031,2374268.85239064
12550,2004868.93210013,2373934.53038016
12551,2004211.85408645,2374326.64262703
12552,2004314.09845082,2374273.99959388
12553,2003929.5155087,2374437.04149653
12554,2005002.60338429,2373853.53042917
12555,2003643.14122841,2374533.12285702
12556,2006512.81013508,2371869.82448028
12557,2006646.5852193,2371817.96914763
12558,2004375.96918978,2372231.19990779
12559,2004425.35912087,2372244.32361605
12560,2004233.58130013,2372345.1093795
12561,2014380.99058868,2364973.6037386
12562,2014446.01012961,2365141.69464442
12563,2012387.18653343,2365940.4553473
12564,2012691.60542508,2364674.04135
12565,2010347.69324942,2363054.94273066
12566,2011296.51834677,2359397.35332794
12567,2010646.90023779,2357242.73667145
12568,2011309.95585523,2359887.90663678
12569,2011351.61548146,2359711.04272543
12570,2013458.31490778,2361063.45267687
12571,2011057.72429644,2348047.85538259
12572,2011336.30297182,2347174.06343248
12573,2011631.16085745,2346661.94381006
12574,2011690.55949485,2346487.09409998
12575,2011767.75794345,2346343.44560954
12576,2011800.45356404,2346259.46265667
12577,2010081.38408175,2350205.71644112
12578,2011121.13653636,2348339.94256648
12579,2011123.97993815,2348331.52086118
12580,2011632.69055842,2346667.35841347
12581,2012200.0338156,2344402.50778758
12582,2012778.98518009,2345109.25463253
12583,2012356.59511417,2343957.87220765
12584,2011589.44003119,2348580.56341797
12585,2014076.71549711,2343963.00281088
12586,2013618.54810866,2343497.37691773
12587,2012725.57724647,2343032.33862496
12588,2013989.9690425,2344437.69400973
12589,2014317.53394872,2346111.31156339
12590,2015117.09665211,2345459.24165287
12591,2015385.64652118,2345607.22964604
12592,2015391.713325,2345605.93974523
12593,2014912.95582359,2345373.3613988
12594,2013743.81428752,2348177.4862642
12595,2014370.83818228,2346805.73270058
12596,2015071.4981234,2350234.03505895
12597,2012257.5224518,2355359.03538552
12598,2013692.3175551,2354177.68074177
12599,2013093.9730784,2356356.26461335
12600,2014604.76372956,2349623.27907444
12601,2015190.52719834,2348230.02519728
12602,2015191.55839899,2348220.23429112
12603,2016753.37758227,2345554.26461269
12604,2016383.36624932,2347961.135328
12605,2018548.73361257,2351158.08684071
12606,2021531.68769057,2355614.75444651
12607,2022193.19010703,2357013.24952697
12608,2018181.83378159,2356396.11833844
12609,2016841.09813749,2354953.93333048
12610,2016442.12898631,2356203.40021711
12611,2018111.62813739,2356687.22862171
12612,2016091.40266551,2355676.37308531
12613,2016183.32062338,2355880.72111396
12614,2018604.38624761,2358043.11667535
12615,2018481.18337005,2358531.92758309
12616,2018241.4208191,2360536.39484505
12617,2018110.46283665,2364686.32185773
12618,2015087.21273329,2363519.87572337
12619,2014024.36366415,2360866.77455305
12620,2013881.53347423,2359584.96504605
12621,2015594.7041528,2359499.06189197
12622,2014798.78915171,2358909.65012089
12623,2014640.38205198,2357922.76999958
12624,2014348.51246823,2357705.13956256
12625,2013688.79695289,2356611.85027426
12626,2014066.92129095,2352016.53358117
12627,2013929.65290453,2352199.84449658
12628,2016272.46227949,2350131.40759434
12629,2014925.96903178,2351550.7077879
12630,2016480.01741017,2352468.09956546
12631,2018861.53790951,2345236.93251291
12632,2018859.11370798,2345226.32890623
12633,2018900.87893428,2347065.99146444
12634,2017987.25545909,2345743.86793206
12635,2019917.04227403,2342239.38502573
12636,2018477.91146799,2342975.05718889
12637,2018477.80206792,2342975.46808915
12638,2019955.34099814,2344682.39816379
12639,2019966.68000528,2344629.81213068
12640,2019868.05404318,2345051.05519589
12641,2019932.2475836,2344986.00585493
12642,2022298.57567338,2342062.87281461
12643,2019861.27053891,2346129.33467474
12644,2019874.5833473,2346206.99112363
12645,2020031.37054601,2346687.99392646
12646,2020211.7937596,2347148.77741656
12647,2021320.29775748,2349576.53364501
12648,2019906.72776753,2349183.20389738
12649,2022008.7366909,2347615.23491023
12650,2022955.63588705,2345553.68121233
12651,2023664.23973316,2347330.63653105
12652,2023802.03871992,2347176.85213423
12653,2023570.49167414,2347514.79414699
12654,2025946.01336971,2352302.4913612
12655,2022677.4466119,2351651.63455144
12656,2021970.52216684,2353120.46157617
12657,2021641.86125993,2352876.06772231
12658,2025564.74202967,2346618.90498296
12659,2025570.43583326,2346609.06787677
12660,2025628.1690696,2346450.46677692
12661,2025613.49926037,2346359.1033194
12662,2025576.76633724,2346749.30346506
12663,2025464.96366685,2344001.4714351
12664,2025700.84211535,2347717.75937477
12665,2025682.77530398,2347882.48587848
12666,2025265.47774126,2348173.28866156
12667,2025107.04954152,2348257.97161488
12668,2024745.16841369,2348796.41685387
12669,2024995.16277108,2348461.12414278
12670,2024896.73040911,2349350.95470299
12671,2024883.70050091,2349389.85522748
12672,2024821.54636177,2349465.91237536
12673,2026420.33916833,2349412.23374157
12674,2027726.39969059,2349846.98651528
12675,2028655.27617539,2347884.59597981
12676,2027300.50412246,2351679.97936928
12677,2029169.27189899,2349005.27308536
12678,2029161.79669428,2351513.77806465
12679,2028417.26682555,2352879.91342473
12680,2027879.75088714,2354028.64494794
12681,2026490.30461238,2355317.26835922
12682,2029232.53493882,2354640.12023291
12683,2029097.71135394,2354617.24461851
12684,2028488.00067008,2355129.38104093
12685,2027483.62623775,2355994.04908531
12686,2029058.18922905,2356810.64089941
12687,2028125.03884156,2357000.34321884
12688,2028861.52030523,2356969.87189966
12689,2028970.99067416,2356824.36540805
12690,2027643.87773864,2357149.56211279
12691,2025717.28042571,2358961.72655368
12692,2027318.36673371,2359377.53891546
12693,2028609.80504676,2358123.61832603
12694,2028631.3023603,2358423.40701477
12695,2028719.85681605,2358433.89352137
12696,2024630.42094145,2363017.23560692
12697,2025945.59326945,2359960.62918256
12698,2025551.70232146,2359881.54683277
12699,2024334.9075554,2361557.99098822
12700,2023902.83398338,2362848.70680082
12701,2024724.0648004,2359696.81761647
12702,2024906.70111538,2359716.65032896
12703,2024578.82260896,2359673.79580198
12704,2022928.67057007,2363064.3843366
12705,2022624.39877851,2363547.02354046
12706,2022319.12878632,2363896.95346077
12707,2022409.84974343,2363831.21701938
12708,2022546.32182935,2363653.25140734
12709,2020799.76452976,2364218.05796293
12710,2022004.10718799,2364517.06915118
12711,2023117.97308925,2364598.44410241
12712,2020797.29772821,2362893.01722872
12713,2022044.97141372,2364072.43327124
12714,2021616.09564371,2361825.20885645
12715,2023330.38662298,2360162.99130996
12716,2025180.96598805,2368756.26622006
12717,2025041.85600048,2368944.11953833
12718,2023412.8590749,2369625.22796714
12719,2023184.56963118,2369590.52944529
12720,2021575.63891824,2371667.47625288
12721,2021759.70213412,2371769.77631729
12722,2015121.34025478,2376961.67958597
12723,2015045.46060701,2376504.37879807
12724,2015976.89059341,2375318.60485154
12725,2016028.87652614,2375332.48726028
12726,2016515.24233234,2374881.99227666
12727,2015140.69486697,2377064.85845093
12728,2015077.3731271,2377438.58308622
12729,2015077.3800271,2377420.60907491
12730,2014952.80454867,2377726.88476773
12731,2014917.99932676,2377934.70299857
12732,2014699.13838897,2378098.49530168
12733,2017428.07120704,2373259.61125525
12734,2017434.16771087,2373412.22165133
12735,2017080.7957884,2372782.45685485
12736,2014870.16769665,2374901.64958903
12737,2016651.64771822,2375220.50908978
12738,2016639.59311063,2375090.1328077
12739,2016423.60597465,2375437.95822668
12740,2015608.12446124,2377902.54387832
12741,2016773.17089473,2376244.49573446
12742,2016810.61881831,2375541.37539179
12743,2016823.34782632,2375359.23067711
12744,2016717.46975966,2375296.41273757
12745,2017320.27903917,2375677.55397752
12746,2017371.75277158,2375008.38645623
12747,2017605.2733186,2374906.79609227
12748,2017604.05381783,2374755.51029703
12749,2017538.66957667,2374658.52683597
12750,2020526.72615787,2370310.95719885
12751,2019494.73530816,2369631.69707121
12752,2019229.239241,2369589.65254474
12753,2018448.51614948,2369804.10517976
12754,2017750.09070977,2370247.19705871
12755,2017859.28137852,2370297.65819048
12756,2017297.00272452,2370096.55976388
12757,2016674.02463231,2369839.46200201
12758,2015518.41440477,2370634.02030225
12759,2014332.1029579,2372214.84109749
12760,2013049.54255043,2373362.01541972
12761,2012398.99404086,2373975.53890598
12762,2012621.68768106,2373775.24017988
12763,2012382.3765304,2374266.74868932
12764,2012321.2226919,2374374.55695719
12765,2012375.66302617,2374357.47064643
12766,2012405.09864471,2374326.48472693
12767,2011688.5769936,2375688.83188462
12768,2011819.69447615,2375578.01921486
12769,2010478.63713185,2376749.55155242
12770,2012178.94170232,2374881.98427665
12771,2012272.86976146,2374655.47543405
12772,2010192.53975174,2378340.86505427
12773,2010061.57346928,2378165.8686441
12774,2010191.12955085,2378356.32466401
12775,2010389.53847576,2378779.33993033
12776,2010271.99280176,2376731.85494128
12777,2010437.92100622,2378813.33645173
12778,2010798.01303293,2380398.49834971
12779,2010823.01424867,2380333.6829089
12780,2010983.95124999,2380021.73901251
12781,2010991.63525483,2380002.60250046
12782,2010836.85125738,2380275.05357199
12783,2010611.13451527,2381005.20393167
12784,2009561.00905414,2381639.82453121
12785,2009101.08006458,2381150.15412293
12786,2009059.20983822,2381445.98900918
12787,2013950.07471738,2374777.01221057
12788,2013589.23879021,2375692.93598721
12789,2012156.0265879,2376908.1831523
12790,2013674.53394391,2376319.61488175
12791,2013615.63910683,2377143.33050034
12792,2013190.77703935,2377744.4654788
12793,2013065.5388605,2377851.24634602
12794,2012635.50428976,2377526.73564172
12795,2011237.92310988,2372027.02577925
12796,2012775.36887782,2373530.17212559
12797,2010860.21727209,2372723.4537177
12798,2010816.52424458,2373085.01134533
12799,2010849.34736525,2373951.77619102
12800,2010573.08189132,2374414.18408214
12801,2010021.2484439,2375551.36899808
12802,2010822.09774809,2374636.28602197
12803,2010594.10550455,2374472.67981897
12804,2009292.83358531,2373350.57161252
12805,2008984.03479089,2372734.15092443
12806,2012353.80181241,2374283.76380003
12807,2012278.48096499,2374331.63823017
12808,2009628.06379636,2376719.99443382
12809,2010293.79191548,2376639.72948328
12810,2008685.56010298,2376554.91242988
12811,2008656.992985,2376613.49896677
12812,2008173.89838085,2377422.21977592
12813,2008263.79783745,2377112.617581
12814,2007453.8061275,2377776.48009895
12815,2007183.85135755,2377702.29565225
12816,2008199.90399723,2374941.73021427
12817,2008597.06444727,2376573.80904178
12818,2007365.67037201,2375628.2788465
12819,2007367.32537306,2375625.06124447
12820,2007500.54695693,2375335.90106243
12821,2007537.85948042,2375303.455742
12822,2007346.37025986,2375435.284525
12823,2007411.43300083,2375426.0702192
12824,2007499.75745643,2375351.59437231
12825,2005396.8541325,2377474.75350899
12826,2005852.05401908,2375560.54450386
12827,2007548.01818682,2374684.29055219
12828,2007945.77513723,2378745.67540913
12829,2007883.40889797,2378705.33118373
12830,2008037.3641949,2378478.86674116
12831,2008101.23673511,2378080.35279026
12832,2007850.47797723,2378662.20555658
12833,2007884.39269859,2378612.98232559
12834,2008083.24112378,2377882.43506566
12835,2007929.29482686,2379024.44108463
12836,2011982.2586785,2378066.16448133
12837,2011681.92578942,2378402.02339278
12838,2009520.9126289,2379575.8685318
12839,2012200.93721617,2374602.0259004
12840,2012480.47699216,2372152.63215833
12841,2016377.63184571,2369601.08045194
12842,2015575.78254088,2369017.88848477
12843,2015658.26269281,2368515.59226854
12844,2015519.65050555,2368828.02276524
12845,2015697.37861744,2368428.08841345
12846,2015783.62747174,2367950.62881286
12847,2016308.3717021,2365993.62388078
12848,2016366.0156384,2371708.84027893
12849,2017988.92546014,2370486.03420908
12850,2018994.6255933,2369052.64450665
12851,2018998.35159564,2369053.05290691
12852,2019041.55622284,2369364.522303
12853,2017996.55046494,2367428.95018442
12854,2022106.04415217,2369786.13186844
12855,2021504.32807334,2369566.56943021
12856,2019788.16369289,2367874.87326516
12857,2024200.0619705,2366882.96474068
12858,2022192.17490639,2366201.7440118
12859,2021760.9438349,2367479.36731616
12860,2023708.04256074,2364695.67776362
12861,2023717.75886686,2366149.8006791
12862,2024010.09785091,2364201.84865272
12863,2032387.03752481,2365744.51922395
12864,2032600.32525909,2366098.31524669
12865,2033228.78715475,2363927.76338016
12866,2035464.33276219,2362033.93038786
12867,2036167.85390511,2363247.46895187
12868,2036207.32412996,2363567.97135365
12869,2032574.26814269,2362229.33581088
12870,2034910.04771323,2363927.77108017
12871,2034510.999562,2366626.00787891
12872,2036118.03087374,2365753.19092941
12873,2034571.79190027,2366009.21019059
12874,2034593.1296137,2366348.68560431
12875,2036106.72176662,2368202.94367171
12876,2036218.40993694,2368148.09493717
12877,2036310.86109515,2366972.95329734
12878,2046492.40810518,2362009.35337238
12879,2046523.27232461,2362078.69041604
12880,2042319.27147788,2362697.7882058
12881,2042553.53792537,2363135.04028109
12882,2047990.24634818,2368962.95325019
12883,2048064.85919515,2368967.23985289
12884,2048455.94294137,2368680.80057255
12885,2048032.91837504,2370928.22828747
12886,2048237.30390372,2371524.33846277
12887,2046293.66038005,2374099.49988402
12888,2046178.50430755,2374235.31136953
12889,2046152.5272912,2374273.33889347
12890,2046012.85810326,2374248.770678
12891,2047160.42972575,2373417.03925436
12892,2047236.90117389,2373607.39487421
12893,2045390.16021123,2374647.40942897
12894,2046532.63983051,2381525.13955901
12895,2044379.52567496,2378302.04842984
12896,2037339.51304276,2382881.79381312
12897,2040532.92525325,2381954.90262958
12898,2040589.19978867,2381930.44111418
12899,2038783.47025183,2384902.82238551
12900,2037271.36859985,2385709.81599357
12901,2038350.52267926,2386810.41788648
12902,2035006.76807412,2382965.55466586
12903,2035499.80968453,2383016.94889821
12904,2035438.70294606,2382769.80084261
12905,2034776.94822943,2383563.23474214
12906,2033971.46352232,2384482.0409206
12907,2033917.25918819,2384576.01877976
12908,2033844.21494221,2386273.62714853
12909,2032088.36223677,2390912.84166926
12910,2032230.97702656,2390675.87612007
12911,2031359.61027797,2392599.62223121
12912,2030670.20584394,2394440.12138994
12913,2030756.80389846,2394187.9798312
12914,2030657.55433597,2394457.88640113
12915,2030951.1296208,2393885.52474078
12916,2030496.33463447,2395188.01446079
12917,2029463.6122843,2395324.23184655
12918,2035377.37450745,2384591.75198967
12919,2035322.86307313,2384625.48931091
12920,2034773.52792728,2383739.89445336
12921,2034793.93994013,2383596.9967634
12922,2035217.02140649,2384620.67090787
12923,2035012.59437779,2384642.16842141
12924,2035214.52240492,2384617.0541056
12925,2036386.74544292,2384942.80321068
12926,2035427.29133887,2384558.35866864
12927,2035441.06494754,2384652.19632772
12928,2035928.63675451,2386528.16070878
12929,2035182.14568453,2389506.26278371
12930,2035413.96673048,2389277.53423971
12931,2035529.04610293,2389200.04399093
12932,2035502.89468647,2389198.18198975
12933,2035401.71682277,2387450.85898969
12934,2034842.85767093,2387787.11620138
12935,2034646.47104729,2388878.8300887
12936,2034460.6450303,2389265.7618323
12937,2034013.62944887,2390819.58371055
12938,2034116.10821338,2390730.73665461
12939,2033090.46876767,2390773.55718157
12940,2032969.07239124,2388713.28268448
12941,2033221.16094995,2388293.94562047
12942,2029867.13303834,2393854.15842103
12943,2030862.48046499,2393797.90568562
12944,2029646.4424994,2394533.71604887
12945,2029868.27773906,2394206.93754314
12946,2033390.85795679,2385207.3064772
12947,2033747.84798154,2384458.57540582
12948,2033414.59797173,2383604.99566843
12949,2033195.38093372,2384327.45632327
12950,2031837.79177902,2384413.46997743
12951,2031468.42294647,2384521.72974558
12952,2029923.44317379,2388194.09735761
12953,2029419.96935682,2389791.11476305
12954,2029490.60650129,2389351.90678653
12955,2029525.70602339,2389250.08672243
12956,2027998.80626209,2391099.87818701
12957,2032777.93307091,2386167.6280818
12958,2031539.23219105,2384900.85408427
12959,2031678.12337849,2385006.27975064
12960,2031190.73037164,2387203.19983377
12961,2030890.08898237,2386096.12613678
12962,2030354.82244538,2389919.64554397
12963,2030297.90790955,2390130.91437698
12964,2030299.01771025,2390311.41399062
12965,2026809.38001326,2388805.74224268
12966,2026914.03847915,2388773.08492212
12967,2028423.75892963,2388187.05205317
12968,2028868.63330971,2387959.29320978
12969,2026744.52177243,2388889.20349523
12970,2026651.42401382,2389012.55277289
12971,2026732.81216506,2389566.61612171
12972,2026670.69582595,2389886.26712295
12973,2026717.83825563,2389642.0433692
12974,2026193.83572573,2390272.26976597
12975,2026397.52405397,2390223.5463353
12976,2026654.35271566,2389937.50575521
12977,2025788.55857058,2390693.28983103
12978,2024657.72705864,2390615.45808203
12979,2026733.3640654,2388804.13404167
12980,2033871.21825921,2382623.4805505
12981,2031330.67595975,2382374.22069357
12982,2030859.10616286,2381609.70341225
12983,2030911.8970961,2382553.37680636
12984,2030181.088836,2383361.38001506
12985,2029810.22180251,2381879.68048222
12986,2029190.32051224,2382224.77379948
12987,2029156.60709101,2382838.09468561
12988,2028576.88182604,2383930.14767314
12989,2028765.26604464,2383665.4651065
12990,2027448.73441578,2386474.76967517
12991,2027527.48026536,2385049.97267815
12992,2027264.0267995,2385575.24310885
12993,2029313.85019001,2383732.92634897
12994,2029183.51650796,2383605.33976865
12995,2030205.44745134,2383796.91208926
12996,2029019.28110456,2385417.71450967
12997,2029329.46019984,2378975.50995383
12998,2029435.60196666,2378923.74472124
12999,2028547.74030769,2380704.73774251
13000,2026738.10096839,2382878.88311129
13001,2026348.66762321,2384313.18681429
13002,2025799.69617759,2384295.89680341
13003,2025589.82364546,2384348.25263637
13004,2025330.28518206,2384342.29743262
13005,2027864.49667754,2382378.17229606
13006,2024464.97563729,2386480.55957881
13007,2025035.94459675,2385889.39320663
13008,1979198.52923872,2351883.84259763
13009,2005927.41256652,2366964.29769189
13010,2006224.29505343,2366966.25979312
13011,1999103.77977055,2328107.25892852
13012,1998413.58163602,2328185.48807777
13013,1993207.59115846,2353546.84034461
13014,1999176.80051652,2329150.18948512
13015,2032451.37986531,2355989.7464826
13016,2025006.46227819,2391672.73144767
13017,2040481.75422103,2389102.26742937
13018,2037928.96311386,2390692.79103072
13019,2037302.82301966,2389733.46552675
13020,2039793.47888771,2388208.28576654
13021,2042615.18506418,2382477.5146586
13022,2013864.57806356,2380491.21170807
13023,2014248.33820516,2379468.59976427
13024,2024517.2510702,2378838.62796765
13025,2044783.9899296,2377136.62269611
13026,2013260.37278317,2342238.92072544
13027,2041249.72280452,2386922.31615693
13028,2032748.92495264,2355974.21847282
13029,2000233.32878168,2348194.98817522
13030,2000257.31629678,2348016.05436257
13031,2035822.38558761,2380643.2559038
13032,2036095.10455931,2380716.89245016
13033,2033057.30854679,2381740.40219453
13034,2034308.50623452,2380567.27495596
13035,2034309.66433524,2380560.975752
13036,2034433.90921346,2380268.31726775
13037,2032557.76483229,2381740.22669442
13038,2032509.56250195,2381919.2092071
13039,2030497.85213543,2377151.98620579
13040,2030167.7420276,2376941.71487341
13041,2030282.47749983,2376991.00090444
13042,1946116.06361087,2368333.11305366
13043,1946204.95766684,2368646.25875081
13044,1961846.02371404,2351948.92913861
13045,1962853.48524832,2351098.08650294
13046,1959922.60030311,2353177.5292121
13047,1959071.28816714,2353918.23227843
13048,1959191.84564304,2353574.34166192
13049,1959535.54845943,2353323.9791043
13050,1959537.12846042,2353317.87060045
13051,1959082.30597408,2354016.21064011
13052,1957774.88895096,2355901.39182697
13053,1958417.94105581,2354979.81364677
13054,1957316.08486211,2356033.22490997
13055,1957199.48778871,2356452.11087369
13056,1956947.02632976,2356772.28657527
13057,1955509.925825,2357321.06912076
13058,1954184.03309026,2359095.68263801
13059,1954199.96900029,2359726.12213492
13060,1953948.71254211,2360001.70540842
13061,1953277.18621933,2360310.80890303
13062,1953137.92403165,2360343.3381235
13063,1952866.21936059,2360476.9124076
13064,1951459.09337471,2360746.92507759
13065,1950121.73423274,2361921.81081727
13066,1967998.11198724,2340127.31689603
13067,1968020.89560158,2339768.54357016
13068,1967572.04021899,2341377.70738324
13069,1967565.27991474,2343310.36099999
13070,1967487.56776581,2343409.09606215
13071,1966539.05646865,2344745.82770372
13072,1966291.24501264,2345881.21211853
13073,1966257.77879157,2346260.97735762
13074,1966542.05237054,2346580.5322588
13075,1967793.12405818,2347801.0358272
13076,1970101.72421161,2350115.1445841
13077,1970048.9637784,2349927.04306568
13078,1969632.04271591,2352125.7002499
13079,1969198.98634328,2352901.1562381
13080,1969222.71675821,2353160.97780168
13081,1969577.09488132,2354103.79419525
13082,1968879.10294189,2354474.90422889
13083,1967820.81077561,2339817.0523007
13084,1966972.17054133,2340106.82788313
13085,1966137.82541605,2340873.34346571
13086,1965675.31172486,2340668.72813689
13087,1965996.96372737,2340834.13404102
13088,1965810.01240966,2342638.07547674
13089,1965055.68383476,2343266.76947255
13090,1938782.96499415,2356261.13295346
13091,1939455.42361751,2356856.2105281
13092,1938688.54703471,2356405.86814458
13093,1937949.13046919,2361517.49566272
13094,1938978.4109172,2362314.97066479
13095,1935777.15370177,2357717.76977052
13096,1937848.13640561,2361454.59952313
13097,1937578.01983555,2361472.39353433
13098,1941173.42459912,2365792.74485431
13099,1939543.86757319,2364128.55680658
13100,1941190.83841008,2365440.83133275
13101,1939628.51702649,2368313.28444117
13102,1939660.72314676,2368208.04017491
13103,1939643.33873582,2370183.36211853
13104,1939636.91023177,2370279.37607897
13105,1938813.68811349,2372026.76947908
13106,1939394.03607886,2370850.58213859
13107,1938611.23158603,2372856.44540143
13108,1938875.40955235,2373277.92116678
13109,1939049.4194619,2373391.19393809
13110,1938572.67236175,2372986.45638328
13111,1938005.78400486,2373511.4530138
13112,1937938.99976281,2373386.10483489
13113,1937780.59616308,2373110.5378614
13114,1938464.11609341,2373988.00761383
13115,1937621.70336305,2375302.81244159
13116,1938815.03481434,2376263.53214644
13117,1937216.43870791,2374061.21335992
13118,1935231.18305804,2375101.24371469
13119,1936549.70038814,2376619.38627048
13120,1938449.97138451,2371973.05174527
13121,1938592.41457418,2369520.39760114
13122,1937104.75693759,2371614.69201965
13123,1939894.79059413,2371303.73192388
13124,1939748.47810201,2370849.14183768
13125,1939966.81223947,2372697.43270132
13126,1943294.74163464,2367245.10086867
13127,1943357.42147411,2367477.62751506
13128,1943361.21287649,2367594.75628881
13129,1943508.18836902,2367782.93240728
13130,1943367.28468031,2367579.29437907
13131,1943245.78800382,2366593.72325858
13132,1943220.92428817,2366568.86454293
13133,1941619.51557996,2366002.2458862
13134,1942957.40982227,2362847.7314002
13135,1942915.62939597,2362929.39715162
13136,1943124.45312744,2363951.81809531
13137,1942962.31622536,2363234.40794365
13138,1943108.85901762,2363789.42179307
13139,1943116.67882254,2363794.04029598
13140,1938163.49870415,2364202.99795344
13141,1938156.60459981,2364411.37728463
13142,1938361.55702884,2364099.66818839
13143,1938147.56729412,2363817.71341088
13144,1933067.49799584,2367212.99744846
13145,1933465.34354632,2367362.44594255
13146,1933025.23936924,2367230.98615979
13147,1933014.44596244,2367061.44205305
13148,1932976.08253829,2367057.33835046
13149,1932968.13943329,2366925.95756775
13150,1939353.50005334,2362326.99817237
13151,1939373.1214657,2363160.75459728
13152,1939633.49842962,2361864.9918815
13153,1940109.30702918,2361955.78433866
13154,1939574.96839277,2361159.81923754
13155,1939647.49823844,2370671.00012553
13156,1942713.49896871,2361738.99050217
13157,1942650.88282929,2361546.77268116
13158,1942735.39338249,2361734.77219952
13159,1941785.42388442,2358975.03036205
13160,1941766.62327258,2358869.04709533
13161,1941694.0607269,2358864.46939245
13162,1941854.63632799,2358330.12515604
13163,1957454.38014918,2361548.50178224
13164,1957448.50044548,2361507.99685674
13165,1957416.62392541,2361533.42047275
13166,1957721.50371736,2361235.00068487
13167,1957809.78117293,2361161.95223888
13168,1957568.98952134,2361086.86049161
13169,1956571.68039346,2375135.48623625
13170,1956475.4968329,2374758.99999923
13171,1956298.18462127,2374874.29647181
13172,1957218.71020081,2373837.45121904
13173,1940165.37696448,2359414.60003879
13174,1940124.81233894,2359975.01209162
13175,1941388.09063427,2358859.84068953
13176,1939607.15251303,2361082.41138881
13177,1948231.61184277,2330555.04616958
13178,1946891.35809898,2328507.53338052
13179,1948030.81011635,2331195.46437277
13180,1950542.53799767,2339194.70440888
13181,1949039.76095156,2331766.054432
13182,1950085.68341004,2342304.3031666
13183,1942754.86899475,2353248.02745648
13184,1946037.81356161,2346649.79970241
13185,1943141.86013839,2355301.033549
13186,1943018.84176094,2354847.05436319
13187,1943331.13185756,2356065.04083
13188,1943276.70672329,2356287.96147035
13189,1943220.35908782,2356386.3633323
13190,1836624.21717769,2326874.26335226
13191,1837691.37864955,2326851.57943797
13192,1835376.67709227,2329415.56275219
13193,1842271.34073297,2324129.47422421
13194,1843169.87269866,2323710.33806033
13195,1842276.31833611,2324494.06225375
13196,1834783.60631889,2319497.32550793
13197,1835179.27026799,2318842.20989549
13198,1834326.51993112,2323308.4335073
13199,1832603.62984644,2325160.98257362
13200,1832566.11302282,2325901.87104006
13201,1833097.93495764,2331188.64166848
13202,1832875.85841782,2328811.62897197
13203,1835344.12077178,2324170.09374978
13204,1835553.68350371,2324215.7089785
13205,1830321.97300997,2328197.17518513
13206,1830734.94706996,2325565.55882833
13207,1833981.32041379,2320223.58456516
13208,1836838.36921252,2397708.20404744
13209,1837663.12553176,2396963.92387886
13210,1840695.17674066,2393751.28655627
13211,1835452.43683997,2367973.26812711
13212,1836451.95836924,2359252.4414367
13213,1834857.93226568,2337461.1802175
13214,1839324.50017772,2335936.52485762
13215,1855152.3249425,2385504.51926432
13216,1855195.73916983,2385444.09112628
13217,1837816.85822855,2330006.07042396
13218,1840111.02027289,2328507.76768067
13219,1836069.02182816,2330193.93214223
13220,1850838.87042686,2375823.87496964
13221,1850263.05526435,2375300.7563403
13222,1851397.57577861,2382653.54156942
13223,1851639.93483119,2382481.34026101
13224,1856227.23401923,2331894.19761267
13225,1857504.10282312,2333485.36261443
13226,1847385.49945271,2328458.64724974
13227,1847373.47764514,2328850.64589654
13228,1847535.81214735,2328373.99629645
13229,1845034.6750727,2335468.90946322
13230,1844635.02122108,2331657.22096348
13231,1849498.06408273,2375887.04020941
13232,1850427.28476774,2382699.74419851
13233,1857414.59556677,2330146.61561244
13234,1849867.9603156,2331493.35636032
13235,1835183.76287082,2330589.79509146
13236,1848878.83209287,2374479.71332339
13237,1848072.81958543,2373404.37274639
13238,1854604.3344975,2386079.24442615
13239,1852460.52094781,2382457.67504611
13240,1850108.65346714,2382619.18644779
13241,1857800.11130948,2337743.35249515
13242,1857718.52525811,2336975.40621167
13243,1856418.61453972,2331622.41414157
13244,1857326.012911,2329981.10440824
13245,1830096.18416781,2373596.67876746
13246,1829908.32674954,2373653.70880336
13247,1832815.01907952,2368375.32338023
13248,1844531.50325591,2331470.99944624
13249,2026137.94879055,2385080.31969726
13250,2026231.86294967,2384885.67317471
13251,2025229.07941835,2385853.87508427
13252,2025229.0083183,2385851.0763825
13253,2024079.41739455,2387598.04048235
13254,2024356.44756896,2387373.01424068
13255,2024479.55254646,2386669.82439797
13256,2024464.3640369,2386487.212883
13257,2024031.22726421,2387924.08028761
13258,2023047.51744489,2390620.99578552
13259,2022411.50574448,2391308.53201837
13260,2025804.29968049,2384249.46247417
13261,2025885.9606319,2383749.6541595
13262,2025086.67692869,2383175.39519797
13263,2025568.55413207,2382965.49306582
13264,2025693.38811066,2382908.89793019
13265,2024085.50939839,2383354.73321087
13266,2023532.81885042,2385008.2813519
13267,2023535.68575223,2384997.59324517
13268,2023351.37513619,2385277.74382155
13269,2023120.752991,2385183.94336249
13270,2023283.09929321,2385238.2771967
13271,2021769.49184028,2385244.68070073
13272,2021987.38817746,2385250.09140414
13273,2022938.32497615,2385073.2352928
13274,2023290.50279787,2385240.74929826
13275,2022945.5638807,2385074.79819378
13276,2021598.32203252,2385961.463552
13277,2021166.62566073,2386568.72543432
13278,2021124.41383416,2386658.04169055
13279,2020371.7512603,2387634.74130545
13280,2020056.08486157,2387769.94589057
13281,2020104.53389207,2388193.36355715
13282,2020033.61924742,2388613.93812193
13283,2020041.82425259,2388388.40317994
13284,2020055.72446134,2388336.51564727
13285,2019697.49403581,2386580.27304159
13286,2019547.10294112,2385488.62115431
13287,2019514.23532043,2385067.28198905
13288,2021529.65458928,2385233.38079362
13289,2021439.52983255,2385238.36509676
13290,2021019.21276793,2385218.40878419
13291,2020069.81157021,2386325.14618097
13292,2021456.08404297,2385176.58715786
13293,2023230.81606029,2385511.74006887
13294,2023247.57227084,2385439.43152334
13295,2023194.01183712,2385697.83598603
13296,2022963.49119199,2386168.34438225
13297,2022820.58450202,2386331.30978485
13298,2021963.43636238,2389647.37227255
13299,2032599.42535852,2379773.60595629
13300,2033167.232916,2379477.32636976
13301,2034345.58755786,2369855.54431214
13302,2032401.45293389,2370163.82570622
13303,2032173.08319011,2371834.87265827
13304,2032484.7038863,2370164.93350692
13305,2033586.61608003,2368868.22329055
13306,2032682.22111065,2372214.93599755
13307,2030739.38838749,2370208.58773441
13308,2030702.83726448,2371504.57995033
13309,2030233.36396891,2371648.95054122
13310,2030003.61542427,2371746.32310252
13311,2028348.58828231,2373080.09184223
13312,2029569.45905093,2372294.80564783
13313,2031115.048424,2372197.7027867
13314,2031206.59788163,2372060.66520043
13315,2031455.08413807,2373920.32877122
13316,2031173.91906106,2373439.77506868
13317,2031175.48596205,2373209.76512387
13318,2031012.04025915,2371110.65400232
13319,2031043.98067925,2370650.39071255
13320,2032365.23121108,2373300.70308112
13321,2032598.47635793,2372907.62723365
13322,2027598.09950982,2370521.73483155
13323,2029847.56452602,2371529.70296615
13324,2027406.32378908,2371013.32234105
13325,2029648.56730074,2369738.86913868
13326,2025683.68950456,2373933.91687978
13327,2026096.92216472,2372391.958809
13328,2025430.4068451,2373953.43659206
13329,2023884.22517166,2373623.79138453
13330,2021841.96048591,2374540.98796197
13331,2023011.51142222,2374025.51643744
13332,2020928.20151063,2376303.55457164
13333,2021665.9532751,2374554.72607062
13334,2021729.76831527,2372884.73231924
13335,2023195.67873817,2374244.38457524
13336,2026381.72874402,2367782.85600723
13337,2026326.91320951,2367890.00237469
13338,2029213.56362687,2364385.76586851
13339,2029626.51538686,2364461.97271649
13340,2029998.20702086,2364701.94366757
13341,2031789.90684887,2363325.11220075
13342,2030607.52490447,2362028.28738431
13343,2029501.77600832,2363514.70392011
13344,2030208.8844535,2361849.96557204
13345,2030818.84933752,2361083.60958956
13346,2028786.16465779,2361723.07029215
13347,2028786.9623583,2361720.09489027
13348,2032016.05589125,2360220.26934602
13349,2029310.96038819,2359628.01557316
13350,2031693.88998842,2357135.32630382
13351,2031828.37397309,2356920.74636873
13352,2031210.77488426,2358714.50939804
13353,2031165.80395595,2358940.86264054
13354,2031951.74355076,2357342.14423403
13355,2031901.40741907,2357020.33953143
13356,2032069.80262509,2359347.2629964
13357,2034540.49918057,2357325.63552364
13358,2034539.88998019,2357319.84892
13359,2034121.80421697,2356959.16469292
13360,2034585.30650878,2357440.93499623
13361,2036779.26689004,2359366.26720837
13362,2035201.74929688,2358384.8602905
13363,2036972.64881179,2359492.22678767
13364,2036863.77244324,2362345.14088379
13365,2032193.59480302,2361828.03535823
13366,2034430.08421106,2358458.96193715
13367,2036592.79747264,2357226.26076107
13368,2037130.26651102,2356408.57564628
13369,2037340.39244331,2355156.20355782
13370,2037007.75853389,2355774.43314704
13371,2038626.53595303,2353579.97076547
13372,2037549.53797498,2351484.20944603
13373,2038423.41202515,2359289.97906034
13374,2038457.38064654,2359153.38957435
13375,2038740.97092508,2358781.6323403
13376,2038697.35649762,2358943.55814224
13377,2038673.8265828,2359030.88569722
13378,2041455.31333395,2357765.98460087
13379,2038672.41648192,2359036.12200052
13380,2038576.75592169,2359391.36652417
13381,2033374.24724633,2358629.14124429
13382,2032476.20028094,2354322.31553283
13383,2032480.60868372,2354559.26518201
13384,2032331.4357898,2355786.56535468
13385,2032521.37680938,2354281.74990729
13386,2032474.49617987,2354133.78241413
13387,2035866.91901565,2352724.41642683
13388,2034496.76005303,2354214.49566495
13389,2032863.95802506,2354219.54916813
13390,2032562.93693555,2354271.36950075
13391,2033355.19103433,2354237.21717925
13392,2033224.80775225,2354236.72647894
13393,2033104.8177767,2354236.37837872
13394,2030763.37100259,2352335.74138213
13395,2031417.20981423,2352351.13259182
13396,2031423.98031849,2352530.43650471
13397,2031242.71440437,2352836.85819762
13398,2032288.12156253,2350727.37626955
13399,2030026.09503842,2348954.11475315
13400,2031645.13595773,2349740.4345482
13401,2028011.6859702,2334170.51504578
13402,2027606.8009153,2334118.38751297
13403,2028365.59689302,2335420.62523282
13404,2027837.73766069,2336990.77202134
13405,2027013.2293416,2337262.55319245
13406,2029984.70151236,2326487.78210894
13407,2029749.89726453,2326088.32485745
13408,2030224.42676328,2327423.84039826
13409,2030228.36656576,2327350.6931522
13410,2030393.16996952,2329228.55363446
13411,2030618.5232114,2329341.94310584
13412,2032196.47250483,2328975.21697496
13413,2031078.58950104,2326505.40442003
13414,2030361.50274958,2327185.00654789
13415,2032814.98139423,2325810.1284823
13416,2032069.38622482,2321709.37990058
13417,2031630.77204868,2321196.0371774
13418,2031872.05850059,2322658.39759806
13419,2014723.98830462,2380295.23278469
13420,2012578.95065416,2385326.24065208
13421,2013970.16773003,2384451.97400167
13422,2035452.31175463,2349822.83370007
13423,2008994.86029771,2381590.35180007
13424,2022835.39351134,2377241.32306203
13425,2022845.73961786,2377153.98960705
13426,2049208.73741531,2363739.02846134
13427,2048282.65333227,2359951.68377693
13428,2048781.76044649,2366319.51048595
13429,2047378.53596306,2367034.44463605
13430,2044954.49463695,2359893.5049403
13431,2046336.45470699,2359382.25731843
13432,2033501.63462653,2324942.12553583
13433,2030662.90413934,2374733.09578292
13434,2043376.38014341,2383488.10439484
13435,2023879.60406875,2393597.77525962
13436,2018791.80986561,2376224.05152158
13437,2018791.57946547,2376070.70022504
13438,2035956.55047208,2390698.83333452
13439,2036466.49509313,2390553.7788432
13440,2035944.92676476,2390704.0357378
13441,2022745.16375454,2377373.39924518
13442,2021973.10836847,2378403.31679359
13443,2011051.97359281,2379489.37457735
13444,2048347.40197303,2372092.27702033
13445,2028636.45026354,2363070.95354074
13446,2029618.807182,2335555.18501754
13447,2046436.91217024,2359406.8192339
13448,2023862.3717579,2346966.75040196
13449,1999775.37619336,2356213.74902362
13450,2025745.37394339,2371851.7524689
13451,1999355.37102894,2352853.75100826
13452,1994875.37370845,2357935.74550775
13453,1995295.37877288,2357697.74855791
13454,1995687.37351967,2357543.74546096
13455,1993867.37687384,2358803.75065422
13456,1993699.37576808,2358789.7447454
13457,1993839.37375621,2358775.74383659
13458,1991599.37744597,2358845.75128066
13459,1992293.21468279,2358497.57766146
13460,1993461.38071824,2356633.74338804
13461,1989051.37084181,2354771.74351577
13462,1990255.37249982,2354519.74465712
13463,1990227.3762822,2354505.74864831
13464,1990535.37537611,2354505.74874831
13465,1991998.37489717,2356150.74178396
13466,1998109.37064449,2346553.75064194
13467,1995122.32986393,2339182.67590131
13468,1995309.37238169,2339091.75144407
13469,1988239.3726306,2342997.74960318
13470,1987567.37520753,2342871.74532385
13471,1987623.37094278,2342829.7398974
13472,1991585.37113715,2342759.75055334
13473,1990509.0038595,2342598.00045151
13474,1989681.37613845,2342045.74610382
13475,1993181.37624196,2341177.74345735
13476,1985796.37729255,2343480.74680726
13477,1985509.37021186,2339931.75067291
13478,1984746.3694315,2343102.74766928
13479,1982849.3684372,2344705.74927849
13480,1981302.37806325,2345986.74888497
13481,1990941.37823171,2348639.75185524
13482,1990815.37445238,2347295.75420909
13483,1991095.37532866,2346721.75214771
13484,1991375.36990494,2345307.74475749
13485,1989569.36776793,2349577.75244578
13486,1989541.37575031,2349563.74953696
13487,1990563.37509373,2349367.75411357
13488,1989513.37243268,2349969.74629257
13489,1986811.37593157,2353749.75027236
13490,2000027.37185201,2334569.74729713
13491,1997829.37556821,2334331.74534729
13492,1993405.37268298,2334219.74447678
13493,1992817.37771279,2334093.74129745
13494,1993904.86969745,2332555.24392885
13495,1989709.37685608,2335465.75556123
13496,1990941.37283171,2334947.75113511
13497,1990675.37326424,2334975.74435274
13498,1993951.37422673,2331405.75260516
13499,1994889.37341727,2328423.74892777
13500,2010184.3754466,2356962.74739517
13501,2009043.37092825,2361281.75381431
13502,2008203.38069941,2364837.74395306
13503,2007881.37789669,2366027.75300226
13504,2010322.51773357,2363053.11512951
13505,2012228.36913344,2365978.74687141
13506,2008224.37131263,2369604.73965424
13507,2022084.37543852,2364074.7514727
13508,2017002.0043388,2374579.24638606
13509,2016995.37413462,2374525.74455237
13510,2018171.379375,2374007.74632626
13511,2017653.37864888,2373699.74193235
13512,2018017.37477805,2370325.75410817
13513,2012823.37890805,2373559.74824421
13514,2010333.33634038,2376744.75754941
13515,2008644.37287705,2376632.75177889
13516,2007727.37249973,2374931.75360799
13517,2043819.3704223,2365229.75229986
13518,2046878.51624826,2361154.97013449
13519,2043461.26049685,2356821.99150656
13520,2043679.37473417,2358108.24831635
13521,2030911.37999577,2393775.74717167
13522,2028923.37894418,2383345.74770522
13523,2029966.16530069,2371745.66160211
13524,2023421.37588026,2373937.75588219
13525,2034621.37723149,2358089.75650471
13526,2036855.23433787,2356132.46807245
13527,2030197.37734625,2327149.7518257
13528,2014139.18223644,2382653.54326942
13529,1998177.47678737,2328347.35277968
13530,2019505.99051524,2384597.63439337
13531,2019325.36230152,2384231.5644629
13532,2019075.21144403,2383890.8520484
13533,2019121.24037301,2383953.92398811
13534,2022938.46527624,2377109.17427883
13535,2013982.60603786,2378925.91602261
13536,2025795.67127506,2390780.96688623
13537,2041837.67937468,2352471.52126762
13538,2011916.93213737,2382145.82504978
13539,2011298.77094819,2382221.06649715
13540,2005493.47889333,2381982.75664711
13541,2005859.57342381,2381389.18177341
13542,2007509.13326234,2381003.46093057
13543,2032846.20531389,2349407.95973888
13544,2032878.46263419,2349297.37806926
13545,2034973.33715307,2349564.68603755
13546,2033050.1706423,2349552.69053
13547,2035245.63232451,2347311.51461901
13548,2033797.08861254,2346960.43879798
13549,2032583.61294857,2346219.27933137
13550,2032637.43998246,2346281.39167047
13551,2034382.10928085,2335544.07871054
13552,2033487.33001752,2335961.41427329
13553,2030752.69179587,2343458.02179295
13554,2030989.65524505,2342943.9418693
13555,2031276.25592549,2342517.36000074
13556,2031401.39970428,2342293.90216006
13557,2031252.83601074,2342614.41426184
13558,2031145.91514343,2342575.15243712
13559,2030227.08516496,2339128.26126705
13560,2030711.66417004,2341118.12571982
13561,2031396.17160099,2340268.28108478
13562,2032263.41424698,2339281.91676379
13563,2033020.48772361,2337664.54534553
13564,2033114.48668279,2336836.56492426
13565,2033049.07014161,2336622.95688978
13566,2033046.81494019,2336553.46774603
13567,2032273.97275363,2345913.75713902
13568,2030254.91198248,2343854.48794256
13569,2033338.21172364,2335996.52189539
13570,2031631.55064917,2338601.20153523
13571,2032682.6303109,2338925.29093927
13572,2032454.60376735,2341168.89225178
13573,2033006.06711453,2338840.97558618
13574,2032441.72995924,2341191.39596595
13575,2030798.65822481,2341269.66091522
13576,2031168.30805753,2341548.64179086
13577,2032832.99700557,2342644.59388084
13578,2032835.75180731,2342913.45615011
13579,2033218.16934807,2346270.3156635
13580,2033224.38105198,2346520.491321
13581,2002988.51181627,2359896.64314228
13582,2003145.333015,2359925.01306014
13583,2003530.14215727,2359752.7787517
13584,2000707.85968043,2361197.25936111
13585,2002277.29616851,2360374.96294341
13586,2000680.09386295,2361833.01316136
13587,2000606.40161656,2361638.77443908
13588,2000609.19461831,2361480.72613957
13589,2000859.04597561,2361856.65297625
13590,2002061.95343293,2359465.62727092
13591,2002721.73324831,2359889.41443773
13592,2000308.90222926,2361117.88701114
13593,1999848.75343956,2362803.41587231
13594,1999093.72766422,2360496.43711989
13595,1998866.22942099,2360518.12643355
13596,2001786.71375965,2358516.57157342
13597,2002771.37207957,2359923.74965934
13598,1968202.99921623,2338304.17614823
13599,1962918.25028909,2351601.09611962
13600,1962947.75190766,2352330.1263786
13601,1963060.87187888,2352536.52880854
13602,1963181.49485482,2352751.00354357
13603,1963106.39460754,2352912.98344555
13604,1963147.6307335,2354770.64061508
13605,1962866.1682563,2355062.21039865
13606,1959763.96300323,2359395.7027269
13607,1961500.94589679,2356628.62198482
13608,1959354.48154543,2360039.69813234
13609,1959280.91159912,2360733.35766905
13610,1959334.15543264,2360428.36227703
13611,1958578.666257,2361451.96582147
13612,1955393.29955158,2363467.73109054
13613,1954352.69129644,2364024.44544103
13614,1953813.83075719,2364344.19754234
13615,1953521.30097302,2364738.46859056
13616,1952147.36000802,2365374.9874913
13617,1952869.92016292,2364999.93525518
13618,1950368.75068825,2366377.67032256
13619,1950934.03434414,2366274.49695761
13620,1949698.70506641,2366229.57152932
13621,1947872.04751639,2367038.68113872
13622,1949297.80981402,2366686.36971691
13623,1947321.22026961,2367947.98371119
13624,1964653.77908173,2343601.11168304
13625,1963453.16642586,2344193.17695579
13626,1963457.48002857,2345621.24625486
13627,1963494.18305168,2345770.82754904
13628,1964647.43167774,2348361.24457989
13629,1964170.66457758,2349846.7098151
13630,1970501.98986361,2352798.02607317
13631,1970781.76453975,2352542.96441259
13632,1971059.71151474,2352435.40604488
13633,1972313.05110381,2352041.87579712
13634,1972885.74276436,2352103.26763577
13635,1972735.85797,2352048.52700131
13636,1973298.9414245,2351946.22843691
13637,1974679.02069336,2353895.01426381
13638,1970622.49973948,2353597.99717681
13639,1970624.32634063,2353500.93951571
13640,1970599.38402493,2353737.56636469
13641,1971514.17560086,2355843.09399027
13642,1971786.99797262,2355855.75269824
13643,1972219.26454476,2356689.274123
13644,1972950.48540512,2358799.95015183
13645,1963399.78009225,2344057.75497053
13646,1960942.84294542,2344603.70461425
13647,1960445.08173205,2344083.36158665
13648,1957079.62081324,2345399.96631555
13649,1955674.18242842,2345353.52548631
13650,1956982.92475237,2345443.55324299
13651,1955181.68931836,2345406.78961985
13652,1955500.65371916,2345390.87880983
13653,1955228.95254811,2347789.87622018
13654,1955114.52387607,2348114.32072444
13655,1969455.12090453,2344287.04911489
13656,1969812.41782948,2344144.57602519
13657,1970029.17486594,2344332.95224379
13658,1970738.39461245,2344881.66008924
13659,1972619.21899656,2345903.47493255
13660,1963408.97359804,2354917.77780771
13661,1963769.38052494,2355566.22341596
13662,1963800.48734452,2355426.33792789
13663,1963243.20259367,2357432.41289086
13664,1961896.27434568,2359249.27113471
13665,1962039.94513613,2360200.75913374
13666,1962120.66458695,2362648.60587484
13667,1961957.54818426,2362072.61971221
13668,1961544.39972415,2364528.04725809
13669,1962248.58606749,2362848.25010053
13670,1961241.49283345,2365173.30026432
13671,1960060.28798979,2365840.96768467
13672,1960041.48717795,2365551.38330235
13673,1959542.52546382,2366861.65982727
13674,1959611.50700725,2366726.33924207
13675,1959075.04686951,2367699.28285461
13676,1959071.059867,2367774.85790219
13677,1958757.49126958,2367888.96257403
13678,1958838.42232054,2367878.2691673
13679,1958561.50094619,2368080.99909493
13680,1958251.08005076,2368856.47498315
13681,1958506.61541164,2368132.91982762
13682,1957594.58233745,2370632.96780158
13683,1957620.91065402,2370782.44139569
13684,1957517.97198921,2371590.48210441
13685,1956401.39168625,2376795.05398107
13686,1955086.08475816,2377877.29776242
13687,1953869.61879231,2377735.74957331
13688,1952443.46079444,2381261.41819298
13689,1953024.61126031,2380347.88501784
13690,1953640.54974809,2377845.32254229
13691,1952746.28368509,2374947.86071813
13692,1954262.49273965,2373854.41762972
13693,1936803.10984768,2369715.89892422
13694,1937907.32274287,2369532.02050846
13695,1940739.43192589,2361153.91183382
13696,1941907.71526141,2361237.25518629
13697,1951857.67962565,2361638.46713888
13698,1969855.71525674,2344007.82033909
13699,1969910.4639912,2343786.84079997
13700,1971020.39688999,2343995.58193139
13701,1969623.55341057,2342142.66136484
13702,1973289.49801856,2343350.19462507
13703,1972739.87737253,2346391.94834008
13704,1972721.8804612,2346511.48131533
13705,1972444.95568685,2348080.65390324
13706,1972799.09770981,2347548.90896847
13707,1972462.41009784,2348304.50574417
13708,1972464.29799903,2348598.33312916
13709,1972429.77077729,2348370.04648544
13710,1973274.41870906,2347563.8852779
13711,1973116.21470946,2347290.29190565
13712,1972957.09180928,2349931.17906828
13713,1973797.93603865,2348688.01738562
13714,1974580.32683123,2347368.86945512
13715,1973992.41276109,2348350.01327282
13716,1974698.87860586,2347233.14676967
13717,1973260.48410029,2346955.11789463
13718,1973170.4447436,2347011.03852984
13719,1973470.35763242,2346708.31013925
13720,1973532.78747172,2346608.23297624
13721,1973887.67609515,2346214.06742809
13722,1974406.3564217,2345238.71851403
13723,1970766.03472985,2345618.18545294
13724,1970922.55302839,2346871.74524214
13725,1971280.18805354,2348293.73883739
13726,1970219.21448559,2346390.62723925
13727,1968484.97819376,2345988.14508585
13728,1970177.66675943,2349912.87325676
13729,1971900.63554416,2349596.28305744
13730,1969699.03225809,2347632.41092104
13731,1969870.60666611,2347713.91837236
13732,1972722.81776179,2350121.43148806
13733,1972880.8834613,2350405.53516692
13734,1973904.81840594,2351598.70471811
13735,1973985.89245699,2351226.00898347
13736,1974122.70774312,2350698.64685146
13737,1974354.52938907,2349112.51215287
13738,1974535.30800288,2351638.09104291
13739,1974776.14185451,2351412.53530091
13740,1975205.73032496,2349967.53829117
13741,1972703.50014963,2356830.77151209
13742,1972962.41561263,2357178.04123072
13743,1971775.20046519,2354124.59830835
13744,1970665.4129665,2353643.7241056
13745,1972169.35171334,2354573.00839066
13746,1972169.77971361,2354567.9869875
13747,1972125.83838594,2354228.78937395
13748,1971980.71839458,2354135.6345153
13749,1972660.62672263,2354787.69052581
13750,1973392.08878314,2354929.91101535
13751,1974239.86261688,2356270.21535917
13752,1973951.78543551,2355804.40316591
13753,1974397.43861608,2356596.48066458
13754,1974420.07703033,2358346.28766621
13755,1974378.29650403,2354612.36741544
13756,1974389.45751106,2354800.23233371
13757,1974567.51232316,2354498.83294396
13758,1974567.11092291,2354436.74460487
13759,1975146.76158784,2352182.50588566
13760,1975033.09611628,2354618.41681924
13761,1974599.85634352,2354511.31105181
13762,1975302.02348559,2355198.15498423
13763,1969108.66828641,2357353.81854138
13764,1969018.25892949,2357290.71340165
13765,1968917.32026595,2359375.67521429
13766,1968908.46286037,2359299.39446627
13767,1968746.99245871,2362871.49591517
13768,1968508.82140877,2360788.93190404
13769,1968553.3518368,2363265.98926353
13770,1967850.08509404,2363316.06959506
13771,1967695.43579668,2363651.121506
13772,1967742.57662636,2363549.74134217
13773,1965636.35670034,2364107.68009344
13774,1966318.97323009,2364599.15310285
13775,1965873.20704945,2363355.41241983
13776,1967231.93030487,2356776.87757815
13777,1968451.49667268,2355751.13573238
13778,1968515.28731284,2355708.01170523
13779,1966672.80095286,2359633.3217765
13780,1968504.95240633,2357572.33607895
13781,1967645.12776501,2359700.76311896
13782,1968911.64276237,2358444.13942782
13783,1965390.85354577,2362704.53131005
13784,1965518.55662617,2362031.56698637
13785,1965618.86958933,2362057.65510279
13786,1968176.93509982,2360552.17605498
13787,1966992.65205422,2362415.08182782
13788,1968168.82279471,2360764.0846884
13789,1967752.1740324,2362539.80410634
13790,1968253.33734792,2360809.80531718
13791,1968749.1935601,2364429.05239576
13792,1969409.0112755,2365440.32053243
13793,1968574.31925,2367392.81036167
13794,1968670.49451055,2368548.48108925
13795,1970582.44711427,2367916.29999124
13796,1968470.53248466,2367521.76214285
13797,1968014.52739757,2368124.71362245
13798,1967497.37617199,2366202.03041198
13799,1967112.19032948,2364754.7283008
13800,1967123.59863666,2364218.73526335
13801,1967458.38294744,2364926.4287089
13802,1969606.02199953,2360907.23547852
13803,1968908.99966071,2360300.94059681
13804,1969866.02586323,2360718.41545964
13805,1971739.96384301,2362832.30049049
13806,1970618.38373689,2358913.49832332
13807,1969620.2581085,2357460.16670834
13808,1971445.41945757,2359450.48196139
13809,1971548.43932243,2359384.72651999
13810,1971852.06751359,2359579.77814279
13811,1966590.33250093,2355254.84341992
13812,1967657.54757283,2353431.20917181
13813,1967819.44017475,2351171.7181493
13814,1969977.65673351,2350151.65030709
13815,1969696.62285657,2350361.46343918
13816,1966221.54076875,2348497.6887658
13817,1966461.40241976,2346620.36498388
13818,1966195.57255241,2348718.19090462
13819,1965013.38760813,2344754.11570894
13820,1965021.87091347,2345995.66279059
13821,1964686.07140206,2350429.71878215
13822,1964797.69167234,2352488.03187801
13823,1965843.16373054,2352373.647906
13824,1963382.08708111,2357930.87100468
13825,1963427.51180971,2361487.5899439
13826,1963337.78845322,2359285.36445743
13827,1963432.67331295,2358739.29851364
13828,1963406.77779665,2358507.99736802
13829,1963293.36342525,2359165.50258197
13830,1963373.55577574,2361695.02317449
13831,1964180.90738402,2358415.69550991
13832,1963875.29499162,2357987.57784038
13833,1963678.40126766,2357973.44263148
13834,1964205.3237994,2361542.41387841
13835,1964894.55843332,2361636.80133783
13836,1964548.87131568,2358653.90445988
13837,1964378.96890872,2358435.40382232
13838,1961826.20930157,2360903.5454762
13839,1961938.20977208,2360903.5508762
13840,1961682.40091103,2361036.00175959
13841,1961122.74215868,2367979.78583121
13842,1961197.02980546,2366207.9270157
13843,1961205.24701063,2366035.69110726
13844,1961207.68591216,2366065.3050259
13845,1961250.81653932,2368570.42550306
13846,1961183.48199692,2371028.24055044
13847,1961053.62351517,2369882.37682903
13848,1960401.66120471,2371741.9919998
13849,1961070.821526,2371181.28344679
13850,1961154.44937865,2371099.95469559
13851,1961218.68681909,2373412.23885134
13852,1961465.61237455,2374498.6202353
13853,1961565.17013723,2374265.57908858
13854,1961403.50023544,2374563.00447583
13855,1961462.70287272,2374499.39013578
13856,1960425.40571966,2375314.34714886
13857,1961341.75999657,2374614.4125082
13858,1960283.84133054,2375026.65506773
13859,1962581.82807729,2372767.4501454
13860,1962235.5876593,2371792.64663169
13861,1963084.24019359,2376503.62309759
13862,1963105.80240717,2375838.2537787
13863,1961431.31095295,2374650.85983114
13864,1962898.79647684,2374437.3206967
13865,1962271.34148181,2373833.34351646
13866,1961950.17317961,2373816.04870557
13867,1961853.04971847,2373798.76279469
13868,1963283.80171923,2374640.26482447
13869,1962908.67808306,2374579.89458647
13870,1962265.36027805,2373824.41731084
13871,1963793.67084023,2374040.84374709
13872,1964022.31278418,2373159.73469237
13873,1964062.71480962,2374871.43797001
13874,1963993.89296629,2375598.52582777
13875,1963995.05606702,2375704.48579448
13876,1962766.19269336,2377638.8483123
13877,1963763.31962112,2376085.48123434
13878,1962460.30610078,2377924.00429183
13879,1960251.61291024,2371948.73152995
13880,1959924.44060427,2371472.85113035
13881,1960081.93050342,2371106.91119997
13882,1959676.46484815,2373231.22003738
13883,1960065.71089321,2373939.81048349
13884,1959554.79877155,2374372.5148559
13885,1959797.60692441,2374039.28364611
13886,1959561.73187592,2374757.33089818
13887,1959367.73455378,2376859.82902185
13888,1961221.89582111,2380336.53361069
13889,1961256.45784287,2380213.42853319
13890,1961134.23746592,2378586.26030877
13891,1961134.69956621,2378580.17130493
13892,1960441.73862994,2377188.78422895
13893,1960345.52026937,2377198.14803485
13894,1961044.9361097,2378478.55814096
13895,1957284.16284202,2379346.07558713
13896,1958179.36640561,2378426.80790838
13897,1958327.11129863,2378108.56430802
13898,1958184.14410862,2378414.72890078
13899,1955578.84206839,2382131.08154049
13900,1957012.30037086,2379951.69276841
13901,1954316.79077384,2382556.15040811
13902,1954844.71790621,2382289.10893998
13903,1953564.21420003,2384521.26794529
13904,1953623.38743729,2383089.22494372
13905,1952567.49367252,2384074.89916427
13906,1952968.59662505,2384316.41171632
13907,1952976.08432976,2384319.62061834
13908,1953201.77327185,2384522.24444591
13909,1952304.11180671,2384286.45999746
13910,1952447.36559689,2384136.13240282
13911,1951287.50216668,2385411.70150589
13912,1951201.16181232,2385463.22603832
13913,1950128.0232367,2386354.51619946
13914,1949301.20301615,2387571.47116562
13915,1955264.6699706,2379939.05396045
13916,1957014.73357239,2379902.15013722
13917,1951971.15079708,2383481.57699073
13918,1952092.6822736,2383555.3886372
13919,1953516.12096976,2382799.89156156
13920,1953625.97603892,2382828.41597952
13921,1952290.03469785,2383437.60326305
13922,1953289.48742707,2382859.88749933
13923,1952105.14678144,2383550.10383387
13924,1951072.53933134,2382627.47885301
13925,1951121.99446248,2382637.68575944
13926,1950802.10216108,2382464.78565058
13927,1949248.19148278,2383923.22046878
13928,1950562.95371052,2383195.04591034
13929,1950640.04275905,2383199.21821296
13930,1951032.65520623,2383132.16157075
13931,1953158.0137443,2386045.41500486
13932,1953195.73736805,2387114.32797782
13933,1953073.44879106,2386401.14762882
13934,1952623.21390761,2387842.94553653
13935,1951666.38790521,2390314.83709277
13936,1952059.6486528,2388729.31159457
13937,1952210.88084801,2388728.94399433
13938,1953777.78883449,2381280.40500493
13939,1955102.23516833,2384458.44000574
13940,1955313.01040103,2382542.77009968
13941,1955546.1396478,2384354.48484029
13942,1955354.40822709,2385815.51026011
13943,1955488.66431162,2386452.56196119
13944,1958681.00932143,2373493.20920232
13945,1959360.20324904,2372412.11592169
13946,1958323.10839611,2373577.29345525
13947,1958040.3614181,2373271.4493627
13948,1959161.13502371,2370870.55575116
13949,1963161.22064206,2368119.35181908
13950,1962903.31007968,2368174.89435405
13951,1962826.35333123,2368271.28691473
13952,1961404.6969362,2368750.37711635
13953,1961266.33974909,2368736.20780743
13954,1961252.31184026,2368732.69970523
13955,1965284.65067891,2368214.35267889
13956,1964977.09668528,2367582.42478104
13957,1966951.52202833,2367753.85898897
13958,1963785.28603495,2368491.0622531
13959,1963873.28509035,2368453.13212922
13960,1963893.65780318,2371306.22512545
13961,1963238.06659044,2368993.65436952
13962,1964286.38185043,2371680.21796091
13963,1965445.17467998,2372435.25053625
13964,1965484.99960505,2372733.53772405
13965,1964690.08330459,2370144.46869404
13966,1963698.96808061,2368542.64288557
13967,1965160.38720068,2370480.46390557
13968,1965850.4080351,2368704.56758752
13969,1966322.25133216,2368813.75965626
13970,1960538.14529064,2368285.07772342
13971,1960832.05837568,2368025.85876022
13972,1958047.12432235,2368166.86694899
13973,1958525.23942336,2368061.15308244
13974,1958539.83383255,2368059.89578165
13975,1957726.37122042,2368368.91077619
13976,1957982.61568175,2366337.88209751
13977,1958013.59210125,2366108.16735289
13978,1953905.78601508,2376783.6614739
13979,1953796.95574656,2376972.00499248
13980,1956115.46430624,2378498.52675353
13981,1956372.19746787,2377630.09730679
13982,1954157.27267341,2379638.2968711
13983,1952906.74088611,2377731.35777054
13984,1953433.98721805,2377567.15376716
13985,1952626.3825096,2378329.4667471
13986,1951248.20524194,2380737.02886284
13987,1952532.30555037,2378862.3757826
13988,1951975.65149992,2378728.37519824
13989,1952518.06794141,2378475.66623914
13990,1951838.82691378,2378753.58701411
13991,1951268.52325473,2379083.54742185
13992,1950676.3237819,2379949.2979669
13993,1950202.09918334,2381574.66069019
13994,1950137.40274261,2381111.48259858
13995,1951399.02543689,2378079.38588965
13996,1951789.67738283,2378270.65671007
13997,1958294.64867819,2371448.68361514
13998,1957684.57879411,2371681.28796158
13999,1958821.9929102,2370721.76065749
14000,1956490.17914214,2371294.62001814
14001,1956180.95034746,2371703.03327527
14002,1956290.01421613,2371644.17473821
14003,1956403.49738757,2368979.14306038
14004,1956319.81583489,2369662.75819077
14005,1956305.62422596,2368824.29206289
14006,1956065.5445748,2368685.36377542
14007,1954315.81727323,2370658.75041782
14008,1954978.66039053,2369018.68368527
14009,1954995.14820091,2368573.87160523
14010,1954991.64599871,2368908.45201587
14011,1954922.46985516,2368362.16547195
14012,1955091.91676183,2372807.12407038
14013,1955400.56655615,2371748.72870404
14014,1959399.58197383,2369690.85030845
14015,1959061.40356092,2368213.53097837
14016,1960145.21204326,2367580.78048001
14017,1959919.91670142,2366882.9907407
14018,1960060.67009003,2368137.37693043
14019,1961291.34996483,2364398.96897682
14020,1960893.93981464,2363862.56223912
14021,1961111.39135154,2364249.22858255
14022,1960305.12404393,2363963.36410258
14023,1960825.7355717,2363683.70712651
14024,1960209.67938384,2364110.3283951
14025,1963475.66814002,2363158.723396
14026,1962435.35598507,2362740.84393291
14027,1963060.50617865,2365230.55780037
14028,1964411.179729,2364141.19321453
14029,1964213.86830478,2362753.18654068
14030,1964731.26353052,2362034.07518795
14031,1962399.35606241,2366393.12763229
14032,1962882.47806657,2365474.96605424
14033,1961275.84655508,2362912.8511412
14034,1961190.7500015,2360962.1655131
14035,1960784.02824544,2360803.53741323
14036,1963700.27598143,2355561.49521298
14037,1963596.47801608,2355640.23456256
14038,1963912.30401492,2355045.80058832
14039,1963793.22873995,2355123.22893706
14040,1965265.22706668,2356054.98022367
14041,1965527.11323156,2356059.55082655
14042,1966145.43932084,2355152.57345554
14043,1966122.74000655,2355651.36526956
14044,1966146.11822127,2355691.78449501
14045,1966241.10248107,2356178.83670164
14046,1965820.75491643,2358400.17460014
14047,1962806.97291903,2353715.13385056
14048,1962777.26610033,2355173.88876896
14049,1960868.17459841,2355785.25575386
14050,1962525.88134206,2355359.61188588
14051,1959658.9130371,2360512.39672994
14052,1959709.91796921,2360525.58803825
14053,1960004.0738544,2362854.91170472
14054,1959823.48994071,2362908.43223842
14055,1959192.20604327,2362229.42841094
14056,1956234.33648107,2359675.70880318
14057,1955655.14761643,2365419.3036192
14058,1955979.84912086,2364248.75768225
14059,1954447.55845616,2364572.14208585
14060,1954655.5299871,2365677.55998179
14061,1952954.89641643,2366548.92423038
14062,1952436.86489028,2366467.22517894
14063,1950984.87257615,2366533.02802037
14064,1951314.44688364,2367409.41787212
14065,1952195.10033808,2368752.89161794
14066,1952095.63887546,2370169.39450973
14067,1951941.88767866,2371122.6978099
14068,1952053.41984888,2370803.19270875
14069,1952046.86364475,2370798.64230589
14070,1951721.11593967,2374140.11300959
14071,1953039.42836964,2368681.57977304
14072,1953387.72318892,2368132.7286275
14073,1952915.84369184,2371164.3109361
14074,1952657.92712946,2373421.89715742
14075,1952677.29604165,2373688.44082523
14076,1953659.34825993,2369936.18326291
14077,1953648.32625299,2369637.45927484
14078,1950565.25401197,2367945.81980983
14079,1948067.79323963,2364509.90674667
14080,1949384.44576856,2366389.20462982
14081,1948063.19383674,2363827.67891715
14082,1947977.18678259,2362823.60918502
14083,1947942.55416078,2360919.29138611
14084,1946124.17101598,2359241.02852952
14085,1949255.98368769,2370706.24074771
14086,1949702.58326885,2373655.47580448
14087,1949699.93606719,2373937.42588198
14088,1949558.20887796,2374214.9403567
14089,1948929.72278228,2374465.54341447
14090,1948631.62369461,2374663.61323917
14091,1948549.85304312,2374769.32810573
14092,1948409.46385474,2375519.84437823
14093,1950254.09591607,2371189.15415175
14094,1950244.96931032,2371553.70078125
14095,1950967.12556498,2376812.91199232
14096,1947332.51977672,2370339.70291695
14097,1948260.87936119,2370556.65385354
14098,1946916.90501506,2374416.62798368
14099,1946475.42463712,2366566.96044173
14100,1946624.7017311,2364168.76693189
14101,1946645.42474415,2365478.12195623
14102,1946144.94832906,2363573.15605691
14103,1946029.51645639,2363028.78081419
14104,1946019.66645019,2362904.82223615
14105,1945772.39919451,2361869.90368459
14106,1945945.1970033,2361977.6072524
14107,1945749.72818024,2361420.57890171
14108,1945683.76473871,2359922.64285865
14109,1945328.95661533,2359580.81474344
14110,1945601.60998699,2364463.29291732
14111,1945931.34549458,2362924.40084847
14112,1946764.9524194,2360598.68998427
14113,1945011.98791578,2365584.42312315
14114,1946613.25182389,2365644.09726072
14115,1944841.84300866,2365648.9852638
14116,1944409.7118366,2367404.42766898
14117,1944292.60166287,2367749.23538606
14118,1943849.88208415,2367638.27951621
14119,1943080.75079992,2368454.60653014
14120,1942948.2538165,2368483.97844864
14121,1942889.58937957,2368864.86848844
14122,1942608.03930232,2368927.27632773
14123,1942349.4212395,2368829.25466601
14124,1944480.29538104,2369534.24380986
14125,1944280.58995531,2368181.68305832
14126,1944243.05843168,2367942.41100768
14127,1944768.90326274,2371727.83949089
14128,1944701.32032019,2370052.85773636
14129,1944711.39092653,2369891.81573498
14130,1945518.41723461,2376306.72857364
14131,1944756.64385502,2373501.06330726
14132,1944059.39781605,2374950.75881995
14133,1944719.46333161,2373483.60909627
14134,1944228.38282244,2376200.26820661
14135,1944732.90614007,2376253.12283989
14136,1943872.93439866,2370988.60622548
14137,1944002.06277996,2371581.31029864
14138,1943840.63827833,2373266.12945935
14139,1942976.10233404,2369298.85916167
14140,1942826.03853956,2372380.33240168
14141,1942856.70095887,2371783.76372609
14142,1942755.0948949,2372504.66527996
14143,1942779.18801007,2373070.42573614
14144,1941785.7077846,2373918.91397033
14145,1943460.95093929,2374137.4240079
14146,1943338.9776625,2369832.75189779
14147,1942055.86595468,2370430.11467387
14148,1941329.57369743,2373535.31632883
14149,1941951.24318881,2370685.71653479
14150,1938620.0729916,2367434.17298771
14151,1938721.79355564,2367423.31138087
14152,1938017.05101195,2369905.96924389
14153,1938367.82893279,2367504.06953171
14154,1937629.0883677,2365492.98106558
14155,1937206.84910187,2362137.45155303
14156,1937272.85274342,2369173.86298297
14157,1937231.89951764,2365549.43540113
14158,1935982.95203133,2367119.03938931
14159,1935070.31475676,2367499.86962907
14160,1934374.70001882,2367521.95944297
14161,1933689.18398724,2367382.94955546
14162,1936156.11094035,2370360.24322988
14163,1934226.40702546,2369215.61200926
14164,1934380.50222247,2369944.16576793
14165,1935245.47946704,2370915.84217967
14166,1936061.82388099,2373416.52545404
14167,1934810.97059349,2371422.00689834
14168,1934196.2928065,2373310.01408698
14169,1933638.49635533,2373190.60941181
14170,1933466.52844706,2368138.87823137
14171,1932608.41870682,2370640.26400618
14172,1933321.58705581,2368318.13454423
14173,1932992.07034836,2365250.4537129
14174,1932585.47059237,2361814.28444957
14175,1931479.17329587,2365281.76853261
14176,1931529.0864273,2366081.31643599
14177,1932261.14828819,2370400.64445532
14178,1935268.14928132,2363757.0762727
14179,1935010.91231937,2362811.91397765
14180,1934174.2206926,2362420.21343105
14181,1933630.90495055,2361372.52597145
14182,1934095.83994326,2362167.76367212
14183,1934107.51175061,2362165.17467049
14184,1933827.02557402,2361156.21693527
14185,1934249.41663995,2360068.6947506
14186,1933131.06663586,2361473.87863526
14187,1933119.87602882,2361618.85152653
14188,1934825.49940263,2361079.92178724
14189,1935981.57933047,2361545.68968047
14190,1936795.1875427,2364999.12555467
14191,1936254.38360222,2363616.88148444
14192,1936708.72448826,2363216.0610321
14193,1939394.36317907,2359010.76698455
14194,1938157.64110046,2357895.95078269
14195,1938412.49576091,2358191.06936849
14196,1938623.08209349,2358506.5259671
14197,1938419.66816543,2358195.74627144
14198,1937864.88641615,2356450.50137268
14199,1937814.43568439,2356160.33549
14200,1940735.48572341,2363563.19465064
14201,1937937.52766188,2358063.86288841
14202,1938090.23255802,2360075.26095473
14203,1936893.24540443,2359921.09125767
14204,1939593.60930451,2357443.49319784
14205,1943173.51845833,2361488.16844426
14206,1943517.72407503,2361851.05837272
14207,1943310.49584456,2361502.19345309
14208,1943686.10898104,2361844.10956835
14209,1943507.23746843,2363991.95232058
14210,1943789.39364607,2366717.33983641
14211,1943524.44027926,2363661.11561229
14212,1943801.02655339,2366976.3864995
14213,1944340.464993,2366761.05076393
14214,1944174.4660885,2366383.21822605
14215,1944517.15000424,2360056.25704277
14216,1944500.64329385,2364056.76356138
14217,1944598.4051554,2364527.98605805
14218,1944078.0637278,2359180.61159148
14219,1945054.93924282,2364666.22854508
14220,1945028.27812603,2364830.98634881
14221,1949203.7534548,2363146.14588808
14222,1948697.2105359,2362472.42406392
14223,1948620.82908781,2362394.75311502
14224,1948586.92686646,2362354.3734896
14225,1948494.26150813,2361345.93345471
14226,1948480.65469956,2360130.73448966
14227,1948287.70177808,2357697.32185764
14228,1948282.15537459,2357575.80638114
14229,1947562.45112148,2356545.62813257
14230,1949152.88452278,2357977.37213396
14231,1949642.49663102,2360238.71155763
14232,1951977.62200116,2364839.5519542
14233,1951962.92799191,2364896.49259005
14234,1951301.92307575,2364180.56663932
14235,1954366.66300524,2368165.01464783
14236,1953522.20667359,2364765.11940734
14237,1954277.47624908,2368548.68168937
14238,1953664.53046319,2363594.78647053
14239,1953894.34770788,2362278.06364156
14240,1957655.41197575,2363172.59080473
14241,1957467.01815714,2362613.82005294
14242,1957517.90158917,2362407.7464232
14243,1955994.40513002,2366801.83718961
14244,1957810.41347333,2363508.71381634
14245,1958148.91878644,2364753.70810016
14246,1957827.21188391,2363835.380722
14247,1957827.63358417,2363834.47312143
14248,1959500.5613374,2359266.52474557
14249,1959313.73611978,2358982.84306697
14250,1959876.18647389,2357258.28328124
14251,1966401.49388205,2352821.00138764
14252,1966271.03959992,2352812.3621822
14253,1963304.20933208,2352752.9635448
14254,1967372.47559335,2354810.49574017
14255,1966413.94858989,2353034.42782201
14256,1966628.86222519,2351985.72316177
14257,1966428.75409921,2352776.68995974
14258,1967354.41898198,2351759.18921915
14259,1967187.94087717,2351959.07664499
14260,1966769.14521351,2351826.57156157
14261,1966841.86545929,2351686.91557365
14262,1961833.41580611,2353161.12730177
14263,1961883.16753743,2352999.64390011
14264,1960098.77711402,2356090.11414579
14265,1959365.7046525,2355883.87751595
14266,1959287.84290348,2355993.12668473
14267,1957261.1079275,2352634.27297008
14268,1958972.98720526,2354146.35002204
14269,1956656.5748469,2352234.15491818
14270,1954548.48721971,2355015.70986937
14271,1956842.39886389,2351809.4561508
14272,1957047.84639324,2350105.69517815
14273,1955996.7625315,2351605.65022249
14274,1957280.53133973,2352549.47501669
14275,1957151.47795848,2352444.61545068
14276,1958015.78800263,2356608.64907224
14277,1958166.02079721,2356782.41658164
14278,1958158.04759219,2356773.71467616
14279,1959559.42097446,2357384.75306086
14280,1957260.08922686,2357041.18914456
14281,1957368.56189515,2357275.45009204
14282,1957424.36993029,2358003.3326503
14283,1957115.9268361,2359772.68196424
14284,1957866.63190872,2358857.99328837
14285,1957852.16629962,2359184.50129393
14286,1955384.1212458,2361576.43459983
14287,1953474.80154374,2361706.81738191
14288,1950502.83747267,2360710.19355447
14289,1950191.60977673,2360289.81028981
14290,1953120.06102041,2359000.33567799
14291,1953429.92331549,2359211.81341113
14292,1953549.19359058,2359443.56415703
14293,1953463.62283671,2359682.89460771
14294,1953553.11859305,2359449.75276093
14295,1953984.65006473,2357062.19445778
14296,1955086.43705839,2355160.76326069
14297,1959758.39729973,2351813.7427535
14298,1959218.49635982,2350743.44747967
14299,1957530.1789969,2350193.98103374
14300,1957833.52528788,2351192.29426225
14301,1957624.76985645,2350953.12001167
14302,1959219.71906059,2350447.82049355
14303,1958938.18528334,2349515.93920686
14304,1959140.52091073,2350271.35188245
14305,1958962.2585985,2349302.87647272
14306,1963742.96700831,2348063.02149214
14307,1962202.27803833,2350165.37701573
14308,1963661.81515722,2347994.38574893
14309,1963007.61764535,2346220.57023218
14310,1963088.30279615,2346030.12331228
14311,1962279.43958691,2347942.00881595
14312,1961668.12920205,2349664.6777005
14313,1961015.57229121,2348647.03125982
14314,1960299.53024041,2350471.93500873
14315,1961432.56145374,2349809.61789175
14316,1961590.12925294,2349884.88083914
14317,1962005.68871456,2346628.98838931
14318,1960844.88618375,2345001.05526441
14319,1959447.8318042,2346329.45730073
14320,1958111.62826297,2348075.22129982
14321,1957767.72144645,2348517.01887797
14322,1955779.59999478,2350106.55057869
14323,1959828.79494405,2347580.47948834
14324,1957454.38684918,2346654.67290548
14325,1957085.87711718,2345536.35920142
14326,1956472.35943093,2347918.98520146
14327,1957830.45788595,2345988.6982862
14328,1957700.18700393,2345687.98329688
14329,1957550.96740999,2345680.92139243
14330,1957869.43681049,2346199.629419
14331,1959695.80636032,2341502.59556187
14332,1963358.58496631,2342199.91430088
14333,1963597.72481687,2338218.78999447
14334,1961726.06593852,2342489.57058324
14335,1965177.90611171,2336715.66524814
14336,1947382.95340848,2377370.71114349
14337,1957830.71968611,2361158.45683668
14338,1940097.75992191,2356889.09904881
14339,1942766.35810199,2361117.05421062
14340,1942745.94158914,2360882.13126271
14341,1942793.8544193,2360928.73729206
14342,1942731.89088029,2360622.43539922
14343,1946836.20456426,2375198.28477579
14344,1947006.11557123,2374698.15616092
14345,1942117.07309322,2366853.21212195
14346,1950236.8292052,2369165.52947772
14347,1949480.94232931,2366672.63490826
14348,1942056.86535531,2368954.82264507
14349,1951801.92789055,2365520.40508285
14350,1968070.82983302,2348356.69537703
14351,1968080.72823925,2348380.48709201
14352,1968151.70698394,2348597.00162832
14353,1968531.01842274,2355605.31284057
14354,1957275.21673638,2373752.50326556
14355,1953436.94951991,2372990.22658565
14356,1947151.66436286,2377226.95005298
14357,1946680.65046632,2374414.10178209
14358,1946876.54548965,2374411.54738048
14359,1941840.355119,2362848.8295009
14360,1968575.05415046,2355857.19019914
14361,1968694.18502546,2356271.24195982
14362,1960450.77043563,2361163.77534003
14363,1951713.75393503,2365862.06589795
14364,1951750.17165796,2365720.9433091
14365,1942037.58664317,2366777.3684742
14366,1940389.44600555,2368046.56967326
14367,1953865.43908968,2343213.05233873
14368,1954600.39695239,2344304.55702591
14369,1954903.82364342,2345089.9896204
14370,1954649.9792836,2344689.5639683
14371,1954729.8770339,2344976.7335491
14372,1940724.86031672,2360989.01713001
14373,1941639.93819283,2363601.33537465
14374,1951108.82045418,2362473.00426429
14375,1962845.49544328,2355340.99687416
14376,1962859.4932521,2355159.00375958
14377,1953478.72084621,2364753.49610002
14378,1949424.08329352,2366389.55753005
14379,1959037.50084587,2354136.99731616
14380,1963762.49772061,2355138.00484636
14381,1962043.16723816,2361129.35611836
14382,1961991.50050563,2360870.9955557
14383,1962257.5012731,2362802.99717204
14384,1959856.49826149,2366506.00490336
14385,1959023.50163706,2367926.99799798
14386,1957278.37253837,2373747.74416257
14387,1957602.49424243,2371685.99816454
14388,1953731.50140535,2377712.99785898
14389,1972939.49939821,2347108.99759151
14390,1972932.4996938,2346919.99287252
14391,1973688.50046976,2348319.99955393
14392,1973541.49867721,2355214.99399483
14393,1973429.49300669,2355103.00272433
14394,1968823.50020688,2357119.00099355
14395,1969159.50051842,2358378.9909868
14396,1969327.49652418,2357538.99875797
14397,1968529.49812178,2360758.99438519
14398,1968345.7445061,2360688.99514112
14399,1968319.49768957,2360688.99454112
14400,1968851.50362451,2360213.00134145
14401,1967101.50212276,2364161.001227
14402,1961221.50312086,2368724.99240037
14403,1961613.50056765,2373918.99527038
14404,1957068.81070644,2379900.44103614
14405,1955355.49892778,2382374.99489406
14406,1953717.49959654,2382879.00481137
14407,1951841.49991546,2383326.99479341
14408,1963853.5003779,2367870.99216272
14409,1963709.20098705,2368469.98263983
14410,1952611.49880023,2378398.99519087
14411,1955936.50129356,2371615.99312047
14412,1955047.50173387,2368977.00325903
14413,1946647.50094545,2365644.99676129
14414,1945996.5027356,2362879.99232052
14415,1944757.50015556,2373443.00047071
14416,1943021.50356262,2369677.00099973
14417,1939857.49967065,2367996.99984205
14418,1949077.86507555,2329985.23551084
14419,1949095.0979864,2330100.58848347
14420,1950487.53676304,2329552.09573815
14421,1950727.18191391,2329571.35015027
14422,1951561.33563907,2332141.15316815
14423,1951107.33895325,2331192.76067107
14424,1950576.34511895,2331111.94002019
14425,1950565.32571201,2331110.40481922
14426,1950583.7218236,2331113.83382138
14427,1950488.40196358,2331099.93701263
14428,1951502.41280198,2339409.25414396
14429,1950959.98656048,2347083.29867533
14430,1950272.70422779,2345734.70082629
14431,1952838.12714291,2346751.74086659
14432,1951128.03256628,2348142.91024244
14433,1950742.30322343,2349200.42710822
14434,1951627.58208078,2348640.66225581
14435,1952537.72055378,2349597.47105819
14436,1953182.52245973,2349163.47368496
14437,1952444.59919515,2348570.31001152
14438,1952916.74619241,2347886.11088076
14439,1952315.18111368,2353743.48326841
14440,1952059.10585246,2352793.39667026
14441,1951589.63915689,2351498.18735483
14442,1948905.16166682,2351989.94176443
14443,1949793.10892585,2353490.18810894
14444,1949557.07687725,2354644.10093541
14445,1949475.23162572,2355866.57410505
14446,1949557.67727762,2356083.05954134
14447,1949535.98346397,2356045.8244179
14448,1944618.01186774,2351677.1425675
14449,1945143.8607988,2350692.55574763
14450,1944728.22893713,2352059.20970803
14451,1942111.40788965,2353077.67754924
14452,1942313.32541677,2353081.95595193
14453,1942700.00566021,2353289.40658253
14454,1939221.77397041,2352135.63175615
14455,1939315.86982965,2352022.48058491
14456,1942498.32583324,2359118.40785232
14457,1942264.58768609,2358984.48486801
14458,1942178.50723189,2358833.02857265
14459,1948903.95466606,2338927.45984063
14460,1947494.8176789,2335930.37575375
14461,1949399.21807786,2339350.27210682
14462,1948301.02368647,2331156.53994827
14463,1948230.60074213,2331289.00073166
14464,1945832.72493249,2345886.89882211
14465,1946221.54527728,2345030.81138314
14466,1945483.47161261,2350180.34232515
14467,1925141.54930587,2344851.32677014
14468,1925227.82386019,2345300.70585306
14469,1943078.6489986,2356867.4855352
14470,1941194.53741241,2357402.96427232
14471,1942089.27047571,2357730.31837842
14472,1941199.86641577,2357037.35534214
14473,1940609.54154411,2355605.26714054
14474,1944326.50648422,2338571.41891648
14475,1945612.52819386,2331269.30541926
14476,1944413.79233917,2340817.30953043
14477,1944171.33748653,2342167.8576807
14478,1944038.87520313,2342643.49228015
14479,1942071.78876471,2347459.41731213
14480,1942541.1534602,2348683.54838281
14481,1944242.01623102,2330566.1985766
14482,1944702.21552075,2330811.1226308
14483,1943298.10473676,2331293.13743426
14484,1938049.07303211,2345993.99388953
14485,1938836.63562794,2348686.14748444
14486,1938151.47149658,2346355.64131722
14487,1938882.73065696,2349115.16585454
14488,1932209.65565577,2339353.26200871
14489,1933293.98903843,2336791.43599585
14490,1932935.95181302,2342416.49833724
14491,1931226.78233698,2344539.97877413
14492,1930669.60468619,2347546.64516704
14493,1930713.60631389,2348460.2158422
14494,1930723.96972042,2348286.05643256
14495,1930696.50900313,2347912.32779727
14496,1930728.97342357,2348270.14582254
14497,1930728.99082358,2348267.98762118
14498,1930720.99471854,2349179.78209522
14499,1931370.33702735,2352465.80116401
14500,1930838.4659925,2351732.00380204
14501,1930748.20663568,2351410.96519992
14502,1930619.09135439,2349858.43932249
14503,1930640.8766681,2349352.07270369
14504,1931627.94548954,2352568.04652839
14505,1931796.26179551,2352642.35407517
14506,1932850.98485953,2353192.13032129
14507,1931806.15600174,2352644.90767678
14508,1934527.16361481,2354941.29332252
14509,1934111.33095301,2354269.45379955
14510,1935237.86686225,2356198.42011397
14511,1935277.13288697,2356380.12902837
14512,1929801.96163994,2347511.29634479
14513,1930112.66553556,2347363.17225153
14514,1929535.41807214,2347916.00529958
14515,1928987.70662731,2347993.46554835
14516,1927882.13953128,2348290.90903561
14517,1928361.30673295,2349929.64636732
14518,1928210.72083814,2350656.64212502
14519,1927859.53051704,2352349.83549101
14520,1928108.06977352,2351810.03875116
14521,1927967.09538476,2351565.82819742
14522,1927602.26845508,2353477.21300077
14523,1927818.11339097,2354133.579414
14524,1927829.62869822,2354149.69182415
14525,1927519.73450312,2355514.31018328
14526,1927496.92658876,2355450.46984308
14527,1928092.75096387,2355952.57185919
14528,1928249.69626268,2358881.42010312
14529,1925672.00103983,2348553.51790094
14530,1925334.53952738,2346161.65119509
14531,1925511.34443869,2347966.5464314
14532,1925567.96217433,2348102.30171687
14533,1925527.02224855,2347973.76023594
14534,1925220.46645556,2348887.54721124
14535,1925024.74423233,2349136.0603677
14536,1924972.00549913,2349241.42243403
14537,1924298.04117482,2352781.08916251
14538,1924323.08819059,2352610.66155522
14539,1924448.17496934,2351481.48094431
14540,1941422.95315622,2339825.24320585
14541,1934578.1286469,2348360.99527974
14542,1934455.6740698,2351506.5643601
14543,1934859.77722421,2351747.59301185
14544,1936325.27144685,2352427.3475398
14545,1936478.08104305,2352896.95623546
14546,1936418.50170555,2352855.26410921
14547,1936423.59140875,2352840.24659976
14548,1936847.39077556,2355333.79426963
14549,1936728.05170043,2354611.75511505
14550,1937353.15079398,2355756.74683591
14551,1937605.1135526,2354836.25545639
14552,1948099.51685961,2349813.72539434
14553,1948443.81737637,2349516.54670724
14554,1948618.5913864,2349413.51784238
14555,1948449.68328006,2349519.39450903
14556,1947818.33318258,2350037.32273511
14557,1947469.44946293,2350301.63510151
14558,1947298.27015516,2351902.58940943
14559,1947267.64203588,2351971.29705269
14560,1947243.8472209,2353257.85136267
14561,1947058.00030389,2352211.50070391
14562,1947285.56214716,2353486.87560686
14563,1947283.74544602,2353482.5046041
14564,1947057.67340369,2352207.94400167
14565,1947244.12822108,2353259.42516366
14566,1947332.69317683,2354356.18945415
14567,1944707.94942436,2356156.80638777
14568,1945218.62074587,2355221.18699873
14569,1946864.25598192,2337038.79165158
14570,1946894.8777012,2337416.35328928
14571,1946870.92588612,2337489.43183529
14572,1947352.69418943,2338867.41930283
14573,1946696.92997657,2338654.24856862
14574,1946697.16607672,2337994.11805302
14575,1946843.21196867,2337952.37532674
14576,1946460.10882748,2338147.18694939
14577,1946870.69368597,2337703.27966992
14578,1946674.78886263,2338030.63087601
14579,1937019.92168418,2349416.00674395
14580,1936920.86432182,2348574.68911427
14581,1937782.17896408,2346638.45109527
14582,1930777.44595408,2353092.59605863
14583,1930744.65963344,2353221.79633997
14584,1930237.58721421,2357567.93367618
14585,1952468.03450991,2341904.08651464
14586,1952042.88624225,2341826.71376592
14587,1952142.57950501,2340677.24944225
14588,1952315.47441386,2340256.85347758
14589,1935968.77192241,2349637.3632833
14590,1936403.76529627,2350102.83667636
14591,1936002.5939437,2349749.0155536
14592,1937578.86703608,2350808.39712056
14593,1936557.50499306,2350345.59352919
14594,1938021.54891478,2354520.74695775
14595,1937364.80040131,2353428.14106988
14596,1931637.39999549,2357218.59635625
14597,1932419.70588801,2355498.9373736
14598,1932882.44837934,2356217.87422622
14599,1932660.50193961,2355462.4002506
14600,1933284.97123276,2356615.75617672
14601,1933691.72128884,2357596.77919434
14602,1933398.27630409,2360037.58843101
14603,1934603.85546309,2356822.41790683
14604,1934625.38057664,2357002.21222002
14605,1934683.47861322,2357769.61510316
14606,1934788.89497959,2358007.90905318
14607,1932887.60348259,2358214.05068296
14608,1929675.70456046,2354779.04412037
14609,1928372.49783999,2354696.40796835
14610,1927978.57209199,2354567.42408714
14611,1929786.57753026,2353604.03068061
14612,1929694.07417202,2358192.53316941
14613,1929857.8036751,2357249.95147599
14614,1929394.96588371,2355823.87847817
14615,1929760.67581395,2357130.33340068
14616,1929566.63929179,2355690.6591943
14617,1929561.8886888,2355696.15929776
14618,1927639.16857831,2358016.81015878
14619,1926798.84634927,2357012.06772622
14620,1925535.12435366,2355625.44695324
14621,1925961.0363218,2353506.60351928
14622,1927287.02075661,2353479.0015019
14623,1923125.98453693,2351145.59903285
14624,1922944.09252241,2352334.48738134
14625,1922658.76484278,2348187.47137049
14626,1923270.9599282,2347456.18571009
14627,1928546.83114975,2345773.29745059
14628,1930622.53025655,2344297.00032115
14629,1931020.95970739,2344387.49297812
14630,1928422.12977124,2345659.85967917
14631,1929852.01737146,2341787.2794411
14632,1943853.84368664,2333730.85386899
14633,1943966.96755786,2334243.19609154
14634,1942825.12363899,2335883.23312407
14635,1942946.6546155,2335845.77540048
14636,1943557.92070033,2335218.33770547
14637,1943622.40124093,2329664.98100922
14638,1942689.29835347,2329974.74100424
14639,1941713.83883935,2330358.15404562
14640,1940510.28728162,2331852.99438673
14641,1940739.31502581,2331396.78789952
14642,1941461.37798041,2330520.45794781
14643,1942487.27432628,2329859.48473167
14644,1942578.46098369,2329919.8820697
14645,1942571.05057903,2328864.15440504
14646,1946666.45365738,2343043.09973173
14647,1944823.58039716,2342689.06390884
14648,1945412.09566768,2342708.04662079
14649,1940258.27152296,2348501.76336836
14650,1940028.4897783,2349620.42047264
14651,1939819.48004671,2348436.67182738
14652,1939464.68722335,2347841.30125255
14653,1942937.71660987,2354270.12429997
14654,1942933.164007,2354235.28077803
14655,1933238.74890366,2353165.00460421
14656,1933229.18089763,2353165.96480482
14657,1934160.92548424,2353954.67430137
14658,1937028.8397898,2352972.27158288
14659,1946304.19972932,2344383.97047591
14660,1946268.740607,2344187.40475215
14661,1951540.17312575,2351163.39834406
14662,1945569.48696677,2330603.00039977
14663,1945520.613236,2328678.11368791
14664,1945485.50001389,2328642.99916581
14665,1946073.50218408,2328615.00004818
14666,1945394.4993566,2326171.99741013
14667,1945744.46067692,2328711.67840905
14668,1942755.50149515,2353282.9970785
14669,1942419.49908362,2357678.9938461
14670,1938093.49476008,2346240.99584504
14671,1927831.5032994,2354514.99295413
14672,1932955.50292533,2353366.99263138
14673,1932949.28242142,2353645.43300668
14674,1932717.49647549,2355298.99744772
14675,1847033.336531,2322720.37123707
14676,1847388.86175483,2321479.5724559
14677,1846146.23977251,2324601.02252108
14678,1846140.12376866,2325107.69444007
14679,1845384.9292932,2326380.47554138
14680,1844931.24030757,2327223.50387213
14681,1844896.41918565,2328757.91263815
14682,1844415.63128296,2329552.22133823
14683,1844545.23346455,2331329.17615695
14684,1845123.76342878,2335551.07521495
14685,1844940.61191348,2337525.80015818
14686,1845045.66387961,2335626.90496269
14687,1844428.2359909,2338728.27931523
14688,1845031.46477067,2340061.85705482
14689,1845017.24076172,2340024.1879311
14690,1844334.03373159,2343022.54681879
14691,1843621.3449829,2344034.18085569
14692,1840683.6502334,2348909.67382517
14693,1840683.93483358,2348983.44747162
14694,1840508.94972342,2349512.16750449
14695,1840220.30404169,2352039.98599593
14696,1840141.63879217,2352128.81045185
14697,1839773.22066022,2353958.14190355
14698,1840160.20260385,2354096.76379083
14699,1839523.66680311,2356592.67096218
14700,1838709.66969064,2358171.69075629
14701,1837825.84983421,2359101.59254173
14702,1837668.75723531,2361932.07672373
14703,1839787.35296912,2364138.23831267
14704,1840699.62564346,2362925.32414906
14705,1842324.93676671,2363322.22009893
14706,1845016.46036123,2363359.21402222
14707,1846327.52918664,2363435.04526996
14708,1850614.3276855,2361577.61550057
14709,1851297.50791561,2360773.59479438
14710,1852286.79513844,2359346.81779612
14711,1853131.56887029,2359006.41848182
14712,1855375.90818326,2357250.34507624
14713,1855287.91772787,2357418.37238202
14714,1855318.10224687,2357570.61957787
14715,1856118.41575073,2356416.03295098
14716,1855464.02943874,2356658.35670354
14717,1855465.65883977,2356665.05820776
14718,1855365.73507686,2356921.28046907
14719,1856398.07802679,2356229.21883336
14720,1846641.69148443,2365898.47362087
14721,1845108.17821897,2367531.31584887
14722,1845749.08942247,2369205.23660272
14723,1845647.80705871,2369575.34683573
14724,1844976.02833577,2371972.44744489
14725,1844094.42098074,2375139.42993873
14726,1844959.56982541,2373140.13358003
14727,1844134.0656057,2376057.55571676
14728,1843620.3948823,2379980.82498675
14729,1845907.11592196,2380903.00776733
14730,1846556.71603093,2381104.61769426
14731,1849302.91065986,2381054.76966288
14732,1849619.75475934,2380684.97393006
14733,1850416.09366069,2379695.70030724
14734,1842426.48243064,2380545.92884252
14735,1842145.80225394,2380958.14390204
14736,1844339.73013518,2383614.24777426
14737,1844699.89166192,2383565.77874374
14738,1845285.27563047,2384325.54492207
14739,1845328.46875766,2385049.59047791
14740,1848606.95752171,2387152.17530164
14741,1849333.26327897,2388767.74211876
14742,1848905.43690962,2387704.53034939
14743,1850860.77244065,2389353.15988733
14744,1851934.54581667,2389658.7241797
14745,1853001.45708837,2395896.03270655
14746,1854117.10689075,2394548.39905811
14747,1853515.12451176,2391386.0929672
14748,1852579.56712276,2389169.43397165
14749,1841244.87628674,2381171.18373617
14750,1841143.04582263,2384129.87109888
14751,1840080.04105339,2385011.28035379
14752,1840302.83899365,2384960.05862154
14753,1839555.25052299,2385226.038989
14754,1838272.11231516,2380963.40670536
14755,1838758.28052124,2380747.15676921
14756,1839065.69521478,2380872.02214782
14757,1839065.72871481,2380871.70044762
14758,1837991.92383876,2380608.67878203
14759,1838102.89120863,2380172.53570745
14760,1837064.8415551,2378434.27271308
14761,1832880.76262091,2380500.26851378
14762,1836473.07698254,2359165.43878193
14763,1840971.59181469,2386683.51740659
14764,1841062.38827185,2388742.41460282
14765,1844794.33432138,2362626.39416086
14766,1847965.42941782,2358238.48119834
14767,1834498.08123913,2369252.15613226
14768,1834527.94275793,2369214.67510867
14769,1834437.49400099,2369313.00157057
14770,1834102.90179034,2368943.08983768
14771,1834365.14515544,2369282.0834511
14772,1833268.38086494,2368551.14439092
14773,1833873.04714563,2368724.18569987
14774,1840975.00751683,2362378.94270507
14775,1841571.63709246,2361118.37151144
14776,1841609.74011645,2360993.40263277
14777,1842176.76927343,2357183.50923416
14778,1842219.42600029,2357285.94739865
14779,1842223.61580293,2357285.90789863
14780,1842120.11853776,2357577.68708232
14781,1842179.49857515,2357133.00250236
14782,1842099.88992503,2356915.05966515
14783,1842096.06732262,2356906.00405945
14784,1842946.45915801,2354619.89642018
14785,1843132.51267514,2354270.24220004
14786,1845311.87874721,2354180.24314338
14787,1844229.78256596,2376196.9181045
14788,1841518.89345925,2377138.57149734
14789,1839314.34537132,2373978.08590758
14790,1849980.83418667,2384211.85375049
14791,1856548.86892173,2330806.09222763
14792,1856589.8108475,2330565.41267611
14793,1852506.2558766,2321909.94722685
14794,1847696.8012487,2325356.30109659
14795,1848030.67265889,2325574.20433377
14796,1846600.95785879,2329403.08204434
14797,1847226.45765258,2328996.65968846
14798,1847423.65967674,2328344.16417767
14799,1847686.28614208,2327668.048052
14800,1847817.14092446,2327620.80392226
14801,1848541.41348045,2326774.93118972
14802,1849258.11543166,2326869.78414944
14803,1853196.82071137,2325226.37601479
14804,1853579.49105228,2324900.53500965
14805,1853501.19380299,2325084.28662533
14806,1853997.2573153,2322803.38298934
14807,1853746.15775722,2321944.70124873
14808,1854911.2152907,2316745.24037529
14809,1850389.56164399,2324034.77296459
14810,1855610.89633121,2320258.93028742
14811,1855061.22328515,2322782.30287607
14812,1857005.50950922,2323106.51718018
14813,1857063.15454551,2323133.35179708
14814,1857231.17275129,2323530.79044729
14815,1857055.25124053,2323274.17678574
14816,1857054.51944007,2323139.63490103
14817,1856187.65439432,2324618.25003193
14818,1853923.56826891,2325889.66773238
14819,1855126.23702608,2326110.18797122
14820,1855311.05914244,2325925.94615522
14821,1855901.01861386,2325923.19385349
14822,1855633.35914535,2325667.09589226
14823,1855427.36541566,2325756.69194866
14824,1856037.81359998,2326222.87654216
14825,1854354.14023998,2328063.42820092
14826,1849682.13289861,2328449.62764406
14827,1850018.19171019,2328262.58242631
14828,1851208.19115938,2330001.80212127
14829,1853074.7307345,2330738.71138521
14830,1853592.50506048,2331814.61896257
14831,1850676.47382462,2331241.85720198
14832,1847080.47326067,2332252.42703821
14833,1850884.26375544,2334179.08075118
14834,1851557.45997927,2334581.9313048
14835,1852270.75282834,2338324.96606132
14836,1852264.0296241,2338325.55916169
14837,1853810.40119766,2339150.40968099
14838,1852159.57685835,2338713.51890594
14839,1856503.83879338,2338399.93890852
14840,1850736.05576213,2333142.12639834
14841,1856415.13403753,2333107.36957646
14842,1855547.71099142,2333932.37079586
14843,1854885.53917454,2332312.95487631
14844,1855167.07615179,2331546.96609407
14845,1854862.63496012,2332046.53020858
14846,1854865.51856193,2332047.69480931
14847,1855319.21034757,2331202.31557708
14848,1854109.54288599,2340174.83772595
14849,1855079.84769687,2341882.99740136
14850,1855442.89742544,2344932.84142146
14851,1855629.7833431,2342573.82693629
14852,1854426.56038558,2339994.53971244
14853,1855150.83234156,2339890.54794697
14854,1856262.98404174,2342124.20665322
14855,1856161.5772779,2342259.25113824
14856,1856331.56178492,2342011.23118209
14857,1856260.63254026,2342120.26115073
14858,1855807.64675507,2342251.37673328
14859,1856719.30742903,2341542.74538715
14860,1849464.40646154,2343650.94991442
14861,1849152.28366503,2347849.87295795
14862,1848455.62272643,2350915.6870881
14863,1849760.80934814,2353983.52841954
14864,1850014.64590795,2353700.85724157
14865,1851456.79791589,2353636.20070087
14866,1851572.95628902,2355163.28616228
14867,1851587.79699837,2355293.35054417
14868,1851843.23335918,2355353.43188199
14869,1851919.76950737,2355337.98307226
14870,1852416.40542004,2354754.08450466
14871,1852165.58616213,2344251.83979272
14872,1854781.89000928,2347075.27307028
14873,1852821.61807515,2342563.82252999
14874,1853008.62509288,2342161.93107697
14875,1852172.02166618,2348288.71283423
14876,1852021.24797126,2348162.12465453
14877,1850392.64314593,2348468.06884715
14878,1852917.22913534,2351792.95644041
14879,1855497.34775972,2353050.57663217
14880,1854017.52262806,2352210.59290334
14881,1853926.08287049,2352032.75549138
14882,1854018.34052857,2352192.81569215
14883,1855652.13555717,2353478.3604015
14884,1854203.22704497,2350046.44014085
14885,1854078.46436642,2350205.44114095
14886,1854452.67080202,2349072.58542774
14887,1854816.19663088,2348872.11220152
14888,1856400.21342814,2348133.68943663
14889,1853211.42172056,2353737.77776482
14890,1853546.1543313,2353496.0056126
14891,1849801.81257396,2358505.02876615
14892,1850182.82971384,2357471.40511541
14893,1847163.93701322,2357763.73839946
14894,1848105.85340623,2351212.52707499
14895,1844503.16083807,2352686.60220302
14896,1846444.91586054,2352302.09626095
14897,1847709.48315668,2352900.84863791
14898,1847684.45764093,2351826.23206136
14899,1846862.95592373,2353179.87321358
14900,1844793.74772101,2343952.7093044
14901,1845472.79184852,2347478.73932429
14902,1845097.95761254,2348585.42652103
14903,1845097.00601194,2349135.29696722
14904,1846931.11046664,2349119.48605726
14905,1847756.13948606,2348993.18297775
14906,1848444.33671933,2348478.35635362
14907,1848369.74077236,2348668.19787314
14908,1844052.61815442,2350358.57373736
14909,1842885.84441985,2348404.20750694
14910,1840208.96483456,2354195.43955295
14911,1840212.90613703,2354264.82819664
14912,1840284.75558227,2354471.75682691
14913,1843165.53309593,2350761.94979131
14914,1842905.146532,2352328.00897726
14915,1842846.75929524,2352750.74344341
14916,1842673.83358637,2352853.55980814
14917,1840707.36034833,2361587.67950691
14918,1840715.68615357,2361584.58730496
14919,1840331.09781145,2360741.10727393
14920,1840821.08071993,2361696.86197565
14921,1840125.54928204,2360325.41931222
14922,1845084.0905038,2355290.91534263
14923,1842249.79381941,2357064.36005915
14924,1842250.30371973,2357066.1951603
14925,1845749.1258225,2355267.94432817
14926,1845222.02389064,2356885.01014623
14927,1850125.97237804,2360296.38619394
14928,1849937.50865939,2360450.26359082
14929,1852018.75316969,2357898.43538426
14930,1852237.13610717,2357675.51984392
14931,1856299.21056455,2358114.24642013
14932,1856636.98897721,2358929.24983323
14933,1855997.39427453,2359767.72936112
14934,1855868.3650933,2359933.57336553
14935,1853790.62668521,2360132.02999047
14936,1854616.13170493,2360611.15319211
14937,1853867.82893382,2360156.24310572
14938,1853297.93197502,2362895.74663043
14939,1847789.90240731,2366280.57176143
14940,1850332.26230792,2364487.52183257
14941,1851580.78809395,2366461.01127503
14942,1851379.86096746,2366432.74155723
14943,1852610.9187425,2366403.22543865
14944,1852276.98143226,2365170.46156253
14945,1852285.20763744,2365175.47716569
14946,1853599.67846499,2363836.20142252
14947,1852207.9494888,2365324.68425963
14948,1851985.0991485,2365406.89491139
14949,1850722.80095379,2364854.66066371
14950,1849658.57438378,2367368.85284658
14951,1853477.81868828,2367158.50421415
14952,1854722.8281721,2366489.85189319
14953,1852203.83218621,2368230.80768925
14954,1852456.94244556,2368364.05227314
14955,1847835.75593618,2370157.47280223
14956,1848052.54287266,2370660.96951921
14957,1848282.88541768,2372315.84136108
14958,1852259.49442125,2369761.17865273
14959,1851925.30631085,2369450.06005686
14960,1848099.86470246,2372955.49896379
14961,1847967.06091885,2373051.90972449
14962,1849296.66165593,2375468.97264621
14963,1849541.68111019,2375476.47225093
14964,1846945.91967596,2377232.50065648
14965,1846992.9963056,2376649.02028913
14966,1850160.55919982,2377655.73762294
14967,1850772.87968532,2376463.2821722
14968,1849553.09001737,2379304.83566116
14969,1844194.78034392,2383315.40058611
14970,1844185.75823824,2382960.39846261
14971,1845161.85435276,2383123.70706543
14972,1847959.0457138,2383597.14656349
14973,1845283.18962915,2383148.24468087
14974,1845284.20882979,2383144.81087871
14975,1848533.52337548,2385365.09937655
14976,1848040.79656527,2390041.76452085
14977,1848853.95397721,2387691.90064144
14978,1847514.44333389,2390835.06332029
14979,1847970.74362117,2390024.61551006
14980,1856504.40509373,2388573.89269672
14981,1852605.08273882,2389012.47137284
14982,1851527.40856035,2390896.75445913
14983,1851798.68783114,2392186.86127135
14984,1849232.42221548,2390280.28707102
14985,1849240.68162069,2390273.4268667
14986,1849328.01937567,2390188.41641318
14987,1849128.36824998,2391449.7796073
14988,1849215.74080499,2390329.36640192
14989,1848817.38145419,2391647.2107316
14990,1849332.15497828,2390191.57961517
14991,1849855.0878075,2387763.85228674
14992,1848909.62201226,2387634.48220529
14993,1851595.7875034,2384768.77730112
14994,1852793.57535749,2383386.71553101
14995,1853832.77651175,2381858.45736886
14996,1855578.52951083,2383163.46999046
14997,1856456.87916381,2382644.46616371
14998,1856706.33912087,2382305.51835031
14999,1856869.74032374,2381745.36959766
15000,1853663.42230513,2381648.42123662
15001,1850904.00356787,2378967.72184893
15002,1854771.99470305,2379651.06937914
15003,1856533.20701187,2379272.3342407
15004,1854738.3844819,2378294.86222531
15005,1854384.43955906,2378381.76128002
15006,1855430.22661746,2384456.51330452
15007,1857172.9007146,2386961.01408129
15008,1855404.81300146,2385566.44920331
15009,1852440.66253531,2385297.25313383
15010,1852465.85155117,2385798.35074931
15011,1852011.77496529,2387490.17641444
15012,1852842.81218849,2386835.90230253
15013,1843636.14569222,2387285.12128534
15014,1838733.32100553,2393772.35206953
15015,1839675.75679886,2388537.22427363
15016,1841154.03352955,2397164.85820536
15017,1837790.55701199,2385177.00305813
15018,1838509.92816488,2384748.97738865
15019,1836220.78972371,2387154.39530304
15020,1834944.05341991,2388276.05340921
15021,1834716.56827668,2386488.805884
15022,1838752.3300175,2386041.58420244
15023,1838762.31932379,2385936.14713606
15024,1837140.55210276,2387378.25404398
15025,1838684.38087472,2386203.98860469
15026,1835666.13517451,2388661.68395199
15027,1838413.50370418,2387688.07043903
15028,1838787.2847395,2386197.36910052
15029,1835515.57027972,2389464.34845733
15030,1836312.9084817,2389057.96600148
15031,1835999.8404846,2384003.48741931
15032,1834452.83561065,2385819.7715628
15033,1836945.07067969,2380802.06900378
15034,1835672.05387824,2382945.32985312
15035,1834726.13788271,2384018.19082857
15036,1833772.42418228,2383313.3202848
15037,1834421.622991,2382189.53327729
15038,1836825.30710429,2377976.24102472
15039,1834078.48617497,2376483.76188509
15040,1835081.04910615,2376098.13794231
15041,1836415.98234659,2377029.74902883
15042,1832979.95858336,2378635.25373961
15043,1836306.64907776,2377576.81927325
15044,1838596.53721941,2378618.94072934
15045,1838591.09311599,2378330.83554796
15046,1842370.4939954,2380320.68450072
15047,1842195.67578534,2380270.40836906
15048,1840561.37645642,2379866.27191463
15049,1840356.52162745,2379050.98130134
15050,1840347.35372168,2378906.69521051
15051,1841502.66524903,2377216.19244621
15052,1841292.39441665,2377483.55111453
15053,1846261.78954525,2373646.89419907
15054,1845267.84351949,2372752.41713593
15055,1846514.38150428,2373835.3142177
15056,1844343.5775376,2368574.7679058
15057,1843652.89320276,2369109.85984268
15058,1841725.76738949,2364617.27371426
15059,1841730.29669235,2364617.44041437
15060,1840785.89049777,2366219.90252323
15061,1841630.71652965,2364685.40465716
15062,1838815.65925737,2365831.43377867
15063,1838946.08733948,2367081.47296566
15064,1840004.9300061,2369214.52170857
15065,1840219.21804101,2369187.5670916
15066,1840216.39993924,2369177.61328533
15067,1840821.70502032,2369273.17334549
15068,1840030.58102225,2369194.43459592
15069,1840916.43907996,2369996.08950062
15070,1841047.87386271,2370396.36165262
15071,1840652.02481349,2373302.64568234
15072,1841815.91154625,2367251.30067258
15073,1838403.72119802,2366384.13152663
15074,1838294.7172294,2366234.00503211
15075,1837235.92946281,2363758.70247373
15076,1837559.04966624,2364000.26312581
15077,1836584.34235259,2359274.0344503
15078,1836820.72700141,2359262.97664334
15079,1834337.49993803,2368276.38631794
15080,1834012.73123357,2368726.49820132
15081,1833900.29436278,2368162.40304618
15082,1831117.36151072,2365579.11161981
15083,1830501.52332301,2364713.82517505
15084,1833179.74860914,2367321.78201695
15085,1833287.46507696,2367616.33700239
15086,1833289.96297853,2367948.49431151
15087,1833297.96578357,2367797.82511665
15088,1833303.79998725,2367797.75931661
15089,1832813.18817837,2374237.58297095
15090,1834410.87398423,2369354.6673968
15091,1832506.18398509,2375470.81284736
15092,1835925.3457377,2370348.41192244
15093,1835168.4888612,2368683.29407412
15094,1834737.49078986,2373949.31018947
15095,1832796.13556763,2376298.94986874
15096,1837893.91607706,2372467.92035682
15097,1837896.13577846,2372458.77125106
15098,1837662.78423155,2372264.50262876
15099,1837919.45789314,2372576.73012533
15100,1838221.49328329,2372894.69742551
15101,1838060.25828179,2373794.94609228
15102,1838255.94540498,2374787.00971686
15103,1837313.50781165,2373329.63729934
15104,1835724.85951148,2358910.16612122
15105,1835900.46722204,2358256.08400942
15106,1838927.63052786,2354018.86004178
15107,1838838.01477144,2353489.13810828
15108,1836997.28771257,2352450.35885429
15109,1833391.83294267,2352157.14176969
15110,1829375.0377138,2357618.73470817
15111,1827722.6504735,2367741.89608144
15112,1827909.84549135,2367837.34174153
15113,1836989.4002076,2353596.00627556
15114,1837594.39608849,2354045.45695852
15115,1837586.48228351,2354043.70595742
15116,1837368.83584648,2354001.2598307
15117,1836822.97290282,2355726.97001716
15118,1836048.81971544,2356852.46072574
15119,1832646.92597369,2360539.61954708
15120,1829998.03370602,2361449.33441981
15121,1830776.58199618,2360627.72520255
15122,1833142.6602858,2362986.28728744
15123,1832991.80999082,2362831.3693899
15124,1833148.03058918,2363000.85839661
15125,1833020.96260918,2363577.94665993
15126,1832126.56394609,2364695.10496326
15127,1825728.40021797,2360694.51264459
15128,1826016.49739935,2360629.44650363
15129,1832665.57268544,2351372.86587593
15130,1832327.53697262,2351053.91277513
15131,1842570.6355214,2344234.66548191
15132,1839419.1348373,2337546.9565715
15133,1839376.2515103,2337541.81406827
15134,1839259.92433706,2336876.48854939
15135,1836857.30402444,2337459.52411646
15136,1837216.87585082,2336983.43631672
15137,1836005.94098844,2338090.03261341
15138,1841525.37706333,2344754.96810948
15139,1839822.44079121,2345449.96974703
15140,1838996.55987126,2346339.33430695
15141,1837480.82361699,2348306.2923453
15142,1837545.68775783,2350082.95406384
15143,1837663.14313177,2349887.71814092
15144,1835811.1327658,2347761.60080238
15145,1835539.86779501,2347606.27650459
15146,1833937.75908637,2347114.77399515
15147,1832083.52801899,2344335.0403451
15148,1835329.26636242,2343980.49432189
15149,1838985.24286413,2345112.57793462
15150,1839256.47323489,2343941.19049715
15151,1839316.73267283,2343510.96362628
15152,1839291.79865713,2343228.51384846
15153,1839356.25789771,2342768.09045859
15154,1839328.18568004,2343132.05358773
15155,1839359.29049962,2342768.43435881
15156,1839018.2257849,2341285.22832502
15157,1837914.40878996,2345181.74607817
15158,1837700.92955556,2345087.82391904
15159,1838103.24470885,2343921.96068504
15160,1837846.91384747,2344154.56673148
15161,1838746.21861365,2339752.92566032
15162,1837593.02398763,2341231.51779121
15163,1836957.72508766,2340158.60201573
15164,1837699.12445442,2340270.09858592
15165,1839382.83201444,2336658.85781238
15166,1840198.51102797,2333960.90741382
15167,1840311.88279935,2333985.79922949
15168,1842775.18915018,2341454.53333161
15169,1842852.29139872,2330689.41775418
15170,1843042.3814184,2328418.68362458
15171,1843429.9509624,2326896.13386603
15172,1845589.86532223,2323460.22490287
15173,1844045.61115001,2322058.65132047
15174,1844051.3187536,2322064.91572442
15175,1842446.55384328,2320209.21275612
15176,1844168.13392714,2322248.9839403
15177,1843922.43337246,2324245.76829742
15178,1842067.55600467,2323129.49969465
15179,1841964.5182398,2323254.5736734
15180,1841920.07071182,2327748.81000285
15181,1842519.75548937,2328828.96998289
15182,1841601.29041113,2327982.13194974
15183,1841509.96565363,2328123.20513856
15184,1840523.15943236,2329537.18432876
15185,1839537.42731177,2330422.43038609
15186,1838949.39454156,2333973.63702184
15187,1840013.41501144,2331867.713096
15188,1838646.5507509,2334387.16698218
15189,1838160.62284497,2332410.48263771
15190,1835882.16991052,2332075.82202702
15191,1835986.83867642,2331719.47360267
15192,1836470.10448067,2334337.9569512
15193,1841141.13492142,2328060.02889878
15194,1841110.47650212,2328047.33099079
15195,1835059.82499279,2331389.06009465
15196,1834158.4333253,2332247.0134348
15197,1833646.502703,2334152.5893345
15198,1838481.0427467,2327993.72275704
15199,1840581.01506879,2327758.2564088
15200,1840261.97686793,2326730.33466164
15201,1839261.04773777,2325923.96435397
15202,1839824.62719259,2324628.39913832
15203,1840484.73250817,2327716.44258247
15204,1836491.26249399,2329422.27015642
15205,1839293.78255838,2327372.14106571
15206,1839518.93040013,2327321.4560338
15207,1838822.34536158,2327721.10968541
15208,1836419.39894874,2327129.96871324
15209,1835072.79700096,2328646.15076779
15210,1844372.75905597,2331593.4022233
15211,1845196.49817457,2372427.99533169
15212,1848829.49826182,2387667.00462577
15213,1848871.49988826,2387652.99921695
15214,1852525.50118872,2389178.99707768
15215,1835173.27836422,2368554.70479316
15216,1833961.49770131,2368836.99737089
15217,1834102.24678992,2368942.24823715
15218,1855339.50326034,2342167.00068016
15219,1847681.49843907,2351631.00133845
15220,1850474.50029746,2364797.99572804
15221,1839029.49899199,2384936.99320702
15222,1838749.50241572,2386112.9963474
15223,1836817.49789938,2377825.0033295
15224,1841031.4984524,2388326.00994066
15225,1840510.22252422,2388198.40716032
15226,1840667.50492324,2387204.9957349
15227,1855403.10090038,2385089.52630305
15228,1855003.22204863,2334182.42735328
15229,1854050.37014874,2334481.66974168
15230,1857666.28242522,2334139.63292634
15231,1856300.34526527,2334499.94795319
15232,1844522.86725047,2331629.9370463
15233,1844162.58862365,2331542.22969108
15234,1844272.88729309,2331569.088408
15235,1840456.05679012,2330247.45087593
15236,1842475.84246172,2329213.25052482
15237,1809800.49359018,2429885.0011051
15238,1808722.50251151,2428582.9954854
15239,1812866.49532045,2433426.99383505
15240,1813678.49943167,2434168.9970022
15241,1817148.027016,2434619.49438582
15242,1817513.28614595,2434442.60107445
15243,1818518.4876788,2433953.00076621
15244,1820029.44263006,2432460.8588268
15245,1820174.5340214,2432130.61461888
15246,1821850.13207632,2428448.82850093
15247,1822312.50226741,2427335.76830017
15248,1823602.15107934,2425866.00467485
15249,1823890.72186102,2425255.00419018
15250,1824337.5076423,2424945.32909522
15251,1825350.24127989,2423663.33738811
15252,1825672.38798271,2422013.9616497
15253,1825844.38519099,2421808.50932036
15254,1826278.85516452,2415658.10314822
15255,1826685.90212079,2414494.5825157
15256,1826979.54810566,2413653.81948638
15257,1825509.34758006,2411948.13881253
15258,1825453.05264462,2407253.22155673
15259,1825801.10846375,2406793.25906715
15260,1826184.31880501,2406241.86082001
15261,1828559.75560052,2400584.67145839
15262,1831246.99819234,2400302.81768094
15263,1825825.77387927,2422045.90746982
15264,1830609.37359091,2420613.50506802
15265,1832317.70176642,2419484.27355708
15266,1834118.34460006,2416960.33526807
15267,1834417.26198825,2416833.77138839
15268,1836801.15548909,2414724.20916027
15269,1837344.3945311,2413612.89376061
15270,1839117.13714717,2413424.43934197
15271,1839713.49072262,2412615.59343274
15272,1838867.71889014,2408255.20348755
15273,1837121.12819053,2405934.0261262
15274,1839018.17828487,2402570.44300858
15275,1839681.56210252,2398079.8273814
15276,1840842.34793331,2411776.92090473
15277,1844165.40572543,2411966.24332393
15278,1845515.35057532,2412705.40188928
15279,1847754.85448525,2404670.53813074
15280,1847346.61452823,2403283.36425741
15281,1847430.77488122,2402569.73310813
15282,1846657.35019429,2397523.81883136
15283,1845990.37587438,2395857.10188203
15284,1845704.56479444,2395634.25324173
15285,1844743.88748962,2393734.77194587
15286,1844684.31495212,2393628.01867866
15287,1844123.53659907,2391508.14044404
15288,1844118.74539605,2391601.72970296
15289,1844289.85060377,2390227.50783779
15290,1844479.72082331,2390184.62201079
15291,1844614.59120822,2389233.2006118
15292,1846103.39324553,2389220.16410359
15293,1844640.66152463,2389209.47159686
15294,1847759.10338792,2413626.96666947
15295,1848358.00796498,2417194.62071558
15296,1848358.79616547,2419580.49801766
15297,1850921.80887908,2426736.91522315
15298,1820089.41426782,2432438.60631279
15299,1821187.99545945,2432849.7013716
15300,1827787.12611409,2435091.50058298
15301,1829119.88575316,2432875.1076876
15302,1829892.27313944,2433067.02490842
15303,1832002.03546769,2432472.298034
15304,1835506.55757404,2430454.66016375
15305,1833801.44450055,2431817.08202149
15306,1835896.63711963,2429808.52265695
15307,1838182.72335889,2426418.0514224
15308,1837541.03115489,2424010.91890694
15309,1837542.88705606,2423600.91034881
15310,1837375.93945096,2423857.22911018
15311,1837384.46835633,2423861.84811309
15312,1837844.65504605,2423325.05877514
15313,1837850.28584959,2420029.46330032
15314,1838006.05454766,2419670.38877425
15315,1839534.26120978,2433721.59212052
15316,1840983.8438224,2431757.04128369
15317,1841351.63425395,2425998.84855849
15318,1835256.06541634,2440110.83634302
15319,1835638.94485739,2442822.02174991
15320,1824916.12310658,2439374.29747931
15321,1828354.025971,2447821.56519749
15322,1826349.08540874,2442258.283395
15323,1817617.54461159,2436434.3429284
15324,1816314.24029107,2440879.20702677
15325,1816583.98906089,2439882.79859945
15326,1819806.74008985,2443553.59661049
15327,1825386.84830294,2447482.91618429
15328,1816007.81799815,2442623.90942519
15329,1815348.62908314,2449229.70588402
15330,1814858.12637433,2450222.47950904
15331,1816707.24173849,2452889.36148804
15332,1812467.97816956,2455689.97775124
15333,1819105.52514838,2449305.37433166
15334,1820603.49899147,2451608.37708157
15335,1820695.54874942,2452440.18340525
15336,1823080.80335112,2453743.96472608
15337,1827430.05958929,2454232.96383394
15338,1831912.56151136,2452114.52150022
15339,1832952.379466,2453813.62196993
15340,1833860.42283768,2452711.03607577
15341,1833867.287642,2451368.80523074
15342,1832883.35962255,2448583.97967749
15343,1832867.84721278,2448106.74457703
15344,1833212.64402986,2443937.0396519
15345,1838917.75292164,2449965.22994709
15346,1841179.02474528,2452029.64114679
15347,1842278.63763757,2451841.80742853
15348,1843166.82599675,2453035.34837995
15349,1843289.70567411,2453170.68206516
15350,1844650.91443109,2452542.03876938
15351,1835209.76408719,2457707.46112139
15352,1835681.79948437,2457967.92778538
15353,1837985.70403485,2461270.55256462
15354,1838351.61356521,2461804.67700089
15355,1838210.77817655,2464425.80205108
15356,1839803.6758794,2464274.83785604
15357,1842943.20275596,2463533.46438929
15358,1843948.67128897,2459460.50772506
15359,1838289.10852586,2464965.61669094
15360,1840038.79522742,2471888.55044943
15361,1840133.88488729,2466556.49119251
15362,1839832.66219765,2466193.42066393
15363,1840133.07138677,2466539.58918187
15364,1839081.00212442,2474011.81778619
15365,1832541.12630709,2472231.83766556
15366,1828113.24181941,2460288.78614653
15367,1831463.18212844,2465447.03489402
15368,1820330.78081977,2453140.15844594
15369,1822361.49159826,2459745.22110431
15370,1825944.39225395,2465562.29816659
15371,1853074.02273406,2397411.51126065
15372,1853251.89044604,2397110.35947105
15373,1837827.03833496,2412547.19168968
15374,1837116.70528775,2409012.14746411
15375,1833663.40661364,2411122.17079252
15376,1841864.67727695,2404509.04502907
15377,1844981.72273936,2409106.03722322
15378,1844848.80595568,2408726.04128398
15379,1844801.84322611,2407190.7506174
15380,1844516.98394677,2406391.84111443
15381,1852082.32820971,2403984.87729907
15382,1830059.16474451,2426911.42023302
15383,1812722.06442953,2446949.51834847
15384,1822006.09917451,2439614.99693085
15385,1823714.38345,2414328.41951109
15386,1821242.7125939,2414993.4816298
15387,1820951.73091071,2415185.81815089
15388,1810074.84996291,2429863.44169153
15389,1810009.26902162,2429865.90959308
15390,1810607.27809811,2430368.69700963
15391,1814327.41694021,2429917.72642571
15392,1818495.93946461,2426654.25987111
15393,1819091.43053951,2455580.66808242
15394,1819570.28094098,2458645.36371187
15395,1824739.42989534,2458695.1251432
15396,1840325.25330777,2422150.14473544
15397,1845142.63794066,2472239.02687008
15398,1841775.47972079,2468263.63806728
15399,1844225.89546351,2433944.18586066
15400,1844018.44813291,2433072.5479119
15401,1843974.42490519,2432774.98412456
15402,1844653.81003291,2434330.64620396
15403,1838774.34513136,2445300.74791045
15404,1840745.09007208,2444761.31987084
15405,1834970.77963673,2421314.19220915
15406,1842153.27795864,2457251.98573464
15407,1844514.07854494,2456355.7664704
15408,1830164.92181109,2435367.50485674
15409,1829682.89460762,2433654.88527852
15410,1829792.28027648,2433421.30733147
15411,1830795.23680792,2435427.59039457
15412,1831421.06680192,2437698.95312456
15413,1834403.08987933,2443257.84222429
15414,1846287.65596154,2425678.9673571
15415,1833512.70051876,2462195.17614674
15416,1825441.63073743,2451364.44252799
15417,1829399.40602914,2449306.58473242
15418,1842333.15277189,2448428.36747952
15419,1844059.24845859,2451560.65245152
15420,1843071.06473646,2451983.6015178
15421,1842762.05924192,2451991.96542307
15422,1843072.3986373,2451985.14211877
15423,1843091.72054946,2455483.62672132
15424,1843222.95473208,2456136.42353231
15425,1839144.68016451,2455422.64888293
15426,1842040.45298761,2456608.98312982
15427,1841799.04163563,2456055.3962813
15428,1843709.46463838,2477846.96340069
15429,1840536.11124052,2473284.01062798
15430,1840555.96785302,2473203.57497734
15431,1835802.43346032,2462459.86541338
15432,1835636.98265615,2462519.17625072
15433,1831011.37334399,2460587.34493449
15434,1821766.09802341,2461482.33819796
15435,1817662.8245401,2457268.22584486
15436,1812025.88159123,2438779.78580503
15437,1812736.11093837,2433614.53495312
15438,1812307.83756874,2441596.99847867
15439,1813517.02923001,2439140.6291322
15440,1813647.39291209,2434240.59604727
15441,1819208.12691298,2430082.06652917
15442,1819641.29058569,2425543.90767207
15443,1822125.09964943,2419238.99490266
15444,1822069.79731461,2416243.48731677
15445,1821924.52992316,2416392.32671047
15446,1821341.88495634,2410842.36321636
15447,1823981.28411803,2405544.28428083
15448,1823698.94714028,2406043.86739535
15449,1831552.02338437,2402644.04445492
15450,1827500.35683355,2406150.84576271
15451,1830975.93382168,2407782.83239016
15452,1828988.95207073,2405551.95808566
15453,1832221.75550602,2405420.78580308
15454,1832092.57782469,2406767.57375098
15455,1830283.35428565,2409663.56607422
15456,1831401.09818935,2412661.69256176
15457,1829627.56227278,2416893.86372623
15458,1832019.74137884,2415580.7077995
15459,1834095.62848576,2413154.54717205
15460,1834059.29546288,2407228.69744129
15461,1836552.69293266,2405199.61246383
15462,1835538.28929402,2403797.48408109
15463,1832942.5289598,2398046.98136073
15464,1833131.34127867,2404723.48106407
15465,1836193.6155066,2403559.22483109
15466,1840406.12295868,2399766.01254298
15467,1842857.50900201,2410218.93382387
15468,1843630.80358886,2410161.34158761
15469,1844242.28877383,2402766.15343179
15470,1843561.28124509,2403496.45369157
15471,1842539.11480156,2400237.13493959
15472,1841972.32024472,2399771.58944649
15473,1846545.20412368,2392305.49744604
15474,1844292.14720522,2392112.88772478
15475,1847170.59981742,2392669.61787528
15476,1842456.89474979,2396358.22319753
15477,1843022.8447061,2395715.42719284
15478,1843878.90664505,2392366.76738461
15479,1847786.03320488,2396197.9125966
15480,1850163.32640156,2393936.02927258
15481,1850408.98835622,2393454.09896917
15482,1851363.82995736,2395049.30657347
15483,1850738.3789636,2396019.73298442
15484,1847852.26794658,2417486.30889921
15485,1847670.68203225,2417378.61173141
15486,1844597.31049734,2417061.3936317
15487,1841977.61264805,2416060.67340167
15488,1843376.78802893,2420036.49350474
15489,1838895.66920774,2413691.11660986
15490,1838619.45423384,2413820.66609142
15491,1836594.06385871,2418897.35318757
15492,1832553.98971519,2426072.50010485
15493,1829978.10609347,2424620.10019046
15494,1827420.5476833,2426003.37886134
15495,1829623.57927027,2431162.2125092
15496,1831408.40509395,2430303.36376849
15497,1829548.91632327,2430912.74595215
15498,1829558.16782909,2430919.84895662
15499,1842595.58653711,2423833.6053953
15500,1839707.66311895,2429878.482401
15501,1839990.22439684,2435127.77090581
15502,1841478.07623355,2439112.41841444
15503,1842827.53088313,2441965.96191096
15504,1840880.50045734,2442671.97355545
15505,1839303.85056472,2442069.49067614
15506,1837517.24073992,2441294.41798817
15507,1829900.94004489,2442439.39460902
15508,1830110.3026767,2439223.76418454
15509,1822789.42836767,2441208.65033418
15510,1823835.68972637,2443395.38611089
15511,1817006.76982706,2430552.24162518
15512,1841499.66964715,2425416.8898921
15513,1844128.49330219,2392393.00260113
15514,1844142.495211,2392252.99401298
15515,1822591.5507431,2332755.21595475
15516,1822213.09000482,2332364.48720876
15517,1824566.52718649,2333628.84620476
15518,1825681.66578855,2334204.11906694
15519,1826729.64004833,2335481.48287114
15520,1825593.71713318,2338855.4605953
15521,1825437.1362346,2339843.91551761
15522,1825755.52333505,2340117.5746899
15523,1826718.80934151,2341250.86120338
15524,1828258.16201064,2348932.77843972
15525,1828634.66714768,2349375.49431844
15526,1828655.23106063,2350080.07976203
15527,1828583.97761577,2350236.60626057
15528,1827482.6439224,2353023.78831531
15529,1827490.87672758,2353530.76123449
15530,1825561.68761301,2358997.63747629
15531,1805838.68389593,2358795.27354888
15532,1805670.80249024,2358402.52810162
15533,1803967.99691819,2357342.03423396
15534,1806189.89031704,2358435.07972212
15535,1807274.93950016,2350909.91788447
15536,1807511.36624901,2348379.30309126
15537,1807673.24825092,2347663.20814043
15538,1807138.28321413,2347107.98119087
15539,1810341.80373098,2342262.82894049
15540,1810821.28593285,2341075.65849308
15541,1812247.72853089,2339607.98076907
15542,1816953.70969366,2336756.71257399
15543,1817567.93638036,2338403.70751089
15544,1817650.5932324,2340049.39554697
15545,1818573.2835133,2340681.15994471
15546,1819756.59725828,2342422.44024098
15547,1819997.35700986,2342814.29368768
15548,1820678.8458389,2344700.81997539
15549,1820881.16396628,2345112.35203448
15550,1822040.62289625,2345784.99215795
15551,1822854.71080877,2345896.02282786
15552,1822932.84435796,2346327.75569966
15553,1822735.73593387,2348242.85220536
15554,1820926.68819494,2352443.84225019
15555,1811095.56620552,2349017.74179321
15556,1811719.39079827,2349348.93080172
15557,1813910.21977756,2353287.79638152
15558,1813947.91410129,2354702.44507215
15559,1813905.27857445,2356470.27778513
15560,1814498.03494763,2357201.6814456
15561,1814899.49070038,2358189.62766759
15562,1814724.68839033,2360443.80148675
15563,1819228.28102567,2363233.50414308
15564,1808283.65153522,2368737.08220799
15565,1808650.0647659,2370444.95428322
15566,1808903.0961252,2370537.22784131
15567,1809112.33245694,2370584.78457125
15568,1812011.98228248,2369523.73840324
15569,1818573.48121342,2365401.30580787
15570,1819931.42246835,2368624.91983737
15571,1823319.3566013,2367430.64458549
15572,1826961.21789412,2366278.08065986
15573,1813518.33533084,2370429.41787343
15574,1814608.86411741,2369583.8667411
15575,1818856.45809158,2370423.60876978
15576,1819813.15269389,2372506.83508132
15577,1821365.78407139,2372710.72720969
15578,1822825.17749018,2374649.78423047
15579,1821219.07417902,2373311.90798817
15580,1821226.1960835,2373184.75530812
15581,1828520.79317599,2378408.36309677
15582,1813776.84459359,2372663.51687996
15583,1815047.39009349,2375234.86089882
15584,1814484.21453893,2377897.55457518
15585,1815809.56607334,2380013.7799075
15586,1816518.74961982,2381603.58360839
15587,1816956.07239515,2382489.70416627
15588,1818113.69262395,2382054.24119212
15589,1817154.88592031,2382537.54459639
15590,1818327.22085838,2382462.98754945
15591,1819045.84821082,2384593.46239075
15592,1819130.71096424,2383012.92519568
15593,1819529.08861505,2384559.44316933
15594,1821040.63296668,2383472.97068531
15595,1821100.74270452,2383487.52399447
15596,1822830.52179354,2382568.24591572
15597,1824051.38436217,2382975.09707186
15598,1824263.83609592,2382934.58214636
15599,1824494.282341,2383108.91525611
15600,1829048.88470846,2381209.6771604
15601,1829712.76972643,2380989.28352165
15602,1830765.91948946,2385826.72946718
15603,1830602.5348866,2386449.14245903
15604,1830293.84039225,2387571.25716549
15605,1831449.69481995,2389188.18768346
15606,1826007.94269396,2387280.7592826
15607,1824828.37675134,2384389.59236239
15608,1827094.20797785,2388980.88255295
15609,1827491.83702819,2389130.02034684
15610,1828968.07495759,2391032.53384461
15611,1828906.70241895,2391317.52692404
15612,1826595.57976393,2401162.8516224
15613,1825845.90459195,2392689.71178793
15614,1824912.02890401,2397629.43709785
15615,1824549.866176,2398243.87758469
15616,1822562.22292463,2400320.82529228
15617,1818500.58156753,2386163.78297938
15618,1817877.15967504,2386403.43243025
15619,1819041.97290837,2392303.2050446
15620,1818376.40558935,2399196.81088463
15621,1818391.97359915,2399261.0974251
15622,1819650.59349155,2401536.81635783
15623,1808545.22109989,2370622.29019486
15624,1808722.13271127,2371540.42027289
15625,1809023.60220107,2374547.43846603
15626,1809590.62555806,2376079.73593073
15627,1809611.49587119,2376458.13226895
15628,1810711.15176351,2380987.25542037
15629,1811721.04399931,2384814.1729297
15630,1810769.03979995,2381001.15032912
15631,1813893.09526678,2391021.73313781
15632,1811678.37967245,2386052.7974095
15633,1814446.93711546,2392642.4875582
15634,1827533.81785462,2338370.93349026
15635,1830043.19753446,2341550.6109921
15636,1831286.72811735,2341617.06033393
15637,1832725.92602343,2339934.18877444
15638,1830961.5022126,2398673.81535536
15639,1829871.21562618,2397738.57286656
15640,1827066.91816067,2371556.24938286
15641,1820713.12276049,2380090.10235555
15642,1820927.5764955,2380180.93081273
15643,1823401.81055321,2380899.41476507
15644,1823722.40445505,2380466.80929271
15645,1826646.53779601,2379634.76716888
15646,1815122.28374064,2348437.12422767
15647,1817990.23474623,2349603.79336217
15648,1826910.69406231,2331394.26119793
15649,1828696.1640864,2328070.49060537
15650,1818857.67429234,2365298.51204315
15651,1822055.42990557,2362483.35927081
15652,1825411.15501824,2362753.97534118
15653,1825229.43650384,2362321.1826687
15654,1824693.00146611,2360391.07235356
15655,1824836.62245653,2360528.07313981
15656,1825113.56773089,2362122.4643436
15657,1829724.54023384,2376337.70719314
15658,1808736.96952061,2338861.22469893
15659,1806862.9869408,2343464.89629728
15660,1806805.57900466,2343685.27123602
15661,1806866.61414309,2343474.88100357
15662,1819344.86839907,2335041.49399413
15663,1822333.67378074,2338265.696724
15664,1822854.16010843,2337674.94765208
15665,1820266.29897918,2342634.13337426
15666,1820696.45354999,2342474.24097359
15667,1821775.95162962,2344151.06992928
15668,1821831.0507643,2343672.35282789
15669,1821759.07581899,2343907.63227602
15670,1821339.62245492,2342486.43638127
15671,1824850.72536541,2343707.22384985
15672,1825101.93312357,2343817.42771923
15673,1825896.97982411,2347893.32588531
15674,1826109.27125776,2347949.47522065
15675,1823466.74039409,2351114.28911314
15676,1824195.86395313,2352088.6937266
15677,1822394.00451872,2351551.5023884
15678,1820511.47793354,2348958.97685621
15679,1818912.09612661,2347036.55944591
15680,1818097.63101384,2347348.91764256
15681,1817173.42763199,2345727.75652192
15682,1817674.09704719,2342212.27930867
15683,1817606.88400488,2343682.50623428
15684,1814981.05025172,2342697.38241408
15685,1814314.11203184,2341929.66413074
15686,1812038.73569932,2342706.91872008
15687,1812442.05965324,2342756.3523512
15688,1813491.71401408,2343800.08880831
15689,1813015.31821415,2344303.99892556
15690,1810573.29507672,2345569.95972257
15691,1811954.55994632,2345577.86622755
15692,1812005.74027855,2345050.86009576
15693,1810974.87102954,2346405.54654864
15694,1811072.03129071,2346563.02764778
15695,1813334.40781504,2346619.23938317
15696,1815458.46445229,2350714.19806125
15697,1815397.98811422,2350836.48623824
15698,1817163.39662567,2355871.07950789
15699,1817435.66119708,2356488.74109675
15700,1818749.53062426,2362058.81760352
15701,1818382.8411934,2360211.40184044
15702,1818153.39564895,2360064.30284783
15703,1813549.80945065,2364822.31824335
15704,1813178.74881704,2360580.51387282
15705,1811106.98041271,2349078.35013136
15706,1811338.96995877,2349247.13323763
15707,1810481.96141922,2354988.55785228
15708,1810661.20323206,2355528.70789234
15709,1810494.19432692,2356916.87656629
15710,1812420.8622399,2353073.42134656
15711,1810789.6052129,2355491.13456869
15712,1810872.23806492,2355384.71700169
15713,1806708.79054373,2358922.62352906
15714,1806876.81184951,2358947.16094451
15715,1808229.81600133,2358522.30367703
15716,1808857.63069658,2356187.41080704
15717,1809738.14355093,2358823.82266686
15718,1810441.56169378,2362296.07195289
15719,1810573.19987666,2364949.76052359
15720,1811259.62400881,2363754.76447125
15721,1811343.76216178,2363598.76057303
15722,1811384.52688745,2363363.95412521
15723,1811288.84882721,2363156.89609485
15724,1809978.38930218,2365719.63750828
15725,1810356.31304011,2365042.3809819
15726,1809620.79387705,2365749.56512712
15727,1812473.52447305,2356444.98646921
15728,1810873.68626584,2357541.89405979
15729,1810739.45968133,2357625.41101237
15730,1810873.52606573,2357543.1741606
15731,1812439.46635161,2356965.49879691
15732,1809632.46188439,2364326.92073146
15733,1807296.55231377,2359155.75427583
15734,1807771.26061263,2359243.39393101
15735,1808672.03957974,2361395.39068585
15736,1807667.93944758,2363600.37727405
15737,1808881.62071168,2363031.61731597
15738,1807772.4813134,2361455.66142379
15739,1807901.71659476,2361641.85754102
15740,1810010.3533223,2369048.82140425
15741,1811327.69955167,2367084.81216776
15742,1810268.52808484,2369087.08592834
15743,1810254.22037584,2369087.63772869
15744,1811914.87962135,2363998.77472487
15745,1812143.35426519,2365037.18477863
15746,1812443.99655446,2364443.94690514
15747,1812262.84404041,2364852.84406257
15748,1822564.84732628,2362534.48500299
15749,1823318.45670073,2362086.59902102
15750,1823429.18147045,2361689.74267117
15751,1824205.02435889,2364158.48252542
15752,1823749.84507233,2366197.91640939
15753,1825583.56072678,2365630.4054521
15754,1824667.05764978,2366680.76211338
15755,1822207.37970123,2370748.33547422
15756,1824422.26919567,2378300.25822871
15757,1821710.41478835,2377878.63296326
15758,1821420.45610581,2378037.89196353
15759,1818111.93662285,2371515.20065702
15760,1817720.99847673,2371413.58789304
15761,1816623.58828582,2372417.93292535
15762,1817157.92032222,2375569.99360981
15763,1819357.87990726,2377091.27536757
15764,1817265.90639021,2374578.26168544
15765,1817187.54044087,2374309.67221634
15766,1821988.46916341,2380301.07478837
15767,1821611.30302596,2380206.87532906
15768,1823791.87529879,2379581.20493516
15769,1823693.94313713,2379289.05915123
15770,1831962.40714274,2385860.25338828
15771,1831621.320728,2386034.92199825
15772,1833483.59000044,2385371.59718064
15773,1832156.77236511,2385894.25400969
15774,1831544.06587936,2386016.11678641
15775,1832157.27856543,2385888.66320617
15776,1834780.49331693,2387515.54843041
15777,1828459.20313722,2383147.67908052
15778,1828622.25583987,2384402.73707067
15779,1834877.55687804,2393368.58071533
15780,1834768.81760958,2393452.70406829
15781,1834669.92854732,2396848.29590607
15782,1837125.88869353,2394766.16189521
15783,1837227.14585728,2395698.209382
15784,1831522.94636607,2395085.35549616
15785,1832505.13808443,2394463.45340463
15786,1824750.13890209,2393746.95455354
15787,1824612.70851556,2394323.89221677
15788,1822804.86357739,2397544.11984414
15789,1823791.81889875,2391733.37498585
15790,1823070.1295444,2392084.30840678
15791,1822704.70221433,2392498.05186727
15792,1822245.91522549,2393328.43709005
15793,1822024.96548639,2393553.64023184
15794,1823912.73297488,2393033.32980426
15795,1823696.04113845,2393091.22444071
15796,1823950.90349891,2387728.45506445
15797,1823887.93785927,2387452.72839086
15798,1820716.85806284,2392028.55837169
15799,1817340.71583731,2396167.33377735
15800,1816222.19153311,2382313.13755511
15801,1816083.71454593,2387159.17560605
15802,1814344.90965123,2379615.29495662
15803,1814456.96802178,2379970.83498046
15804,1814465.08612689,2381734.38389074
15805,1811742.92311309,2375028.77916907
15806,1817011.64203013,2392828.8075755
15807,1817106.91449011,2393232.81182985
15808,1812709.14052139,2386431.47704791
15809,1811661.29456169,2385139.0017342
15810,1809216.59692258,2380629.75009529
15811,1809405.8121417,2376861.07002263
15812,1808851.65109282,2382056.5915936
15813,1809542.21482757,2376638.72198265
15814,1825804.44906585,2328811.01657159
15815,1824250.56738757,2326736.42936548
15816,1829440.49945501,2335828.91318987
15817,1828247.02030363,2337755.31890268
15818,1828154.42694534,2338119.85113218
15819,1832146.97825894,2333110.19017823
15820,1832237.66171603,2332926.71796272
15821,1830367.72633877,2338887.2172153
15822,1833430.41966696,2339149.60978049
15823,1833221.72073557,2335239.44091875
15824,1834227.39696872,2338882.39911226
15825,1834448.23120775,2338817.54497143
15826,1834608.41140859,2339933.15977379
15827,1835881.8283103,2340344.95333305
15828,1835810.64936549,2341815.03055857
15829,1835914.58773093,2342274.61594791
15830,1830688.938241,2342956.6382773
15831,1831496.32914931,2343694.96654213
15832,1830980.10312431,2348068.31999548
15833,1828087.73220335,2353138.52938755
15834,1828116.04622117,2353835.00152603
15835,1824596.82770557,2357956.27912067
15836,1824235.02487778,2353018.67601209
15837,1824777.04731902,2342726.73423255
15838,1824789.67342697,2338291.72204039
15839,1824726.8165874,2339094.820346
15840,1824549.3885757,2334403.50349247
15841,1824510.11505097,2335357.01229277
15842,1824393.63677764,2335821.06398493
15843,1824023.46394459,2336163.76240068
15844,1823875.21355126,2337312.09232364
15845,1824138.49171701,2337880.36238141
15846,1823321.61350272,2340010.09062223
15847,1820598.10018807,2336241.92384989
15848,1818377.25488989,2350348.9555313
15849,1816978.83890948,2352057.39020689
15850,1815907.78143517,2353428.67957022
15851,1815611.89324889,2353234.08534771
15852,1818034.25957394,2353099.61086304
15853,1818906.22982292,2354458.50131857
15854,1819091.4052395,2356294.10487421
15855,1822723.15472595,2358919.37862702
15856,1818651.12406231,2353200.19662637
15857,1819275.47455538,2353605.05888126
15858,1822663.57298844,2354843.48396094
15859,1821164.07264439,2359284.57715694
15860,1819013.51979046,2358274.35932093
15861,1818813.93696481,2358197.54937257
15862,1828361.75957587,2324341.44325766
15863,1828358.34057371,2325351.03289327
15864,1827111.23588857,2327425.16429909
15865,1830191.49222782,2325516.85689767
15866,1811536.50058313,2385001.00494732
