"fromedge","toedge"
2,1
3,2
4,3
5,105
6,159
7,158
8,123
9,124
10,131
11,129
12,13
13,121
14,122
16,102
17,16
18,16
19,21
20,19
21,134
22,23
23,116
24,118
25,24
26,27
27,28
28,142
29,26
30,26
31,30
32,31
33,32
34,33
35,36
36,1
37,35
38,37
39,38
40,39
41,40
42,41
43,42
44,43
45,127
46,37
47,38
48,47
49,48
50,49
51,52
52,53
53,54
54,148
55,54
56,57
57,55
58,56
59,58
60,59
61,60
62,149
63,62
64,65
65,61
66,55
67,53
68,69
69,67
70,68
71,68
72,52
73,72
74,76
75,73
76,77
77,75
78,51
79,44
80,127
81,80
82,81
83,84
84,80
85,81
86,43
87,86
88,40
89,35
90,2
91,90
92,91
93,92
94,93
95,96
96,91
97,92
98,97
99,93
100,90
101,3
102,133
103,105
104,6
105,6
106,9
107,9
108,12
109,108
110,109
111,110
112,148
113,112
114,117
115,15027
116,115
117,118
118,116
119,120
120,15
121,142
122,111
123,14
124,8
125,87
126,44
127,144
128,129
129,131
130,18
131,132
132,121
133,134
134,119
135,139
136,135
137,140
138,120
139,141
140,138
141,137
142,143
143,15027
144,126
145,50
146,145
147,146
148,147
149,160
150,61
151,154
152,163
153,151
154,152
155,156
156,164
157,11
158,157
159,157
160,161
161,150
162,161
163,162
164,162
166,165
167,166
168,167
169,168
170,169
171,170
172,173
173,169
174,172
175,174
176,175
177,165
178,274
179,178
180,179
181,180
182,181
183,182
184,183
185,186
186,184
187,247
188,187
189,300
190,191
191,234
192,242
193,237
194,233
195,194
196,195
197,241
198,199
199,200
200,254
201,202
202,232
203,277
204,231
205,283
206,309
207,248
208,251
209,208
210,187
211,246
212,213
213,291
214,289
215,214
216,214
217,216
218,170
219,218
220,219
221,218
222,175
223,168
224,223
225,223
226,227
227,225
228,226
229,226
230,296
231,203
232,190
233,197
234,287
235,241
236,237
237,242
238,280
239,238
240,239
241,234
242,253
243,311
244,243
245,185
246,245
247,245
248,250
249,250
250,308
251,308
252,240
253,252
254,252
255,264
256,255
257,313
258,257
259,310
260,262
261,262
262,263
263,270
264,269
265,266
266,268
267,266
268,276
269,271
270,271
271,267
272,261
273,272
274,275
275,177
276,275
277,272
278,281
279,278
280,173
281,238
282,285
283,285
284,283
285,194
286,205
287,288
288,171
289,290
290,211
291,290
292,294
293,249
294,249
295,292
296,299
297,304
298,301
299,298
300,302
301,302
302,188
303,297
304,230
305,304
306,307
307,293
308,303
309,303
310,311
311,312
312,260
313,260
314,2280
315,314
316,317
317,315
318,316
319,318
320,321
321,1367
322,320
323,322
324,323
325,324
326,325
327,326
328,327
329,328
330,329
331,330
332,333
333,331
334,332
335,334
336,323
337,336
338,1385
339,338
340,339
341,340
342,341
343,342
344,343
345,347
346,344
347,346
348,345
349,348
350,1388
351,350
352,351
353,352
354,1396
355,354
356,355
357,356
358,357
359,358
360,361
361,359
362,360
363,364
364,1355
365,1368
366,365
367,366
368,367
369,344
370,369
371,370
372,371
373,372
374,373
375,374
376,375
377,376
378,377
379,378
380,379
381,380
382,381
383,382
384,383
385,384
386,385
387,386
388,387
389,388
390,389
391,390
392,795
393,392
394,395
395,393
396,394
397,396
398,397
399,398
400,399
401,400
402,404
403,401
404,405
405,403
406,402
407,406
408,407
409,408
410,409
411,413
412,411
413,414
414,410
415,412
416,415
417,418
418,419
419,392
420,417
421,420
422,421
423,425
424,423
425,422
426,383
427,428
428,426
429,427
430,429
431,374
432,431
433,434
434,432
435,433
436,435
437,436
438,437
439,441
440,1398
441,442
442,440
443,439
444,443
445,444
446,445
447,394
448,447
449,450
450,448
451,449
452,451
453,452
454,453
455,454
456,327
457,456
458,457
459,370
460,459
461,460
462,461
463,1401
464,463
465,464
466,467
467,465
468,466
469,468
470,320
471,470
472,471
473,326
474,329
475,474
476,475
477,476
478,477
479,1353
480,1476
481,1347
482,481
483,918
484,1479
485,1358
486,485
487,1362
488,318
489,490
490,1361
491,489
492,491
493,1366
494,493
495,496
496,324
497,474
498,330
499,498
500,499
501,1404
502,501
503,502
504,498
505,504
506,505
507,504
508,505
509,1405
510,509
511,510
512,510
513,509
514,513
515,513
516,501
517,516
518,516
519,518
520,503
521,502
522,521
523,525
524,523
525,522
526,522
527,521
528,499
529,530
530,332
531,529
532,531
533,534
534,331
535,533
536,535
537,535
538,537
539,328
540,456
541,325
542,541
543,542
544,541
545,542
546,545
547,336
548,1380
549,1384
550,339
551,550
552,551
553,552
554,550
555,551
556,552
557,340
558,1392
559,558
560,1390
561,562
562,350
563,352
564,1397
565,564
566,564
567,566
568,567
569,610
570,356
571,357
572,358
573,360
574,1368
575,574
576,575
577,574
578,575
579,365
580,366
581,580
582,580
583,367
584,583
585,1355
586,585
587,586
588,587
589,587
590,364
591,592
592,363
593,591
594,593
595,591
596,593
597,362
598,597
599,598
600,599
601,598
602,599
603,602
604,603
605,604
606,597
607,355
608,354
609,608
610,1394
611,351
612,611
613,611
614,369
615,614
616,615
617,616
618,617
619,618
620,619
621,620
622,621
623,622
624,622
625,621
626,620
627,626
628,626
629,617
630,614
631,371
632,372
633,373
634,437
635,1399
636,635
637,636
638,636
639,635
640,443
641,444
642,445
643,439
644,643
645,644
646,645
647,436
648,647
649,647
650,649
651,431
652,653
653,375
654,377
655,654
656,655
657,380
658,657
659,387
660,388
661,665
662,389
663,661
664,662
665,664
666,663
667,666
668,667
669,670
670,391
671,396
672,671
673,398
674,399
675,674
676,675
677,674
678,1354
679,678
680,677
681,675
682,683
683,681
684,682
685,682
686,685
687,686
688,685
689,712
690,689
691,690
692,689
693,1408
694,693
695,694
696,695
697,1411
698,1413
699,701
700,701
701,702
702,703
703,704
704,706
705,706
706,592
707,704
708,707
709,707
710,695
711,1407
712,688
713,400
714,402
715,714
716,407
717,408
718,409
719,410
720,406
721,723
722,721
723,401
724,1416
725,724
726,725
727,726
728,727
729,728
730,1418
731,730
732,733
733,731
734,732
735,734
736,735
737,736
738,1414
739,738
740,739
741,740
742,740
743,724
744,727
745,730
746,1417
747,1419
748,747
749,728
750,749
751,749
752,397
753,752
754,757
755,753
756,754
757,758
758,755
759,756
760,759
761,760
762,761
763,762
764,763
765,764
766,761
767,766
768,756
769,768
770,772
771,770
772,768
773,771
774,773
775,771
776,775
777,447
778,777
779,448
780,393
781,420
782,422
783,782
784,783
785,787
786,788
787,782
788,785
789,783
790,789
791,421
792,417
793,792
794,792
795,390
796,386
797,796
798,384
799,798
800,798
801,802
802,1431
803,1426
804,803
805,804
806,807
807,1430
808,1474
809,1434
810,809
811,810
812,815
813,814
814,816
815,813
816,818
817,812
818,1477
819,820
820,821
821,482
822,821
823,822
824,823
825,824
826,825
827,824
828,827
829,823
830,832
831,830
832,822
833,831
834,820
835,834
836,835
837,836
838,837
839,835
840,1436
841,840
842,1441
843,842
844,846
845,847
846,845
847,843
848,844
849,848
850,849
851,849
852,853
853,851
854,851
855,854
856,857
857,858
858,843
859,856
860,859
861,862
862,856
863,864
864,1437
865,1436
866,840
867,866
868,867
869,868
870,871
871,867
872,873
873,868
874,866
875,874
876,836
877,1445
878,877
879,1446
880,879
881,877
882,1455
883,1454
884,883
885,884
886,1450
887,1449
888,1448
889,1444
890,889
891,834
892,891
893,891
894,893
895,894
896,810
897,896
898,896
899,898
900,809
901,1433
902,901
903,1456
904,903
905,901
906,1457
907,906
908,907
909,908
910,908
911,910
912,1424
913,426
914,915
915,381
916,379
917,916
918,916
919,378
920,459
921,920
922,464
923,465
924,927
925,929
926,463
927,928
928,926
929,924
930,925
931,930
932,931
933,1403
934,343
935,934
936,937
937,934
938,338
939,1378
940,322
941,940
942,940
943,942
944,471
945,470
946,947
947,1367
948,946
949,946
950,951
951,1364
952,950
953,952
954,953
955,952
956,950
957,958
958,1365
959,897
960,959
961,960
962,964
963,962
964,961
965,963
966,965
967,968
968,959
969,961
970,971
971,969
972,969
973,972
974,973
975,976
976,974
977,975
978,977
979,978
980,979
981,980
982,981
983,984
984,972
985,973
986,979
987,988
988,986
989,990
990,986
991,974
992,1459
993,992
994,3092
995,3092
996,2194
997,998
998,2135
999,997
1000,999
1001,1000
1002,1001
1003,1002
1004,1002
1005,1001
1006,997
1007,1006
1008,1007
1009,1008
1010,1008
1011,2146
1012,3204
1013,2420
1014,1016
1015,3273
1016,1015
1017,3272
1018,1017
1019,1018
1020,1022
1021,1019
1022,1023
1023,1021
1024,1019
1025,1024
1026,3269
1027,1028
1028,2477
1029,2477
1030,3136
1031,3123
1032,1028
1033,2487
1034,3095
1035,3107
1036,2639
1037,3949
1038,1037
1039,1038
1040,1039
1041,1040
1042,1041
1043,1042
1044,1043
1045,1044
1046,1045
1047,1046
1048,1047
1049,1048
1050,1049
1051,1050
1052,4753
1053,1052
1054,1053
1055,1054
1056,1058
1057,1055
1058,1059
1059,1057
1060,1056
1061,1060
1062,1061
1063,15032
1064,1063
1065,1064
1066,1065
1067,1066
1068,1060
1069,1068
1070,1069
1071,1070
1072,1071
1073,1072
1074,1073
1075,1074
1076,4755
1077,1076
1078,1077
1079,1078
1080,1079
1081,5282
1082,1081
1083,1082
1084,1083
1085,1084
1086,1085
1087,1086
1088,1089
1089,5699
1090,1088
1091,1093
1092,1090
1093,1094
1094,1092
1095,1091
1096,1099
1097,1098
1098,1096
1099,1095
1100,1102
1101,1097
1102,1103
1103,1101
1104,1100
1105,1108
1106,1104
1107,1106
1108,1107
1109,1105
1110,1113
1111,1109
1112,1110
1113,1111
1114,1116
1115,1114
1116,1112
1117,1120
1118,1119
1119,1117
1120,1115
1121,1118
1122,1121
1123,1122
1124,7314
1125,7343
1126,1125
1127,7365
1128,7904
1129,7979
1130,7905
1131,1132
1132,7486
1133,7668
1134,1125
1135,1134
1136,7321
1137,7797
1138,1139
1139,1141
1140,1144
1141,1140
1143,1138
1144,1142
1145,1146
1147,1149
1148,1149
1149,7354
1150,1151
1151,7395
1152,1151
1153,1154
1154,7410
1155,1154
1156,1158
1157,1158
1158,7420
1159,1161
1160,1161
1161,1163
1162,7958
1163,7958
1164,1165
1165,7955
1166,1169
1167,1166
1168,9829
1169,1170
1170,1168
1171,1172
1172,1170
1174,10489
1175,10492
1176,1175
1177,10491
1178,1179
1179,1177
1180,10490
1181,1182
1183,1184
1184,9817
1185,9822
1187,1186
1188,10499
1189,1188
1190,10496
1191,1190
1192,1191
1193,9815
1194,9810
1195,1194
1196,1195
1197,10389
1198,9794
1199,1198
1200,9795
1201,1200
1202,1201
1203,1202
1204,9784
1205,1207
1206,10459
1207,9965
1208,1206
1209,10860
1210,1209
1211,1209
1212,10631
1213,10630
1214,11375
1215,1214
1216,1215
1217,10625
1218,1219
1219,1217
1220,1221
1221,1218
1222,10622
1223,1222
1224,10640
1225,1226
1226,10642
1227,10651
1228,10652
1229,1232
1230,1229
1231,1229
1232,1228
1233,11339
1234,1233
1235,1234
1236,1233
1237,1236
1238,10653
1239,1238
1240,1239
1241,1242
1242,1240
1243,1241
1244,1243
1245,1244
1246,1238
1247,1248
1248,1240
1249,1251
1250,1249
1251,10655
1252,1253
1253,1254
1254,13065
1255,1254
1256,1255
1257,1256
1258,13178
1259,1260
1260,12131
1261,1259
1262,1261
1263,1262
1264,1263
1265,1267
1266,13181
1267,1266
1268,1265
1269,13185
1270,13191
1271,1273
1272,1270
1273,1272
1274,1276
1275,1261
1276,1275
1277,1274
1278,13182
1279,1278
1280,1279
1281,1284
1282,1281
1283,1282
1284,1280
1285,13188
1286,1285
1287,13189
1288,13198
1289,1288
1290,1289
1291,1290
1292,1291
1293,1292
1294,1293
1295,1462
1296,1460
1297,1298
1298,1296
1299,1296
1300,960
1301,1300
1302,1301
1303,1302
1304,1303
1305,1303
1306,1307
1307,1305
1308,1305
1309,1308
1310,1309
1311,1308
1312,1311
1313,1302
1314,1313
1315,1321
1316,1318
1317,1301
1318,1320
1319,1322
1320,1323
1321,1317
1322,1316
1323,1315
1324,1300
1325,897
1326,723
1327,1328
1328,1326
1329,1468
1330,1329
1331,1333
1332,1330
1333,1332
1334,1467
1335,1473
1336,1335
1337,1336
1338,1472
1339,1338
1340,1470
1341,1340
1343,1342
1344,1343
1345,1344
1346,480
1347,1346
1348,1349
1350,1352
1351,1338
1352,1351
1353,741
1354,677
1355,573
1356,880
1357,918
1358,1369
1359,993
1360,1359
1361,1363
1362,1480
1363,319
1364,1366
1365,1361
1366,1365
1367,1364
1368,573
1369,1362
1370,1432
1371,1360
1372,1464
1373,1374
1374,1375
1375,1372
1376,503
1377,337
1378,1377
1379,1377
1380,1379
1381,1379
1382,1386
1383,1387
1384,1383
1385,1383
1386,1381
1387,1382
1388,1391
1389,1391
1390,1389
1391,349
1392,1389
1393,353
1394,1393
1395,1393
1396,1395
1397,1395
1398,1400
1399,1400
1400,438
1401,1402
1402,462
1403,1402
1404,1406
1405,1406
1406,500
1407,1409
1408,1409
1409,692
1410,699
1411,1410
1412,1410
1413,1412
1414,1415
1415,722
1416,1415
1417,1420
1418,1420
1419,1421
1420,1421
1421,729
1422,430
1423,1422
1424,1423
1425,1422
1426,1425
1427,1429
1428,1425
1429,1428
1430,1429
1431,1428
1432,1427
1433,1435
1434,1435
1435,808
1436,1438
1437,1438
1438,1439
1439,839
1440,1439
1441,1440
1442,876
1443,1442
1444,1443
1445,1443
1446,1442
1447,881
1448,1447
1449,1453
1450,1453
1451,1447
1452,1451
1453,1452
1454,1451
1455,1452
1456,1458
1457,1458
1458,902
1459,1461
1460,1461
1461,991
1462,1463
1463,1465
1464,1465
1465,1371
1466,1327
1467,1466
1468,1466
1469,1334
1470,1469
1471,1469
1472,1471
1473,1471
1474,1475
1475,1370
1476,1478
1477,1478
1478,1475
1479,428
1480,1423
1481,1483
1482,1481
1483,2073
1484,1482
1485,1484
1486,1485
1487,1486
1488,1487
1489,1490
1490,1493
1491,1492
1492,1488
1493,1491
1494,1497
1495,1494
1496,1976
1497,1496
1498,1495
1499,1498
1500,1499
1501,1500
1502,1981
1503,1502
1504,1503
1505,1504
1506,1505
1507,1506
1508,1507
1509,1508
1510,2022
1511,2025
1512,2028
1513,1512
1514,1970
1515,1514
1516,2031
1517,1516
1518,1517
1519,1518
1520,1983
1521,1520
1522,1521
1523,1522
1524,1523
1525,2034
1526,1525
1527,1526
1528,1527
1529,1530
1530,1531
1531,1528
1532,1529
1533,1532
1534,2024
1535,1536
1536,1537
1537,1534
1538,1535
1539,1538
1540,1539
1541,1542
1542,1540
1543,1541
1544,1547
1545,1543
1546,1548
1547,1546
1548,1545
1549,1544
1550,1554
1551,1973
1552,1550
1553,1551
1554,1553
1555,1503
1556,1555
1557,1556
1558,1557
1559,1558
1560,1561
1561,1562
1562,1559
1563,1560
1564,1563
1565,1567
1566,1568
1567,1566
1568,1564
1569,1565
1570,1569
1571,1502
1572,1575
1573,1571
1574,1577
1575,1576
1576,1574
1577,1573
1578,1572
1579,1578
1580,1579
1581,1517
1582,1581
1583,1584
1584,1585
1585,1582
1586,1583
1587,1586
1588,1587
1589,1588
1590,1589
1591,1590
1592,1591
1593,1594
1594,2017
1596,1595
1597,1987
1598,1599
1601,1600
1602,1486
1603,1602
1604,1602
1605,1604
1606,1605
1607,1605
1608,1604
1609,1608
1610,2014
1611,1610
1612,1611
1613,1612
1614,1608
1615,1614
1616,1618
1617,1614
1618,1617
1619,1620
1620,1492
1621,1623
1622,1621
1623,1490
1624,1626
1625,1624
1626,1976
1627,1625
1628,1627
1629,1631
1630,1625
1631,1630
1632,1495
1633,1632
1634,1635
1635,1498
1636,1634
1637,1636
1638,1522
1639,1523
1640,1988
1641,15028
1642,1641
1643,1642
1644,15028
1645,1644
1646,1645
1647,1646
1648,2040
1649,1648
1650,1649
1651,2042
1652,1646
1653,1652
1654,1648
1655,1649
1656,1655
1657,1655
1658,2043
1659,1658
1660,1659
1661,1660
1662,2039
1663,1645
1664,1644
1665,1664
1666,1641
1667,1642
1668,1639
1669,1668
1670,2032
1671,1670
1672,1671
1673,1671
1674,1670
1675,1676
1676,1525
1677,1529
1678,1533
1679,1678
1680,1681
1681,1678
1682,1680
1683,1533
1684,1685
1685,1989
1686,1684
1687,1686
1688,1687
1689,1688
1690,1689
1691,1690
1692,1691
1693,2044
1694,1695
1695,1693
1696,1697
1697,1689
1698,2045
1699,1700
1700,1698
1701,1699
1702,1703
1703,1701
1704,1693
1705,1691
1706,1705
1707,1708
1708,1706
1709,1972
1710,1709
1711,1710
1712,1711
1713,1710
1714,1713
1715,1713
1716,1715
1717,1686
1718,1717
1719,1718
1720,1719
1721,2068
1722,1721
1723,1722
1724,2049
1725,2050
1726,1725
1727,2055
1728,1993
1729,1730
1730,1728
1731,2070
1732,1733
1733,1731
1734,1732
1735,1734
1736,1737
1737,1735
1738,2071
1739,1740
1740,1738
1741,1738
1742,1741
1743,1735
1744,1743
1745,1743
1746,2051
1747,1746
1748,1747
1749,1750
1750,1748
1751,1748
1752,1751
1753,1725
1754,1532
1755,1754
1756,1526
1757,1756
1758,1757
1759,1758
1760,1762
1761,1763
1762,1759
1763,1760
1764,1765
1765,1761
1766,1756
1767,1766
1768,1766
1769,1761
1770,1769
1771,1770
1772,2004
1773,1772
1774,1521
1775,1774
1776,1774
1777,1782
1778,1781
1779,1981
1780,1778
1781,1779
1782,1780
1783,1571
1784,1578
1785,1572
1786,1557
1787,1789
1788,1790
1789,1786
1790,1787
1791,1788
1792,1791
1793,1792
1794,1793
1795,1796
1796,1794
1797,1795
1798,1797
1799,1798
1800,1786
1801,1795
1802,1797
1803,1802
1804,1802
1805,1798
1806,1793
1807,1791
1808,1807
1809,1808
1810,1809
1811,1808
1812,1788
1813,1558
1814,1813
1815,1813
1816,1815
1817,1563
1818,1819
1819,1565
1820,1818
1821,1564
1822,1821
1823,1822
1824,1822
1825,1821
1826,1560
1827,1826
1828,1826
1829,1828
1830,1829
1831,1830
1832,1831
1833,1830
1834,1559
1835,1837
1836,2021
1837,1836
1838,1835
1839,1838
1840,1839
1841,1840
1842,1843
1843,1839
1844,2027
1845,1844
1846,1970
1847,1849
1848,1514
1849,1850
1850,1851
1851,1848
1852,1913
1853,1583
1854,1855
1855,1853
1856,1589
1857,1588
1858,1587
1859,1858
1860,1586
1861,1860
1862,1582
1863,1581
1864,1865
1865,1518
1866,1519
1867,2058
1868,1979
1869,1868
1870,1869
1871,1870
1872,2062
1873,1979
1874,1873
1875,1874
1876,1875
1877,1876
1878,1877
1879,1880
1880,1875
1881,1882
1882,1883
1883,1876
1884,1881
1885,1869
1886,1885
1887,2065
1888,1889
1889,1887
1890,1888
1891,1892
1892,1890
1893,1894
1894,1885
1895,2066
1896,1888
1897,1896
1898,1890
1899,1870
1900,1899
1901,2060
1902,1901
1903,2063
1904,1903
1905,1868
1906,1905
1907,1867
1908,2057
1909,1519
1910,1909
1911,1912
1912,2030
1913,1911
1914,1513
1915,1512
1916,1915
1917,1916
1918,1919
1919,1920
1920,1921
1921,2009
1922,1534
1923,1922
1924,1540
1925,1924
1926,1925
1927,1926
1928,1926
1929,1925
1930,1544
1931,1930
1932,1930
1933,1504
1934,1933
1935,1934
1936,1937
1937,1935
1938,1936
1939,1938
1940,1499
1941,1943
1942,1940
1943,1942
1944,1941
1945,1946
1946,1980
1947,1945
1948,1947
1949,1948
1950,1948
1951,1952
1952,1950
1953,1950
1954,1956
1955,1954
1956,1957
1957,1489
1958,1955
1959,1958
1960,1961
1961,1493
1962,1963
1963,1491
1964,2036
1965,1966
1966,1720
1967,1965
1968,1501
1969,1513
1970,1982
1971,1690
1972,1991
1973,1549
1974,1914
1975,1974
1976,1980
1978,1987
1979,1907
1980,1489
1981,1501
1982,1969
1983,1984
1984,1985
1985,1968
1986,1977
1987,2047
1988,1639
1989,2069
1990,1971
1991,1990
1992,1727
1993,1992
1994,1729
1995,1994
1996,1995
1997,1996
1998,1997
1999,1998
2000,1771
2001,2000
2002,2001
2003,2002
2004,2003
2005,1984
2006,2005
2007,1914
2008,1917
2009,2008
2010,1500
2011,2010
2012,2011
2013,2017
2014,2013
2015,2018
2016,2037
2017,2019
2018,2016
2019,2015
2020,1509
2021,2020
2022,2020
2023,1510
2024,2023
2025,2023
2026,1511
2027,2026
2028,2026
2029,1515
2030,2029
2031,2029
2032,2033
2033,1524
2034,2033
2035,1609
2036,2035
2037,2035
2038,1647
2039,2038
2040,2038
2041,1650
2042,2041
2043,2041
2044,2046
2045,2046
2046,1692
2047,2048
2048,1723
2049,2048
2050,2052
2051,2052
2052,2053
2053,1724
2054,2053
2055,2054
2056,1866
2057,2056
2058,2056
2059,1871
2060,2059
2061,2059
2062,2061
2063,2061
2064,1886
2065,2064
2066,2064
2067,1683
2068,2067
2069,2067
2070,2072
2071,2072
2072,1999
2073,3300
2074,3107
2076,2075
2077,3175
2078,2077
2079,2078
2080,2079
2081,2079
2082,2078
2083,2084
2084,3170
2085,3168
2086,3164
2087,3163
2088,2087
2089,2087
2090,2089
2091,2089
2092,3162
2093,2094
2094,2092
2095,2092
2096,2095
2097,2096
2098,2097
2099,2098
2100,2099
2101,2100
2102,2101
2103,2102
2104,2095
2105,2098
2106,2105
2107,2106
2108,2107
2109,2108
2110,2111
2111,2831
2112,2832
2113,2112
2114,2115
2115,2832
2116,2105
2117,2102
2118,2101
2119,2100
2120,2099
2121,2120
2122,2121
2123,2124
2124,2120
2125,2127
2126,2125
2127,3112
2128,2126
2129,3113
2130,2133
2131,2132
2132,2130
2133,2129
2134,2131
2135,2134
2136,2137
2137,2138
2138,2130
2139,2140
2140,2126
2141,2139
2142,2141
2143,2142
2144,2143
2145,3178
2146,2147
2147,2145
2148,2190
2149,3184
2150,2128
2151,2150
2152,2153
2153,3113
2154,2152
2155,2154
2156,2157
2157,2129
2158,2159
2159,2133
2160,2139
2161,2141
2162,2161
2163,2162
2164,2163
2165,2164
2166,2165
2167,2163
2168,2164
2169,3180
2170,2169
2171,2170
2172,2171
2173,2172
2174,2173
2175,2176
2176,2145
2177,2178
2178,2125
2179,2127
2180,2179
2181,2180
2182,3111
2183,2182
2184,2185
2185,3109
2186,3182
2187,3116
2188,3114
2189,2188
2190,2151
2191,2135
2192,2191
2193,2192
2194,2195
2195,2196
2196,2197
2197,2193
2198,2194
2199,2198
2200,2199
2201,2200
2202,2201
2203,2202
2204,2203
2205,2193
2206,2205
2207,2206
2208,2209
2209,2207
2210,2208
2211,2214
2212,2211
2213,2212
2214,2210
2215,2213
2216,2215
2217,2216
2218,2217
2219,2218
2220,2219
2221,2210
2222,2221
2223,2222
2224,2223
2225,2224
2226,2225
2227,2228
2228,3126
2229,2227
2230,2231
2231,2232
2232,2229
2233,2230
2234,2233
2235,2234
2236,2237
2237,2235
2238,2236
2239,2238
2240,15030
2241,2240
2242,2241
2243,2242
2244,2243
2245,2244
2246,2245
2247,2246
2248,2247
2249,2250
2250,2251
2251,2248
2252,2249
2253,2252
2254,2253
2255,2254
2256,2255
2257,2256
2258,2257
2259,2258
2260,2259
2261,2263
2262,2261
2263,3126
2264,2262
2265,2264
2266,2268
2267,2265
2268,2267
2269,2270
2270,2266
2271,2269
2272,2271
2273,2276
2274,2275
2275,2273
2276,2272
2277,2274
2278,2277
2279,2278
2280,2279
2281,2280
2282,2281
2283,2284
2284,2282
2285,2283
2286,2285
2287,2286
2288,2290
2289,2288
2290,2287
2291,2289
2292,3117
2293,2292
2294,2293
2295,2294
2296,2297
2297,2295
2298,2299
2299,2300
2300,2296
2301,2298
2302,2301
2303,2302
2304,2303
2305,2304
2306,2305
2307,2306
2308,2295
2309,2308
2310,2289
2312,2311
2313,2312
2314,2313
2315,2314
2316,2315
2317,2316
2318,2317
2319,2320
2320,2318
2321,2319
2322,2321
2323,2322
2324,2323
2325,2324
2326,2325
2327,2326
2328,2329
2329,2327
2330,2328
2331,2330
2332,2331
2333,2332
2334,2333
2335,2334
2336,2335
2337,2336
2338,2337
2339,3188
2340,15031
2341,3191
2342,2341
2343,2758
2344,3147
2345,2346
2346,2347
2347,2208
2348,3124
2349,2348
2350,2349
2351,2350
2352,2351
2353,2352
2354,2353
2355,2354
2356,2355
2357,2356
2358,2357
2359,2358
2360,3137
2361,2360
2362,2361
2363,2362
2364,2363
2365,2364
2366,2365
2367,2373
2368,2372
2369,2374
2370,2375
2371,2368
2372,2277
2373,2371
2374,2370
2375,2367
2376,2369
2377,2376
2378,2377
2379,2378
2380,2647
2381,2380
2382,2381
2383,2382
2384,2383
2385,3194
2386,2385
2387,2386
2388,2390
2389,2387
2390,2389
2391,3197
2392,2391
2393,2392
2394,2393
2395,2394
2396,2262
2397,2396
2398,2397
2399,2398
2400,2399
2401,2400
2402,3200
2403,2402
2404,2406
2405,3131
2406,2405
2407,2408
2408,2205
2409,2407
2410,2409
2411,2410
2412,2413
2413,2222
2414,2412
2415,2414
2416,2146
2417,2416
2418,2417
2419,2418
2420,2419
2421,2420
2422,2425
2423,2422
2424,2423
2425,3205
2426,2424
2427,2315
2428,2427
2429,2428
2430,2429
2431,2430
2432,2431
2433,2240
2434,2433
2435,2434
2436,3208
2437,2436
2438,2437
2439,2438
2440,2441
2441,2442
2442,2294
2443,2440
2444,2443
2445,2444
2446,2445
2447,2448
2448,2271
2449,2447
2450,2449
2451,2450
2452,2451
2453,3210
2454,2453
2455,2454
2456,2455
2457,2458
2458,2456
2459,2460
2460,2461
2461,2286
2462,2459
2463,2462
2464,2466
2465,2283
2466,2465
2467,2464
2468,2467
2469,3214
2470,2469
2471,2470
2472,2471
2473,3220
2474,2473
2475,3122
2476,2755
2477,2755
2478,2345
2480,2479
2481,2483
2482,2481
2483,2191
2484,2482
2485,2484
2486,2484
2487,2486
2488,2482
2489,2491
2490,2192
2491,2490
2492,2494
2493,2495
2494,2493
2495,2207
2496,3223
2497,3222
2498,2499
2499,2500
2500,2209
2501,2349
2502,2501
2503,2354
2504,2355
2505,2357
2506,2505
2507,2506
2508,2505
2509,2508
2510,2509
2511,2510
2512,2508
2513,2506
2514,2513
2515,2358
2516,2359
2517,2516
2518,2517
2519,2518
2520,3137
2521,2360
2522,2361
2523,2363
2524,2523
2525,2523
2526,2366
2527,2526
2528,2527
2529,2528
2530,2528
2531,2530
2532,2527
2533,2532
2534,2535
2535,2537
2536,2534
2537,2364
2538,2362
2539,2538
2540,2538
2541,2356
2542,2541
2543,2541
2544,2348
2545,3124
2546,2548
2547,2221
2548,2547
2549,2551
2550,2223
2551,2550
2552,2549
2553,2552
2554,2549
2555,2554
2556,2558
2557,2556
2558,2224
2559,2557
2560,2557
2561,2400
2562,2561
2563,3131
2564,3226
2565,3229
2566,3225
2567,3231
2568,2567
2569,2568
2570,2569
2571,2572
2572,2570
2573,2569
2574,2570
2575,2574
2576,3230
2577,2566
2578,3203
2579,2578
2580,2579
2581,2580
2582,2580
2583,2402
2584,3199
2585,2584
2586,2587
2587,2585
2588,2399
2589,2398
2590,2397
2591,3147
2592,2594
2593,2595
2594,2270
2595,2592
2596,2597
2597,2269
2598,3235
2599,2598
2600,2599
2601,2600
2602,2598
2603,2600
2604,2599
2605,3234
2606,2272
2607,2606
2608,2607
2609,2608
2610,2609
2611,2610
2612,2611
2613,2607
2614,2615
2615,2276
2616,2617
2617,2273
2618,2369
2619,2618
2620,2622
2621,2619
2622,2618
2623,2377
2624,2379
2625,2380
2626,2387
2627,2393
2628,2630
2629,2627
2630,2629
2631,3196
2632,2631
2633,2634
2634,2632
2635,2633
2636,2631
2637,3193
2638,2381
2639,2640
2640,2638
2641,1036
2642,2641
2643,2641
2644,2643
2645,2643
2646,1036
2647,2378
2648,2376
2649,3217
2650,2471
2651,2650
2652,2651
2653,2652
2654,2653
2655,2654
2656,2650
2657,2656
2658,2657
2659,2652
2660,2659
2661,2660
2662,2659
2663,2654
2664,2663
2665,2664
2666,2663
2667,2653
2668,2651
2669,3123
2670,2669
2671,3213
2672,2287
2673,2313
2674,2314
2675,2676
2676,2429
2677,2430
2678,2431
2679,2428
2680,2679
2681,2682
2682,2679
2683,2427
2684,2316
2685,2322
2686,2685
2687,2686
2688,2686
2689,2688
2690,2689
2691,2688
2692,2691
2693,2691
2694,2685
2695,2323
2696,2695
2697,2696
2698,2710
2699,2698
2700,2699
2701,2700
2702,2699
2703,2700
2704,2703
2705,2698
2706,2705
2707,3236
2708,2705
2709,3238
2710,2695
2711,2328
2712,2330
2713,2712
2714,2713
2715,2714
2716,2715
2717,2716
2718,2712
2719,2714
2720,2716
2721,2720
2722,2720
2723,2715
2724,2713
2725,2724
2726,2725
2727,2724
2728,2727
2729,2728
2730,2727
2731,2730
2732,2730
2733,2331
2734,2733
2735,2733
2736,2735
2737,2736
2738,2735
2739,2736
2740,2333
2741,2743
2742,2334
2743,2742
2744,2741
2745,2335
2746,3239
2747,3241
2748,2336
2749,2751
2750,2337
2751,2750
2752,3187
2753,15031
2754,2753
2755,2754
2756,2753
2757,2341
2758,2342
2759,2343
2760,2759
2761,2760
2762,2761
2763,2762
2764,2763
2765,2760
2766,3190
2767,2339
2768,2332
2769,2327
2770,2769
2771,2770
2772,2770
2773,2321
2774,2773
2775,2774
2776,2773
2777,2774
2778,2319
2779,2778
2780,2779
2781,2780
2782,2781
2783,2782
2784,2783
2785,2782
2786,2783
2787,2779
2788,2787
2789,2788
2790,2789
2791,2789
2792,2778
2793,2794
2794,2317
2795,2312
2796,2311
2797,2798
2798,2291
2799,2797
2800,2799
2801,2293
2802,2801
2803,2802
2804,2802
2805,2308
2806,2303
2807,2305
2808,2807
2809,2808
2810,2807
2811,2810
2812,2811
2813,2810
2814,2811
2815,2814
2816,2815
2817,2816
2818,2814
2819,2816
2820,2819
2821,2819
2822,2821
2823,2822
2824,2815
2825,2307
2826,2825
2827,2828
2828,2826
2829,2827
2830,15029
2831,15029
2832,2831
2833,3174
2834,2306
2835,2304
2836,2440
2837,2445
2838,2837
2839,2840
2840,2837
2841,2842
2842,2292
2843,3117
2844,2845
2845,2843
2846,2844
2847,2844
2848,3118
2849,2848
2850,2851
2851,3119
2852,2288
2853,2854
2854,2852
2855,2857
2856,2290
2857,2856
2858,2859
2859,2462
2860,2459
2861,2862
2862,2285
2863,2865
2864,2861
2865,2864
2866,2861
2867,2866
2868,2869
2869,2284
2870,2871
2871,2282
2872,2873
2873,2281
2874,2279
2875,2876
2876,2874
2877,3243
2878,3242
2879,2881
2880,2879
2881,2278
2882,3245
2883,2882
2884,2882
2885,3247
2886,2885
2887,2886
2888,2885
2889,2891
2890,2274
2891,2890
2892,2893
2893,2894
2894,2275
2895,2451
2896,3211
2897,2453
2898,2447
2899,2900
2900,2266
2901,2899
2902,2901
2903,2902
2904,2903
2905,2899
2906,2908
2907,2909
2908,2910
2909,2911
2910,2907
2911,2265
2912,2913
2913,2261
2914,2227
2915,2914
2916,2915
2917,2230
2918,2238
2919,2918
2920,2918
2921,2433
2922,2921
2923,2434
2924,2437
2925,2924
2926,2925
2927,2438
2928,2436
2929,3207
2930,2929
2931,2244
2932,2245
2933,2248
2934,2252
2935,2934
2936,2935
2937,2936
2938,2934
2939,2935
2940,2936
2941,2940
2942,2941
2943,3250
2944,2943
2945,3249
2946,2945
2947,3250
2948,2947
2949,3290
2950,3287
2951,2947
2952,2951
2953,2951
2954,2257
2955,2954
2956,2256
2957,2249
2958,2957
2959,2958
2960,2957
2961,2247
2962,2961
2963,2962
2964,2962
2965,2961
2966,2246
2967,2966
2968,2243
2969,2968
2970,2968
2971,2242
2972,2241
2973,15030
2974,2239
2975,2236
2976,2975
2977,2976
2978,2977
2979,2975
2980,2979
2981,2233
2982,2981
2983,2984
2984,2225
2985,2983
2986,2987
2987,2983
2988,2986
2989,2412
2990,2989
2991,2990
2992,2414
2993,2215
2994,2993
2995,2216
2996,2995
2997,2218
2998,2997
2999,2998
3000,3252
3001,3005
3002,3003
3003,3001
3004,3002
3005,3255
3006,3009
3007,3006
3008,3254
3009,3008
3010,3007
3011,3259
3012,3011
3013,3263
3014,3268
3015,3014
3016,3014
3017,3018
3018,3267
3019,3261
3020,3019
3021,3019
3022,3007
3023,3256
3024,3023
3025,3253
3026,3025
3027,3026
3028,3027
3029,3027
3030,3253
3031,3030
3032,3031
3033,3030
3034,2998
3035,3034
3036,3034
3037,3036
3038,3037
3039,3038
3040,3039
3041,3038
3042,3041
3043,3042
3044,3043
3045,3044
3046,3045
3047,3042
3048,3044
3049,3043
3050,3049
3051,3050
3052,3041
3053,2997
3054,2219
3055,3054
3056,3054
3057,2217
3058,3057
3059,3058
3060,3059
3061,3057
3062,3058
3063,3062
3064,3066
3065,2213
3066,3065
3067,2206
3068,3067
3069,3068
3070,3069
3071,3068
3072,3071
3073,3072
3074,3071
3075,3072
3076,3069
3077,2407
3078,2200
3079,2202
3080,2203
3081,3080
3082,3081
3083,3080
3084,2201
3085,2199
3086,3085
3087,3086
3088,3086
3089,3091
3090,3085
3091,3090
3092,2198
3093,994
3094,3228
3095,1033
3096,2366
3097,3096
3098,3099
3099,3097
3100,3096
3101,3102
3102,3097
3103,3104
3104,3100
3105,3100
3106,3104
3107,3108
3110,3111
3111,3109
3112,3110
3113,2128
3114,3110
3115,2186
3116,2186
3117,3118
3118,3120
3119,2291
3120,3119
3121,3122
3123,3219
3124,2345
3125,2553
3126,2226
3127,2577
3129,3128
3130,3128
3131,3133
3132,3276
3133,3132
3134,3202
3135,3275
3136,2359
3137,3136
3138,3278
3139,3142
3140,3143
3141,3277
3142,3140
3143,3141
3144,3031
3145,3280
3146,3281
3147,3283
3148,3149
3149,2264
3150,3285
3151,2165
3152,2426
3153,1020
3154,3153
3155,3154
3156,3155
3157,3156
3158,2118
3159,2118
3160,3286
3161,3289
3162,3171
3163,3166
3164,3166
3165,3167
3166,3167
3167,3169
3168,3169
3169,3176
3170,3172
3171,3172
3172,3173
3173,3165
3174,3173
3175,3177
3176,3177
3177,2829
3178,3179
3179,2144
3180,3179
3181,2148
3182,3181
3183,3181
3184,3183
3185,3183
3186,2338
3187,3186
3188,3186
3189,2340
3190,3189
3191,3189
3192,2384
3193,3192
3194,3192
3195,2388
3196,3195
3197,3195
3198,2401
3199,3198
3200,3198
3201,2403
3202,3201
3203,3201
3204,3206
3205,3206
3206,2421
3207,3209
3208,3209
3209,2435
3210,3212
3211,3212
3212,2452
3213,3216
3214,3216
3215,2468
3216,3215
3217,3215
3218,2472
3219,3218
3220,3218
3221,2492
3222,3221
3223,3221
3224,2404
3225,3224
3226,3224
3227,2564
3228,3227
3229,3227
3230,3232
3231,3232
3232,3127
3233,2596
3234,3233
3235,3233
3236,3237
3237,2706
3238,3237
3239,3240
3240,2745
3241,3240
3242,3244
3243,3244
3244,2875
3245,3246
3246,2880
3247,3246
3248,2942
3249,3248
3250,3248
3251,2999
3252,3251
3253,3251
3254,3257
3255,3257
3256,3258
3257,3258
3258,3000
3259,3260
3260,3262
3261,3262
3262,3264
3263,3264
3264,3265
3265,3010
3266,3013
3267,3266
3268,3266
3269,3271
3270,1013
3271,3270
3272,3271
3273,3270
3274,3134
3275,3274
3276,3274
3277,3279
3278,3279
3279,3146
3280,3282
3281,3282
3282,3144
3283,3284
3284,3148
3285,3284
3286,3288
3287,3288
3288,2948
3289,3291
3290,3291
3291,3160
3292,9095
3293,9095
3294,3293
3295,3293
3296,3295
3297,3298
3298,3295
3299,3298
3300,2226
3301,3305
3302,3312
3303,3313
3304,3303
3305,3306
3306,3309
3307,3310
3308,3301
3309,3302
3310,3304
3311,3660
3312,3311
3313,3308
3314,3315
3315,3307
3316,3314
3317,3316
3318,3319
3319,3317
3320,3318
3321,3322
3322,3323
3323,3320
3324,3325
3325,3321
3326,3324
3327,3328
3328,3326
3329,3327
3330,3331
3331,3329
3332,3333
3333,3330
3334,3332
3335,3334
3336,3335
3337,3336
3338,3337
3339,3338
3340,3339
3341,3340
3342,3341
3343,3342
3344,3343
3345,3344
3346,3345
3347,3346
3348,3764
3349,3348
3350,3349
3351,3350
3352,3351
3353,3352
3354,3353
3355,3354
3356,3355
3357,3356
3358,3357
3359,3358
3360,3359
3361,3360
3362,3361
3363,3362
3364,3363
3365,3364
3366,3365
3367,3366
3368,3367
3369,3368
3370,3369
3371,3370
3372,3358
3373,3372
3374,3373
3375,3374
3376,3372
3377,3376
3378,3376
3379,3378
3380,3379
3381,3380
3382,3381
3383,3353
3384,3383
3385,3384
3386,3385
3387,3386
3388,3387
3389,3388
3390,3389
3391,3351
3392,3391
3393,3392
3394,3393
3395,3394
3396,3395
3397,3396
3398,3397
3399,3400
3400,3321
3401,3399
3402,3401
3403,3402
3404,3403
3405,3404
3406,3405
3407,3406
3408,3407
3409,3408
3410,3402
3411,3410
3412,3411
3413,3412
3414,3413
3415,3414
3416,3360
3417,3416
3418,3417
3419,3418
3420,3421
3421,3419
3422,3340
3423,3422
3424,3423
3425,3424
3426,3425
3427,3426
3428,3429
3429,3326
3430,3428
3431,3430
3432,3431
3433,3432
3434,3433
3435,3434
3436,3437
3437,3307
3438,3436
3439,3438
3440,3439
3441,3440
3442,3348
3443,3442
3444,3443
3445,3444
3446,3445
3447,3657
3448,3447
3449,3450
3450,3306
3451,3436
3452,3439
3453,3438
3454,3410
3455,3411
3456,3412
3457,3456
3458,3457
3459,3456
3460,3459
3461,3462
3462,3413
3463,3414
3464,3465
3465,3403
3466,3404
3467,3466
3468,3467
3469,3468
3470,3466
3471,3468
3472,3471
3473,3471
3474,3467
3475,3474
3476,3475
3477,3475
3478,3474
3479,3407
3480,3408
3481,3480
3482,3480
3483,3406
3484,3405
3485,3401
3486,3399
3487,3431
3488,3490
3489,3434
3490,3489
3491,3492
3492,3488
3493,3491
3494,3493
3495,3494
3496,3488
3497,3491
3498,3494
3499,3493
3500,3501
3501,3430
3502,3428
3503,3330
3504,3503
3505,3507
3506,3504
3507,3506
3508,3504
3509,3503
3510,3335
3511,3338
3512,3424
3513,3426
3514,3425
3515,3423
3516,3422
3517,3341
3518,3765
3519,3442
3520,3445
3521,3444
3522,3443
3523,3352
3524,3523
3525,3524
3526,3525
3527,3526
3528,3527
3529,3525
3530,3529
3531,3530
3532,3529
3533,3530
3534,3527
3535,3534
3536,3535
3537,3536
3538,3537
3539,3537
3540,3536
3541,3526
3542,3524
3543,3523
3544,3354
3545,3359
3546,3362
3547,3363
3548,3367
3549,3369
3550,3370
3551,3368
3552,3551
3553,3551
3554,3366
3555,3554
3556,3555
3557,3365
3558,3364
3559,3361
3560,3559
3561,3560
3562,3561
3563,3562
3564,3563
3565,3564
3566,3565
3567,3559
3568,3561
3569,3564
3570,3563
3571,3562
3572,3560
3573,3418
3574,3417
3575,3416
3576,3575
3577,3374
3578,3373
3579,3378
3580,3379
3581,3380
3582,3381
3583,3357
3584,3385
3585,3386
3586,3387
3587,3384
3588,3587
3589,3587
3590,3391
3591,3393
3592,3395
3593,3397
3594,3396
3595,3394
3596,3597
3597,3595
3598,3595
3599,3392
3600,3346
3601,3600
3602,3601
3603,3601
3604,3603
3605,3603
3606,3600
3607,3345
3608,3344
3609,3608
3610,3608
3611,3336
3612,3334
3613,3329
3614,3613
3615,3614
3616,3615
3617,3616
3618,3617
3619,3618
3620,3619
3621,3620
3622,3621
3623,3622
3624,3614
3625,3618
3626,3622
3627,3621
3628,3620
3629,3619
3630,3617
3631,3630
3632,3630
3633,3634
3634,3322
3635,3637
3636,3635
3637,3323
3638,3639
3639,3320
3640,3638
3641,3638
3642,3643
3643,3317
3644,3642
3645,3642
3646,3645
3647,3314
3648,3649
3649,3310
3650,3651
3651,3308
3652,3653
3653,3309
3654,3484
3655,3657
3656,3332
3657,3656
3658,3756
3659,3658
3660,3659
3661,3662
3662,3660
3663,3661
3664,3663
3665,3664
3666,3665
3667,3666
3668,3671
3669,3668
3670,3756
3671,3670
3672,3669
3673,3672
3674,3658
3675,3677
3676,3675
3677,3674
3678,3676
3679,3678
3680,3679
3681,3680
3682,3681
3683,3684
3684,3682
3685,3686
3686,3666
3687,3685
3688,3689
3689,3665
3690,3688
3691,3690
3692,3659
3693,3692
3694,3693
3695,3694
3696,3695
3697,3696
3698,3700
3699,3698
3700,3697
3701,3699
3702,3687
3703,3704
3704,3755
3705,3679
3706,3682
3707,3714
3708,3707
3709,3708
3710,3709
3711,3707
3712,3709
3713,3708
3714,3680
3715,3678
3716,3676
3717,3695
3718,3717
3719,3697
3720,3694
3721,3722
3722,3720
3723,3720
3724,3723
3725,3723
3726,3693
3727,3662
3728,3729
3729,3727
3730,3733
3731,3730
3732,3690
3733,3732
3734,3688
3735,3685
3736,3663
3737,3738
3738,3661
3739,3740
3740,3737
3741,3737
3742,3669
3743,3742
3744,3757
3745,3744
3746,3767
3747,3746
3748,3747
3749,3746
3750,3751
3751,3747
3752,3706
3753,3706
3754,3753
3755,3758
3756,3757
3757,3755
3758,4693
3759,3762
3760,3719
3761,3719
3762,3710
3763,3687
3764,3766
3765,3766
3766,3347
3767,3696
3768,3714
3769,3768
3770,3681
3771,3774
3772,3773
3773,4711
3774,3775
3775,3772
3776,3771
3777,3776
3778,3777
3779,3780
3780,3778
3781,3779
3782,3783
3783,3781
3784,3782
3785,3786
3786,3784
3787,3785
3788,3787
3789,3788
3790,3789
3791,3790
3792,3791
3793,3792
3794,3793
3795,3794
3796,3795
3797,3796
3798,4741
3799,3798
3800,3778
3801,3800
3802,3801
3803,3802
3804,3803
3805,3804
3806,3807
3807,3805
3808,3806
3809,3808
3810,3809
3811,3810
3812,3811
3813,3812
3814,3813
3815,3814
3816,3815
3817,3816
3818,3813
3819,3818
3820,3819
3821,3820
3822,3824
3823,3822
3824,3821
3825,3823
3826,3827
3827,3805
3828,3829
3829,3830
3830,3826
3831,3832
3832,3828
3833,3831
3834,3833
3835,3834
3836,3835
3837,3838
3838,3841
3839,3840
3840,3837
3841,3836
3842,3843
3843,3839
3844,3842
3845,3846
3846,3844
3847,3845
3848,3847
3849,3848
3850,3849
3851,3850
3852,3853
3853,3851
3854,3855
3855,3844
3856,3857
3857,3854
3858,3868
3859,3863
3860,3862
3861,3867
3862,3859
3863,3864
3864,3858
3865,3861
3866,3856
3867,3866
3868,3865
3869,3860
3870,3874
3871,3875
3872,3876
3873,3871
3874,3872
3875,3870
3876,3959
3877,4696
3878,3877
3879,3878
3880,3879
3881,3880
3882,3884
3883,3881
3884,3883
3885,3882
3886,3885
3887,3886
3888,3890
3889,3887
3890,3889
3891,3888
3892,3891
3893,3892
3894,3893
3895,3894
3896,3895
3897,3896
3898,3897
3899,3898
3900,3899
3901,3900
3902,3901
3903,3902
3904,3903
3905,3904
3906,3905
3907,3906
3908,3907
3909,3894
3910,3860
3911,3910
3912,3911
3913,3912
3914,3913
3915,3914
3916,3915
3917,3916
3918,3917
3919,3918
3920,3919
3921,3920
3922,3828
3923,3922
3924,3923
3925,3924
3926,3925
3927,3926
3928,3927
3929,3928
3930,3929
3931,3930
3932,3931
3933,3935
3934,3936
3935,3932
3936,3933
3937,3934
3938,3939
3939,3937
3940,3941
3941,3802
3942,3940
3943,3942
3944,4749
3945,3944
3946,3948
3947,3945
3948,3947
3949,3951
3950,3946
3951,3950
3952,4698
3953,3952
3954,3953
3955,3954
3956,3955
3957,3956
3958,3957
3959,3961
3960,3958
3961,3962
3962,3960
3963,4756
3964,3963
3965,3964
3966,3926
3967,3966
3968,3967
3969,3971
3970,3968
3971,3970
3972,3969
3973,3972
3974,3973
3975,1039
3976,3975
3977,3976
3978,1053
3979,3978
3980,3979
3981,4760
3982,1038
3983,3982
3984,3985
3985,3983
3986,3988
3987,4765
3988,3987
3989,3986
3990,3989
3991,3990
3992,3991
3993,3931
3994,3995
3995,3993
3996,3997
3997,3831
3998,3996
3999,3998
4000,3999
4001,4000
4002,4001
4003,4002
4004,4003
4005,4004
4006,4007
4007,4005
4008,4006
4009,4008
4010,4009
4011,4010
4012,1042
4013,4012
4014,4013
4015,3819
4016,4015
4017,4016
4018,4019
4019,4699
4020,3850
4021,4020
4022,4021
4023,4024
4024,4698
4025,4023
4026,4027
4027,3956
4028,4029
4029,3954
4030,4028
4031,3880
4032,4031
4033,4032
4034,4033
4035,4034
4036,4035
4037,3835
4038,4037
4039,4038
4040,4039
4041,4042
4042,3834
4043,4041
4044,4043
4045,3877
4046,4045
4047,4046
4048,4047
4049,4048
4050,4051
4051,3873
4052,4050
4053,4052
4054,3897
4055,4054
4056,4055
4057,4056
4058,3902
4059,4058
4060,4059
4061,4060
4062,4063
4063,4064
4064,4061
4065,4062
4066,3886
4067,4066
4068,3960
4069,4068
4070,4071
4073,4072
4074,4073
4075,3775
4076,4077
4077,4709
4078,4076
4079,4080
4080,4710
4081,4082
4082,3771
4083,4081
4084,4083
4085,4086
4086,4087
4087,3776
4088,4092
4089,4088
4090,4091
4091,4089
4092,3800
4093,4090
4094,1052
4095,1054
4096,1055
4097,4096
4098,4097
4099,4100
4100,4098
4101,4099
4102,4099
4103,4097
4104,4096
4105,1056
4106,4105
4107,4105
4108,1063
4109,1066
4110,4109
4111,1065
4112,1064
4113,4112
4114,4113
4115,4114
4116,4112
4117,4113
4118,4117
4119,4117
4120,4114
4121,1062
4122,15032
4123,1061
4124,4123
4125,4123
4126,1069
4127,1071
4128,1073
4129,4128
4130,3963
4131,3964
4132,1076
4133,1079
4134,1074
4135,1072
4136,4141
4137,4140
4138,4136
4139,4137
4140,4138
4141,4135
4142,4143
4143,4144
4144,4145
4145,4138
4146,1070
4147,1068
4148,4759
4149,4762
4150,4153
4151,4149
4152,4151
4153,4152
4154,4751
4155,3949
4156,3976
4157,4156
4158,3975
4159,4158
4160,4158
4161,1041
4162,4161
4163,4162
4164,4161
4165,4162
4166,4012
4167,4370
4168,4369
4169,4057
4170,4057
4171,4170
4172,4171
4173,4056
4174,4173
4175,4173
4176,4177
4177,4178
4178,4175
4179,4180
4180,4175
4181,4055
4182,3898
4183,4182
4184,4183
4185,4182
4186,4188
4187,3901
4188,4189
4189,4187
4190,4186
4191,4192
4192,3905
4193,4195
4194,4193
4195,4191
4196,4194
4197,4196
4198,4197
4199,4198
4200,4201
4201,4202
4202,4191
4203,4200
4204,4205
4205,4776
4206,3906
4207,4208
4208,4768
4209,4207
4210,4013
4211,4210
4212,4211
4213,4211
4214,4210
4215,1046
4216,1048
4217,1051
4218,1047
4219,1043
4220,1040
4221,3982
4222,3986
4223,3990
4224,3991
4225,3989
4226,4225
4227,4764
4228,1037
4229,4228
4230,3946
4231,4230
4232,4748
4233,4232
4234,4235
4235,4233
4236,4237
4237,3830
4238,4239
4239,3829
4240,3923
4241,3925
4242,4241
4243,3928
4244,4243
4245,4243
4246,4250
4247,4249
4248,4246
4249,4248
4250,3993
4251,3934
4252,4253
4253,3933
4254,3932
4255,3930
4256,4255
4257,4256
4258,4257
4259,4258
4260,4259
4261,4260
4262,4261
4263,4262
4264,4255
4265,4258
4266,4262
4267,4266
4268,4259
4269,3929
4270,3927
4271,3966
4272,3967
4273,3973
4274,3968
4275,3924
4276,4275
4277,4276
4278,4277
4279,4277
4280,4276
4281,4275
4282,4281
4283,4282
4284,4281
4285,4284
4286,4284
4287,4288
4288,3833
4289,4287
4290,4289
4291,4290
4292,4291
4293,4291
4294,4293
4295,4293
4296,3841
4297,4296
4298,4299
4299,3838
4300,4301
4301,3837
4302,4303
4303,3840
4304,4305
4305,4306
4306,3855
4307,4023
4308,4307
4309,4310
4310,4307
4311,4313
4312,4311
4313,3952
4314,4315
4315,4316
4316,3953
4317,4318
4318,3955
4319,4320
4320,3957
4321,4322
4322,3961
4323,4050
4324,4326
4325,4700
4326,4325
4327,3878
4328,4327
4329,4332
4330,4333
4331,4334
4332,4330
4333,3879
4334,4329
4335,4032
4336,4034
4337,4338
4338,4035
4339,4033
4340,4031
4341,4340
4342,4341
4343,4342
4344,4341
4345,4344
4346,4345
4347,4346
4348,4345
4349,4348
4350,4348
4351,4346
4352,4351
4353,4354
4354,4351
4355,4342
4356,4340
4357,4356
4358,4357
4359,4358
4360,4358
4361,4357
4362,4361
4363,4362
4364,3885
4365,3888
4366,4365
4367,3895
4368,4054
4369,4368
4370,4369
4371,4370
4372,4371
4373,4368
4374,4373
4375,4377
4376,4375
4377,4379
4378,4380
4379,4378
4380,4344
4381,4379
4382,4377
4383,4209
4384,4209
4385,4767
4386,4385
4387,4059
4388,4387
4389,4387
4390,4389
4391,4390
4392,4389
4393,4392
4394,4060
4395,4058
4396,4395
4397,3900
4398,3899
4399,4400
4400,3896
4401,3893
4402,4401
4403,3892
4404,4403
4405,3891
4406,4769
4407,4406
4408,4407
4409,4408
4410,4770
4411,4406
4412,4407
4413,4415
4414,4417
4415,4416
4416,4414
4417,4408
4418,4413
4419,3887
4420,4419
4421,4420
4422,4066
4423,4422
4424,4423
4425,3881
4426,4425
4427,4425
4428,4427
4429,4045
4430,4429
4431,4433
4432,4048
4433,4432
4434,4696
4435,4434
4436,4435
4437,4436
4438,4439
4439,3962
4440,4441
4441,3958
4442,4440
4443,4442
4444,4445
4445,4446
4446,4443
4447,4440
4448,4447
4449,4442
4450,4449
4451,4028
4452,3911
4453,3913
4454,3914
4455,3918
4456,3920
4457,3917
4458,4459
4459,4457
4460,4461
4461,4457
4462,3916
4463,4462
4464,4463
4465,4464
4466,4465
4467,4468
4468,4462
4469,4464
4470,4469
4471,4472
4472,4463
4473,4474
4474,4475
4475,3912
4476,3851
4477,4021
4478,4477
4479,4480
4480,4478
4481,4479
4482,4481
4483,4020
4484,4485
4485,3849
4486,3848
4487,4486
4488,3847
4489,3845
4490,4489
4491,4490
4492,4493
4493,4494
4494,3842
4495,4498
4496,4497
4497,4495
4498,3839
4499,4502
4500,4499
4501,4499
4502,4504
4503,4504
4504,4496
4505,4506
4506,3836
4507,4505
4508,4505
4509,4038
4510,4039
4511,4043
4512,4041
4513,3999
4514,4000
4515,4001
4516,4518
4517,4518
4518,4566
4519,4010
4520,4009
4521,4008
4522,4521
4523,4522
4524,4523
4525,4521
4526,4523
4527,4522
4528,4002
4529,4528
4530,4528
4531,4532
4532,3832
4533,4534
4534,3826
4535,4533
4536,4533
4537,4539
4538,3827
4539,4538
4540,3806
4541,4543
4542,4540
4543,4544
4544,4542
4545,4540
4546,4545
4547,4545
4548,3810
4549,3811
4550,3812
4551,4550
4552,4551
4553,4550
4554,3814
4555,3816
4556,4555
4557,4555
4558,3815
4559,4558
4560,4558
4561,3818
4562,4561
4563,3821
4564,3823
4565,3820
4566,4016
4567,4015
4568,4567
4569,4567
4570,3809
4571,3808
4572,4573
4573,3804
4574,4572
4575,4576
4576,3801
4577,3792
4578,4579
4579,3795
4580,4583
4581,4583
4582,4746
4583,4584
4584,4582
4585,4580
4586,4580
4587,3799
4588,3798
4589,4747
4590,4591
4591,4589
4592,4589
4593,4592
4594,4745
4595,3796
4596,3794
4597,3793
4598,4854
4599,4598
4600,4599
4601,4600
4602,4601
4603,4602
4604,4603
4605,4797
4606,4605
4607,4606
4608,5155
4609,4608
4610,4609
4611,4610
4612,4611
4613,4614
4614,4612
4615,4613
4616,4599
4617,4616
4618,4796
4619,4618
4620,4619
4621,4620
4622,4848
4623,4622
4624,4804
4625,4624
4626,4625
4627,4806
4628,5160
4629,4630
4630,4631
4631,4628
4632,5127
4633,4632
4634,4814
4635,4634
4636,4635
4637,4636
4638,5210
4639,5128
4640,5098
4641,3791
4642,3779
4643,4642
4644,4642
4645,4644
4646,4647
4647,3777
4648,4651
4649,4648
4650,4652
4651,4646
4652,4649
4653,4650
4654,4773
4655,4654
4656,4655
4657,4656
4658,4657
4659,4658
4660,4646
4661,4660
4662,4666
4663,4664
4664,4662
4665,4772
4666,4667
4667,4665
4668,4656
4669,4668
4670,4669
4671,4668
4672,4671
4673,4658
4674,4657
4675,4650
4676,4678
4677,4676
4678,4679
4679,3774
4680,4681
4681,4682
4682,4683
4683,3773
4684,4711
4685,4684
4686,4685
4687,4686
4688,4323
4689,4695
4690,4777
4691,4707
4692,4703
4693,4694
4694,4692
4695,4323
4696,4700
4698,4699
4699,4701
4700,3873
4701,4702
4702,3869
4703,3959
4704,4705
4705,4706
4706,4697
4707,4170
4708,4695
4709,4710
4710,4739
4711,4709
4712,3915
4713,4475
4714,4719
4715,4714
4716,4714
4717,4716
4718,4716
4719,4720
4720,4693
4721,4719
4722,4724
4723,3758
4724,4723
4725,4727
4726,4725
4727,7032
4728,4729
4729,4727
4730,4733
4731,4725
4732,4731
4733,4732
4734,4739
4735,4734
4736,4735
4737,4738
4738,4735
4739,4726
4740,3910
4741,4742
4742,4743
4743,3797
4744,4743
4745,4744
4746,4742
4747,4744
4748,4750
4749,4750
4750,4754
4751,4754
4752,3943
4753,4752
4754,4752
4755,4757
4756,4757
4757,1075
4758,4761
4759,4758
4760,4758
4761,3980
4762,4761
4763,3984
4764,4763
4765,4763
4766,4206
4767,4766
4768,4766
4769,4771
4770,4771
4771,4405
4772,4774
4773,4774
4774,4653
4775,4203
4776,4775
4777,4775
4778,4171
4779,4197
4780,4779
4781,4707
4782,4785
4783,5143
4784,4786
4785,4784
4786,4783
4787,4782
4788,4787
4789,4790
4790,4791
4791,4788
4792,4789
4793,4792
4794,4793
4795,4794
4796,4795
4797,4796
4798,4851
4799,4798
4800,4799
4801,4800
4802,4801
4803,4799
4804,4803
4805,4804
4806,4805
4807,4806
4808,4807
4809,4808
4810,4809
4811,4851
4812,4811
4813,4812
4814,4813
4815,5116
4816,5150
4817,4818
4818,5153
4819,4812
4820,4819
4821,4820
4822,4821
4823,4822
4824,4823
4825,4824
4826,4825
4827,5124
4828,4797
4829,4828
4830,4833
4831,4832
4832,4830
4833,4829
4834,4831
4835,4834
4836,4835
4837,4839
4838,4837
4839,4841
4840,4836
4841,4840
4842,4845
4843,4838
4844,4843
4845,4844
4846,4842
4847,4846
4848,4847
4849,4848
4850,4849
4851,4850
4852,4838
4853,4852
4854,4853
4855,4856
4856,5099
4857,4855
4858,5108
4859,5116
4860,5202
4861,5111
4862,5119
4863,4862
4864,5109
4865,4866
4866,5134
4867,5120
4868,4782
4869,4868
4870,4787
4871,4870
4872,4871
4873,4872
4874,4871
4875,4874
4876,4792
4877,4794
4878,4877
4879,4880
4880,4878
4881,4795
4882,4842
4883,4882
4884,4847
4885,4622
4886,4885
4887,4888
4888,4885
4889,4800
4890,4889
4891,4801
4892,4891
4893,4892
4894,4805
4895,4894
4896,4900
4897,4898
4898,4895
4899,4896
4900,4897
4901,4899
4902,4901
4903,4902
4904,4809
4905,4904
4906,4905
4907,4904
4908,4808
4909,4908
4910,4909
4911,4910
4912,4911
4913,4915
4914,4913
4915,4912
4916,4908
4917,4918
4918,4807
4919,4920
4920,5158
4921,4919
4922,4803
4923,4798
4924,4923
4925,4811
4926,4925
4927,4926
4928,4927
4929,4927
4930,4813
4931,4933
4932,4931
4933,4934
4934,4930
4935,4936
4936,5163
4937,4935
4938,4937
4939,4938
4940,4939
4941,4940
4942,4941
4943,4942
4944,4943
4945,5161
4946,5164
4947,4946
4948,4947
4949,4948
4950,4949
4951,4950
4952,4951
4953,4952
4954,4953
4955,4954
4956,5170
4957,4958
4958,5165
4959,4957
4960,4959
4961,4960
4962,4949
4963,4948
4964,4963
4965,4935
4966,4937
4967,4966
4968,4966
4969,4968
4970,4968
4971,4970
4972,4970
4973,4938
4974,5173
4975,5176
4976,4977
4977,5180
4978,5179
4979,4978
4980,5177
4981,5175
4982,4981
4983,4943
4984,4983
4985,4983
4986,4987
4987,4941
4988,4636
4989,5152
4990,4989
4991,5183
4992,4993
4993,5184
4994,5149
4995,4994
4996,4820
4997,4996
4998,4999
4999,5004
5000,5004
5001,4996
5002,5001
5003,4998
5004,5213
5005,5212
5006,5194
5007,5006
5008,5009
5009,5007
5010,5008
5011,5012
5012,5007
5013,5196
5014,5013
5015,4999
5016,5015
5017,5015
5018,5187
5019,5018
5020,5019
5021,5020
5022,5023
5023,5021
5024,5018
5025,5024
5026,5025
5027,5028
5028,5026
5029,5026
5030,5029
5031,5019
5032,5020
5033,5032
5034,5033
5035,5032
5036,4819
5037,4850
5038,5037
5039,4849
5040,4846
5041,4852
5042,5041
5043,5042
5044,5043
5045,4853
5046,5045
5047,5045
5048,4616
5049,4600
5050,5049
5051,5049
5052,5051
5053,4603
5054,4854
5055,4836
5056,5055
5057,5056
5058,5059
5059,5056
5060,5055
5061,5060
5062,4609
5063,5062
5064,4608
5065,4619
5066,5065
5067,5066
5068,5065
5069,4620
5070,4618
5071,5070
5072,4793
5073,5072
5074,5072
5075,5143
5076,5075
5077,5006
5078,5077
5079,5078
5080,5079
5081,5080
5082,5078
5083,5084
5084,5080
5085,5083
5086,5189
5087,5088
5088,5191
5089,5090
5090,5188
5091,5083
5092,5077
5093,5092
5094,5093
5095,5094
5096,5092
5097,5100
5098,5129
5099,4640
5100,4857
5101,5102
5102,5103
5103,4829
5104,5110
5105,4864
5106,5104
5107,4827
5108,4859
5109,5132
5110,4893
5111,5207
5112,5114
5113,5115
5114,5121
5115,5112
5116,5122
5117,5128
5118,5210
5119,5214
5120,5204
5121,4861
5122,4814
5123,4816
5124,4826
5125,4629
5126,5125
5127,5126
5128,5118
5129,5118
5130,4861
5131,5134
5132,5131
5133,5119
5134,5133
5135,5120
5136,4623
5137,4945
5138,5137
5139,4816
5140,5005
5141,4598
5142,5054
5143,5144
5144,4701
5145,5146
5147,5145
5148,6391
5149,5151
5150,5151
5151,4815
5152,5154
5153,5154
5154,5123
5155,5157
5156,5157
5157,4607
5158,5159
5159,4627
5160,5159
5161,5162
5162,4932
5163,5162
5164,5166
5165,5166
5166,5168
5167,5168
5168,5171
5169,5172
5170,5167
5171,5169
5172,5138
5173,5174
5174,4973
5175,5174
5176,5178
5177,5178
5178,4974
5179,5181
5180,5181
5181,5182
5182,4975
5183,5185
5184,5185
5185,5139
5186,4997
5187,5186
5188,5190
5189,5190
5190,5085
5191,5193
5192,5193
5193,5086
5194,5195
5195,5140
5196,5195
5197,5200
5198,5203
5199,5209
5200,5199
5201,5206
5202,5197
5203,5130
5204,5198
5205,5199
5206,4834
5207,5205
5208,5201
5209,5208
5210,5211
5211,4911
5212,5046
5213,5212
5214,4837
5215,5060
5216,5156
5217,4623
5218,5192
5219,5093
5220,5021
5221,5222
5222,3854
5223,5224
5224,5221
5225,5223
5226,5232
5227,5231
5228,5225
5229,5233
5230,5226
5231,5228
5232,5227
5233,5230
5234,5229
5235,5234
5236,5235
5237,5236
5238,5237
5239,5238
5240,5239
5241,5240
5242,5241
5243,5242
5244,5243
5245,5244
5246,5245
5247,5246
5248,5247
5249,5248
5250,5249
5251,5250
5252,5251
5253,5254
5254,5221
5255,5258
5256,5253
5257,5255
5258,5256
5259,5260
5260,5257
5261,5259
5262,5263
5263,5699
5264,5262
5265,5264
5266,5265
5267,5266
5268,5267
5269,5268
5270,5269
5271,5270
5272,5271
5273,5272
5274,5273
5275,5274
5276,5275
5277,5276
5278,5277
5279,5278
5280,5279
5281,5280
5282,5265
5283,5395
5284,5285
5285,5283
5286,5284
5287,5286
5288,5287
5289,5284
5290,5287
5291,5283
5292,5394
5293,5292
5294,5295
5295,5705
5296,5294
5297,5298
5298,5390
5299,5389
5300,5299
5301,5302
5302,5299
5303,5387
5304,5303
5305,5303
5306,5305
5307,5308
5308,5412
5309,1097
5310,5309
5311,5310
5312,5309
5313,5314
5314,1103
5315,5313
5316,1104
5317,5316
5318,5317
5319,5317
5320,5316
5321,5320
5322,5321
5323,5320
5324,5323
5325,1109
5326,5325
5327,1123
5328,5327
5329,5328
5330,5745
5331,5330
5332,5331
5333,5332
5334,5333
5335,5722
5336,5335
5337,5336
5338,5737
5339,5338
5340,5339
5341,5340
5342,5341
5343,5342
5344,5343
5345,5727
5346,5345
5347,5346
5348,5347
5349,5348
5350,5349
5351,5344
5352,5740
5353,5352
5354,5344
5355,5354
5356,5355
5357,5356
5358,5357
5359,5358
5360,5335
5361,5360
5362,5361
5363,5362
5364,5363
5365,5364
5366,5365
5367,5368
5368,1115
5369,5367
5370,5369
5371,5372
5372,5370
5373,5371
5374,5373
5375,5374
5376,5377
5377,1112
5378,5376
5379,5378
5380,5379
5381,5380
5382,5381
5383,5382
5384,5383
5385,5386
5386,5384
5387,5388
5388,1090
5389,5387
5390,5389
5391,5390
5392,5393
5393,5253
5394,5392
5395,5394
5396,5395
5397,5396
5398,5397
5399,5332
5400,5399
5401,5400
5402,5401
5403,5404
5404,5402
5405,5708
5406,5376
5407,5406
5408,5407
5409,5411
5410,5409
5411,1107
5412,1091
5413,5412
5414,5259
5415,5416
5416,5414
5417,5418
5418,5257
5419,5417
5420,5229
5421,5420
5422,5421
5423,5422
5424,5423
5425,5424
5426,5345
5427,5426
5428,5272
5429,5428
5430,5429
5431,5430
5432,5346
5433,5434
5434,5355
5435,5438
5436,5435
5437,5433
5438,5437
5439,5438
5440,5439
5441,1085
5442,5441
5443,5744
5444,5443
5445,5446
5446,5754
5447,5448
5448,5449
5449,5254
5450,5396
5451,5450
5452,5451
5453,5450
5454,5453
5455,5456
5456,5453
5457,5458
5458,5378
5459,5379
5460,5459
5461,5380
5462,5461
5463,5384
5464,5383
5465,5382
5466,5465
5467,5381
5468,5467
5469,5468
5470,5469
5471,5470
5472,5467
5473,5472
5474,5473
5475,5472
5476,5406
5477,5374
5478,5373
5479,5478
5480,5371
5481,5480
5482,5369
5483,5367
5484,5483
5485,5327
5486,5485
5487,5486
5488,5487
5489,5488
5490,5487
5491,1123
5492,5491
5493,5494
5494,1122
5495,5496
5496,1121
5497,5725
5498,5497
5499,5498
5500,5498
5501,5502
5502,5497
5503,5338
5504,5341
5505,5352
5506,5741
5507,5357
5508,5509
5509,5507
5510,5508
5511,5512
5512,5510
5513,5510
5514,5508
5515,5516
5516,5356
5517,5433
5518,5517
5519,5518
5520,5517
5521,5520
5522,5436
5523,5354
5524,5340
5525,5339
5526,5347
5527,5526
5528,5527
5529,5526
5530,5529
5531,5529
5532,5348
5533,5532
5534,5533
5535,5532
5536,5533
5537,5349
5538,5735
5539,5731
5540,5539
5541,5728
5542,5541
5543,5336
5544,5361
5545,5362
5546,5545
5547,5545
5548,5364
5549,5365
5550,5360
5551,5550
5552,5551
5553,5554
5554,5723
5555,5556
5556,5333
5557,5399
5558,5559
5559,5400
5560,5401
5561,5402
5562,5745
5563,1105
5564,1100
5565,5566
5566,1094
5567,5570
5568,5569
5569,5567
5570,1092
5571,5572
5572,5268
5573,5269
5574,5573
5575,5684
5576,5428
5577,5430
5578,5429
5579,5276
5580,5279
5581,5580
5582,5581
5583,5582
5584,5583
5585,5582
5586,5278
5587,5277
5588,5275
5589,5588
5590,5274
5591,5273
5592,5271
5593,5592
5594,5267
5595,5266
5596,1081
5597,5596
5598,5599
5599,1082
5600,1084
5601,5441
5602,5601
5603,5602
5604,5603
5605,1086
5606,5605
5607,5606
5608,5607
5609,5605
5610,5609
5611,5606
5612,5607
5613,5612
5614,5613
5615,5613
5616,1083
5617,5282
5618,5617
5619,5618
5620,5619
5621,5618
5622,5619
5623,5622
5624,5617
5625,5624
5626,5264
5627,5626
5628,5629
5629,5706
5630,5261
5631,5630
5632,5414
5633,5632
5634,5635
5635,5256
5636,5223
5637,5636
5638,5639
5639,5637
5640,5637
5641,5640
5642,5641
5643,5640
5644,5643
5645,5643
5646,5645
5647,5645
5648,5647
5649,5420
5650,5649
5651,5652
5652,5421
5653,5423
5654,5653
5655,5422
5656,5657
5657,5236
5658,5237
5659,5660
5660,5658
5661,5662
5662,5658
5663,5241
5664,5242
5665,5664
5666,5664
5667,5665
5668,5667
5669,5243
5670,5244
5671,5245
5672,5247
5673,5248
5674,5673
5675,5673
5676,5249
5677,5676
5678,5676
5679,5250
5680,5251
5681,5246
5682,5240
5683,5682
5684,5682
5685,5239
5686,5685
5687,5688
5688,5238
5689,5690
5690,5235
5691,5234
5692,5691
5693,5225
5694,5733
5695,5665
5696,5674
5697,5575
5698,5700
5699,5698
5700,5705
5701,5710
5702,5261
5703,5704
5704,5706
5705,5703
5706,5702
5707,5370
5708,5709
5709,5707
5710,5711
5711,5392
5712,5715
5713,5714
5714,5712
5715,5707
5716,5270
5717,5701
5718,5636
5719,5624
5720,5262
5721,5724
5722,5721
5723,5721
5724,5334
5725,5724
5726,5736
5727,5726
5728,5730
5729,5337
5730,5729
5731,5730
5732,5729
5733,5732
5734,5732
5735,5734
5736,5734
5737,5726
5738,5351
5739,5738
5740,5739
5741,5739
5742,5743
5743,5747
5744,5742
5745,5751
5746,5752
5747,5756
5748,5755
5749,5753
5750,1118
5751,5746
5752,5743
5753,5748
5754,5749
5755,5750
5756,5754
5757,5759
5758,6772
5759,5758
5760,5761
5761,6807
5762,5763
5763,5760
5764,5762
5765,5766
5766,5764
5767,5765
5768,5767
5769,5768
5770,5769
5771,5772
5772,5770
5773,5771
5774,5773
5775,5774
5776,5775
5777,6781
5778,5777
5779,5768
5780,5779
5781,5780
5782,5781
5783,5782
5784,5783
5785,5784
5786,5785
5787,5786
5788,5787
5789,5788
5790,5791
5791,5789
5792,5790
5793,5792
5794,5787
5795,5794
5796,5795
5797,5799
5798,5796
5799,5798
5800,5797
5801,5800
5802,5801
5803,5802
5804,5803
5805,5804
5806,5805
5807,6810
5808,5809
5809,5810
5810,5807
5811,5812
5812,5808
5813,5811
5814,5815
5815,5813
5816,6921
5817,5818
5818,5819
5819,5816
5820,5817
5821,5820
5822,5821
5823,5822
5824,5823
5825,5824
5826,5825
5827,5826
5828,5827
5829,5828
5830,5831
5831,5833
5832,5834
5833,5829
5834,5830
5835,5836
5836,5832
5837,5835
5838,5837
5839,5838
5840,5817
5841,5840
5842,5844
5843,5841
5844,5845
5845,5843
5846,5842
5847,5846
5848,5847
5849,15033
5850,6857
5851,5850
5852,5851
5853,5852
5854,5853
5855,5854
5856,5855
5857,5856
5858,6863
5859,5860
5860,5858
5861,6810
5862,5861
5863,5862
5864,5863
5865,5864
5866,5865
5867,5866
5868,5871
5869,5867
5870,5872
5871,5870
5872,5869
5873,5876
5874,5875
5875,5868
5876,5874
5877,5873
5878,5877
5879,5881
5880,5883
5881,5882
5882,6174
5883,5879
5884,5886
5885,5884
5886,5764
5887,5885
5888,5887
5889,5890
5890,5888
5891,5889
5892,5891
5893,5892
5894,5893
5895,5894
5896,5895
5897,5896
5898,5897
5899,6811
5900,5902
5901,5899
5902,5903
5903,5904
5904,5905
5905,5901
5906,5900
5907,5906
5908,5907
5909,5908
5910,5909
5911,5910
5912,5911
5913,5912
5914,5913
5915,6775
5916,6786
5917,5916
5918,5920
5919,5917
5920,5921
5921,5922
5922,5923
5923,5919
5924,5918
5925,5924
5926,5925
5927,5929
5928,5926
5929,5928
5930,5927
5931,5930
5932,5931
5933,5932
5934,5933
5935,5934
5936,6866
5937,5915
5938,5937
5939,5938
5940,5939
5941,5940
5942,5941
5943,5942
5944,5943
5945,5947
5946,5944
5947,5946
5948,5910
5949,5948
5950,5953
5951,5949
5952,5951
5953,5952
5954,5950
5955,5954
5956,5955
5957,5899
5958,5957
5959,5958
5960,6869
5961,5960
5962,5961
5963,5962
5964,5963
5965,5964
5966,5965
5967,5966
5968,5967
5969,5968
5970,5969
5971,5970
5972,5885
5973,5972
5974,5973
5975,5976
5976,5974
5977,5975
5978,5977
5979,5978
5980,5979
5981,6948
5982,6872
5983,5982
5984,5983
5985,15034
5986,5985
5987,5986
5988,5987
5989,6883
5990,5989
5991,6817
5992,5991
5993,5992
5994,5993
5995,5994
5996,5995
5997,5972
5998,5997
5999,5998
6000,5999
6001,6003
6002,6000
6003,6002
6004,6001
6005,6004
6006,6005
6007,6006
6008,6007
6009,5760
6010,6009
6011,6010
6012,6011
6013,6012
6014,6013
6015,6016
6016,6014
6017,6015
6018,6017
6019,6018
6020,6019
6021,6020
6022,6024
6023,6025
6024,5757
6025,6022
6026,6023
6027,6026
6028,6015
6029,6885
6030,6029
6031,6032
6032,6807
6033,6031
6034,6033
6035,6036
6036,6034
6037,6035
6038,6037
6039,6043
6040,6889
6041,6042
6042,6040
6043,6041
6044,6039
6045,6044
6046,5894
6047,6046
6048,6891
6049,6048
6050,6049
6051,5783
6052,6051
6053,6052
6054,6053
6055,6821
6056,5785
6057,5906
6058,6057
6059,6060
6060,6061
6061,6058
6062,6822
6063,5989
6064,6063
6065,6064
6066,6067
6067,6065
6068,6069
6069,5807
6070,6068
6071,6070
6072,6071
6073,6072
6074,6075
6075,5813
6076,6074
6077,6076
6078,6077
6079,6078
6080,6079
6081,6082
6082,5811
6083,6081
6084,6083
6085,6084
6086,6085
6087,6086
6088,6087
6089,5925
6090,6089
6091,6092
6092,5825
6093,6091
6094,6093
6095,6094
6096,6895
6097,6098
6098,6096
6099,6097
6100,6099
6101,6100
6102,6766
6103,6102
6104,6980
6105,6767
6106,6107
6107,6816
6108,6114
6109,6795
6110,6982
6111,6827
6112,6111
6113,6112
6114,6113
6115,6113
6116,6115
6117,6112
6118,6117
6119,6117
6120,6119
6121,6120
6122,6125
6123,6124
6124,6122
6125,6804
6126,6127
6127,5761
6128,6017
6129,6019
6130,6018
6131,6130
6132,6887
6133,6029
6134,6135
6135,5762
6136,6137
6137,5886
6138,5889
6139,6140
6140,6138
6141,6139
6142,5891
6143,6142
6144,5892
6145,6144
6146,5898
6147,6148
6148,6149
6149,6146
6150,6151
6151,5903
6152,5900
6153,5907
6154,5909
6155,5911
6156,6155
6157,6156
6158,6156
6159,6158
6160,6155
6161,6160
6162,5913
6163,6162
6164,6163
6165,6164
6166,6170
6167,6169
6168,6167
6169,5914
6170,6168
6171,6166
6172,6171
6173,6775
6174,6173
6175,6174
6176,6175
6177,6176
6178,6175
6179,6173
6180,6179
6181,6180
6182,6181
6183,6179
6184,6180
6185,5917
6186,6185
6187,6185
6188,6187
6189,6897
6190,6189
6191,6187
6192,6898
6193,6192
6194,6189
6195,5918
6196,6195
6197,6196
6198,6199
6199,6196
6200,6198
6201,6200
6202,6200
6203,6202
6204,6203
6205,6204
6206,6205
6207,6202
6208,6207
6209,6198
6210,6209
6211,6210
6212,6211
6213,6212
6214,6209
6215,6214
6216,6210
6217,6216
6218,6217
6219,6216
6220,6219
6221,6220
6222,6221
6223,6222
6224,6223
6225,6902
6226,6225
6227,6221
6228,6901
6229,6228
6230,6223
6231,6222
6232,6231
6233,6234
6234,6235
6235,6195
6236,6906
6237,6236
6238,6240
6239,6238
6240,6237
6241,6905
6242,6241
6243,6242
6244,6241
6245,6247
6246,6245
6247,6244
6248,6246
6249,6248
6250,6244
6251,6250
6252,6253
6253,6251
6254,6252
6255,6089
6256,6090
6257,6262
6258,6257
6259,6258
6260,6256
6261,6263
6262,6261
6263,6260
6264,6256
6265,5927
6266,6265
6267,6867
6268,6267
6269,6268
6270,6267
6271,5926
6272,6274
6273,5923
6274,6273
6275,5938
6276,6275
6277,6275
6278,5939
6279,5944
6280,5941
6281,6282
6282,5940
6283,5937
6284,6283
6285,6283
6286,6288
6287,6813
6288,6287
6289,5948
6290,5954
6291,5950
6292,5949
6293,5908
6294,6057
6295,6822
6296,6295
6297,6059
6298,6058
6299,6300
6300,5904
6301,6302
6302,6303
6303,5905
6304,6870
6305,6304
6306,6305
6307,6304
6308,6305
6309,5960
6310,5964
6311,5967
6312,5970
6313,5966
6314,6315
6315,6313
6316,6314
6317,5965
6318,6317
6319,5961
6320,5897
6321,6320
6322,6320
6323,6324
6324,6322
6325,6323
6326,6327
6327,6323
6328,5896
6329,5895
6330,6329
6331,6333
6332,6046
6333,6332
6334,6331
6335,6892
6336,5893
6337,5887
6338,5973
6339,6338
6340,5975
6341,6340
6342,6966
6343,6964
6344,6343
6345,6343
6346,6960
6347,6954
6348,6950
6349,6348
6350,6348
6351,6947
6352,6946
6353,6352
6354,6353
6355,6354
6356,6358
6357,6355
6358,6357
6359,6356
6360,6353
6361,6835
6362,6363
6363,6984
6364,6362
6365,6355
6366,6352
6367,6981
6368,6367
6369,6368
6370,6368
6371,6367
6372,6956
6373,6952
6374,6944
6375,6936
6376,6375
6377,6376
6378,6377
6379,6378
6380,6379
6381,6382
6382,6377
6383,6384
6384,6378
6385,6376
6386,6375
6387,6935
6388,6836
6389,6388
6390,6389
6391,6390
6392,6389
6393,6392
6394,6392
6395,6394
6396,6934
6397,6939
6398,6399
6399,6397
6400,6940
6401,6400
6402,6401
6403,6402
6404,6403
6405,6404
6406,6405
6407,6405
6408,6407
6409,6402
6410,6877
6411,6410
6412,6410
6413,5984
6414,6413
6415,5985
6416,6415
6417,6416
6418,6417
6419,5987
6420,6064
6421,6063
6422,6423
6423,6421
6424,5993
6425,5992
6426,6425
6427,6426
6428,6425
6429,6428
6430,5991
6431,5990
6432,6882
6433,6432
6434,6433
6435,6432
6436,5986
6437,6436
6438,6437
6439,6436
6440,6439
6441,15034
6442,6444
6443,5983
6444,6443
6445,6442
6446,6442
6447,5982
6448,6449
6449,6873
6450,6878
6451,6452
6452,6880
6453,6961
6454,6453
6455,6454
6456,6455
6457,5998
6458,5999
6459,6000
6460,6001
6461,6460
6462,6461
6463,6004
6464,6005
6465,5997
6466,5767
6467,5773
6468,6467
6469,6781
6470,5777
6471,6473
6472,6471
6473,6470
6474,6911
6475,6474
6476,6477
6477,6909
6478,6474
6479,6482
6480,6485
6481,6478
6482,6480
6483,6481
6484,6479
6485,6483
6486,6487
6487,6484
6488,6491
6489,6490
6490,6484
6491,6489
6492,6488
6493,6478
6494,5774
6495,5771
6496,5769
6497,6051
6498,6497
6499,6497
6500,6821
6501,6500
6502,6054
6503,6507
6504,6509
6505,6053
6506,6505
6507,6508
6508,6504
6509,6506
6510,6052
6511,5784
6512,5786
6513,6514
6514,5789
6515,5792
6516,5793
6517,5790
6518,6517
6519,5794
6520,5795
6521,6520
6522,5800
6523,6522
6524,6522
6525,5803
6526,6914
6527,6913
6528,5806
6529,6531
6530,6528
6531,6530
6532,6529
6533,6532
6534,6532
6535,6534
6536,6529
6537,6843
6538,6843
6539,6538
6540,6539
6541,6540
6542,6543
6543,5864
6544,6542
6545,5866
6546,5868
6547,6546
6548,6546
6549,5873
6550,6549
6551,5867
6552,6551
6553,6551
6554,5865
6555,6554
6556,6071
6557,6072
6558,6070
6559,6068
6560,5808
6561,6560
6562,6561
6563,6562
6564,6562
6565,6564
6566,6561
6567,6566
6568,6567
6569,6566
6570,6569
6571,6074
6572,6574
6573,6572
6574,6575
6575,6571
6576,6077
6577,6576
6578,6577
6579,6917
6580,6579
6581,6915
6582,6577
6583,6576
6584,6583
6585,6079
6586,6078
6587,6076
6588,5820
6589,6588
6590,6588
6591,5822
6592,6591
6593,6592
6594,6593
6595,6594
6596,6591
6597,6592
6598,6597
6599,6600
6600,5823
6601,6599
6602,6601
6603,6091
6604,6603
6605,6604
6606,6974
6607,6971
6608,6894
6609,6608
6610,6609
6611,6609
6612,6608
6613,6612
6614,6099
6615,6617
6616,5829
6617,6618
6618,6616
6619,5832
6620,5828
6621,5824
6622,7241
6623,7241
6624,6627
6625,6624
6626,6625
6627,7028
6628,6626
6629,6628
6630,6628
6631,6632
6632,7029
6633,6634
6634,7027
6635,6636
6636,7025
6637,6638
6638,7022
6639,6637
6640,6637
6641,6640
6642,6641
6643,6640
6644,7250
6645,6644
6646,7045
6647,6646
6648,6646
6649,7046
6650,6651
6651,6649
6652,7044
6653,6652
6654,6653
6655,6654
6656,6655
6657,6656
6658,7249
6659,6995
6660,6659
6661,7061
6662,7058
6663,6662
6664,7239
6665,5821
6666,6665
6667,5842
6668,5847
6669,6862
6670,5852
6671,6670
6672,5854
6673,6674
6674,5856
6675,6864
6676,5855
6677,5853
6678,5851
6679,6678
6680,6679
6681,6678
6682,6681
6683,5850
6684,6685
6685,6856
6686,6858
6687,6688
6688,6686
6689,5848
6690,6689
6691,6692
6692,6690
6693,6689
6694,6695
6695,6696
6696,6697
6697,15033
6698,6694
6699,6698
6700,6699
6701,6918
6702,6694
6703,6920
6704,6703
6705,5846
6706,5816
6707,6706
6708,6707
6709,6922
6710,6931
6711,6930
6712,6711
6713,6929
6714,6926
6715,6086
6716,6715
6717,6718
6718,5812
6719,6722
6720,6721
6721,5809
6722,6720
6723,6724
6724,5810
6725,6727
6726,6725
6727,5805
6728,5804
6729,5802
6730,6729
6731,6729
6732,5801
6733,6735
6734,5797
6735,6734
6736,5796
6737,5779
6738,6737
6739,5765
6740,6739
6741,6037
6742,6044
6743,6039
6744,6890
6745,6035
6746,6033
6747,6746
6748,6747
6749,6747
6750,6746
6751,6031
6752,6753
6753,6803
6754,6755
6755,6756
6756,6802
6757,6758
6758,6801
6759,6837
6760,6837
6761,6791
6762,6791
6763,6764
6764,6762
6765,6895
6766,6105
6767,6104
6768,6771
6769,6770
6770,5759
6771,6769
6772,6773
6773,6852
6774,6793
6775,6812
6776,6792
6777,6852
6778,6777
6779,5806
6780,6779
6781,5776
6782,6784
6783,6833
6784,6783
6785,6816
6786,6785
6787,6846
6788,6790
6789,6788
6790,6787
6791,6789
6792,6706
6793,5793
6794,6110
6795,6114
6796,6802
6797,6798
6798,6846
6799,6800
6800,6801
6801,5757
6802,6799
6803,6804
6804,6808
6805,6806
6806,6796
6807,6803
6808,6805
6809,6793
6810,6780
6811,5898
6812,6814
6813,5914
6814,6813
6815,5915
6816,6815
6817,6819
6818,5990
6819,6818
6820,6054
6821,6820
6822,6059
6823,6824
6824,6833
6825,6795
6826,6110
6827,6828
6828,6796
6829,6811
6830,6233
6831,6832
6832,6233
6833,6090
6834,6354
6835,6834
6836,6932
6837,6838
6838,6397
6839,6406
6840,6841
6841,6817
6842,5776
6843,6844
6844,6780
6845,6598
6846,6845
6847,6792
6848,6849
6849,6808
6850,6851
6851,6839
6852,6853
6853,4726
6854,6422
6855,6854
6856,6859
6857,6859
6858,6860
6859,6860
6860,6861
6861,5849
6862,6861
6863,6865
6864,6865
6865,5857
6866,6868
6867,6868
6868,5935
6869,6871
6870,6871
6871,5959
6872,6874
6873,6874
6874,6876
6875,6876
6876,6879
6877,6879
6878,6875
6879,6881
6880,6881
6881,5981
6882,6884
6883,6884
6884,5988
6885,6886
6886,6028
6887,6886
6888,6038
6889,6888
6890,6888
6891,6893
6892,6893
6893,6047
6894,6896
6895,6896
6896,6095
6897,6899
6898,6899
6899,6188
6900,6224
6901,6900
6902,6903
6903,6904
6904,6230
6905,6907
6906,6907
6907,6908
6908,6830
6909,6910
6910,6842
6911,6910
6912,6525
6913,6912
6914,6912
6915,6916
6916,6578
6917,6916
6918,6919
6919,6700
6920,6919
6921,6923
6922,6923
6923,6924
6924,6925
6925,5814
6926,6925
6927,6924
6928,6927
6929,6928
6930,6928
6931,6927
6932,6933
6933,6937
6934,6937
6935,6938
6936,6938
6937,6942
6938,6942
6939,6941
6940,6941
6941,6943
6942,6943
6943,6951
6944,6951
6945,6949
6946,6945
6947,6949
6948,6957
6949,6953
6950,6953
6951,6955
6952,6955
6953,6959
6954,6959
6955,6958
6956,6958
6957,6962
6958,6962
6959,6963
6960,6963
6961,6967
6962,6967
6963,6965
6964,6965
6965,6968
6966,6968
6967,6970
6968,6970
6969,5980
6970,6969
6971,6972
6972,6605
6973,6972
6974,6973
6975,6973
6976,6979
6977,6978
6978,6976
6979,6201
6980,6977
6981,6945
6982,6983
6983,6141
6984,6985
6985,6357
6986,6778
6987,6988
6988,6984
6989,5994
6990,6993
6991,11408
6992,6991
6993,6992
6995,6994
6996,6995
6997,6996
6998,6997
6999,6998
7000,7270
7001,7000
7002,7001
7003,7002
7004,7003
7005,7004
7006,7005
7007,7006
7008,7007
7009,7008
7010,7009
7011,7010
7012,7011
7013,7012
7014,7013
7015,7014
7016,7018
7017,7015
7018,7017
7019,7016
7020,7019
7021,7246
7022,7021
7023,7022
7024,7025
7025,7023
7026,7024
7027,7030
7028,7029
7029,7027
7030,7026
7031,7028
7032,7031
7034,7036
7035,7033
7036,7035
7037,7034
7038,7037
7039,7038
7040,7039
7041,7040
7042,6994
7043,7250
7044,7043
7045,7044
7046,7045
7047,7051
7048,7049
7049,7047
7050,7046
7051,7050
7052,7048
7053,7052
7054,7055
7055,7053
7056,7003
7057,7056
7058,7239
7059,7058
7060,7059
7061,7064
7062,7000
7063,7062
7064,7063
7065,7061
7066,7034
7067,7066
7068,7257
7069,7068
7070,7069
7071,7004
7072,7071
7073,7077
7074,7075
7075,7026
7076,7073
7077,7074
7078,7010
7079,7080
7080,7263
7081,7079
7082,7083
7083,7157
7084,7218
7085,7218
7086,7087
7087,7066
7088,7068
7089,7069
7090,7257
7091,7092
7092,7256
7093,7067
7094,7093
7095,7094
7096,7095
7097,7094
7098,7097
7099,7040
7100,7102
7101,7039
7102,7101
7103,7100
7104,7038
7105,7104
7106,7104
7107,7037
7108,7109
7109,7110
7110,7107
7111,7112
7112,7247
7113,7114
7114,7023
7115,7116
7116,7024
7117,7115
7118,7117
7119,7118
7120,7119
7121,7120
7122,7121
7123,7120
7124,7121
7125,7124
7126,7125
7127,7126
7128,7119
7129,7118
7130,7131
7131,7129
7132,7117
7133,7115
7134,7133
7135,7134
7136,7134
7137,7136
7138,7136
7139,7133
7140,7141
7141,7030
7142,7143
7143,7144
7144,7145
7145,7032
7146,7274
7147,7146
7148,7151
7149,7153
7150,7271
7151,7149
7152,7150
7153,7152
7154,7148
7155,7154
7156,7148
7157,7156
7158,7157
7159,7158
7160,7158
7161,7156
7162,7272
7163,7162
7164,7163
7165,7164
7166,7163
7167,7162
7168,7167
7169,7168
7170,7174
7171,7169
7172,7170
7173,7172
7174,7171
7175,6664
7176,7071
7177,7006
7178,7177
7179,7178
7180,7177
7181,7007
7182,7181
7183,7009
7184,7016
7185,7187
7186,7019
7187,7186
7188,7190
7189,7015
7190,7189
7191,7188
7192,7191
7193,7188
7194,7191
7195,7194
7196,7013
7197,7196
7198,7196
7199,7198
7200,7199
7201,7198
7202,7201
7203,7202
7204,7201
7205,7012
7206,7011
7207,7206
7208,7209
7209,7207
7210,7211
7211,7207
7212,7210
7213,7210
7214,7008
7215,7005
7216,7215
7217,7216
7218,7215
7219,7216
7220,7221
7221,7001
7222,7267
7223,7222
7224,6996
7225,7224
7226,7237
7227,7226
7228,7227
7229,7226
7230,7229
7231,7227
7232,7234
7233,7231
7234,7233
7235,7231
7236,7232
7237,7097
7238,7240
7239,7238
7240,7242
7241,7173
7242,7243
7243,7057
7244,7245
7245,7263
7246,7247
7247,7248
7248,7249
7250,7251
7251,7252
7252,7253
7253,7255
7254,7246
7255,7254
7256,7067
7257,7256
7258,7169
7259,7173
7260,7261
7261,7057
7262,7232
7263,7262
7264,7237
7265,7266
7266,7264
7267,7269
7268,7269
7269,6999
7270,7268
7271,7273
7272,7273
7273,7275
7274,7275
7275,7142
7276,7282
7277,7278
7278,7889
7279,7276
7280,7281
7281,7279
7282,7277
7283,7280
7284,7283
7285,7286
7286,7284
7287,7285
7288,7290
7289,7291
7290,7292
7291,7293
7292,7289
7293,7287
7294,7297
7295,7300
7296,7301
7297,7299
7298,7295
7299,7296
7300,7892
7301,7298
7302,7294
7303,7302
7304,7303
7305,7304
7306,7305
7307,7306
7308,7307
7309,7311
7310,7308
7311,7310
7312,7309
7313,7312
7314,7313
7315,7316
7316,7986
7317,7315
7318,7317
7319,7318
7320,7319
7321,7320
7322,7321
7323,7322
7324,7323
7325,7324
7326,7325
7327,7326
7328,7329
7329,7327
7330,7328
7331,7330
7332,7331
7333,7324
7334,7333
7335,7334
7336,7335
7337,7334
7338,7337
7339,7338
7340,7339
7341,7340
7342,7341
7343,7342
7344,1126
7345,7344
7346,7345
7347,7346
7348,7993
7349,7348
7350,7349
7351,7350
7352,7351
7353,7352
7354,7309
7355,1147
7356,7355
7357,7356
7358,7357
7359,7358
7360,7359
7361,7360
7362,7361
7363,7362
7364,7363
7365,7364
7366,1127
7367,7307
7368,7367
7369,15035
7370,7369
7371,7370
7372,7371
7373,7372
7374,7373
7375,7374
7376,7375
7377,7376
7378,7377
7379,7378
7380,7379
7381,7380
7382,7381
7383,7382
7384,7383
7385,7384
7386,7385
7387,7386
7388,7389
7389,7288
7390,7645
7391,7390
7392,7391
7393,7392
7394,7393
7395,7394
7396,1152
7397,7642
7398,7397
7399,7398
7400,7399
7401,7400
7402,7401
7403,7402
7404,7405
7405,7403
7406,1128
7407,7406
7408,7407
7409,7408
7410,7409
7411,1153
7412,7285
7413,7412
7414,7413
7415,7414
7416,7415
7417,7416
7418,7417
7419,7418
7420,7419
7421,7422
7422,7363
7423,7421
7424,7333
7425,7424
7426,7425
7427,7426
7428,7343
7429,7428
7430,7429
7431,7430
7432,7431
7433,7434
7434,7432
7435,7385
7436,7376
7437,7359
7438,7437
7439,7438
7440,7441
7441,7439
7442,7348
7443,7442
7444,7445
7445,7443
7446,7444
7447,7357
7448,7447
7449,7448
7450,7449
7451,7450
7452,7451
7453,15035
7454,7453
7455,7456
7456,7454
7457,7985
7458,7457
7459,7458
7460,7459
7461,7460
7462,7349
7463,7464
7464,7465
7465,7462
7466,7463
7467,7468
7468,7294
7469,7467
7470,7469
7471,7470
7472,7471
7473,7472
7474,7991
7475,7474
7476,7475
7477,7479
7478,7476
7479,7478
7480,7477
7481,7480
7482,7485
7483,7482
7484,7481
7485,7484
7486,7483
7487,7486
7488,7487
7489,7488
7490,7489
7491,7490
7492,7493
7493,7894
7494,7492
7495,7494
7496,7495
7497,7498
7498,7892
7499,7497
7500,7499
7501,7502
7502,7305
7503,7501
7504,7503
7505,7326
7506,7505
7507,7506
7508,7509
7509,7507
7510,7511
7511,7889
7512,7510
7513,7515
7514,7516
7515,7514
7516,7280
7517,7513
7518,7972
7519,7981
7520,7980
7521,1129
7522,7524
7523,1130
7524,7523
7525,7886
7526,7974
7527,7528
7528,7906
7529,7530
7530,7278
7531,7532
7532,7276
7533,7534
7534,7284
7535,7413
7536,7535
7537,7535
7538,7415
7539,7417
7540,7418
7541,7419
7542,7541
7543,7541
7544,7543
7545,7543
7546,1156
7547,7546
7548,1157
7549,7416
7550,7549
7551,7549
7552,7414
7553,7401
7554,7403
7555,1160
7556,7555
7557,7556
7558,7557
7559,7962
7560,7961
7561,7959
7562,7956
7563,7965
7564,7964
7565,7563
7566,1164
7567,7556
7568,7567
7569,7567
7570,7557
7571,7570
7572,7571
7573,7572
7574,7572
7575,7571
7576,7575
7577,7576
7578,7577
7579,7575
7580,7581
7581,7570
7582,7580
7583,7555
7584,7583
7585,7584
7586,7587
7587,7585
7588,7586
7589,7583
7590,7589
7591,7590
7592,7593
7593,7591
7594,7597
7595,7589
7596,7595
7597,7596
7598,7599
7599,7600
7600,7594
7601,7594
7602,7603
7603,7591
7604,1159
7605,1162
7606,7402
7607,7606
7608,7607
7609,7606
7610,7609
7611,1128
7612,7406
7613,7408
7614,1155
7615,7614
7616,7614
7617,7409
7618,7617
7619,7618
7620,7619
7621,7620
7622,7617
7623,7622
7624,7622
7625,7618
7626,7625
7627,7626
7628,7625
7629,7626
7630,7629
7631,7629
7632,7631
7633,7619
7634,7633
7635,7407
7636,7635
7637,7636
7638,7635
7639,7396
7640,7639
7641,7639
7642,1150
7643,7394
7644,7643
7645,7388
7646,7497
7647,7646
7648,7647
7649,7472
7650,7469
7651,7467
7652,7651
7653,7651
7654,7653
7655,7653
7656,7655
7657,7656
7658,7655
7659,7303
7660,7310
7661,7660
7662,7312
7663,7313
7664,7663
7665,7475
7666,7476
7667,7477
7668,7487
7669,7480
7670,7669
7671,7669
7672,7474
7673,7988
7674,7987
7675,7318
7676,7322
7677,7323
7678,7505
7679,7678
7680,7678
7681,7506
7682,7507
7683,7682
7684,7682
7685,7684
7686,7684
7687,7327
7688,7687
7689,7688
7690,7328
7691,7692
7692,7690
7693,7690
7694,7696
7695,7330
7696,7695
7697,7331
7698,7325
7699,7698
7700,7699
7701,7703
7702,7701
7703,7704
7704,7700
7705,7698
7706,7705
7707,7708
7708,7699
7709,7424
7710,7339
7711,7340
7712,7711
7713,7344
7714,7713
7715,7714
7716,7715
7717,7967
7718,7717
7719,7966
7720,7719
7721,7715
7722,7721
7723,7721
7724,7714
7725,7724
7726,7713
7727,7726
7728,7726
7729,7346
7730,7729
7731,7732
7732,7729
7733,1126
7734,7430
7735,7734
7736,7735
7737,7431
7738,7428
7739,7738
7740,7738
7741,7342
7742,7341
7743,7338
7744,7337
7745,1136
7746,1136
7747,7320
7748,7747
7749,15036
7750,7749
7751,15036
7752,7749
7753,7752
7754,7752
7755,7754
7756,7754
7757,7748
7758,7747
7759,7319
7760,7761
7761,7759
7762,7317
7763,7462
7764,7351
7765,7352
7766,7350
7767,7890
7768,7767
7769,1148
7770,7355
7771,7447
7772,7771
7773,7448
7774,7449
7775,7450
7776,7451
7777,7776
7778,7360
7779,7365
7780,7781
7781,1127
7782,7364
7783,7421
7784,7785
7785,7362
7786,7784
7787,7784
7788,7361
7789,7437
7790,7439
7791,7438
7792,7791
7793,7792
7794,7791
7795,7792
7796,7358
7797,7356
7798,7797
7799,7453
7800,7369
7801,7372
7802,7374
7803,7381
7804,7382
7805,7384
7806,7805
7807,7806
7808,7807
7809,7808
7810,7805
7811,7813
7812,7811
7813,7810
7814,7812
7815,7814
7816,7815
7817,7807
7818,7817
7819,7817
7820,7819
7821,7820
7822,7819
7823,7820
7824,7808
7825,7824
7826,7806
7827,7826
7828,7457
7829,7828
7830,7460
7831,7461
7832,7831
7833,7458
7834,7833
7835,7834
7836,7837
7837,7985
7838,7375
7839,7838
7840,7839
7841,7838
7842,7839
7843,7370
7844,7843
7845,7843
7846,7368
7847,7367
7848,7501
7849,7503
7850,7849
7851,7849
7852,7853
7853,7298
7854,7492
7855,7287
7856,7855
7857,7856
7858,7857
7859,7858
7860,7859
7861,7860
7862,7856
7863,7862
7864,7863
7865,7857
7866,7865
7867,7866
7868,7870
7869,7860
7870,7869
7871,7872
7872,7286
7873,7283
7874,7873
7875,7876
7876,7279
7877,7510
7878,7879
7879,7971
7880,1130
7881,7883
7882,7883
7883,7517
7884,7905
7885,7525
7886,7526
7887,7881
7888,7908
7889,7888
7890,7314
7891,7911
7892,7891
7893,1129
7894,7895
7895,7910
7896,7897
7897,7898
7898,7899
7899,7900
7900,7902
7901,7903
7902,7901
7903,7288
7904,7397
7905,7563
7906,7907
7907,7031
7908,7906
7909,7896
7910,7909
7911,7894
7912,8034
7913,7912
7914,7913
7915,7912
7916,7915
7917,7916
7918,7917
7919,7918
7920,7919
7921,7920
7922,7923
7923,7921
7924,7922
7925,7924
7926,7920
7927,7926
7928,7923
7929,7928
7930,7932
7931,7929
7932,7931
7933,7930
7934,7928
7935,7934
7936,7938
7937,8035
7938,7937
7939,7936
7940,8037
7941,7940
7942,7941
7943,7942
7944,8293
7945,8040
7946,7945
7947,7949
7948,8045
7949,7948
7950,8101
7951,7950
7952,7951
7953,7952
7954,7953
7955,1163
7956,1165
7957,7404
7958,7957
7959,7955
7960,7957
7961,7960
7962,7960
7963,7562
7964,7963
7965,7963
7966,7968
7967,7968
7968,7716
7969,7970
7970,7973
7971,7518
7972,7969
7973,7459
7974,7975
7975,7976
7976,7862
7977,7976
7978,1132
7979,7978
7980,7893
7981,7520
7982,7380
7983,7377
7984,7983
7985,7982
7986,7989
7987,7989
7988,7990
7989,7990
7990,7992
7991,7992
7992,7994
7993,7994
7994,1124
7996,7995
7997,7996
7998,7997
7999,8000
8000,7998
8001,8252
8002,8004
8003,8001
8004,8003
8005,8002
8006,8005
8007,8006
8008,8007
8009,8010
8010,8256
8011,8277
8012,8011
8013,8012
8014,8013
8015,8268
8016,8015
8017,8016
8018,8017
8019,8018
8020,8019
8021,8020
8022,8021
8023,8022
8024,8023
8025,8024
8027,8026
8028,8305
8029,8028
8030,8029
8031,8287
8032,8031
8033,8032
8034,8033
8035,8034
8036,8035
8037,8036
8038,8037
8039,8292
8040,8039
8041,8033
8042,8041
8043,8042
8044,8043
8045,8044
8046,8045
8047,8026
8048,8047
8049,8048
8050,8049
8051,8254
8052,8051
8053,8052
8054,8053
8055,8048
8056,8055
8057,8056
8058,8057
8059,8058
8060,8059
8061,8262
8062,8061
8063,8062
8064,8066
8065,8064
8066,8001
8067,8065
8068,8252
8069,8068
8070,8069
8071,8070
8072,8074
8073,8071
8074,8073
8075,8072
8076,8075
8077,8076
8078,8077
8079,8078
8080,8079
8081,8080
8082,8009
8083,8082
8084,8083
8085,8057
8086,8085
8087,8089
8088,8090
8089,8088
8090,8086
8091,8087
8092,8091
8093,8296
8094,8096
8095,8093
8096,8095
8097,8094
8098,8036
8099,8098
8100,8099
8101,8043
8102,8101
8103,8102
8104,8103
8105,8039
8106,8105
8107,8106
8108,8107
8109,8108
8110,8109
8111,8044
8112,8111
8113,8112
8114,8113
8115,8114
8116,8117
8117,8298
8118,8299
8119,8253
8120,8257
8121,8120
8122,8288
8123,8122
8124,8032
8125,8124
8126,8042
8127,8126
8128,8127
8129,8126
8130,8129
8131,8130
8132,8041
8133,8132
8134,8031
8135,8289
8136,8135
8137,8136
8138,8137
8139,8136
8140,8139
8141,8140
8142,8137
8143,8142
8144,8135
8145,8254
8146,8145
8147,8146
8148,8147
8149,8052
8150,8051
8151,8150
8152,8151
8153,8150
8154,8153
8155,8157
8156,8259
8157,8161
8158,8155
8159,8158
8160,8159
8161,8156
8162,8160
8163,8166
8164,8165
8165,8167
8166,8160
8167,8163
8168,8050
8169,8168
8170,8049
8171,8170
8172,8055
8173,8172
8174,8175
8175,8173
8176,8085
8177,8176
8178,8176
8179,8178
8180,8178
8181,8087
8182,8181
8183,8091
8184,8295
8185,8093
8186,8185
8187,8186
8188,8058
8189,8060
8190,8189
8191,8062
8192,8191
8193,8056
8194,8047
8195,8283
8196,8281
8197,8276
8198,8201
8199,8272
8200,8199
8201,8200
8202,8198
8203,8198
8204,8015
8205,8204
8206,8205
8207,8206
8208,8205
8209,8204
8210,8018
8211,8210
8212,8020
8213,8019
8214,8017
8215,8016
8216,8012
8217,8216
8218,8013
8219,8011
8220,8269
8221,8220
8222,8273
8223,8083
8224,8265
8225,8224
8226,7999
8228,8227
8229,8230
8230,8227
8231,8070
8232,8071
8233,8232
8234,8072
8235,8234
8236,8079
8237,8080
8238,8078
8239,8077
8240,8239
8241,8075
8242,8069
8243,8007
8244,8243
8245,8006
8246,8005
8247,8002
8248,8065
8249,8248
8250,8230
8251,8255
8252,8251
8253,8302
8254,8259
8255,7999
8256,7998
8257,8009
8258,8257
8259,8261
8260,8050
8261,8260
8262,8263
8263,8060
8264,8253
8265,8266
8266,8256
8267,8068
8268,8270
8269,8271
8270,8271
8271,8274
8272,8274
8273,8275
8274,8275
8275,8278
8276,8279
8277,8270
8278,8280
8279,8280
8280,8282
8281,8282
8282,8285
8283,8285
8284,8286
8285,8286
8287,8290
8288,8290
8289,8291
8290,8291
8291,8030
8292,8294
8293,8294
8294,8038
8295,8297
8296,8297
8297,8092
8298,8300
8299,8300
8300,8119
8301,8304
8302,8303
8303,8301
8304,8305
8305,8027
8307,8308
8308,8306
8309,8307
8310,9490
8311,8310
8312,9596
8313,8312
8314,8313
8315,8316
8316,8314
8317,8315
8318,8317
8319,8318
8320,8319
8321,8320
8322,8321
8324,8323
8325,8324
8326,8327
8327,8325
8328,8326
8329,8328
8330,8329
8331,8330
8333,9513
8334,8336
8335,8339
8336,8338
8337,8335
8338,8333
8339,8334
8340,8337
8341,8340
8342,8341
8343,8342
8344,8343
8345,8344
8346,8345
8347,9514
8348,8347
8349,15037
8350,8351
8351,8349
8352,8350
8353,8352
8354,8353
8355,8354
8356,8355
8357,8356
8358,8357
8359,8358
8360,8359
8361,8360
8362,8361
8363,8362
8364,8363
8365,8364
8366,8365
8367,8366
8368,8367
8369,8368
8370,8337
8371,8370
8372,8371
8373,9599
8374,8375
8375,8376
8376,8377
8378,8374
8380,9517
8381,8380
8382,8381
8383,8382
8384,8385
8385,8383
8386,8384
8387,8389
8388,8392
8390,8388
8391,8387
8392,8391
8393,8390
8394,9524
8395,8394
8396,8398
8397,8396
8398,8399
8399,8395
8400,8397
8401,8400
8402,8401
8403,8402
8404,8403
8405,9602
8406,9480
8407,8406
8408,8407
8409,8408
8410,9481
8411,8410
8412,8411
8413,9603
8414,8413
8415,8414
8416,8415
8417,8416
8418,8417
8419,8418
8420,8419
8421,8420
8422,8421
8423,8422
8424,8423
8425,8424
8426,8425
8427,8426
8428,8427
8429,8428
8430,8429
8431,8430
8432,8431
8433,8432
8434,8433
8435,8436
8436,8434
8437,8438
8438,8435
8439,8437
8440,8439
8441,8440
8442,8441
8443,8442
8444,8443
8445,8444
8447,8446
8448,8447
8449,8448
8450,8449
8451,8450
8452,8451
8453,8452
8454,8453
8455,8454
8456,8455
8457,8456
8458,8457
8459,8458
8460,8459
8461,8463
8462,8460
8463,8462
8464,8461
8465,8469
8466,8464
8467,8465
8468,8470
8469,8466
8470,8467
8471,8468
8472,8473
8473,8474
8474,8471
8475,8472
8476,8477
8477,8475
8478,8479
8479,8476
8480,8478
8481,8482
8482,8433
8483,8481
8484,9607
8485,8484
8486,8485
8487,8439
8488,8487
8489,8417
8490,8489
8491,8490
8492,9610
8493,8492
8494,8493
8495,8494
8496,9613
8497,8496
8498,8497
8499,8421
8500,8499
8501,8500
8502,8501
8503,8502
8504,8503
8505,8504
8506,8505
8507,9615
8508,8507
8509,8508
8510,8364
8511,8390
8512,8511
8513,9620
8514,8515
8515,8457
8516,8517
8517,8514
8518,9627
8519,9630
8520,8519
8521,8523
8522,8521
8523,8520
8524,8454
8525,8524
8526,8525
8527,9522
8528,8527
8529,8530
8530,8528
8531,8532
8532,8533
8533,9527
8534,8531
8535,8534
8536,8537
8537,8538
8538,9631
8539,8536
8540,8539
8541,8446
8542,8541
8543,8542
8544,8543
8545,9514
8546,8545
8547,8546
8548,8549
8549,8550
8550,8547
8551,8548
8552,8551
8553,8552
8554,8553
8555,8556
8556,8554
8557,8342
8558,8557
8559,8558
8560,8559
8561,8562
8562,8560
8563,8561
8564,8563
8565,8564
8566,8565
8567,8566
8568,8374
8569,8510
8571,8572
8572,8570
8573,9681
8574,9118
8575,9511
8576,9111
8577,9497
8578,9504
8579,8679
8580,9094
8582,9507
8583,9691
8584,8583
8585,8584
8586,9689
8587,8588
8590,8589
8591,8592
8594,8598
8595,8594
8596,8597
8597,8595
8600,8599
8601,8602
8602,8861
8603,8996
8604,8605
8606,8604
8608,8611
8609,8608
8611,8610
8613,8612
8614,8615
8615,8613
8616,8614
8617,8616
8618,8613
8619,8620
8620,8621
8621,8618
8622,8612
8623,8624
8624,8622
8625,8623
8626,8625
8627,8626
8628,8627
8629,8628
8630,8629
8631,8630
8632,8631
8633,8632
8634,8633
8635,8634
8636,8628
8637,8636
8638,8636
8639,8634
8640,8633
8641,8640
8642,8640
8643,8632
8644,8629
8645,8644
8646,8645
8647,8627
8648,8647
8649,8648
8650,8649
8651,8649
8652,8651
8653,8655
8654,8651
8655,8654
8656,8623
8657,8656
8659,8658
8660,9533
8661,8660
8662,8661
8663,9638
8664,8663
8665,8664
8666,8665
8667,8668
8668,8658
8669,9534
8670,8669
8671,9534
8672,8671
8673,9502
8674,9637
8675,8674
8676,8675
8677,8674
8678,8675
8679,8678
8680,9635
8681,8680
8682,8681
8683,8686
8684,8685
8685,8661
8686,8684
8687,8688
8688,9576
8689,8687
8690,8689
8691,8690
8692,8691
8693,8692
8694,8693
8695,8694
8696,8698
8697,8696
8698,9455
8699,8701
8700,8699
8701,8698
8702,9574
8703,8704
8704,8702
8705,8703
8706,8707
8707,8705
8708,9576
8709,8708
8710,8709
8711,8710
8712,8689
8713,8712
8714,8690
8715,8714
8716,8714
8717,8716
8718,8717
8719,8718
8720,8719
8721,8691
8722,8721
8723,8694
8724,8723
8725,8726
8726,8724
8727,8725
8728,8727
8729,8723
8730,8725
8731,8730
8732,8693
8733,8732
8734,8692
8735,8734
8736,8737
8737,8735
8738,8736
8739,8735
8740,8741
8741,9454
8742,8744
8743,8742
8744,8745
8745,9542
8747,8748
8748,8749
8749,8746
8750,8542
8751,8750
8752,8751
8753,8758
8754,8760
8755,8757
8756,8451
8757,8756
8758,8754
8759,8755
8760,8759
8761,8525
8762,8524
8763,8460
8764,9641
8765,8764
8766,8767
8767,9583
8768,9584
8769,8768
8770,8771
8771,9584
8772,9639
8773,8468
8774,8773
8775,8774
8776,8777
8777,8775
8778,8775
8779,8475
8780,8779
8781,8783
8782,8781
8783,8780
8784,8782
8785,8782
8786,8478
8787,8789
8788,8787
8789,8791
8790,8792
8791,8786
8792,8788
8793,8790
8794,8793
8795,8794
8796,8790
8797,8796
8798,8800
8799,8798
8800,8797
8801,8796
8802,8797
8803,8802
8804,8793
8805,8804
8806,8472
8807,8806
8808,8459
8809,8458
8810,8811
8811,8813
8812,8810
8813,9621
8814,8812
8815,8814
8816,9624
8817,8816
8818,8820
8819,9628
8820,8821
8821,8819
8822,8818
8823,8818
8824,8823
8825,8824
8826,8825
8827,8826
8828,8519
8829,8828
8830,8833
8831,8834
8832,8830
8833,8835
8834,9626
8835,8836
8836,8831
8837,8844
8838,8845
8839,8842
8840,8832
8841,8843
8842,8846
8843,8838
8844,8839
8845,8840
8846,8841
8847,8837
8848,9642
8849,8851
8850,8849
8851,8832
8852,8850
8853,8850
8854,8837
8855,8854
8856,8455
8857,8453
8858,8452
8859,8858
8860,8864
8861,8860
8862,8861
8863,8448
8864,8863
8865,8867
8866,8865
8867,9618
8868,8869
8869,8871
8870,8405
8871,8870
8872,8868
8873,8874
8874,9479
8875,8876
8876,8406
8877,9678
8878,8880
8879,8877
8880,8879
8881,8882
8882,8878
8883,8878
8884,9675
8885,8884
8886,8885
8887,8888
8888,8886
8889,8890
8890,8885
8891,8884
8892,8410
8893,8892
8894,8895
8895,8893
8896,8894
8897,9648
8898,8897
8899,8898
8900,9647
8901,8411
8902,8905
8903,8413
8904,8902
8905,8903
8906,8904
8907,8906
8908,8904
8909,8908
8910,8908
8911,8910
8912,8915
8913,8414
8914,8913
8915,8914
8916,8912
8917,8489
8918,8490
8919,9611
8920,8919
8921,8919
8922,8921
8923,8493
8924,8923
8925,8926
8926,8924
8927,8494
8928,8927
8929,9614
8930,8929
8931,8930
8932,8492
8933,8419
8934,8423
8935,8934
8936,8424
8937,8936
8938,8427
8939,8430
8940,8431
8941,8484
8942,8941
8943,8942
8944,8945
8945,8941
8946,9606
8947,8948
8948,8435
8949,9587
8950,9587
8951,8953
8952,9652
8953,8952
8954,8951
8955,8954
8956,8955
8957,8958
8958,8956
8959,8951
8960,9651
8961,8960
8962,8963
8963,9590
8964,8947
8965,8964
8966,8440
8967,8441
8968,8444
8969,8971
8970,8437
8971,8970
8972,8969
8973,8972
8974,8969
8975,8432
8976,8977
8977,8975
8978,8975
8979,8426
8980,8979
8981,8980
8982,8980
8983,8982
8984,8983
8985,8984
8986,8985
8987,8990
8988,8989
8989,8982
8990,8988
8991,8997
8992,8995
8993,8991
8994,8992
8995,8993
8996,8994
8997,8987
8998,8996
8999,9002
9000,8987
9001,9654
9002,8998
9003,8979
9004,9003
9005,9004
9006,9007
9007,9003
9008,8425
9009,8422
9010,9011
9011,9009
9012,9014
9013,8499
9014,9013
9015,8501
9016,8504
9017,9018
9018,9016
9019,9022
9020,9019
9021,8505
9022,9021
9023,8507
9024,9617
9025,9024
9026,9025
9027,9026
9028,9027
9029,9028
9030,9028
9031,9030
9032,9027
9033,9032
9034,9032
9035,9036
9036,9024
9037,8500
9038,9037
9039,9040
9040,9038
9041,9042
9042,9037
9043,9041
9044,8420
9045,8416
9046,9045
9047,8415
9048,9047
9049,9605
9050,9052
9051,9053
9052,8408
9053,9050
9054,9051
9055,8407
9056,9059
9057,9061
9058,9057
9059,9058
9060,9055
9061,9060
9062,9673
9063,9064
9064,8397
9065,8404
9066,9065
9067,9066
9068,9069
9069,9067
9070,9068
9071,9070
9072,9071
9073,9075
9074,9073
9075,8401
9076,8395
9077,9076
9078,9077
9079,9080
9080,9078
9081,9079
9082,9078
9083,9082
9084,9659
9085,9091
9086,9085
9087,9086
9088,9087
9089,9085
9090,9089
9091,9082
9092,9632
9093,8539
9094,8536
9095,9094
9096,8527
9097,9096
9099,9098
9100,9101
9102,9100
9103,9553
9104,9494
9105,9106
9106,9104
9107,9495
9108,9109
9109,9107
9110,9551
9111,9110
9112,9113
9113,9114
9114,9519
9115,9116
9116,8381
9117,9115
9118,9115
9119,9517
9120,9119
9122,9123
9123,9530
9125,9124
9126,9127
9127,9125
9128,9129
9129,9127
9130,9131
9131,9124
9132,9130
9133,9136
9134,9132
9135,9134
9136,9135
9137,9132
9138,9139
9139,9126
9140,9138
9141,9140
9142,9143
9143,9145
9144,9142
9145,9126
9146,9144
9147,9510
9148,9147
9149,9508
9150,9151
9151,9125
9152,9150
9153,9152
9157,9158
9158,9156
9159,9157
9160,9157
9162,9164
9163,9161
9164,9163
9165,9162
9166,9165
9167,9166
9168,9169
9169,9161
9170,9168
9171,9170
9172,9171
9174,9173
9175,9176
9177,9175
9179,8377
9180,9179
9181,8378
9182,9181
9183,9182
9184,9183
9185,9184
9187,9186
9188,9189
9189,9187
9190,9191
9191,9192
9193,9195
9194,9193
9196,9194
9197,9579
9198,9197
9201,9200
9203,9202
9206,9205
9207,9450
9208,9694
9209,9208
9210,9208
9211,9210
9212,9694
9213,9214
9215,9213
9216,9215
9218,9217
9219,9218
9220,9219
9221,9548
9222,9221
9223,9222
9224,9226
9225,9223
9226,9225
9227,9224
9228,9230
9229,9665
9230,9229
9231,9228
9232,9231
9233,9221
9234,9233
9235,9666
9236,9669
9237,9236
9238,9237
9239,9236
9240,9241
9241,9239
9242,9197
9243,9244
9244,9196
9245,9246
9246,8332
9247,9249
9248,9247
9249,9245
9250,9248
9251,9250
9252,9253
9253,8333
9254,9252
9255,9252
9256,8341
9257,8557
9258,8558
9259,9258
9260,8343
9261,9260
9262,8345
9263,9262
9264,8545
9265,8552
9266,9265
9267,8554
9268,9267
9269,8553
9270,8551
9271,8548
9272,9271
9273,9567
9274,9273
9275,9274
9276,9277
9277,9275
9278,9276
9279,9280
9280,9275
9281,9279
9282,9281
9283,9282
9284,9282
9285,9284
9286,15037
9287,9290
9288,9291
9289,9286
9290,9289
9291,9287
9292,8350
9293,9292
9294,8360
9295,9294
9296,8361
9297,9296
9298,9297
9299,9298
9300,9299
9301,9300
9302,9301
9303,9302
9304,9303
9305,9304
9306,9304
9307,9306
9308,9309
9309,9310
9310,9307
9311,9306
9312,9303
9313,9312
9314,9493
9315,9493
9316,9298
9317,9297
9318,9296
9319,8365
9320,8366
9321,8363
9322,8362
9323,9322
9324,9323
9325,9323
9326,9322
9327,8357
9328,9329
9329,8353
9330,8347
9331,8344
9332,9331
9333,8340
9334,9333
9335,9334
9336,9338
9337,9336
9338,9333
9339,8370
9340,9598
9341,8371
9342,9341
9343,9342
9344,8334
9345,9344
9346,9347
9350,9351
9351,9352
9352,8324
9353,8328
9354,9353
9355,8326
9356,9593
9357,9593
9358,9591
9359,9358
9362,9361
9364,9365
9365,9366
9366,9363
9367,9368
9368,9363
9369,8309
9370,9373
9371,9374
9372,9371
9373,8310
9374,9370
9375,8319
9376,9377
9377,9375
9378,8313
9379,9378
9380,8312
9381,9595
9382,9490
9383,9382
9384,9382
9385,9569
9386,9385
9387,9386
9388,9387
9389,9388
9390,9389
9391,9390
9392,9663
9393,9392
9394,9388
9395,9392
9396,9662
9397,9387
9398,9569
9399,8306
9400,9399
9401,9400
9402,9401
9403,9402
9404,9402
9405,9401
9406,9400
9408,9572
9409,9408
9410,9570
9411,9410
9412,9413
9413,9572
9414,9415
9415,9668
9416,9224
9417,9416
9418,9690
9419,9418
9420,9419
9421,9418
9422,9421
9423,9424
9424,9421
9425,9423
9426,9425
9427,9426
9428,9682
9429,9428
9430,9429
9431,9430
9432,9428
9433,9432
9434,9432
9435,9430
9436,9435
9437,9435
9438,9429
9439,9438
9441,9442
9442,9440
9443,9441
9444,9528
9445,9687
9446,9459
9447,8959
9448,8959
9449,9451
9450,9206
9451,8569
9452,9456
9453,9452
9454,9542
9455,9454
9456,8653
9457,9554
9458,9548
9459,8731
9460,9461
9461,8522
9462,9657
9463,9658
9464,9466
9465,9467
9466,9465
9467,9463
9468,9464
9469,9471
9470,9543
9471,9470
9472,8522
9473,9472
9474,9459
9475,9482
9476,9475
9477,9674
9478,8405
9479,9478
9480,9525
9481,9477
9482,9462
9483,9485
9484,9646
9485,9484
9486,8973
9487,9581
9488,9489
9489,9479
9490,9511
9491,9528
9492,9529
9493,9316
9494,9495
9495,9551
9496,9498
9497,9496
9498,9550
9499,9549
9500,8581
9501,8593
9502,9536
9503,9452
9504,9502
9505,9472
9506,9543
9507,9531
9508,9146
9509,9508
9510,9509
9511,8309
9512,8332
9513,9512
9514,8346
9515,9519
9516,9515
9517,9518
9518,9516
9519,8379
9521,9520
9522,9521
9523,9601
9524,9672
9525,9488
9526,8529
9527,9526
9528,9529
9530,9457
9531,8581
9532,8593
9533,8659
9534,9535
9535,9533
9536,8665
9537,9504
9538,9539
9539,9541
9540,9538
9541,8659
9543,9546
9544,8520
9545,9544
9546,9545
9547,8856
9548,8973
9549,9072
9551,9552
9552,8379
9553,9487
9554,9555
9555,9130
9556,9558
9557,9510
9558,9557
9559,9562
9560,9561
9561,9245
9562,9560
9563,9564
9564,8348
9565,9566
9566,9563
9567,9568
9568,9565
9569,8307
9571,9570
9572,9571
9573,9536
9574,9455
9575,9574
9576,9575
9577,8577
9578,8577
9579,9559
9580,9494
9581,9580
9582,8765
9583,9582
9584,9585
9585,9583
9586,8609
9587,9588
9588,9590
9589,8947
9590,9589
9591,8323
9592,9591
9593,9592
9594,8311
9595,9594
9596,9594
9597,8372
9598,9597
9599,9597
9600,8393
9601,9600
9602,9600
9603,9604
9604,8412
9605,9604
9606,9608
9607,9608
9608,8483
9609,8491
9610,9609
9611,9609
9612,8495
9613,9612
9614,9612
9615,9616
9616,8506
9617,9616
9618,9619
9619,8512
9620,9619
9621,9622
9622,8516
9623,9622
9624,9625
9625,9623
9626,9623
9627,9625
9628,9629
9629,8518
9630,9629
9631,9633
9632,9633
9633,8535
9634,8662
9635,9634
9636,9634
9637,9636
9638,9636
9639,9640
9640,8763
9641,9640
9642,9643
9643,8847
9644,9645
9645,9643
9646,9645
9647,9649
9648,9649
9649,8896
9650,8950
9651,9650
9652,9650
9653,8999
9654,9653
9655,9653
9656,9655
9657,9656
9658,9656
9659,9660
9660,9083
9661,9391
9662,9661
9663,9661
9664,9667
9665,9664
9666,9667
9667,9227
9668,9670
9669,9670
9670,9235
9671,9523
9672,9671
9673,9671
9674,9677
9675,9677
9676,8409
9677,9676
9678,9676
9679,9680
9680,9683
9681,9679
9682,9683
9683,9684
9684,9685
9685,9686
9686,8574
9687,9688
9689,8967
9690,8534
9691,9664
9692,8418
9693,9692
9694,9692
9695,9696
9696,13058
9698,9697
9699,9700
9700,10390
9701,9703
9702,9699
9703,9702
9704,10542
9705,9704
9706,9705
9707,9709
9708,9710
9709,9711
9710,9707
9711,9706
9712,9708
9713,9712
9714,9713
9715,9717
9716,9715
9717,10456
9718,9716
9719,9718
9720,9719
9721,9720
9722,9721
9723,9722
9724,10449
9725,9726
9727,9725
9728,9727
9729,9730
9730,9728
9731,9733
9732,9735
9733,9734
9734,9732
9735,10427
9736,9731
9737,9736
9738,9737
9740,9739
9742,9741
9743,9744
9744,9742
9745,9743
9746,9749
9747,9745
9748,9746
9749,9747
9750,9748
9752,9751
9753,9752
9754,9753
9756,9755
9757,9756
9758,9757
9760,9759
9762,9761
9764,9765
9765,9766
9766,9763
9767,9764
9768,9769
9770,9768
9771,9770
9772,9771
9773,9772
9774,9773
9775,9774
9776,9775
9777,9776
9778,9777
9780,10460
9781,9780
9782,9781
9783,9782
9784,9787
9785,9783
9786,9785
9787,9786
9789,9788
9790,9789
9791,9790
9792,9791
9793,9792
9794,9793
9795,9796
9796,9794
9797,9798
9798,9795
9799,9797
9800,9799
9801,9800
9803,9802
9804,9803
9805,10464
9806,9805
9807,9806
9809,9808
9810,9809
9811,9812
9812,9813
9814,9811
9815,9814
9816,9815
9818,9817
9819,9818
9820,9824
9821,9825
9822,9823
9823,9826
9824,9821
9825,9819
9826,9820
9827,9819
9829,9828
9830,9831
9831,9829
9832,9830
9833,9832
9834,9833
9835,9836
9836,9834
9837,9840
9838,10465
9839,9841
9840,9839
9841,9838
9842,10470
9843,9842
9844,9843
9845,9844
9846,9845
9847,9846
9848,9847
9849,9848
9850,9849
9851,9850
9852,10478
9853,9854
9854,10364
9855,9853
9856,9855
9858,9862
9859,9861
9860,9863
9861,9738
9862,9859
9863,9858
9864,9865
9865,10462
9866,10401
9867,10522
9868,10216
9869,10360
9870,10387
9871,10539
9875,10365
9877,9879
9878,9877
9879,9876
9881,9880
9882,9883
9883,9881
9885,10482
9886,10486
9887,10481
9888,9887
9889,9890
9890,10485
9891,10363
9892,9891
9893,10363
9894,9893
9895,9855
9896,9856
9897,9853
9898,9897
9899,9898
9900,9898
9901,9897
9902,9903
9903,9904
9904,9901
9905,9901
9906,10405
9907,9906
9908,9907
9909,9910
9910,9908
9911,9906
9912,9908
9913,9907
9914,10405
9915,9916
9916,10398
9917,9918
9918,9830
9919,9917
9920,9917
9921,9922
9922,9923
9923,9832
9924,9921
9925,9921
9926,9927
9927,9833
9928,9926
9929,9926
9930,9929
9931,9929
9932,10466
9933,9932
9934,9933
9935,9934
9936,9932
9937,9934
9938,9933
9939,9938
9940,9939
9941,10476
9942,9941
9943,9942
9944,10471
9945,9847
9946,9945
9947,9946
9948,9947
9949,9945
9950,9946
9951,9947
9952,10479
9953,9850
9954,9953
9955,9846
9956,10469
9957,10472
9958,10468
9959,9960
9960,9834
9961,9959
9962,9959
9963,9831
9964,9963
9965,1208
9966,1205
9968,9967
9969,9968
9971,9970
9973,9972
9975,9974
9977,9976
9979,9978
9981,9980
9982,9981
9984,9983
9986,9985
9988,9987
9990,9989
9991,9990
9992,9991
9994,9993
9995,9994
9996,9995
9998,9997
9999,9998
10000,9999
10002,10001
10004,10003
10005,10004
10006,10500
10007,10006
10008,10501
10009,10008
10011,10010
10012,10011
10013,10012
10015,10014
10017,10016
10018,10019
10020,10021
10021,10018
10022,10020
10023,10022
10024,10025
10025,10018
10026,10024
10027,10026
10030,10029
10032,10031
10033,10032
10034,10033
10036,10035
10037,10038
10039,10037
10041,10040
10042,10043
10045,10044
10046,10045
10048,10047
10049,10048
10050,10049
10053,10052
10055,10054
10056,10055
10058,10057
10059,10058
10060,10409
10062,10061
10063,10062
10064,10063
10066,10065
10067,10068
10068,10069
10070,10067
10071,10070
10072,10071
10073,10415
10074,10073
10075,10415
10076,10075
10077,9742
10078,10077
10079,10078
10080,10079
10081,10083
10082,10081
10083,9741
10084,10085
10085,10082
10086,10416
10087,10088
10088,10086
10089,10086
10090,10089
10091,10081
10092,10091
10093,10092
10095,10096
10096,10380
10097,10382
10098,10420
10099,10098
10100,10099
10101,10100
10102,10103
10103,10099
10104,10105
10105,10379
10106,9736
10107,10431
10109,10110
10110,10111
10111,10108
10112,10113
10113,9740
10114,9739
10115,9731
10116,10117
10117,9730
10118,10120
10119,10118
10120,10122
10121,10119
10122,9728
10123,10124
10124,10125
10125,9727
10126,10452
10127,10126
10128,10453
10129,10128
10130,10454
10131,10130
10132,10133
10133,10129
10134,10132
10135,10136
10136,10134
10137,10135
10138,10139
10139,10132
10140,10390
10141,10140
10142,10143
10143,10141
10144,9704
10145,10144
10146,10145
10147,10152
10148,10147
10149,10150
10150,10146
10151,10153
10152,10151
10153,10149
10154,10148
10155,10144
10156,10145
10157,10156
10158,10156
10159,10146
10160,9706
10161,10160
10162,10160
10163,9712
10164,9721
10165,10164
10166,10164
10167,10449
10168,10167
10169,10168
10170,10171
10171,10451
10172,10175
10173,9723
10174,10173
10175,10176
10176,10174
10177,9722
10178,9720
10179,10178
10180,10179
10181,10180
10182,10181
10183,10182
10184,10185
10185,10182
10186,10181
10187,10188
10188,10179
10189,10178
10190,9719
10191,10190
10192,9713
10193,10192
10194,10193
10195,10194
10196,10195
10197,10196
10198,10197
10199,10198
10200,10192
10201,10193
10202,9708
10203,9705
10204,10203
10205,10221
10206,10205
10207,10206
10208,10209
10209,10211
10210,10215
10211,10207
10212,10214
10213,10212
10214,10208
10215,10213
10216,10210
10217,10203
10218,10207
10219,10206
10220,10205
10221,10204
10222,10204
10223,10222
10224,10503
10225,10224
10226,10505
10227,10542
10228,9699
10229,10228
10230,10229
10231,10234
10232,10506
10233,10235
10234,10232
10235,10231
10236,10508
10237,10236
10238,10237
10239,10237
10240,10241
10241,9700
10242,10252
10243,10244
10244,10242
10245,10243
10246,10245
10247,10248
10248,10246
10249,10437
10250,10249
10251,10254
10252,10251
10253,10250
10254,10255
10255,10253
10256,10263
10257,10256
10258,10259
10259,10263
10260,10258
10261,10258
10262,10264
10263,10262
10264,10247
10265,10257
10266,10267
10267,9697
10272,10271
10273,10274
10276,10556
10277,10276
10279,10278
10280,10369
10281,10280
10282,10283
10285,10366
10286,10285
10288,10287
10289,10290
10290,10291
10291,10292
10292,10293
10293,10552
10294,10293
10295,10294
10296,10295
10297,10510
10298,10297
10299,10298
10300,10299
10301,10300
10302,10536
10303,10536
10304,10306
10305,10304
10306,10546
10307,10545
10308,10300
10309,10299
10310,10309
10311,10312
10312,10310
10313,10509
10314,10313
10315,10290
10317,10316
10318,10317
10320,10319
10321,10552
10322,10321
10323,10322
10324,10327
10325,10544
10326,10324
10327,10329
10328,10330
10329,10325
10330,10326
10331,10334
10332,10335
10334,10333
10335,10331
10337,10336
10339,10338
10340,10512
10341,10340
10342,10343
10344,10342
10346,10345
10347,9873
10348,9873
10349,10432
10350,10432
10351,10350
10352,10351
10353,10356
10354,10356
10355,10457
10356,10352
10357,10352
10358,10360
10359,10438
10360,10444
10361,9982
10362,10400
10363,10362
10364,10400
10366,10284
10367,10514
10368,10367
10371,10515
10372,10307
10373,9698
10374,10373
10375,10374
10376,10375
10377,9701
10378,10424
10379,9729
10380,10381
10381,10422
10383,10082
10384,10383
10385,10433
10386,10388
10387,10386
10389,9864
10390,10391
10391,10376
10392,10393
10393,10446
10394,9740
10396,10397
10397,10395
10398,10399
10399,9828
10400,10398
10401,10389
10402,10516
10403,10402
10404,10364
10405,10404
10406,9864
10407,10406
10408,10027
10410,10413
10411,10410
10412,10387
10413,10412
10414,9743
10415,10414
10416,10417
10417,10384
10418,10382
10419,10421
10420,10419
10421,10418
10422,10423
10423,10420
10424,10425
10425,10380
10426,10104
10427,10426
10428,10430
10430,10429
10431,10428
10432,10190
10433,10202
10434,10223
10435,10434
10436,10373
10437,10436
10438,10302
10439,10307
10440,10439
10441,10442
10442,10372
10443,10441
10444,10323
10445,10342
10446,10447
10447,9737
10448,10451
10449,10448
10450,9723
10451,10450
10452,10123
10453,10452
10454,10455
10455,9725
10456,10458
10457,10458
10458,9714
10459,10461
10460,10461
10461,9779
10462,10463
10463,9804
10464,10463
10465,15038
10466,15038
10467,9835
10468,10467
10469,10474
10470,10473
10471,10473
10472,10474
10473,10475
10474,10475
10475,10477
10476,10477
10477,9837
10478,10480
10479,10480
10480,9851
10481,10483
10482,10483
10483,10484
10484,9884
10485,10487
10486,10487
10487,10488
10488,9885
10489,10493
10490,10493
10491,10494
10492,10494
10493,10495
10494,10495
10495,1173
10496,10497
10497,10498
10498,9816
10499,10497
10500,10502
10501,10502
10502,10005
10503,10504
10504,10435
10505,10504
10506,10507
10507,10230
10508,10507
10509,10511
10510,10511
10511,10296
10512,10513
10513,9874
10514,10513
10515,10517
10516,10517
10517,10370
10518,10216
10519,9868
10520,10521
10521,10519
10522,10518
10524,10535
10525,10524
10526,10525
10527,10526
10528,10527
10529,10535
10530,10529
10531,10530
10532,10531
10533,10532
10534,10533
10536,10537
10537,10540
10538,10372
10539,10538
10540,10539
10541,10377
10542,10541
10543,10541
10544,10543
10545,10546
10546,10553
10547,10553
10548,10551
10549,10548
10550,10549
10551,10547
10552,10551
10554,9856
10555,10544
10559,10563
10560,8607
10561,10560
10562,10593
10563,10562
10564,10565
10565,9586
10566,10571
10567,10569
10568,8609
10569,10566
10570,10572
10571,10570
10572,10568
10573,10567
10574,10576
10575,10567
10576,10575
10577,10574
10578,10577
10579,10578
10580,10579
10581,10580
10582,10574
10583,10596
10584,10598
10585,10587
10586,10579
10587,10586
10588,10572
10589,10588
10592,10591
10593,8607
10594,10595
10595,9586
10596,10597
10597,10582
10598,10597
10600,10599
10601,10603
10602,10601
10604,10614
10605,11364
10606,10605
10607,10606
10608,10607
10609,11367
10610,10609
10611,10610
10612,10611
10613,10612
10614,11320
10615,11314
10616,11333
10617,10616
10618,10617
10619,10618
10620,10619
10621,11316
10622,10623
10623,10621
10624,10622
10625,10624
10626,10625
10627,11376
10628,10627
10629,11529
10630,10629
10631,10630
10632,10631
10633,10632
10634,10636
10635,10634
10636,10633
10637,10635
10638,11336
10639,10638
10640,10641
10641,10639
10642,10640
10643,11287
10644,10643
10645,11378
10646,10645
10647,10646
10648,11132
10649,10648
10650,10649
10651,10650
10652,10872
10653,11339
10654,10653
10655,10654
10656,11343
10657,10656
10658,10657
10659,10658
10660,10659
10661,10660
10662,10663
10663,10665
10664,10661
10665,10666
10666,10664
10667,10668
10668,10662
10669,11131
10670,10669
10671,11130
10672,10671
10673,11021
10674,11020
10675,11310
10676,10675
10677,10676
10678,10677
10679,11013
10680,10679
10681,10680
10682,10681
10683,10682
10684,10686
10685,10683
10686,10685
10687,11490
10688,11384
10689,10688
10690,10689
10691,10690
10692,11388
10693,11397
10694,10695
10695,10693
10696,10694
10697,10877
10698,10697
10699,10698
10700,10699
10701,10973
10702,10701
10703,10702
10704,10703
10705,10704
10706,10707
10707,10705
10708,10706
10709,10708
10710,10646
10711,10710
10712,10711
10713,10712
10714,10713
10715,10716
10716,10714
10717,10715
10718,11519
10719,10720
10720,11523
10721,10722
10722,11313
10723,11525
10724,11521
10725,11311
10726,10725
10727,10726
10728,10727
10729,10728
10730,10729
10731,10730
10732,10727
10733,11311
10734,10733
10735,10733
10736,10735
10737,10741
10738,10737
10739,11527
10740,10738
10741,10742
10742,10739
10743,11399
10744,10743
10745,10744
10746,10745
10747,10746
10748,10747
10749,10751
10750,10752
10751,10750
10752,11402
10753,11400
10754,10753
10755,10757
10756,10745
10757,10756
10758,11405
10759,10758
10760,11403
10761,11533
10762,10761
10763,10762
10764,10763
10765,10764
10766,10765
10767,10766
10768,10767
10769,10768
10770,10769
10771,11407
10772,10765
10773,11365
10774,10606
10775,10607
10776,10779
10777,10776
10778,10780
10779,10778
10780,10612
10781,11496
10782,10781
10783,11503
10784,10783
10785,10784
10786,10785
10787,10786
10788,10787
10789,10788
10790,10789
10791,10790
10792,10796
10793,10797
10794,11348
10795,10794
10796,10793
10797,10795
10798,10792
10799,10798
10800,10792
10801,10800
10802,11410
10803,10800
10804,11411
10805,10804
10806,10786
10807,10806
10808,10785
10809,10808
10810,10809
10811,10810
10812,10808
10813,10814
10814,10809
10815,10816
10816,10810
10817,11495
10818,10822
10819,10817
10820,10821
10821,10819
10822,10820
10823,10818
10824,10823
10825,10823
10826,10818
10827,10828
10828,11500
10829,11369
10830,10605
10831,10615
10832,10831
10833,10832
10834,11333
10835,10834
10836,10835
10837,10836
10838,10617
10839,10843
10840,11373
10841,10842
10842,10839
10843,10840
10844,10841
10845,10844
10846,10845
10847,10841
10848,11371
10849,10848
10850,11316
10851,10850
10852,10851
10853,11530
10854,10629
10855,10854
10856,10859
10857,10856
10858,10857
10859,10632
10860,10633
10861,10860
10862,10861
10863,10656
10864,10863
10865,10864
10866,10865
10867,10863
10868,10662
10869,10868
10870,11342
10871,10870
10872,10650
10873,10874
10874,11363
10875,10678
10876,10875
10877,11492
10878,10698
10879,10881
10880,11362
10881,10882
10882,10880
10883,10879
10884,11353
10885,10889
10886,10885
10887,10884
10888,10886
10889,10890
10890,10887
10891,10703
10892,10891
10893,10892
10894,10893
10895,10894
10896,10895
10897,10896
10898,10894
10899,10898
10900,10899
10901,10900
10902,10901
10903,11415
10904,10906
10905,10907
10906,10905
10907,10903
10908,10904
10909,10910
10910,10908
10911,10909
10912,10913
10913,10914
10914,10911
10915,11417
10916,10915
10917,10916
10918,10917
10919,10918
10920,10919
10921,10920
10922,10923
10923,10917
10924,11418
10925,10926
10926,10929
10927,10930
10928,10925
10929,10911
10930,10928
10931,10927
10932,10908
10933,10932
10934,11419
10935,11423
10936,10935
10937,10936
10938,10937
10939,11422
10940,10939
10941,10942
10942,10940
10943,11425
10944,10945
10945,10943
10946,10943
10947,10946
10948,11414
10949,10891
10950,10951
10951,10949
10952,10949
10953,10955
10954,10953
10955,10705
10956,10709
10957,10962
10958,10963
10959,10956
10960,10961
10961,10957
10962,10959
10963,10960
10964,10958
10965,10964
10966,10965
10967,10966
10968,10970
10969,10968
10970,10967
10971,10701
10972,10971
10973,10700
10974,11356
10975,10974
10976,10975
10977,10982
10978,11328
10979,10978
10980,10981
10981,10979
10982,10980
10983,10977
10984,10688
10985,10987
10986,10989
10987,10988
10988,10984
10989,10985
10990,10991
10991,10986
10992,10990
10993,10992
10994,10993
10995,10986
10996,10997
10997,11395
10998,11390
10999,10694
11000,11396
11001,11002
11002,11000
11003,11001
11004,11003
11005,11004
11006,11005
11007,11386
11008,11007
11009,11392
11010,11383
11011,11012
11012,10679
11013,10677
11014,10676
11015,11014
11016,11382
11017,11019
11018,11017
11019,11016
11020,10673
11021,10672
11022,10671
11023,11022
11024,11023
11025,11024
11026,11025
11027,11026
11028,11427
11029,11431
11030,11029
11031,11030
11032,11031
11033,11433
11034,11033
11035,11034
11036,11038
11037,11035
11038,11037
11039,11036
11040,11039
11041,11040
11042,11041
11043,11042
11044,11045
11045,11435
11046,11047
11047,11044
11048,11053
11049,11050
11050,11046
11051,11049
11052,11051
11053,11052
11054,11048
11055,11434
11056,11055
11057,11056
11058,11055
11059,11060
11060,11035
11061,11040
11062,11061
11063,11062
11064,11063
11065,11064
11066,11061
11067,11439
11068,11436
11069,11046
11070,11039
11071,11441
11072,11071
11073,11442
11074,11073
11075,11036
11076,11034
11077,11076
11078,11080
11079,11077
11080,11079
11081,11078
11082,11084
11083,11076
11084,11085
11085,11083
11086,11087
11087,11077
11088,11090
11089,11033
11090,11089
11091,11092
11092,11031
11093,11430
11094,11093
11095,11094
11096,11098
11097,11445
11098,11097
11099,11096
11100,11099
11101,11100
11102,11103
11103,11451
11104,11107
11105,11106
11106,11448
11107,11105
11108,11104
11109,11108
11110,11109
11111,11446
11112,11111
11113,11114
11114,11112
11115,11426
11116,11115
11117,11024
11118,11120
11119,11118
11120,11117
11121,11453
11122,11123
11123,11121
11124,11125
11125,11454
11126,11127
11127,11124
11128,11126
11129,11126
11130,10669
11131,10648
11132,10647
11133,10710
11134,10715
11135,11134
11136,11135
11137,11136
11138,11137
11139,11138
11140,11142
11141,11144
11142,11143
11143,11145
11144,10714
11145,11141
11146,10645
11147,11456
11148,11147
11149,11457
11150,11151
11151,11147
11152,11153
11153,10643
11154,11458
11155,11462
11156,11155
11157,11156
11158,11470
11159,11158
11160,11159
11161,11160
11162,11161
11163,11162
11164,11163
11165,11166
11166,11167
11167,11164
11168,11463
11169,11168
11170,11169
11171,11170
11172,11468
11173,11172
11174,11173
11175,11174
11176,11472
11177,11476
11178,11177
11179,11178
11180,11473
11181,11475
11182,11177
11183,11184
11184,11182
11185,11183
11186,11183
11187,11178
11188,11469
11189,11190
11190,11158
11191,11192
11192,11159
11193,11162
11194,11193
11195,11194
11196,11195
11197,11196
11198,11201
11199,11197
11200,11198
11201,11199
11202,11200
11203,11202
11204,11480
11205,11204
11206,11205
11207,11206
11208,11193
11209,11208
11210,11197
11211,11210
11212,11213
11213,11211
11214,11212
11215,11214
11216,11210
11217,11218
11218,11212
11219,11214
11220,11219
11221,11211
11222,11312
11223,11222
11224,11482
11225,11312
11226,11483
11227,11226
11228,11229
11229,11227
11230,11228
11231,11230
11232,11222
11233,11234
11234,11232
11235,11232
11236,11235
11237,11221
11238,11200
11239,11481
11240,11205
11241,11204
11242,11477
11243,11202
11244,11243
11245,11244
11246,11245
11247,11194
11248,11249
11249,11163
11250,11248
11251,11253
11252,11250
11253,11252
11254,11251
11255,11256
11256,11254
11257,11255
11258,11488
11259,11258
11260,11251
11261,11260
11262,11261
11263,11262
11264,11255
11265,11264
11266,11264
11267,11266
11268,11489
11269,11268
11270,11258
11271,11486
11272,11250
11273,11274
11274,11272
11275,11273
11276,11275
11277,11276
11278,11273
11279,11278
11280,11464
11281,11283
11282,11285
11283,11460
11284,11282
11285,11286
11286,11281
11287,11360
11288,10616
11289,11290
11290,11288
11291,10613
11292,11293
11293,11180
11294,10772
11295,11294
11296,11180
11297,11299
11298,11297
11299,11510
11300,11299
11301,11511
11302,11303
11303,11332
11304,11331
11305,11306
11306,11332
11307,11308
11308,11350
11309,11345
11310,11381
11311,11528
11312,11327
11313,10723
11314,11322
11315,11317
11316,11315
11317,11370
11318,11687
11319,11246
11320,11687
11321,11318
11322,11321
11323,11325
11324,11323
11325,11322
11326,11361
11327,11357
11328,11329
11329,10699
11330,11303
11331,11443
11332,11331
11333,11326
11334,11337
11335,10621
11336,11338
11337,11335
11338,11334
11339,11341
11340,10652
11341,11342
11342,11340
11343,11344
11344,10655
11345,10684
11346,11347
11347,10790
11348,11346
11349,10702
11350,11349
11351,11355
11352,11351
11353,11354
11354,11352
11355,11350
11356,11328
11357,11358
11358,11359
11359,11221
11360,10638
11361,11314
11362,11307
11363,10670
11364,11366
11365,11366
11366,10604
11367,11368
11368,10608
11369,11368
11370,11374
11371,11374
11372,10620
11373,11372
11374,11372
11375,11377
11376,11377
11377,10626
11378,11379
11379,10644
11380,10674
11381,11380
11382,11380
11383,11385
11384,11385
11385,10687
11386,11389
11387,11389
11388,11387
11389,11391
11390,11391
11391,11393
11392,11394
11393,11394
11394,10691
11395,11393
11396,11398
11397,11398
11398,10692
11399,11401
11400,11401
11401,10740
11402,11404
11403,11404
11404,11406
11405,11406
11406,10748
11407,11409
11408,11409
11409,10770
11410,11412
11411,11412
11412,10801
11413,10902
11414,11413
11415,11413
11416,10912
11417,11416
11418,11416
11419,11420
11420,10933
11421,11420
11422,11421
11423,11421
11424,10941
11425,11424
11426,11428
11427,11428
11428,11027
11429,11028
11430,11429
11431,11429
11432,11032
11433,11432
11434,11432
11435,11437
11436,11437
11437,11438
11438,11043
11439,11438
11440,11070
11441,11444
11442,11440
11443,11444
11444,11440
11445,11447
11446,11447
11447,11449
11448,11449
11449,11450
11450,11095
11451,11450
11452,11119
11453,11452
11454,11452
11455,11146
11456,11455
11457,11455
11458,11459
11459,11152
11460,11459
11461,11154
11462,11461
11463,11461
11464,11467
11465,11157
11466,11465
11467,11466
11468,11465
11469,11466
11470,11467
11471,11175
11472,11471
11473,11471
11474,11176
11475,11474
11476,11474
11477,11478
11478,11203
11479,11478
11480,11479
11481,11479
11482,11484
11483,11484
11484,11223
11485,11257
11486,11485
11487,11485
11488,11487
11489,11487
11490,11491
11491,11493
11492,11493
11493,11494
11494,11309
11495,11497
11496,11498
11497,11499
11498,11499
11499,11501
11500,11502
11501,11502
11502,11291
11503,11501
11504,11514
11505,11506
11506,11509
11507,11508
11508,11509
11509,10893
11510,11504
11511,11504
11512,11505
11513,11512
11514,11513
11515,11522
11516,11524
11517,10934
11518,10724
11519,11516
11520,11515
11521,11522
11522,11517
11523,11518
11524,11518
11525,11387
11526,10895
11527,11526
11528,10637
11529,10628
11530,10628
11531,11520
11532,11535
11533,11532
11534,11520
11535,11536
11536,11534
11537,11541
11539,11540
11540,11537
11541,11538
11542,11539
11543,11542
11544,11543
11545,11544
11546,11545
11547,12687
11548,11547
11549,11543
11550,11549
11551,11550
11552,11551
11553,11554
11554,11552
11555,11553
11556,11557
11557,12689
11558,11556
11559,11558
11560,11559
11561,11560
11562,11561
11563,11562
11564,11563
11565,11564
11566,11565
11567,11566
11568,11573
11569,11570
11570,11571
11571,11572
11572,11568
11573,11567
11574,11569
11575,11574
11576,11569
11577,11576
11578,11577
11579,11578
11580,11579
11581,11580
11582,11581
11583,11582
11585,11584
11586,11585
11587,12678
11588,11587
11589,13050
11591,11593
11592,12226
11593,11592
11594,12959
11595,13296
11596,11595
11597,11596
11598,11597
11599,13297
11600,11865
11601,11602
11602,11600
11604,11603
11605,13298
11606,12670
11607,11608
11608,11606
11609,13295
11610,11609
11611,13280
11612,13281
11613,13034
11614,13292
11615,13055
11616,13055
11617,11618
11618,12957
11619,11617
11620,11617
11621,11620
11622,11621
11623,11622
11624,11623
11625,11624
11626,11622
11627,11626
11628,11627
11629,11803
11630,13074
11631,11630
11632,11633
11633,11634
11634,11631
11635,11632
11636,11637
11637,11635
11638,11636
11639,11638
11640,11639
11641,11640
11642,11641
11644,11643
11645,11644
11646,11645
11647,11646
11648,11647
11649,11648
11650,11649
11651,11650
11652,11651
11653,11652
11654,11653
11655,11654
11656,11655
11657,11656
11658,11657
11659,11658
11660,11659
11661,11660
11662,11661
11663,11662
11664,11663
11665,11664
11666,11667
11667,11669
11668,11666
11669,11663
11670,11668
11671,11670
11672,11671
11673,11644
11674,11675
11675,11673
11676,11674
11677,11676
11678,11677
11679,11678
11680,11684
11681,11679
11682,11685
11683,11682
11684,11681
11685,11680
11686,11683
11687,11688
11688,12680
11689,12681
11690,11691
11691,11689
11692,11690
11693,11695
11694,11696
11695,11694
11696,11692
11697,11693
11698,11697
11699,13076
11700,11699
11701,11702
11702,12682
11703,11701
11704,11703
11705,11704
11706,11705
11707,11706
11708,11707
11709,12691
11710,11709
11711,11710
11712,11711
11713,11712
11714,11713
11715,11714
11716,11701
11717,11716
11718,11717
11719,11718
11720,11719
11721,11720
11722,1252
11723,11724
11724,11553
11725,11723
11726,11725
11727,11726
11728,11727
11729,11728
11730,11729
11731,11730
11732,11731
11733,11732
11734,11735
11735,11733
11736,11734
11737,11736
11738,11739
11739,11740
11740,11737
11741,11742
11742,11558
11743,11741
11744,11746
11745,11743
11746,11745
11747,11744
11748,11747
11749,13081
11750,11749
11751,11582
11752,12701
11753,11752
11754,11753
11755,11754
11756,11576
11757,11756
11758,11757
11759,12059
11760,12057
11761,13126
11762,13132
11763,13130
11764,13156
11765,13166
11766,11765
11767,11769
11768,13158
11769,11768
11770,13170
11771,11770
11772,11765
11773,13164
11774,11779
11775,11777
11776,11774
11777,11778
11778,13171
11779,11775
11780,13175
11781,11780
11782,13173
11783,11782
11784,11783
11785,11783
11786,11782
11787,11780
11788,13174
11789,13167
11790,11789
11791,11790
11792,11791
11793,11794
11794,11795
11795,13159
11796,13161
11797,13138
11798,11797
11799,11984
11800,11801
11801,11979
11802,11629
11803,11628
11804,11802
11805,11804
11806,11626
11807,11806
11808,11806
11809,11802
11810,13060
11811,13060
11812,12671
11813,11811
11814,11813
11815,11817
11816,11815
11817,11814
11818,11816
11819,11816
11820,12671
11821,13294
11822,11821
11823,11822
11824,13082
11825,11824
11826,11825
11827,11826
11828,11827
11829,11831
11830,11828
11831,11830
11832,11829
11833,11832
11834,11833
11835,13085
11836,11835
11837,13096
11838,13098
11839,11841
11840,11843
11841,11842
11842,11840
11843,11838
11844,11839
11845,13084
11846,11845
11847,11845
11848,11849
11849,11847
11850,11848
11851,11833
11852,13086
11853,13101
11854,13104
11855,11854
11856,11858
11857,11855
11858,11857
11859,11860
11860,11856
11861,11862
11862,13107
11863,11861
11864,13105
11865,11864
11866,11854
11867,13115
11868,11867
11869,13117
11870,13114
11871,11870
11872,11871
11873,11872
11874,13113
11875,13106
11876,13108
11877,11876
11878,11877
11879,11878
11880,11879
11881,11882
11882,11877
11883,11876
11884,11855
11885,11884
11886,13099
11887,11886
11888,11889
11889,11887
11890,11838
11891,11890
11892,13093
11893,11892
11894,11892
11895,13092
11896,13087
11897,11898
11898,11899
11899,11896
11900,13089
11901,11900
11902,11900
11903,11904
11904,11832
11905,11829
11906,13038
11907,11906
11908,11909
11909,11907
11910,11908
11911,11907
11912,11911
11913,11912
11914,11913
11915,11914
11916,11915
11917,11916
11918,11919
11919,11917
11920,11918
11921,11922
11922,11920
11923,11926
11924,11923
11925,11924
11926,11921
11927,11929
11928,11912
11929,11930
11930,11928
11931,11927
11932,11927
11933,11915
11934,11703
11935,11934
11936,11713
11937,11936
11938,11714
11939,11710
11940,11941
11941,11939
11942,11940
11943,11942
11944,11943
11945,12691
11946,11945
11947,12668
11948,11947
11949,13119
11950,11949
11951,11950
11952,13120
11953,11954
11954,11947
11955,11957
11956,11708
11957,11958
11958,11956
11959,11955
11960,11719
11961,11962
11962,11960
11963,11960
11964,11963
11965,11963
11966,11965
11967,11965
11968,11720
11969,11722
11970,11971
11971,11969
11972,11969
11973,11722
11974,11973
11975,11974
11976,11975
11977,11973
11978,11977
11979,11978
11980,11981
11981,11979
11982,11980
11983,11982
11984,13121
11985,11984
11986,13127
11987,13141
11988,11977
11989,11988
11990,11989
11991,13122
11992,11993
11993,11991
11994,11992
11995,13124
11996,13137
11997,11996
11998,11996
11999,13134
12000,11999
12001,13131
12002,12004
12003,12005
12004,12003
12005,12001
12006,13145
12007,12001
12008,13146
12009,13142
12010,13147
12011,13150
12012,12011
12013,13153
12014,12013
12015,12014
12016,12015
12017,12016
12018,12017
12019,13149
12020,12019
12021,12020
12022,12021
12023,12025
12024,12022
12025,12024
12026,12023
12027,12020
12028,12021
12029,12023
12030,12019
12031,12030
12032,12030
12033,13151
12034,12011
12035,12034
12036,12035
12037,12038
12038,12036
12039,12037
12040,12034
12041,12042
12042,12036
12043,13154
12044,12043
12045,12013
12046,12014
12047,12046
12048,12047
12049,12047
12050,12049
12051,12050
12052,12050
12053,12052
12054,12053
12055,12049
12056,12046
12057,12015
12058,11759
12059,12057
12060,13199
12061,12060
12062,1288
12063,12062
12064,12062
12065,1289
12066,12065
12067,1290
12068,1292
12069,12068
12070,12069
12071,12072
12072,12068
12073,12069
12074,1293
12075,12076
12076,12074
12077,12075
12078,12077
12079,12080
12080,12078
12081,12082
12082,12075
12083,1291
12084,13200
12085,12084
12086,12084
12087,12086
12088,12087
12089,12087
12090,12086
12091,13202
12092,12093
12093,12094
12094,12091
12095,13196
12096,12095
12097,12096
12098,12097
12099,12098
12100,12099
12101,1270
12102,12101
12103,12102
12104,12103
12105,12101
12106,12103
12107,12106
12108,12106
12109,12102
12110,12109
12111,12109
12112,12111
12113,13190
12114,13192
12115,13184
12116,12115
12117,12118
12118,12119
12119,12116
12120,12117
12121,1265
12122,12121
12123,12122
12124,12123
12125,12122
12126,12121
12127,12126
12128,12130
12129,1258
12130,12129
12131,13179
12132,11717
12133,12134
12134,12135
12135,12138
12136,12139
12137,12136
12138,12137
12139,12141
12140,12132
12141,12140
12142,11690
12143,11692
12144,12143
12145,12146
12146,12147
12147,12148
12148,11697
12149,12145
12150,13078
12151,12150
12152,11699
12153,12152
12154,12152
12155,12156
12156,12680
12157,12155
12158,12157
12159,12158
12160,12159
12161,13204
12162,12161
12163,12162
12164,12163
12165,12164
12166,12165
12167,12161
12168,12163
12169,12168
12170,12169
12171,13206
12172,12171
12173,15039
12174,12173
12175,12174
12176,15039
12177,12178
12178,12179
12179,13209
12180,12177
12181,12182
12182,12183
12183,13213
12184,12181
12185,12184
12186,12177
12187,12181
12188,12187
12189,12191
12190,12188
12191,12190
12192,12193
12193,12184
12194,13212
12195,12194
12196,13210
12197,12196
12198,12199
12199,12172
12200,12173
12201,12171
12202,13208
12203,12202
12204,13215
12205,12204
12206,12205
12207,12211
12208,13218
12209,12207
12210,12208
12211,12210
12212,12213
12213,12209
12214,12212
12215,12214
12216,12202
12217,12214
12218,12212
12219,12220
12220,12218
12221,12219
12222,12221
12223,13222
12224,12223
12225,12224
12226,12225
12227,11591
12228,12229
12229,12227
12230,12228
12231,12230
12232,12236
12233,12234
12234,12219
12235,12233
12236,12235
12237,12221
12238,13223
12239,12238
12240,12244
12241,12245
12242,12241
12243,12228
12244,12243
12245,12240
12246,12242
12247,12248
12248,12224
12249,12251
12250,12249
12251,12223
12252,12253
12253,13219
12254,13217
12255,13203
12256,12257
12257,12255
12258,12255
12259,12266
12260,12265
12261,12268
12262,12264
12263,12259
12264,12263
12265,12261
12266,12267
12267,12260
12268,12683
12269,12684
12270,12269
12271,12272
12272,12685
12273,12271
12274,12273
12275,12276
12276,12277
12277,11674
12278,12275
12279,12280
12280,11676
12281,11679
12282,11683
12283,12282
12284,12282
12285,12286
12286,12287
12287,11677
12288,11675
12289,12288
12290,11652
12291,12290
12292,12291
12293,12290
12294,11653
12295,11659
12296,12295
12297,12298
12298,12295
12299,11664
12300,12299
12301,12300
12302,12300
12303,11671
12304,11670
12305,11668
12306,11662
12307,11661
12308,11660
12309,11658
12310,11657
12311,11656
12312,12311
12313,11649
12314,12313
12315,12313
12316,12318
12317,12316
12318,12319
12319,11645
12320,12322
12321,11643
12322,12321
12323,12325
12324,12326
12326,12323
12327,12324
12328,12327
12329,12328
12330,12329
12331,12330
12332,12330
12334,13073
12335,12334
12336,11639
12337,11638
12338,12337
12339,12337
12340,12344
12341,12343
12342,12340
12344,12341
12345,12342
12346,12345
12347,12346
12348,12347
12349,12350
12350,12348
12351,12349
12352,12351
12353,12352
12354,12353
12355,12356
12356,11541
12357,12358
12358,11537
12359,11539
12360,12359
12361,12360
12362,12361
12363,11549
12364,12363
12365,12364
12366,12365
12367,11550
12368,12369
12369,12370
12370,12367
12371,12368
12372,12371
12373,12376
12374,12375
12375,11551
12376,12374
12377,12373
12378,12373
12379,12378
12380,12379
12381,12378
12382,12384
12383,12382
12384,12379
12385,12383
12386,12385
12387,12388
12388,12389
12389,12386
12390,13224
12391,12385
12392,13225
12393,12386
12394,12383
12395,11728
12396,12395
12397,11732
12398,12397
12399,11736
12400,12399
12401,12403
12402,12404
12403,12402
12404,13235
12405,12401
12406,12407
12407,12405
12408,12406
12409,12408
12410,12409
12411,13234
12412,12411
12413,12412
12414,13228
12415,12414
12416,12417
12417,12418
12418,12420
12419,12414
12420,12419
12421,13227
12422,12423
12423,13231
12424,11737
12425,12424
12426,12425
12427,12426
12428,13237
12429,12428
12430,12429
12431,12430
12432,12431
12433,12432
12434,13239
12435,12434
12436,12437
12437,12438
12438,12435
12439,12441
12440,12439
12441,12443
12442,12436
12443,12442
12444,12447
12445,12444
12446,12445
12447,13242
12448,12446
12449,12451
12450,13067
12451,12452
12452,12450
12453,12449
12454,12453
12455,13037
12456,12432
12457,12456
12458,12457
12459,12457
12460,12459
12461,12460
12462,12461
12463,12459
12464,13241
12465,12215
12466,12465
12467,12466
12468,12467
12469,12471
12470,12468
12471,12470
12472,12465
12473,12215
12474,12435
12475,12474
12476,13243
12477,12476
12478,12477
12479,13245
12480,12479
12481,12480
12482,13247
12483,12485
12484,13248
12485,12486
12486,12487
12487,12488
12488,12484
12489,12483
12490,13250
12491,12498
12492,12495
12493,12497
12494,12479
12495,12494
12496,12491
12497,12492
12498,12493
12499,12500
12500,12448
12501,12446
12502,12436
12503,12431
12504,12430
12505,12504
12506,12508
12507,12506
12508,12505
12509,12507
12510,12509
12511,13236
12512,12513
12513,12514
12514,12426
12515,12512
12516,11734
12517,12516
12518,12517
12519,11729
12520,12519
12521,12519
12522,12523
12523,11727
12524,11726
12525,12526
12526,11564
12527,12525
12528,12527
12529,12528
12530,12529
12531,12527
12532,12528
12533,11565
12534,12535
12535,12536
12536,12533
12537,11567
12538,12537
12539,12537
12540,13253
12541,13252
12542,11574
12543,12542
12544,12543
12545,12542
12546,12545
12547,12548
12548,12549
12549,12552
12550,12551
12551,12547
12552,13049
12553,12678
12554,11756
12555,11580
12556,11583
12557,12556
12558,11581
12559,12558
12560,12558
12561,12563
12562,11579
12563,12562
12564,12561
12565,12564
12566,12565
12567,12566
12568,12570
12569,12568
12570,12567
12571,12573
12572,12571
12573,13259
12574,12572
12575,12574
12576,12578
12577,12580
12578,12581
12579,12577
12580,12564
12581,12582
12582,12579
12583,12584
12584,12576
12585,12576
12586,12585
12587,12590
12588,12586
12589,12588
12590,12589
12591,12586
12592,12591
12593,12591
12594,12593
12595,12596
12596,12594
12597,12594
12598,12592
12599,12567
12600,13260
12601,12574
12602,12572
12603,12566
12604,12565
12605,12604
12606,12604
12607,12606
12608,12607
12609,12608
12610,12612
12611,12609
12612,12611
12613,12610
12614,12606
12615,12608
12616,12615
12617,12616
12618,12615
12619,12610
12620,12619
12621,12620
12622,12624
12623,12625
12624,12623
12625,12609
12626,12622
12627,12626
12628,12627
12629,12631
12630,12633
12631,12628
12632,12629
12633,12632
12634,12630
12635,12636
12636,12622
12637,12561
12638,12701
12639,12638
12640,12638
12641,12640
12642,11752
12643,12642
12644,12643
12645,13263
12646,12645
12647,12645
12648,12647
12649,13262
12650,12649
12651,12649
12652,12653
12653,11755
12654,12652
12655,12654
12656,12655
12657,12656
12658,12657
12659,12658
12660,12654
12661,12880
12662,12052
12663,12200
12664,12200
12665,13283
12666,11601
12667,12665
12668,11708
12669,11546
12670,13040
12671,11810
12672,13050
12673,13051
12674,11751
12675,11590
12676,13302
12677,11598
12678,12554
12679,12554
12680,12681
12681,12682
12682,12683
12683,12684
12684,12685
12686,11751
12687,12688
12688,12669
12689,11555
12690,12692
12691,12690
12692,12668
12693,12697
12694,12695
12695,12698
12696,12693
12697,11577
12698,12696
12699,12694
12700,12699
12701,12700
12702,11755
12703,12704
12704,12702
12705,13381
12706,13388
12707,12706
12708,12709
12709,12711
12710,12707
12711,12710
12712,12708
12713,14088
12714,12713
12715,12714
12716,12715
12717,12716
12718,12717
12719,12718
12720,12719
12721,12720
12722,12721
12723,12722
12724,12723
12725,12724
12726,13359
12727,12726
12728,12727
12729,12728
12730,12729
12731,12730
12732,12731
12733,12732
12734,12733
12735,14048
12736,12735
12737,12736
12738,12737
12739,12738
12740,12739
12741,13359
12742,12741
12743,12742
12744,12745
12745,12743
12746,12744
12747,12746
12748,13897
12749,12748
12750,12800
12751,12750
12752,12750
12753,12752
12754,13883
12755,12754
12756,14190
12757,12756
12758,12757
12759,12805
12760,12759
12761,12760
12762,12761
12763,12760
12764,12763
12765,12764
12766,12765
12767,12763
12768,12767
12769,12767
12770,12764
12771,12770
12772,12770
12773,12759
12774,12773
12775,12773
12776,12804
12777,12776
12778,12780
12779,13811
12780,12781
12781,12779
12782,12778
12783,12782
12784,12783
12785,12789
12786,12783
12787,12788
12788,12790
12789,12787
12790,12786
12791,13843
12792,12791
12793,12791
12794,13851
12795,12794
12796,12794
12797,12796
12798,12796
12799,13884
12800,12799
12801,12799
12802,12801
12803,12801
12804,12806
12805,12806
12806,12758
12807,12785
12808,12807
12809,12807
12810,12811
12811,14031
12812,12811
12813,12815
12814,12815
12815,12816
12816,14029
12817,12816
12818,12820
12819,12820
12820,14052
12821,12823
12822,12823
12823,14068
12824,14432
12825,12824
12826,14408
12827,12826
12828,14409
12829,14411
12830,12829
12831,12830
12832,12831
12833,14964
12834,14964
12835,14933
12836,12835
12838,12837
12839,12838
12840,12839
12841,12842
12842,12840
12843,12838
12844,12843
12845,12840
12846,12839
12847,12837
12848,12849
12849,14537
12850,14535
12851,14918
12852,15012
12853,14950
12854,12853
12855,12861
12856,12868
12857,15023
12858,14604
12859,12858
12860,12875
12862,12856
12863,15023
12864,14604
12865,12854
12866,14728
12867,12852
12868,15021
12869,12862
12870,15022
12871,12857
12872,12863
12873,12874
12874,14545
12875,14968
12876,12884
12877,12883
12878,12881
12879,12882
12880,12877
12881,12879
12882,12661
12883,12876
12884,12656
12885,12878
12886,12885
12887,12886
12888,12657
12889,12888
12890,12891
12891,12892
12892,12655
12893,12890
12894,12895
12895,12893
12896,12894
12897,12900
12898,12899
12899,12903
12900,12901
12901,12896
12902,12897
12903,12902
12904,12898
12905,12904
12906,12905
12907,12906
12908,12907
12909,12908
12910,12911
12911,12912
12912,12909
12913,12908
12914,13284
12915,12898
12916,12915
12917,12916
12918,12917
12919,12915
12920,12921
12921,12896
12922,12920
12923,12922
12924,12923
12925,12924
12926,11753
12927,12926
12928,11566
12929,11561
12930,12929
12931,12929
12932,12931
12933,12931
12934,11560
12935,12934
12936,12935
12937,12936
12938,13265
12939,12942
12940,12944
12941,12939
12942,12943
12943,12945
12944,12941
12945,12934
12946,12940
12947,12946
12948,13266
12949,12948
12950,11559
12951,13079
12952,12951
12953,12952
12954,13269
12955,12954
12956,12954
12957,12956
12958,12956
12959,13268
12960,11556
12961,12960
12962,12689
12963,12962
12964,12963
12965,12964
12966,13069
12967,13069
12968,12970
12969,11554
12970,12969
12971,12972
12972,11552
12973,12976
12974,12973
12975,12974
12976,11545
12977,12979
12978,12977
12979,11546
12980,12983
12981,11548
12982,12980
12983,12981
12984,13272
12985,12984
12986,12985
12987,13271
12988,12984
12989,12988
12990,13275
12991,12990
12992,12990
12993,12985
12994,12993
12995,12994
12996,12999
12997,12996
12998,12994
12999,12998
13000,12993
13001,11548
13002,13005
13003,12669
13004,13002
13005,13003
13006,13004
13007,13009
13008,13012
13009,13013
13010,13011
13011,13008
13012,13004
13013,13010
13014,11542
13015,13016
13016,13018
13017,13015
13018,13014
13019,11540
13020,13019
13022,13021
13023,13022
13024,13022
13026,13276
13027,13026
13028,13027
13029,13028
13030,13277
13031,13030
13033,13032
13034,13054
13035,13041
13036,13006
13037,13042
13038,13039
13039,13290
13040,11614
13041,11611
13042,12454
13043,13254
13044,13043
13045,13043
13046,13072
13047,13031
13048,12703
13049,12679
13050,12674
13051,12674
13052,11590
13053,12670
13054,13302
13055,11598
13056,13057
13057,12957
13058,11804
13059,13062
13060,13061
13061,13059
13062,13051
13063,13039
13064,13063
13065,11718
13066,12448
13067,13066
13068,12544
13069,13070
13070,11555
13071,13028
13072,13255
13073,13075
13074,13075
13075,11586
13076,13077
13077,11698
13078,13077
13079,13080
13080,11748
13081,13080
13082,13083
13083,11823
13084,13083
13085,13088
13086,13088
13087,13090
13088,13090
13089,13091
13090,13091
13091,11834
13092,13097
13093,13095
13094,13097
13095,13094
13096,13095
13097,11836
13098,13100
13099,13100
13100,13102
13101,13102
13102,11837
13103,11853
13104,13103
13105,13103
13106,13110
13107,13110
13108,13112
13109,13112
13110,13109
13111,11859
13112,13111
13113,13109
13114,13111
13115,13116
13116,11866
13117,13116
13118,11948
13119,13118
13120,13118
13121,13125
13122,13123
13123,11983
13124,13125
13125,13123
13126,13135
13127,13128
13128,13129
13129,13135
13130,13139
13131,13128
13132,13133
13133,13139
13134,13129
13135,13136
13136,13133
13137,13136
13138,13140
13139,13140
13140,11985
13141,13143
13142,13143
13143,11986
13144,12002
13145,13144
13146,13144
13147,13148
13148,12009
13149,13148
13150,13152
13151,13152
13152,12010
13153,13155
13154,13155
13155,12012
13156,13157
13157,13160
13158,13160
13159,13162
13160,13162
13161,13163
13162,13163
13163,11763
13164,13168
13165,13168
13166,13165
13167,13169
13168,13169
13169,11764
13170,13165
13171,13172
13172,11773
13173,13172
13174,13176
13175,13176
13176,11776
13177,1257
13178,13177
13179,13177
13180,1264
13181,13180
13182,13180
13183,1268
13184,13186
13185,13186
13186,13183
13187,13183
13188,13187
13189,13187
13190,13194
13191,13194
13192,13195
13193,13195
13194,13193
13195,1269
13196,13193
13197,1287
13198,13197
13199,13197
13200,13201
13201,12083
13202,13201
13203,13205
13204,13205
13205,12160
13206,13207
13207,12170
13208,13207
13209,13211
13210,13211
13211,12176
13212,13214
13213,13214
13214,12180
13215,13216
13216,12203
13217,13216
13218,13220
13219,13220
13220,12206
13221,12222
13222,13221
13223,13221
13224,13226
13225,13226
13226,12387
13227,13229
13228,13229
13229,13232
13230,11738
13231,13230
13232,13233
13233,13230
13234,13233
13235,13232
13236,13238
13237,13238
13238,12427
13239,13240
13240,12433
13241,13240
13242,13244
13243,13244
13244,12440
13245,13246
13246,12478
13247,13246
13248,13249
13249,12482
13250,13249
13251,11575
13252,13251
13253,13251
13254,13256
13255,13256
13256,12540
13257,13258
13258,12541
13259,13261
13260,13261
13261,12569
13262,13264
13263,13264
13264,12644
13265,13267
13266,13267
13267,12937
13268,13270
13269,13270
13270,12953
13271,13273
13272,13273
13273,12982
13274,12989
13275,13274
13276,13278
13277,13278
13278,13025
13279,11613
13280,13279
13281,13279
13282,12088
13283,13282
13284,13285
13285,13287
13286,11919
13287,13288
13288,13286
13289,11594
13290,13289
13291,12410
13292,13293
13293,12634
13294,11691
13295,12613
13296,12702
13297,11572
13298,13257
13299,13298
13300,13291
13301,13300
13302,13291
13303,13304
13305,13339
13306,13320
13307,13335
13308,13336
13309,13341
13310,13322
13311,13327
13312,13311
13313,13312
13314,13331
13315,13325
13316,13318
13317,13323
13318,13317
13319,13308
13320,13305
13321,13310
13322,13313
13323,13340
13324,13325
13325,13328
13326,13329
13327,15040
13328,13329
13329,13316
13330,13332
13331,13330
13332,13326
13333,15040
13334,13333
13335,13338
13336,13337
13337,13338
13338,13334
13339,13337
13340,10554
13341,13340
13342,13344
13343,11324
13344,13343
13345,13356
13346,13349
13347,13345
13348,13346
13349,13347
13350,13357
13351,13345
13352,13351
13353,13351
13354,13353
13355,13350
13356,13358
13357,13358
13358,13342
13360,13388
13361,13360
13362,13361
13363,13362
13364,13363
13365,13364
13366,13365
13367,14077
13368,13367
13369,13370
13370,13368
13371,13369
13372,12814
13373,13372
13374,13373
13375,13374
13376,14082
13377,14044
13378,13377
13379,14065
13380,13379
13381,13380
13382,12747
13383,13382
13384,13383
13385,13384
13386,13385
13387,13386
13388,13387
13389,12736
13390,13389
13391,13390
13392,13391
13393,13395
13394,13393
13395,13392
13396,13394
13397,13398
13398,12739
13399,13397
13400,13399
13401,13400
13402,13401
13403,13402
13404,13383
13405,13404
13406,13405
13407,13406
13408,13410
13409,13411
13410,13407
13411,13408
13412,13409
13413,13412
13414,12728
13415,13414
13416,13415
13417,13416
13418,13417
13419,13365
13420,14091
13421,13420
13422,13421
13423,13422
13424,14094
13425,14098
13426,13425
13427,13428
13428,13426
13429,14102
13430,13429
13431,13430
13432,14105
13433,13432
13434,13435
13435,13433
13436,13434
13437,13436
13438,13437
13439,12818
13440,13439
13441,13440
13442,13443
13443,14112
13444,14042
13445,14037
13446,14028
13447,12723
13448,13415
13449,13448
13450,13416
13451,13450
13452,13450
13453,13418
13454,13453
13455,14115
13456,13455
13457,13458
13458,13456
13459,14114
13460,14120
13461,14119
13462,13461
13463,14116
13464,13463
13465,13464
13466,13465
13467,13466
13468,13417
13469,13468
13470,13469
13471,13414
13472,12729
13473,14048
13474,13473
13475,13476
13476,13473
13477,13391
13478,13392
13479,13394
13480,13479
13481,13480
13482,13481
13483,13479
13484,13483
13485,13484
13486,13402
13487,13486
13488,13491
13489,13490
13490,13492
13491,13397
13492,13494
13493,13489
13494,13488
13495,13493
13496,14122
13497,13496
13498,13497
13499,14125
13500,13499
13501,13500
13502,13501
13503,13504
13504,13500
13505,13503
13506,14128
13507,14129
13508,14134
13509,13508
13510,13509
13511,13512
13512,13510
13513,14143
13514,13513
13515,13516
13516,14050
13517,14126
13518,14130
13519,13520
13520,13521
13521,14138
13522,14137
13523,14135
13524,13509
13525,13524
13526,13525
13527,13526
13528,13525
13529,13526
13530,13529
13531,13524
13532,14142
13533,13532
13534,14141
13535,13534
13536,13535
13537,14132
13538,13537
13539,13538
13540,13539
13541,12740
13542,12738
13543,12737
13544,12735
13545,13544
13546,13548
13547,13546
13548,12732
13549,12746
13550,13549
13551,13387
13552,13551
13553,13551
13554,13421
13555,13560
13556,13558
13557,13556
13558,13554
13559,13555
13560,13557
13561,13562
13562,13563
13563,13554
13564,13561
13565,13567
13566,13561
13567,13566
13568,14096
13569,13568
13570,13572
13571,13426
13572,13573
13573,13571
13574,13570
13575,14146
13576,13578
13577,13575
13578,13577
13579,13576
13580,14148
13581,13582
13582,13580
13583,13584
13584,13581
13585,13583
13586,13587
13587,13575
13588,13589
13589,13590
13590,13581
13591,13595
13592,14149
13593,13596
13594,13592
13595,13594
13596,13591
13597,13593
13598,13597
13599,13593
13600,13599
13601,13600
13602,13603
13603,13601
13604,13602
13605,13576
13606,13605
13607,13606
13608,13605
13609,13608
13610,13611
13611,13609
13612,13610
13613,13612
13614,13619
13615,13620
13616,13617
13617,13613
13618,13616
13619,13615
13620,13618
13621,13623
13622,13613
13623,13624
13624,13622
13625,14153
13626,14156
13627,14157
13628,13630
13629,13631
13630,13629
13631,13627
13632,13633
13633,13628
13634,13632
13635,13634
13636,13635
13637,13636
13638,14152
13639,13642
13640,14158
13641,13644
13642,13643
13643,13641
13644,13640
13645,14162
13646,13645
13647,13649
13648,14161
13649,13648
13650,13627
13651,13652
13652,13650
13653,13651
13654,13656
13655,13653
13656,13655
13657,14156
13658,14155
13659,13658
13660,13658
13661,13660
13662,13608
13663,13662
13664,13662
13665,13664
13666,13665
13667,13671
13668,13670
13669,14145
13670,13669
13671,13668
13672,14165
13673,13672
13674,14163
13675,14166
13676,13675
13677,13676
13678,13677
13679,14167
13680,13679
13681,13672
13682,13681
13683,13684
13684,13570
13685,13687
13686,13433
13687,13686
13688,13685
13689,13688
13690,13689
13691,12819
13692,13691
13693,13694
13694,13439
13695,13440
13696,14113
13697,13696
13698,14169
13699,14170
13700,13699
13701,13700
13702,13701
13703,13704
13704,13702
13705,13706
13706,13696
13707,14108
13708,13707
13709,13437
13710,13711
13711,13709
13712,14174
13713,13712
13714,13713
13715,14175
13716,14176
13717,13716
13718,14173
13719,14104
13720,14101
13721,13720
13722,13425
13723,13727
13724,13726
13725,13724
13726,13723
13727,13722
13728,14099
13729,13728
13730,13729
13731,13728
13732,13731
13733,13734
13734,13729
13735,13736
13736,14060
13737,13420
13738,13737
13739,14092
13740,13739
13741,13740
13742,13739
13743,13742
13744,13743
13745,13744
13746,13745
13747,14080
13748,14078
13749,13368
13750,13749
13751,13750
13752,13751
13753,13369
13754,12817
13755,13756
13756,13372
13757,13373
13758,13757
13759,14062
13760,14044
13761,13760
13762,13761
13763,13762
13764,13767
13765,13763
13766,13764
13767,13765
13768,13762
13769,13768
13770,13763
13771,13770
13772,13771
13773,13770
13774,13773
13775,13760
13776,14086
13777,13776
13778,13777
13779,13778
13780,13779
13781,14065
13782,13781
13783,13782
13784,13783
13785,13784
13786,13785
13787,13786
13788,13787
13789,13781
13790,13789
13791,13783
13792,13380
13793,13792
13794,13792
13795,13379
13796,14180
13797,13796
13798,13797
13799,13798
13800,14183
13801,13800
13802,13801
13803,13802
13804,14182
13805,13796
13806,14179
13807,13806
13808,13807
13809,13808
13810,13809
13811,13810
13812,13811
13813,13812
13814,13813
13815,13814
13816,13815
13817,13819
13818,13809
13819,13818
13820,13822
13821,13817
13822,13821
13823,14184
13824,14185
13825,13824
13826,13824
13827,13817
13828,13827
13829,13828
13830,13812
13831,14188
13832,13831
13833,13832
13834,13831
13835,14187
13836,13815
13837,13838
13838,13836
13839,14192
13840,13839
13841,13839
13842,13841
13843,13842
13844,12793
13845,13841
13846,13842
13847,13846
13848,13847
13849,13848
13850,13849
13851,13850
13852,13847
13853,13849
13854,13853
13855,13854
13856,13855
13857,13855
13858,13857
13859,13857
13860,13850
13861,13862
13862,13860
13863,12798
13864,13863
13865,13863
13866,12797
13867,12795
13868,13848
13869,13868
13870,13869
13871,13872
13872,13873
13873,13870
13874,13871
13875,13874
13876,13871
13877,13876
13878,13869
13879,13868
13880,13846
13881,13880
13882,13880
13883,12792
13884,13883
13885,12821
13886,13888
13887,13885
13888,13889
13889,13887
13890,13886
13891,13890
13892,12802
13893,13886
13894,13893
13895,13893
13896,13885
13897,13896
13898,12809
13899,13901
13900,13899
13901,13898
13902,13905
13903,13902
13904,13810
13905,13904
13906,13808
13907,13906
13908,13910
13909,13807
13910,13909
13911,13908
13912,13913
13913,13806
13914,13377
13915,13914
13916,13915
13917,13916
13918,13917
13919,13918
13920,13919
13921,13920
13922,13921
13923,13919
13924,13914
13925,13926
13926,13376
13927,13925
13928,14083
13929,13928
13930,13374
13931,13930
13932,13934
13933,12813
13934,13933
13935,13932
13936,13932
13937,13939
13938,13936
13939,13938
13940,13367
13941,13940
13942,13941
13943,13944
13944,13945
13945,13363
13946,13947
13947,13943
13948,13949
13949,13943
13950,13951
13951,13948
13952,13948
13953,13952
13954,13956
13955,13954
13956,12706
13957,12708
13958,13957
13959,14089
13960,13959
13961,13960
13962,13960
13963,13962
13964,13963
13965,13959
13966,13965
13967,12713
13968,13970
13969,13968
13970,13967
13971,12715
13972,13971
13973,12716
13974,13973
13975,13973
13976,13975
13977,12719
13978,12720
13979,12724
13980,13979
13981,13982
13982,13985
13983,12721
13984,13983
13985,13984
13986,12717
13987,12714
13988,12707
13989,13988
13990,13989
13991,13988
13992,13991
13993,13989
13994,13995
13995,13993
13996,13994
13997,13386
13998,13999
13999,13997
14000,14001
14001,13385
14002,14000
14003,14002
14004,14002
14005,14004
14006,14004
14007,14006
14008,13384
14009,13405
14010,14009
14011,14010
14012,14011
14013,14012
14014,14009
14015,14010
14016,13407
14017,14016
14018,14021
14019,14016
14020,14018
14021,14019
14022,13406
14023,13404
14024,14023
14025,14023
14026,12744
14027,13788
14028,12810
14029,14030
14030,13371
14031,12822
14032,12812
14033,12808
14034,14035
14035,14033
14036,14034
14037,13840
14038,14040
14039,13816
14040,13794
14041,14085
14042,13718
14043,13816
14044,14047
14045,12734
14046,14045
14047,13376
14048,14049
14049,14046
14050,14051
14051,12740
14052,14110
14053,14042
14054,14056
14055,13794
14056,14055
14057,14028
14058,14050
14059,14058
14060,13422
14061,14060
14062,14063
14063,14064
14064,14047
14065,14085
14066,14043
14067,14043
14068,12803
14069,14072
14070,13409
14071,14073
14072,14071
14073,14070
14074,13446
14075,14057
14076,13447
14077,14079
14078,14079
14079,14081
14080,14081
14081,13366
14082,14084
14083,14084
14084,13375
14085,14087
14086,14087
14087,13378
14088,14090
14089,14090
14090,12712
14091,14093
14092,14093
14093,13419
14094,14095
14095,14097
14096,14097
14097,13423
14098,14100
14099,14100
14100,13424
14101,14103
14102,14103
14103,13427
14104,14106
14105,14106
14106,13431
14107,14109
14108,14109
14109,13438
14110,14107
14111,13441
14112,14111
14113,14111
14114,14117
14115,14117
14116,14118
14117,14118
14118,13454
14119,14121
14120,14121
14121,13459
14122,14123
14123,14124
14124,13495
14125,14124
14126,14127
14127,14059
14128,14127
14129,14131
14130,14131
14131,14133
14132,14133
14133,13506
14134,14139
14135,14136
14136,14139
14137,15041
14138,15041
14139,14140
14140,13507
14141,14140
14142,14144
14143,14144
14144,13511
14145,14147
14146,14147
14147,13574
14148,14150
14149,14150
14150,13579
14151,13621
14152,14151
14153,14151
14154,13625
14155,14154
14156,14154
14157,14159
14158,14159
14159,13626
14160,13639
14161,14160
14162,14160
14163,14164
14164,13667
14165,14164
14166,14168
14167,14168
14168,13674
14169,14171
14170,14171
14171,13697
14172,13710
14173,14172
14174,14172
14175,14177
14176,14177
14177,13714
14178,13795
14179,14178
14180,14178
14181,13799
14182,14181
14183,14181
14184,14186
14185,14186
14186,13820
14187,14189
14188,14189
14189,13830
14190,14191
14191,14067
14192,14191
14193,14195
14194,14193
14195,12824
14196,14194
14197,14199
14198,14202
14199,14201
14200,14408
14201,14198
14202,14200
14203,12826
14204,14312
14205,14204
14206,14204
14207,14206
14208,14206
14209,14208
14210,14209
14211,14208
14212,14211
14213,14214
14214,14422
14215,14207
14216,14215
14217,14216
14218,14217
14219,14220
14220,14218
14221,14421
14222,14221
14223,14224
14224,14435
14225,14226
14226,14223
14227,14228
14228,14439
14229,14330
14230,14229
14231,14232
14232,12825
14233,14417
14234,14409
14235,14415
14236,12832
14237,14437
14238,14237
14239,14238
14240,14426
14241,14240
14242,14241
14243,14242
14244,14243
14245,14244
14246,14427
14247,14246
14248,14247
14249,14442
14250,14249
14252,14251
14253,14252
14254,14253
14255,14257
14256,14254
14257,14258
14258,14259
14259,14256
14260,14255
14261,14265
14262,14263
14263,14264
14264,14260
14265,14262
14266,14261
14267,14266
14268,14269
14269,14267
14270,14414
14271,14270
14272,14271
14273,14275
14274,14273
14275,14254
14276,14274
14277,14276
14278,14277
14279,14278
14280,14283
14281,14279
14282,14280
14283,14281
14284,14282
14285,14284
14286,14444
14287,14286
14288,14287
14289,14277
14290,14292
14291,14289
14292,14293
14293,14291
14294,14289
14295,14294
14296,14295
14297,14299
14298,14296
14299,14298
14300,14240
14301,14252
14302,14301
14303,14302
14304,14303
14305,14306
14306,14307
14307,14304
14308,14309
14309,14305
14310,14308
14311,14310
14312,12827
14313,14315
14314,14312
14315,14316
14316,14314
14317,14313
14318,14317
14319,14318
14320,14319
14321,14323
14322,14325
14323,14326
14324,14321
14325,14324
14326,14320
14327,14322
14328,14329
14329,14327
14330,12825
14331,14330
14332,14331
14333,14332
14334,14336
14335,14337
14336,14340
14337,14339
14338,14335
14339,14333
14340,14338
14341,14342
14342,14441
14343,14261
14344,14343
14345,14344
14346,14424
14347,14425
14348,14301
14349,14351
14350,14352
14351,14348
14352,14349
14353,14423
14354,14450
14355,14451
14356,14355
14357,14356
14358,14357
14359,14356
14360,14359
14361,14357
14362,14361
14363,14355
14364,14344
14365,14443
14366,14365
14367,14370
14368,14365
14369,14372
14370,14369
14371,14368
14372,14371
14373,14287
14374,14286
14375,14284
14376,14377
14377,14282
14378,14296
14379,14378
14380,14381
14381,14290
14382,14383
14383,14384
14384,14253
14385,14382
14386,14251
14387,14247
14388,14387
14389,14391
14390,14388
14391,14390
14392,14246
14393,14392
14394,14393
14395,14396
14396,14397
14397,14394
14398,14399
14399,14393
14400,14392
14401,14241
14402,14242
14403,14402
14404,14243
14405,14404
14406,14404
14407,14406
14408,14231
14409,12827
14410,14434
14411,14410
14412,14446
14413,14412
14414,14413
14415,14290
14416,14305
14417,14418
14418,14419
14419,14403
14420,14207
14421,14234
14422,14420
14423,14416
14424,14347
14425,14203
14426,14429
14427,14429
14428,14430
14429,14433
14431,14428
14432,14433
14433,14431
14434,14436
14435,14436
14436,12828
14437,14438
14438,14236
14439,14438
14440,14248
14441,14440
14442,14440
14443,14445
14444,14445
14445,14285
14446,14447
14447,14268
14448,14447
14449,14448
14450,14449
14451,14449
14453,14452
14454,14453
14455,14454
14456,14455
14457,14456
14458,14457
14459,14458
14460,12860
14461,14923
14462,14461
14463,14465
14464,14463
14465,14462
14466,14464
14467,14466
14468,14467
14469,14468
14470,14469
14471,14470
14472,14471
14473,14472
14474,14473
14475,14474
14476,14475
14477,14476
14478,14477
14479,14478
14480,14479
14481,14480
14482,14481
14483,14482
14484,14483
14485,14484
14486,14485
14487,14489
14488,14486
14489,14488
14490,14491
14491,14493
14492,14487
14493,14492
14494,14490
14495,14482
14496,14495
14497,14496
14498,14497
14499,14498
14500,14970
14501,14500
14502,14501
14503,14502
14504,14503
14505,14504
14506,14505
14507,14506
14508,14502
14509,14508
14510,14509
14511,14510
14512,14511
14513,14512
14514,14513
14515,14973
14516,14515
14517,14516
14518,14520
14519,14978
14520,14519
14521,14509
14522,14521
14523,14525
14524,14523
14525,14522
14526,14527
14527,14529
14528,14521
14529,14528
14530,14526
14531,14530
14532,14531
14533,14532
14534,14474
14535,14534
14536,14522
14537,15005
14538,14481
14539,14538
14540,14982
14541,14540
14542,14543
14543,14541
14544,14985
14545,14544
14546,14479
14547,14546
14548,14547
14549,14553
14550,14551
14551,14548
14552,14549
14553,14550
14554,14552
14555,14554
14556,14555
14557,14556
14558,14557
14559,14501
14560,14500
14561,14560
14562,12856
14563,12871
14564,14563
14565,14452
14566,14454
14567,14566
14568,14457
14569,14568
14570,14569
14571,14570
14572,14571
14573,14572
14574,14573
14575,14574
14576,14577
14577,14575
14578,14576
14579,14578
14580,14579
14581,14574
14582,14579
14583,14578
14584,14583
14585,14584
14586,14587
14587,14588
14588,14585
14589,14583
14590,14575
14591,14590
14592,14591
14593,14596
14594,14592
14595,14593
14596,14594
14597,14590
14598,12859
14599,14598
14600,14599
14601,14599
14602,14601
14603,14598
14604,14569
14605,14568
14606,14460
14607,14606
14608,14609
14609,14607
14610,14611
14611,14608
14612,14610
14613,14606
14614,15014
14615,15014
14616,14617
14617,14618
14618,14615
14619,14616
14620,14610
14621,14620
14622,14988
14623,14620
14624,14623
14625,14627
14626,14628
14627,14987
14628,14625
14629,14626
14630,14461
14631,14630
14632,14631
14633,14632
14634,14633
14635,14634
14636,14635
14637,14636
14638,14637
14639,14638
14640,14639
14641,14630
14642,14641
14643,14641
14644,14643
14645,14646
14646,14647
14647,14631
14648,14634
14649,14652
14650,14648
14651,14650
14652,14651
14653,14649
14654,14656
14655,14654
14656,14648
14657,14655
14658,14657
14659,14635
14660,14659
14661,14662
14662,14636
14663,14633
14664,14632
14665,14991
14666,14990
14667,14666
14668,14464
14669,14668
14670,14669
14671,14670
14672,14671
14673,14672
14674,14675
14675,14673
14676,14671
14677,14668
14678,14473
14679,14678
14680,14679
14681,14682
14682,14684
14683,14678
14684,14683
14685,14688
14686,14685
14687,14546
14688,14687
14689,14686
14690,14691
14691,14692
14692,14552
14693,14690
14694,14538
14695,14484
14696,14695
14697,14485
14698,14697
14699,14487
14700,14699
14701,14700
14702,14701
14703,14486
14704,14705
14705,14703
14706,14483
14707,14495
14708,14707
14709,14994
14710,14709
14711,14715
14712,14711
14713,14714
14714,14993
14715,14713
14716,14707
14717,14716
14718,14717
14719,14716
14720,14719
14721,14497
14722,14721
14723,14498
14724,14723
14725,14724
14726,14723
14727,14726
14728,14727
14729,14559
14730,14729
14731,14559
14732,14731
14733,14503
14734,14733
14735,14504
14736,14510
14737,14736
14738,14511
14739,14740
14740,14741
14741,14738
14742,14513
14743,14972
14744,14745
14745,14743
14746,14979
14747,14516
14748,14747
14749,14750
14750,14755
14751,14753
14752,14751
14753,14749
14754,14515
14755,14754
14756,14975
14757,14756
14758,14757
14759,14758
14760,14759
14761,14760
14762,14761
14763,14762
14764,14759
14765,14764
14766,14764
14767,14766
14768,14766
14769,14768
14770,14760
14771,15010
14772,14757
14773,14772
14774,14756
14775,14774
14776,14512
14777,15006
14778,14537
14779,14998
14780,14779
14781,14780
14782,14779
14783,14997
14784,15000
14785,14784
14786,14999
14787,14788
14788,14786
14789,14526
14790,14789
14791,14530
14792,14791
14793,14792
14794,14795
14795,14791
14796,14532
14797,14798
14798,15004
14799,15003
14800,14531
14801,14800
14802,14508
14803,14802
14804,14803
14805,14804
14806,14805
14807,14560
14808,14807
14809,14969
14810,14809
14811,14496
14812,14811
14813,14816
14814,14815
14815,14813
14816,14480
14817,14478
14818,14817
14819,14818
14820,14822
14821,14820
14822,14823
14823,14819
14824,14821
14825,14824
14826,14825
14827,14821
14828,14817
14829,14828
14830,14477
14831,14830
14832,14535
14833,14832
14834,14984
14835,14834
14836,14545
14837,14836
14838,14840
14839,14544
14840,14842
14841,14839
14842,14841
14843,14845
14844,14843
14845,14541
14846,14981
14847,14846
14848,14847
14849,14850
14850,14851
14851,14846
14852,14849
14853,14852
14854,14853
14855,14854
14856,14847
14857,14534
14858,14857
14859,14472
14860,14859
14861,14469
14862,14861
14863,14862
14864,14865
14865,14863
14866,14861
14867,14869
14868,14866
14869,14868
14870,14867
14871,14870
14872,14866
14873,14874
14874,14872
14875,14877
14876,14875
14877,14872
14878,14876
14879,14878
14880,14881
14881,14863
14882,14862
14883,14882
14884,14466
14885,14884
14886,14885
14887,14886
14888,14889
14889,14887
14890,14888
14891,14884
14892,14891
14893,14892
14894,14893
14895,14896
14896,14894
14897,14894
14898,14897
14899,14898
14900,14899
14901,14899
14902,14893
14903,14902
14904,14903
14905,14904
14906,14908
14907,14906
14908,14905
14909,14907
14910,14902
14911,14910
14912,14905
14913,14912
14914,14886
14915,14914
14916,14917
14917,14914
14918,14921
14919,14918
14920,14919
14921,14885
14922,14462
14923,12860
14924,14458
14925,14456
14926,14455
14927,14453
14928,14931
14929,14928
14930,14927
14931,14930
14932,14927
14933,14932
14934,14933
14935,14934
14936,14932
14937,14936
14938,14936
14939,14938
14940,14939
14941,14940
14942,15024
14943,14942
14944,15024
14945,14944
14946,14945
14947,14944
14948,14939
14949,14948
14950,14949
14951,12865
14952,14951
14953,14952
14954,14950
14955,14949
14956,14955
14957,14956
14958,14957
14959,14955
14960,14962
14961,14959
14962,14961
14963,14959
14964,14956
14965,12833
14966,14965
14967,14968
14968,14459
14969,14971
14970,14971
14971,14499
14972,14976
14973,14974
14974,14976
14975,14974
14976,14514
14977,14517
14978,14977
14979,14977
14980,12850
14981,14980
14982,14980
14983,14986
14984,14983
14985,14983
14986,14542
14987,14989
14988,14989
14989,14621
14990,14992
14991,14992
14992,14664
14993,14995
14994,14995
14995,14708
14996,14524
14997,14996
14998,14996
14999,15001
15000,15001
15001,14783
15002,14796
15003,15002
15004,15002
15005,15007
15006,15008
15007,15009
15008,15009
15009,14536
15010,15011
15011,14770
15012,15011
15013,15016
15014,15013
15015,15017
15016,14607
15017,15016
15018,14967
15019,15020
15020,14967
15021,14758
15022,15015
15023,15015
15024,15026
15025,15026
15026,14940
15027,15
15028,1988
15029,2107
15030,2239
15031,2339
15032,1062
15033,5848
15034,5984
15035,7368
15036,7748
15037,8348
15038,10467
15039,12172
15040,13326
15041,14136
15043,15042
15044,15043
15045,15044
15046,15045
15047,15046
15048,15047
15049,15048
15050,15049
15051,15050
15052,15051
15053,15052
15054,15053
15055,15054
15056,15055
15057,15056
15058,15057
15059,15058
15060,15059
15061,15060
15062,15061
15063,15062
15064,15063
15065,15064
15066,15065
15067,15057
15068,15067
15069,15068
15070,15069
15071,15070
15072,15071
15073,15072
15074,15073
15075,15074
15076,15075
15077,15076
15078,15077
15079,15078
15080,15075
15081,15080
15082,15081
15083,15082
15084,15083
15085,15084
15086,15085
15087,15086
15088,15087
15089,15088
15090,15089
15091,15317
15092,15091
15093,15092
15094,15093
15095,15096
15096,15094
15097,15082
15098,15097
15099,15098
15100,15099
15101,15049
15102,15101
15103,15102
15104,15103
15105,15104
15106,15105
15107,15119
15108,15107
15109,15108
15110,15109
15111,15113
15112,15110
15113,15112
15114,15111
15115,15114
15116,15115
15117,15119
15118,15117
15119,15106
15120,15118
15121,15106
15122,15121
15123,15102
15124,15125
15125,15123
15126,15046
15127,15128
15128,15126
15129,15127
15130,15129
15131,15127
15132,15131
15133,15132
15135,15134
15136,15135
15137,15136
15138,15137
15139,15138
15140,15139
15141,15140
15142,15141
15143,15142
15144,15143
15145,15144
15146,15145
15147,15142
15148,15147
15149,15148
15150,15149
15151,15150
15152,15151
15153,15141
15154,15153
15155,15154
15156,15155
15157,15156
15158,15157
15159,15158
15160,15159
15161,15157
15162,15164
15163,15161
15164,15165
15165,15163
15166,15162
15167,15161
15168,15139
15169,15168
15170,15137
15171,15170
15172,15171
15173,15085
15174,15173
15175,15073
15176,15175
15177,15176
15178,15076
15179,15081
15180,15179
15181,15180
15182,15181
15183,15083
15184,15052
15185,15131
15186,15126
15187,15058
15188,15187
15189,15188
15190,15191
15191,15042
15192,15190
15193,15192
15194,15193
15195,15135
15196,15170
15197,15138
15198,15072
15199,15200
15200,15158
15201,15203
15202,15118
15203,15202
15204,15201
15205,15143
15206,15205
15207,15108
15208,15156
15209,15208
15210,15212
15211,15105
15212,15211
15213,15210
15214,15213
15215,15214
15216,15099
15217,15154
15218,15136
15219,15140
15220,15147
15221,15224
15222,15149
15223,15222
15224,15223
15225,15148
15226,15225
15227,15153
15228,15208
15229,15228
15230,15231
15231,15232
15232,15162
15233,15155
15234,15233
15235,15168
15236,15171
15237,15134
15238,15239
15239,15043
15240,15241
15241,15242
15242,15044
15243,15047
15244,15053
15245,15054
15246,15187
15247,15246
15248,15061
15249,15062
15250,15249
15251,15065
15252,15064
15253,15252
15254,15252
15255,15254
15256,15254
15257,15063
15258,15060
15259,15059
15260,15070
15261,15175
15262,15176
15263,15077
15264,15263
15265,15264
15266,15264
15267,15263
15268,15078
15269,15080
15270,15269
15271,15084
15272,15271
15273,15087
15274,15273
15275,15316
15276,15275
15277,15278
15278,15314
15279,15086
15280,15279
15281,15280
15282,15283
15283,15279
15284,15098
15285,15284
15286,15097
15287,15286
15288,15286
15289,15074
15290,15289
15291,15071
15292,15069
15293,15068
15294,15055
15295,15104
15296,15298
15297,15295
15298,15297
15299,15109
15300,15107
15301,15117
15302,15301
15303,15302
15304,15302
15305,15301
15306,15121
15307,15214
15308,15103
15309,15123
15310,15129
15311,15193
15312,15120
15313,15090
15314,15313
15315,15313
15316,15315
15317,15315
15319,15318
15320,15319
15321,15320
15322,15321
15323,15322
15324,15323
15325,15324
15326,15325
15327,15326
15328,15327
15329,15328
15330,15329
15331,15330
15332,15331
15333,15334
15335,15333
15336,15335
15337,15336
15338,15337
15339,15338
15340,15339
15341,15340
15342,15341
15343,15342
15344,15343
15345,15344
15346,15345
15347,15346
15348,15347
15349,15348
15350,15349
15351,15350
15352,15351
15353,15352
15354,15353
15355,15354
15356,15337
15357,15356
15358,15357
15359,15358
15360,15359
15361,15360
15362,15361
15363,15362
15364,15363
15365,15333
15366,15365
15367,15366
15368,15367
15369,15368
15370,15369
15371,15370
15372,15371
15373,15372
15374,15369
15375,15374
15376,15375
15377,15376
15378,15377
15379,15381
15380,15378
15381,15380
15382,15379
15383,15374
15384,15383
15385,15384
15386,15385
15387,15386
15388,15387
15389,15390
15390,15388
15391,15389
15392,15393
15393,15391
15394,15392
15395,15394
15396,15395
15397,15396
15398,15397
15399,15398
15400,15399
15401,15400
15402,15401
15403,15402
15404,15403
15405,15404
15406,15405
15407,15408
15408,15400
15409,15407
15410,15409
15411,15410
15412,15411
15413,15412
15414,15410
15415,15414
15416,15415
15417,15416
15418,15392
15419,15418
15420,15419
15421,15420
15422,15421
15423,15422
15424,15366
15425,15424
15426,15425
15427,15426
15428,15427
15429,15428
15430,15431
15431,15429
15432,15665
15433,15432
15434,15321
15435,15434
15436,15435
15437,15436
15438,15439
15439,15412
15440,15378
15441,15386
15442,15441
15443,15397
15444,15443
15445,15444
15446,15357
15447,15446
15448,15320
15449,15448
15450,15370
15451,15450
15452,15456
15453,15451
15454,15453
15455,15454
15456,15455
15457,15402
15458,15461
15459,15339
15460,15459
15461,15460
15462,15343
15463,15344
15464,15463
15465,15348
15466,15465
15467,15350
15468,15469
15469,15467
15470,15468
15471,15352
15472,15471
15473,15353
15474,15473
15475,15354
15476,15475
15477,15475
15478,15351
15479,15349
15480,15479
15481,15347
15482,15346
15483,15482
15484,15345
15485,15342
15486,15341
15487,15486
15488,15487
15489,15340
15490,15338
15491,15490
15492,15491
15493,15490
15494,15493
15495,15494
15496,15446
15497,15496
15498,15359
15499,15361
15500,15502
15501,15362
15502,15501
15503,15363
15504,15360
15505,15356
15506,15505
15507,15336
15508,15507
15509,15508
15510,15507
15511,15508
15512,15511
15513,15335
15514,15513
15515,15514
15516,15515
15517,15515
15518,15517
15519,15524
15520,15525
15521,15518
15522,15523
15523,15519
15524,15520
15525,15521
15526,15522
15527,15529
15528,15517
15529,15530
15530,15528
15531,15527
15532,15518
15533,15514
15534,15533
15535,15534
15536,15535
15537,15535
15538,15513
15539,15538
15540,15365
15541,15543
15542,15540
15543,15542
15544,15541
15545,15541
15546,15547
15547,15545
15548,15451
15549,15548
15550,15549
15551,15548
15552,15450
15553,15554
15554,15372
15555,15371
15556,15379
15557,15377
15558,15557
15559,15376
15560,15559
15561,15375
15562,15384
15563,15562
15564,15562
15565,15564
15566,15443
15567,15566
15568,15444
15569,15568
15570,15573
15571,15575
15572,15404
15573,15572
15574,15570
15575,15574
15576,15405
15577,15401
15578,15577
15579,15411
15580,15579
15581,15580
15582,15579
15583,15582
15584,15585
15585,15580
15586,15414
15587,15586
15588,15587
15589,15409
15590,15589
15591,15590
15592,15591
15593,15592
15594,15589
15595,15594
15596,15407
15597,15596
15598,15394
15599,15420
15600,15387
15601,15600
15602,15385
15603,15602
15604,15603
15605,15383
15606,15432
15607,15606
15608,15666
15609,15612
15610,15609
15611,15428
15612,15611
15613,15448
15614,15613
15615,15617
15616,15434
15617,15616
15618,15615
15619,15618
15620,15615
15621,15437
15622,15621
15623,15621
15624,15623
15625,15437
15626,15625
15627,15625
15628,15627
15629,15435
15630,15629
15631,15327
15632,15330
15633,15632
15634,15331
15635,15326
15636,15323
15637,15322
15638,15637
15639,15319
15640,15639
15641,15640
15642,15641
15643,15642
15644,15643
15645,15644
15646,15318
15647,15648
15648,15649
15649,15667
15650,15648
15651,15650
15652,15651
15653,15652
15654,15650
15655,15654
15656,15651
15657,15658
15658,15659
15659,15652
15660,15661
15661,15662
15662,15613
15663,15661
15664,15430
15665,15664
15666,15664
15667,15358
